x_m,Pre_sim,Pim_sim,p_abs_sim,Pre_analytic,Pim_analytic,p_abs_analytic
0.000000000000000000e+00,1.125847338698804379e-03,2.179643362760543823e-01,2.179672420024871826e-01,1.129723497446448845e-03,5.655142116827019394e-02,5.656270424344791992e-02
2.919099351856857538e-04,1.118954736739397049e-03,4.367248415946960449e-01,4.367262423038482666e-01,1.123829236726053707e-03,4.955853036306491211e-01,4.955865778719557024e-01
5.838198703713715076e-04,1.099333399906754494e-03,8.549099564552307129e-01,8.549106717109680176e-01,1.102784334698604434e-03,9.289409104631966008e-01,9.289415650435076666e-01
8.757297764532268047e-04,1.067215111106634140e-03,1.278595209121704102e+00,1.278595685958862305e+00,1.072330761828443023e-03,1.351697202461735747e+00,1.351697627813315927e+00
1.167639740742743015e-03,1.022970187477767467e-03,1.687493443489074707e+00,1.687493681907653809e+00,1.024001254904483883e-03,1.758993647152161222e+00,1.758993945214204713e+00
1.459549646824598312e-03,9.671040461398661137e-04,2.077009677886962891e+00,2.077009916305541992e+00,9.703981034584875740e-04,2.146205041990608464e+00,2.146205261371425088e+00
1.751459552906453609e-03,9.002503938972949982e-04,2.442767620086669922e+00,2.442767620086669922e+00,8.971908965392745355e-04,2.508880000298891577e+00,2.508880160719373809e+00
2.043369458988308907e-03,8.231651154346764088e-04,2.780656576156616211e+00,2.780656576156616211e+00,8.229124741550310727e-04,2.842899499919187001e+00,2.842899619020289315e+00
2.335279481485486031e-03,7.367175421677529812e-04,3.086876869201660156e+00,3.086876869201660156e+00,7.399102838943876891e-04,3.144433852496885340e+00,3.144433939550269841e+00
2.627189271152019501e-03,6.418813136406242847e-04,3.357981204986572266e+00,3.357981204986572266e+00,6.495030754875054119e-04,3.410036331965256906e+00,3.410036393820058187e+00
2.919099293649196625e-03,5.397229106165468693e-04,3.590912818908691406e+00,3.590912818908691406e+00,5.383014833780847734e-04,3.636666225131720331e+00,3.636666264971571749e+00
3.211009083315730095e-03,4.313909157644957304e-04,3.783038139343261719e+00,3.783038139343261719e+00,4.346592329311939188e-04,3.821749477863683353e+00,3.821749502581243796e+00
3.502919105812907219e-03,3.181025967933237553e-04,3.932177066802978516e+00,3.932177066802978516e+00,3.114274263195385074e-04,3.963157561429512032e+00,3.963157573665593958e+00
3.794829128310084343e-03,2.011314645642414689e-04,4.036625862121582031e+00,4.036625862121582031e+00,1.993371802215729684e-04,4.059285120657850854e+00,4.059285125552223761e+00
4.086738917976617813e-03,8.179285214282572269e-05,4.095176219940185547e+00,4.095176219940185547e+00,6.995986061776536514e-05,4.109026660158657585e+00,4.109026660754222071e+00
4.378648940473794937e-03,-3.857066258206032217e-05,4.107131958007812500e+00,4.107131958007812500e+00,-4.512980150700796799e-05,4.111817299885829335e+00,4.111817300133493447e+00
4.670558962970972061e-03,-1.584859273862093687e-04,4.069421768188476562e+00,4.069421768188476562e+00,-1.595400277820228647e-04,4.067623458857783980e+00,4.067623461986516809e+00
4.962468519806861877e-03,-2.764929959084838629e-04,3.984802007675170898e+00,3.984802007675170898e+00,-2.720468165550330797e-04,3.976949165683343335e+00,3.976949174988147817e+00
5.254378542304039001e-03,-3.912706451956182718e-04,3.854894399642944336e+00,3.854894399642944336e+00,-3.969508609439669150e-04,3.840836357171083737e+00,3.840836377683541247e+00
5.546288564801216125e-03,-5.015290225856006145e-04,3.681194782257080078e+00,3.681194782257080078e+00,-5.095191024680292315e-04,3.660834857493095118e+00,3.660834892950814989e+00
5.838198587298393250e-03,-6.060297600924968719e-04,3.465685367584228516e+00,3.465685367584228516e+00,-6.093383546287017968e-04,3.438998168563802693e+00,3.438998222546563177e+00
6.130108609795570374e-03,-7.035988382995128632e-04,3.210811138153076172e+00,3.210811138153076172e+00,-7.027962360065872095e-04,3.177864866887303297e+00,3.177864944600259367e+00
6.422018166631460190e-03,-7.931400323286652565e-04,2.919454336166381836e+00,2.919454336166381836e+00,-8.000502980927972577e-04,2.880429783178833691e+00,2.880429894287334314e+00
6.713928189128637314e-03,-8.736469899304211140e-04,2.594900608062744141e+00,2.594900608062744141e+00,-8.819177184308248877e-04,2.550076476394969038e+00,2.550076628896050135e+00
7.005838211625814438e-03,-9.442134760320186615e-04,2.240806102752685547e+00,2.240806102752685547e+00,-9.490552978088253157e-04,2.190578466437267835e+00,2.190578672023584694e+00
7.297748234122991562e-03,-1.004043966531753540e-03,1.861154079437255859e+00,1.861154317855834961e+00,-1.006412138223129055e-03,1.806048760293331501e+00,1.806049040702514041e+00
7.589658256620168686e-03,-1.052462146617472172e-03,1.460213422775268555e+00,1.460213780403137207e+00,-1.058956256523529852e-03,1.400896140662178935e+00,1.400896540901768850e+00
7.881567813456058502e-03,-1.088918303139507771e-03,1.042492389678955078e+00,1.042492866516113281e+00,-1.095259664824362999e-03,9.797299798232843582e-01,9.797305920293938319e-01
8.173477835953235626e-03,-1.112995552830398083e-03,6.126853227615356445e-01,6.126863360404968262e-01,-1.117707295513693279e-03,5.473607191754927825e-01,5.473618603500897128e-01
8.465387858450412750e-03,-1.124414498917758465e-03,1.756279170513153076e-01,1.756315231323242188e-01,-1.128607074927602321e-03,1.087364249595847987e-01,1.087422818728804863e-01
8.757297880947589874e-03,-1.123036257922649384e-03,-2.637632191181182861e-01,2.637656033039093018e-01,-1.126710887119101653e-03,-3.311142841978850782e-01,3.311162011700741203e-01
9.049207903444766998e-03,-1.108246506191790104e-03,-7.001357674598693848e-01,7.001366019248962402e-01,-1.111019369067358037e-03,-7.671893145313863904e-01,7.671901190025697259e-01
9.341117925941944122e-03,-1.080513116903603077e-03,-1.128092527389526367e+00,1.128093123435974121e+00,-1.084691377685273288e-03,-1.194505681896618432e+00,1.194506174382824248e+00
9.633027948439121246e-03,-1.040503266267478466e-03,-1.542902588844299316e+00,1.542902946472167969e+00,-1.047031159025147784e-03,-1.608173025177023652e+00,1.608173366021607542e+00
9.924937039613723755e-03,-9.886771440505981445e-04,-1.939903616905212402e+00,1.939903855323791504e+00,-9.916313527493878389e-04,-2.003449061133100173e+00,2.003449306543052977e+00
1.021684706211090088e-02,-9.256252669729292393e-04,-2.314638853073120117e+00,2.314638853073120117e+00,-9.311481242510482757e-04,-2.375847590741040793e+00,2.375847773209983416e+00
1.050875708460807800e-02,-8.520629489794373512e-04,-2.662900924682617188e+00,2.662900924682617188e+00,-8.563424061689020681e-04,-2.721091542697642307e+00,2.721091677445460544e+00
1.080066710710525513e-02,-7.688218611292541027e-04,-2.980777502059936523e+00,2.980777502059936523e+00,-7.655398725390319967e-04,-3.035237532426919405e+00,3.035237628968175283e+00
1.109257712960243225e-02,-6.768413586542010307e-04,-3.264695882797241211e+00,3.264695882797241211e+00,-6.768902774433000835e-04,-3.314712406146266055e+00,3.314712475259418145e+00
1.138448715209960938e-02,-5.771573050878942013e-04,-3.511461973190307617e+00,3.511461973190307617e+00,-5.816037651376515689e-04,-3.556310451766952596e+00,3.556310499325081143e+00
1.167639717459678650e-02,-4.708913911599665880e-04,-3.718295335769653320e+00,3.718295335769653320e+00,-4.730323562481789806e-04,-3.757267503816474452e+00,3.757267533593380726e+00
1.196830719709396362e-02,-3.592388820834457874e-04,-3.882857084274291992e+00,3.882857084274291992e+00,-3.665318231999654605e-04,-3.915295087377325345e+00,3.915295104533832227e+00
1.226021721959114075e-02,-2.434552880004048347e-04,-4.003279209136962891e+00,4.003279209136962891e+00,-2.406870103602292571e-04,-4.028579849296582971e+00,4.028579856486491195e+00
1.255212631076574326e-02,-1.248431508429348469e-04,-4.078182697296142578e+00,4.078182697296142578e+00,-1.273717152792372995e-04,-4.095835363383677930e+00,4.095835365364171032e+00
1.284403633326292038e-02,-4.735564743896247819e-06,-4.106695175170898438e+00,4.106695175170898438e+00,-4.881147031279540123e-06,-4.116288497515796507e+00,4.116288497518690193e+00
1.313594635576009750e-02,1.155146746896207333e-04,-4.088459968566894531e+00,4.088459968566894531e+00,1.254442623399957830e-04,-4.089707896966111811e+00,4.089707898889997750e+00
1.342785637825727463e-02,2.344557869946584105e-04,-4.022012710571289062e+00,4.022012710571289062e+00,2.388484416363068714e-04,-4.016394925389410453e+00,4.016394932491373027e+00
1.371976640075445175e-02,3.505748463794589043e-04,-3.907971143722534180e+00,3.907971143722534180e+00,3.497126349780770244e-04,-3.897187099127072951e+00,3.897187114817739051e+00
1.401167642325162888e-02,4.626176378224045038e-04,-3.749541282653808594e+00,3.749541282653808594e+00,4.642297191466717679e-04,-3.733449673162590354e+00,3.733449702024534744e+00
1.430358644574880600e-02,5.693257553502917290e-04,-3.548541784286499023e+00,3.548541784286499023e+00,5.731965009605735802e-04,-3.527052602811514781e+00,3.527052649387830030e+00
1.459549646824598312e-02,6.695016636513173580e-04,-3.307262659072875977e+00,3.307262659072875977e+00,6.754423217153606796e-04,-3.280353763408343504e+00,3.280353832946929504e+00
1.488740649074316025e-02,7.620209944434463978e-04,-3.028440237045288086e+00,3.028440237045288086e+00,7.645626610054848202e-04,-2.996165976999314307e+00,2.996166074549993841e+00
1.517931651324033737e-02,8.458447409793734550e-04,-2.715228557586669922e+00,2.715228557586669922e+00,8.503430225157130760e-04,-2.677748131023077516e+00,2.677748266040114622e+00
1.547122560441493988e-02,9.200312197208404541e-04,-2.371161460876464844e+00,2.371161460876464844e+00,9.252571202657758212e-04,-2.328733841254422288e+00,2.328734025066906632e+00
1.576313562691211700e-02,9.837466059252619743e-04,-2.000113248825073242e+00,2.000113487243652344e+00,9.901929002936330285e-04,-1.953109630825021314e+00,1.953109881830366934e+00
1.605504564940929413e-02,1.036272500641644001e-03,-1.606261253356933594e+00,1.606261491775512695e+00,1.040321935472544347e-03,-1.555161097498569678e+00,1.555161445459179781e+00
1.634695567190647125e-02,1.077015418559312820e-03,-1.194035768508911133e+00,1.194036245346069336e+00,1.081842597837792685e-03,-1.139449546375419065e+00,1.139450059949340011e+00
1.663886569440364838e-02,1.105512259528040886e-03,-7.680737376213073730e-01,7.680744528770446777e-01,1.110923565980910131e-03,-7.107171060465162782e-01,7.107179742895943786e-01
1.693077571690082550e-02,1.121436711400747299e-03,-3.331669569015502930e-01,3.331688344478607178e-01,1.126524663728454417e-03,-2.738646078196185774e-01,2.738669247536318907e-01
1.722268573939800262e-02,1.124601461924612522e-03,1.057945713400840759e-01,1.058005467057228088e-01,1.129348130287384250e-03,1.661249676874304027e-01,1.661288064013859422e-01
1.751459576189517975e-02,1.114961225539445877e-03,5.438661575317382812e-01,5.438672304153442383e-01,1.120200509070341886e-03,6.042163438042572610e-01,6.042173822138561246e-01
1.780650578439235687e-02,1.092338585294783115e-03,9.758627414703369141e-01,9.758633375167846680e-01,1.095649709632263080e-03,1.035388020321829972e+00,1.035388600031043715e+00
1.809841580688953400e-02,1.056621316820383072e-03,1.396049618721008301e+00,1.396049976348876953e+00,1.059475581196846986e-03,1.454736787217131289e+00,1.454737173021755314e+00
1.839032582938671112e-02,1.008906750939786434e-03,1.800026416778564453e+00,1.800026655197143555e+00,1.014179516226581266e-03,1.857470213631177369e+00,1.857470490502377336e+00
1.868223585188388824e-02,9.497420396655797958e-04,2.183256387710571289e+00,2.183256626129150391e+00,9.586559245963633281e-04,2.238978353484239570e+00,2.238978558716491651e+00
1.897414587438106537e-02,8.798005874268710613e-04,2.541442155838012695e+00,2.541442155838012695e+00,8.823658711416415426e-04,2.594890733511296066e+00,2.594890883531005610e+00
1.926605589687824249e-02,7.998756482265889645e-04,2.870564222335815430e+00,2.870564222335815430e+00,8.006787296190423552e-04,2.921158415630326743e+00,2.921158525361865266e+00
1.955796405673027039e-02,7.108714780770242214e-04,3.166926622390747070e+00,3.166926622390747070e+00,7.173329799509731196e-04,3.214051334548864158e+00,3.214051414598393830e+00
1.984987407922744751e-02,6.137912860140204430e-04,3.427204608917236328e+00,3.427204608917236328e+00,6.116988544771303658e-04,3.470210956981280237e+00,3.470211010893778258e+00
2.014178410172462463e-02,5.097293760627508163e-04,3.648470401763916016e+00,3.648470401763916016e+00,5.112339820763434680e-04,3.686726890583578164e+00,3.686726926029678886e+00
2.043369412422180176e-02,3.998575848527252674e-04,3.828231334686279297e+00,3.828231334686279297e+00,3.989223437284728359e-04,3.861112236707084477e+00,3.861112257315011398e+00
2.072560414671897888e-02,2.854118938557803631e-04,3.964456319808959961e+00,3.964456319808959961e+00,2.895419345397031493e-04,3.991380251694493175e+00,3.991380262196440487e+00
2.101751416921615601e-02,1.676790998317301273e-04,4.055598735809326172e+00,4.055598735809326172e+00,1.771831690470064286e-04,4.076039571008083229e+00,4.076039574859110282e+00
2.130942419171333313e-02,4.798408917849883437e-05,4.100610733032226562e+00,4.100610733032226562e+00,4.728541551241424230e-05,4.114122282455650037e+00,4.114122282727386448e+00
2.160133421421051025e-02,-7.232598727568984032e-05,4.098958969116210938e+00,4.098958969116210938e+00,-6.758963921072230958e-05,4.105195426089761845e+00,4.105195426646173651e+00
2.189324423670768738e-02,-1.918961206683889031e-04,4.050626277923583984e+00,4.050626277923583984e+00,-1.904538163899049659e-04,4.049360299181650191e+00,4.049360303660463067e+00
2.218515425920486450e-02,-3.093477571383118629e-04,3.955729007720947266e+00,3.955729007720947266e+00,-3.176446142465419323e-04,3.947257879486175458e+00,3.947257892266959445e+00
2.247706428170204163e-02,-4.230299673508852720e-04,3.812796354293823242e+00,3.812796354293823242e+00,-4.260673669867369234e-04,3.800047973740924956e+00,3.800047997626597063e+00
2.276897430419921875e-02,-5.318088806234300137e-04,3.626584529876708984e+00,3.626584529876708984e+00,-5.301765827324733194e-04,3.609415113792095120e+00,3.609415152730149678e+00
2.306088432669639587e-02,-6.344632129184901714e-04,3.399226427078247070e+00,3.399226427078247070e+00,-6.353017178416918041e-04,3.377542720984041402e+00,3.377542780732844641e+00
2.335279434919357300e-02,-7.298416458070278168e-04,3.133310794830322266e+00,3.133310794830322266e+00,-7.269113600059278531e-04,3.107071988106143934e+00,3.107072073137987278e+00
2.364470437169075012e-02,-8.168743806891143322e-04,2.831852674484252930e+00,2.831852674484252930e+00,-8.217689878085877040e-04,2.801108571124912849e+00,2.801108691667233419e+00
2.393661439418792725e-02,-8.945851586759090424e-04,2.498260259628295898e+00,2.498260259628295898e+00,-8.962912104996556984e-04,2.463126730465853065e+00,2.463126893538645223e+00
2.422852441668510437e-02,-9.621017961762845516e-04,2.136298656463623047e+00,2.136298894882202148e+00,-9.656113854131407551e-04,2.097006409649950331e+00,2.097006631968130641e+00
2.452043443918228149e-02,-1.018665381707251072e-03,1.750047564506530762e+00,1.750047802925109863e+00,-1.026695327872541611e-03,1.706931568437620284e+00,1.706931877208991200e+00
2.481234446167945862e-02,-1.063639298081398010e-03,1.343854665756225586e+00,1.343855023384094238e+00,-1.069171083199296464e-03,1.297338154013253364e+00,1.297338594579426241e+00
2.510425262153148651e-02,-1.096515334211289883e-03,9.222918748855590820e-01,9.222925305366516113e-01,-1.100821652755744513e-03,8.729206085302972928e-01,8.729213026414326393e-01
2.539616264402866364e-02,-1.116920029744505882e-03,4.900978207588195801e-01,4.900991022586822510e-01,-1.121727664818349341e-03,4.385360374604126976e-01,4.385374720869751886e-01
2.568807266652584076e-02,-1.124618225730955601e-03,5.213830247521400452e-02,5.215042829513549805e-02,-1.129642632438698563e-03,-8.594800899649039389e-04,1.419435980264383912e-03
2.597998268902301788e-02,-1.119515975005924702e-03,-3.866568207740783691e-01,3.866584300994873047e-01,-1.124070915357815170e-03,-4.402451456752339287e-01,4.402465807090734651e-01
2.627189271152019501e-02,-1.101661473512649536e-03,-8.213444948196411133e-01,8.213451504707336426e-01,-1.106861182303326948e-03,-8.746081131922811558e-01,8.746088135866451063e-01
2.656380273401737213e-02,-1.071245642378926277e-03,-1.247021079063415527e+00,1.247021555900573730e+00,-1.075835916232754626e-03,-1.298969459040074215e+00,1.298969904555829835e+00
2.685571275651454926e-02,-1.027769176289439201e-03,-1.657521724700927734e+00,1.657521963119506836e+00,-1.032078539959856199e-03,-1.708488341309917002e+00,1.708488653043392036e+00
2.714762277901172638e-02,-9.725729469209909439e-04,-2.048758029937744141e+00,2.048758268356323242e+00,-9.762952918011004975e-04,-2.098485247970668599e+00,2.098485475075539952e+00
2.743953280150890350e-02,-9.063468314707279205e-04,-2.416409969329833984e+00,2.416409969329833984e+00,-9.136484921165485525e-04,-2.464510252738168816e+00,2.464510422093020736e+00
2.773144282400608063e-02,-8.298443281091749668e-04,-2.756355524063110352e+00,2.756355524063110352e+00,-8.361077030719955838e-04,-2.802367877831849263e+00,2.802368002561382632e+00
2.802335284650325775e-02,-7.439327891916036606e-04,-3.064783573150634766e+00,3.064783573150634766e+00,-7.487444913291415151e-04,-3.108204279714602780e+00,3.108204369898235342e+00
2.831526286900043488e-02,-6.495838752016425133e-04,-3.338235139846801758e+00,3.338235139846801758e+00,-6.525601945078174588e-04,-3.378525022157968571e+00,3.378525085178784249e+00
2.860717289149761200e-02,-5.478618550114333630e-04,-3.573643922805786133e+00,3.573643922805786133e+00,-5.555638402886551924e-04,-3.610245319498522232e+00,3.610245362245088074e+00
2.889908291399478912e-02,-4.399129538796842098e-04,-3.768365859985351562e+00,3.768365859985351562e+00,-4.528471110727478243e-04,-3.800711230561654830e+00,3.800711257539566290e+00
2.919099293649196625e-02,-3.269528679084032774e-04,-3.920209169387817383e+00,3.920209169387817383e+00,-3.304187382835778474e-04,-3.947743123609835258e+00,3.947743137437551120e+00
2.948290295898914337e-02,-2.102528815157711506e-04,-4.027458667755126953e+00,4.027458667755126953e+00,-2.092781556518170081e-04,-4.049669198734380693e+00,4.049669204141901346e+00
2.977481298148632050e-02,-9.112615225603803992e-05,-4.088895320892333984e+00,4.088895320892333984e+00,-9.548540562520514815e-05,-4.105322178204724004e+00,4.105322179315168185e+00
3.006672300398349762e-02,2.908650640165433288e-05,-4.103808403015136719e+00,4.103808403015136719e+00,1.931786218861108578e-05,-4.114064597699728765e+00,4.114064597745082708e+00
3.035863302648067474e-02,1.490313879912719131e-04,-4.072005748748779297e+00,4.072005748748779297e+00,1.494996144600645757e-04,-4.075797985911617793e+00,4.075797988653428128e+00
3.065054304897785187e-02,2.673580893315374851e-04,-3.993813037872314453e+00,3.993813037872314453e+00,2.700958675416528635e-04,-3.990959432357180869e+00,3.990959441496810367e+00
3.094245120882987976e-02,3.827307082246989012e-04,-3.870074510574340820e+00,3.870074510574340820e+00,3.782516895264873610e-04,-3.860515972854011491e+00,3.860515991384480206e+00
3.123436123132705688e-02,4.935198812745511532e-04,-3.699718475341796875e+00,3.699718475341796875e+00,4.984502400836014367e-04,-3.685965948869318609e+00,3.685965982571832722e+00
3.152627125382423401e-02,5.985212628729641438e-04,-3.486594438552856445e+00,3.486594438552856445e+00,5.988525256743245772e-04,-3.469291258216557594e+00,3.469291309902092557e+00
3.181818127632141113e-02,6.966367946006357670e-04,-3.233944177627563477e+00,3.233944177627563477e+00,6.992505937034972823e-04,-3.212978532483810046e+00,3.212978608573858974e+00
3.211009129881858826e-02,7.867669919505715370e-04,-2.944641351699829102e+00,2.944641351699829102e+00,7.856939721888686482e-04,-2.919947319834322208e+00,2.919947425540854180e+00
3.240200132131576538e-02,8.679021266289055347e-04,-2.621965408325195312e+00,2.621965408325195312e+00,8.640987791300018279e-04,-2.593550064227546414e+00,2.593550208174387972e+00
3.269391134381294250e-02,9.391329367645084858e-04,-2.269564628601074219e+00,2.269564628601074219e+00,9.421933664257149893e-04,-2.237530133776227004e+00,2.237530332148594869e+00
3.298582136631011963e-02,9.996608132496476173e-04,-1.891415476799011230e+00,1.891415715217590332e+00,1.001597795002553493e-03,-1.855928104564108061e+00,1.855928374832678251e+00
3.327773138880729675e-02,1.048806123435497284e-03,-1.491782784461975098e+00,1.491783142089843750e+00,1.052333463763424279e-03,-1.453127763596330224e+00,1.453128144638383690e+00
3.356964141130447388e-02,1.086016534827649593e-03,-1.075164556503295898e+00,1.075165033340454102e+00,1.092569496127834610e-03,-1.033730956928730960e+00,1.033731534307091637e+00
3.386155143380165100e-02,1.110871904529631138e-03,-6.462470889091491699e-01,6.462480425834655762e-01,1.116147138921505435e-03,-6.025071566930171318e-01,6.025081905258546922e-01
3.415346145629882812e-02,1.123089226894080639e-03,-2.098598778247833252e-01,2.098628729581832886e-01,1.128116934466407871e-03,-1.643985698592158318e-01,1.644024404307104226e-01
3.444537147879600525e-02,1.122526242397725582e-03,2.290854007005691528e-01,2.290881276130676270e-01,1.127890925383894394e-03,2.755806921052803560e-01,2.755830001998760825e-01
3.473728150129318237e-02,1.109182718209922314e-03,6.656460165977478027e-01,6.656469106674194336e-01,1.115585804591519813e-03,7.124188232537529419e-01,7.124196967083022969e-01
3.502919152379035950e-02,1.083200564607977867e-03,1.094902515411376953e+00,1.094902992248535156e+00,1.087674805279036658e-03,1.141101224509910583e+00,1.141101742884699677e+00
3.532110154628753662e-02,1.044862321577966213e-03,1.512012243270874023e+00,1.512012600898742676e+00,1.051258304754194763e-03,1.556759705776921354e+00,1.556760060726980033e+00
3.561301156878471375e-02,9.940897580236196518e-04,1.911293983459472656e+00,1.911294221878051758e+00,1.000090359300734267e-03,1.954622527699857226e+00,1.954622783549937681e+00
3.590492159128189087e-02,9.316697251051664352e-04,2.287941932678222656e+00,2.287941932678222656e+00,9.327833941643508611e-04,2.330144500951653708e+00,2.330144687653556534e+00
3.619683161377906799e-02,8.586928015574812889e-04,2.638276815414428711e+00,2.638276815414428711e+00,8.633401756225618333e-04,2.679054240377849005e+00,2.679054379485939386e+00
3.648874163627624512e-02,7.759887375868856907e-04,2.958374977111816406e+00,2.958374977111816406e+00,7.849864028577943197e-04,2.997350805858852496e+00,2.997350908650231016e+00
3.678065165877342224e-02,6.844948511570692062e-04,3.244652032852172852e+00,3.244652032852172852e+00,6.921582426730882309e-04,3.281392021531480907e+00,3.281392094531449199e+00
3.707256168127059937e-02,5.852461326867341995e-04,3.493899345397949219e+00,3.493899345397949219e+00,5.979947674229684016e-04,3.527942660393053043e+00,3.527942711073829063e+00
3.736447170376777649e-02,4.793615953531116247e-04,3.703327894210815430e+00,3.703327894210815430e+00,4.833168308380539737e-04,3.734173504954536593e+00,3.734173536232562984e+00
3.765638172626495361e-02,3.680344962049275637e-04,3.870587825775146484e+00,3.870587825775146484e+00,3.771517372444679428e-04,3.897742837590330023e+00,3.897742855837228237e+00
3.794829174876213074e-02,2.525190066080540419e-04,3.993798017501831055e+00,3.993798017501831055e+00,2.575202784012663019e-04,4.016771463393276953e+00,4.016771471648251435e+00
3.824020177125930786e-02,1.341155293630436063e-04,4.071568489074707031e+00,4.071568489074707031e+00,1.366830821989269108e-04,4.089902797769851439e+00,4.089902800053801357e+00
3.853211179375648499e-02,1.415664701198693365e-05,4.103013992309570312e+00,4.103013992309570312e+00,1.427072287535619142e-05,4.116300075881914822e+00,4.116300075906652367e+00
3.882402181625366211e-02,-1.060072681866586208e-04,4.087763786315917969e+00,4.087763786315917969e+00,-1.005112567188496021e-04,4.095662400565871053e+00,4.095662401799189389e+00
3.911592811346054077e-02,-2.250214020023122430e-04,4.025968074798583984e+00,4.025968074798583984e+00,-2.181405734888534605e-04,4.028226725736513636e+00,4.028226731642996938e+00
3.940783813595771790e-02,-3.415473329368978739e-04,3.918291568756103516e+00,3.918291568756103516e+00,-3.370859989290063961e-04,3.914762328480751563e+00,3.914762342993378219e+00
3.969974815845489502e-02,-4.542687966022640467e-04,3.765912532806396484e+00,3.765912532806396484e+00,-4.519951756919933549e-04,3.756566164539931307e+00,3.756566191732270354e+00
3.999165818095207214e-02,-5.617142887786030769e-04,3.569261312484741211e+00,3.569261312484741211e+00,-5.566062286827965118e-04,3.555440406589568170e+00,3.555440450158079635e+00
4.028356820344924927e-02,-6.624421221204102039e-04,3.330222606658935547e+00,3.330222606658935547e+00,-6.661213632052329124e-04,3.313697623086456101e+00,3.313697690038501342e+00
4.057547822594642639e-02,-7.555551710538566113e-04,3.053465127944946289e+00,3.053465127944946289e+00,-7.553258665439533965e-04,3.034081721037941826e+00,3.034081815056034692e+00
4.086738824844360352e-02,-8.400113438256084919e-04,2.742135047912597656e+00,2.742135047912597656e+00,-8.419768293065175860e-04,2.719801625823364599e+00,2.719801756149958560e+00
4.115929827094078064e-02,-9.148647659458220005e-04,2.399762630462646484e+00,2.399762630462646484e+00,-9.142630153308472802e-04,2.374437581576861689e+00,2.374437757592612996e+00
4.145120829343795776e-02,-9.792790515348315239e-04,2.030213832855224609e+00,2.030214071273803711e+00,-9.769971961379290970e-04,2.001940993755012776e+00,2.001941232154512917e+00
4.174311831593513489e-02,-1.032532658427953720e-03,1.637659549713134766e+00,1.637659788131713867e+00,-1.035837060688791621e-03,1.606583362138900739e+00,1.606583696064400657e+00
4.203502833843231201e-02,-1.074028317816555500e-03,1.226525425910949707e+00,1.226525902748107910e+00,-1.078543213507487464e-03,1.192861126667574601e+00,1.192861614257957115e+00
4.232693836092948914e-02,-1.103300251998007298e-03,8.014422655105590820e-01,8.014430403709411621e-01,-1.107082656359271522e-03,7.655009511660748611e-01,7.655017517081024181e-01
4.261884838342666626e-02,-1.120018074288964272e-03,3.671952784061431885e-01,3.671969771385192871e-01,-1.125646262745121562e-03,3.294091408887735994e-01,3.294110641441612142e-01
4.291075840592384338e-02,-1.123991329222917557e-03,-7.132759690284729004e-02,7.133644819259643555e-02,-1.129358102412523785e-03,-1.104621364323317562e-01,1.104679095254298832e-01
4.320266842842102051e-02,-1.115171238780021667e-03,-5.091894268989562988e-01,5.091906189918518066e-01,-1.120692918425675528e-03,-5.490634345649474390e-01,5.490645782864468361e-01
4.349457845091819763e-02,-1.093651051633059978e-03,-9.414582848548889160e-01,9.414588212966918945e-01,-1.100533358277534053e-03,-9.813985370092861427e-01,9.813991540742431630e-01
4.378648847341537476e-02,-1.059665577486157417e-03,-1.363261580467224121e+00,1.363261938095092773e+00,-1.068342995196595174e-03,-1.402521119968532570e+00,1.402521526863150347e+00
4.407839849591255188e-02,-1.013588160276412964e-03,-1.769839048385620117e+00,1.769839286804199219e+00,-1.019677194293043977e-03,-1.807599598048970524e+00,1.807599885651794303e+00
4.437030851840972900e-02,-9.557398734614253044e-04,-2.156170129776000977e+00,2.156170368194580078e+00,-9.597897216308321931e-04,-2.192034190372583513e+00,2.192034400496191360e+00
4.466221854090690613e-02,-8.863884140737354755e-04,-2.516450166702270508e+00,2.516450166702270508e+00,-8.954892939332970451e-04,-2.551424965097241149e+00,2.551425122244925348e+00
4.495412856340408325e-02,-8.070040494203567505e-04,-2.847809076309204102e+00,2.847809076309204102e+00,-8.087461708874087683e-04,-2.881652397847474845e+00,2.881652511336241673e+00
4.524603858590126038e-02,-7.184874266386032104e-04,-3.146546602249145508e+00,3.146546602249145508e+00,-7.259797200683487748e-04,-3.178961450796831123e+00,3.178961533692858055e+00
4.553794860839843750e-02,-6.218416965566575527e-04,-3.409319877624511719e+00,3.409319877624511719e+00,-6.328340363249081212e-04,-3.439947640737688772e+00,3.439947698947718902e+00
4.582985863089561462e-02,-5.181594169698655605e-04,-3.633189201354980469e+00,3.633189201354980469e+00,-5.291636229745671442e-04,-3.661620050426973805e+00,3.661620088663346984e+00
4.612176865339279175e-02,-4.086105909664183855e-04,-3.815649986267089844e+00,3.815649986267089844e+00,-4.232670492720974273e-04,-3.841457542226758282e+00,3.841457565545380870e+00
4.641367867588996887e-02,-2.944300940725952387e-04,-3.954658746719360352e+00,3.954658746719360352e+00,-3.014611097371296404e-04,-3.977394266968335756e+00,3.977394278392750060e+00
4.670558869838714600e-02,-1.769039081409573555e-04,-4.048655986785888672e+00,4.048655986785888672e+00,-1.874422429993197073e-04,-4.067888221569567975e+00,4.067888225888097509e+00
4.699749872088432312e-02,-5.735519516747444868e-05,-4.096582889556884766e+00,4.096582889556884766e+00,-6.745008329006821498e-05,-4.111898037895783453e+00,4.111898038448996040e+00
4.728940874338150024e-02,6.287029100349172950e-05,-4.097892284393310547e+00,4.097892284393310547e+00,6.506316436412086209e-05,-4.108924146262574517e+00,4.108924146777699349e+00
4.758131876587867737e-02,1.824188802856951952e-04,-4.052554607391357422e+00,4.052554607391357422e+00,1.811954678659924108e-04,-4.058998906550755237e+00,4.058998910595077447e+00
4.787322878837585449e-02,2.999438438564538956e-04,-3.961061000823974609e+00,3.961061000823974609e+00,2.916298405288031436e-04,-3.962692494880851513e+00,3.962692505611933758e+00
4.816513881087303162e-02,4.141202080063521862e-04,-3.824414253234863281e+00,3.824414253234863281e+00,4.101109104641650406e-04,-3.821106487951721142e+00,3.821106509959869335e+00
4.845704883337020874e-02,5.236592260189354420e-04,-3.644121646881103516e+00,3.644121646881103516e+00,5.131847397695962461e-04,-3.635857241959187469e+00,3.635857278176035212e+00
4.874895885586738586e-02,6.272951140999794006e-04,-3.422028303146362305e+00,3.422028303146362305e+00,6.273815232991487943e-04,-3.409067777727435189e+00,3.409067835456937257e+00
4.904086887836456299e-02,7.232719217427074909e-04,-3.158196687698364258e+00,3.158196687698364258e+00,7.180624866660061025e-04,-3.143318500810975191e+00,3.143318582828392049e+00
4.933277890086174011e-02,8.109422633424401283e-04,-2.858630895614624023e+00,2.858630895614624023e+00,8.097519380711504277e-04,-2.841654374206525890e+00,2.841654489579140463e+00
4.962468892335891724e-02,8.893250487744808197e-04,-2.526736021041870117e+00,2.526736021041870117e+00,8.891824876880032339e-04,-2.507523039920680485e+00,2.507523197575357798e+00
4.991659894585609436e-02,9.575441945344209671e-04,-2.166271924972534180e+00,2.166272163391113281e+00,9.604821235298469659e-04,-2.144736373345793812e+00,2.144736588413219902e+00
5.020850524306297302e-02,1.014836947433650494e-03,-1.781317353248596191e+00,1.781317591667175293e+00,1.015170016407358463e-03,-1.757439290299016355e+00,1.757439583501200220e+00
5.050041526556015015e-02,1.060564303770661354e-03,-1.376206994056701660e+00,1.376207351684570312e+00,1.062149751493679430e-03,-1.350067830992579987e+00,1.350068248809334959e+00
5.079232528805732727e-02,1.094214268960058689e-03,-9.555118083953857422e-01,9.555124044418334961e-01,1.098077940244966341e-03,-9.272660818925423376e-01,9.272667320698558813e-01
5.108423531055450439e-02,1.115409424528479576e-03,-5.239703655242919922e-01,5.239715576171875000e-01,1.120083093557514399e-03,-4.938729117350482700e-01,4.938741818842035114e-01
5.137614533305168152e-02,1.123911468312144279e-03,-8.644130825996398926e-02,8.644861727952957153e-02,1.129210746168212353e-03,-5.482477581169251796e-02,5.483640359935729874e-02
5.166805535554885864e-02,1.119622960686683655e-03,3.521498143672943115e-01,3.521515727043151855e-01,1.125215353511161255e-03,3.848303107240156895e-01,3.848319557437171468e-01
5.195996537804603577e-02,1.102588488720357418e-03,7.868643403053283691e-01,7.868651151657104492e-01,1.109068362857819475e-03,8.201076043465574950e-01,8.201083542677047866e-01
5.225187540054321289e-02,1.072994782589375973e-03,1.212804794311523438e+00,1.212805271148681641e+00,1.079805856783673610e-03,1.246002477406556563e+00,1.246002945295060060e+00
5.254378542304039001e-02,1.031168154440820217e-03,1.625167965888977051e+00,1.625168204307556152e+00,1.039908444705659862e-03,1.657670559067833560e+00,1.657670885251302462e+00
5.283569544553756714e-02,9.775717044249176979e-04,2.019296169281005859e+00,2.019296407699584961e+00,9.906205240343851116e-04,2.050393225933829111e+00,2.050393465236454826e+00
5.312760546803474426e-02,9.127985103987157345e-04,2.390740394592285156e+00,2.390740394592285156e+00,9.201463979947268517e-04,2.419677145037184118e+00,2.419677319992211917e+00
5.341951549053192139e-02,8.369403076358139515e-04,2.733210086822509766e+00,2.733210086822509766e+00,8.450304311840080729e-04,2.761316203818394044e+00,2.761316333118402078e+00
5.371142551302909851e-02,7.515195175074040890e-04,3.044033050537109375e+00,3.044033050537109375e+00,7.631101081796513299e-04,3.071411377391468633e+00,3.071411472191050152e+00
5.400333553552627563e-02,6.576058804057538509e-04,3.319998741149902344e+00,3.319998741149902344e+00,6.601089787340870107e-04,3.346400993023196602e+00,3.346401058129539141e+00
5.429524555802345276e-02,5.562630249187350273e-04,3.558024883270263672e+00,3.558024883270263672e+00,5.654552259729796670e-04,3.583159293741616125e+00,3.583159338358612445e+00
5.458715558052062988e-02,4.486360994633287191e-04,3.755454540252685547e+00,3.755454540252685547e+00,4.542144833756618020e-04,3.778972431045310554e+00,3.778972458342519047e+00
5.487906560301780701e-02,3.359396650921553373e-04,3.910084009170532227e+00,3.910084009170532227e+00,3.486569450229445324e-04,3.931606409606205776e+00,3.931606425065746979e+00
5.517097562551498413e-02,2.194439439335837960e-04,4.020185470581054688e+00,4.020185470581054688e+00,2.281480845626163883e-04,4.039313959529486020e+00,4.039313965972603171e+00
5.546288564801216125e-02,1.004611040116287768e-04,4.084527015686035156e+00,4.084527015686035156e+00,1.087621990232560867e-04,4.100865684567389202e+00,4.100865686009671940e+00
5.575479567050933838e-02,-1.966920899576507509e-05,4.102385520935058594e+00,4.102385520935058594e+00,-1.580544093177291740e-05,4.115559268716520336e+00,4.115559268746869392e+00
5.604670569300651550e-02,-1.395945146214216948e-04,4.073554992675781250e+00,4.073554992675781250e+00,-1.285017443471162739e-04,4.083226067676946514e+00,4.083226069698961957e+00
5.633861571550369263e-02,-2.579643332865089178e-04,3.998348236083984375e+00,3.998348236083984375e+00,-2.513700681776208303e-04,4.004235498628744949e+00,4.004235506518753596e+00
5.663052573800086975e-02,-3.734446654561907053e-04,3.877594947814941406e+00,3.877594947814941406e+00,-3.674962524720210792e-04,3.879491580317373955e+00,3.879491597723455865e+00
5.692243576049804688e-02,-4.847328236792236567e-04,3.712631702423095703e+00,3.712631702423095703e+00,-4.758597462687103735e-04,3.710414528480875163e+00,3.710414558995322132e+00
5.721434578299522400e-02,-5.905741127207875252e-04,3.505284070968627930e+00,3.505284070968627930e+00,-5.825215726318316162e-04,3.498944454825686723e+00,3.498944503316222310e+00
5.750625580549240112e-02,-6.897704442963004112e-04,3.257855176925659180e+00,3.257855176925659180e+00,-6.856292987300653067e-04,3.247492436020062989e+00,3.247492508397064714e+00
5.779816582798957825e-02,-7.807254442013800144e-04,2.971317768096923828e+00,2.971317768096923828e+00,-7.775588490164021295e-04,2.958934998107270342e+00,2.958935100272027885e+00
5.809007585048675537e-02,-8.625384652987122536e-04,2.650349378585815430e+00,2.650349378585815430e+00,-8.580569470296328270e-04,2.636558835782057297e+00,2.636558975407559569e+00
5.838198587298393250e-02,-9.344768477603793144e-04,2.299450159072875977e+00,2.299450159072875977e+00,-9.315640037740233713e-04,2.284064665627168367e+00,2.284064855598028299e+00
5.867389589548110962e-02,-9.957383153960108757e-04,1.922593235969543457e+00,1.922593474388122559e+00,-9.961769853959196851e-04,1.905468626707843782e+00,1.905468887107963916e+00
5.896580591797828674e-02,-1.045639626681804657e-03,1.524037361145019531e+00,1.524037718772888184e+00,-1.048768958534203885e-03,1.505099467166975957e+00,1.505099832563489226e+00
5.925771594047546387e-02,-1.083624549210071564e-03,1.108279585838317871e+00,1.108280062675476074e+00,-1.085611557783199184e-03,1.087528408146336556e+00,1.087528949995244743e+00
5.954962596297264099e-02,-1.109269331209361553e-03,6.800060868263244629e-01,6.800069808959960938e-01,-1.113319057985456264e-03,6.575345260187721586e-01,6.575354685384326991e-01
5.984153598546981812e-02,-1.122287940233945847e-03,2.440407127141952515e-01,2.440432757139205933e-01,-1.127342909464217838e-03,2.200311186990210888e-01,2.200340066852808640e-01
6.013344600796699524e-02,-1.122534275054931641e-03,-1.947076767683029175e-01,1.947109103202819824e-01,-1.128378090973155634e-03,-2.199903653155233230e-01,2.199932591439419383e-01
6.042535603046417236e-02,-1.110004726797342300e-03,-6.312974095344543457e-01,6.312983632087707520e-01,-1.117499380854444216e-03,-6.575019579898212507e-01,6.575029076478026147e-01
6.071726605296134949e-02,-1.084837480448186398e-03,-1.060812354087829590e+00,1.060812830924987793e+00,-1.092423088937606980e-03,-1.087496784790884297e+00,1.087497333476600492e+00
6.100917607545852661e-02,-1.047311001457273960e-03,-1.478417873382568359e+00,1.478418231010437012e+00,-1.055351591146096646e-03,-1.505061461636831188e+00,1.505061831643927928e+00
6.130108609795570374e-02,-9.978418238461017609e-04,-1.879400849342346191e+00,1.879401087760925293e+00,-1.004339521577351547e-03,-1.905432418231078229e+00,1.905432682921075926e+00
6.159299239516258240e-02,-9.369804756715893745e-04,-2.259228706359863281e+00,2.259228706359863281e+00,-9.478720350821647064e-04,-2.284033949879100689e+00,2.284034146562113232e+00
6.188490241765975952e-02,-8.654019329696893692e-04,-2.613614559173583984e+00,2.613614559173583984e+00,-8.767750451464948261e-04,-2.636530665827547359e+00,2.636530811612777470e+00
6.217681244015693665e-02,-7.835538126528263092e-04,-2.937214136123657227e+00,2.937214136123657227e+00,-7.931090850670750869e-04,-2.958903857634990420e+00,2.958903963928070535e+00
6.246872246265411377e-02,-6.924982881173491478e-04,-3.226026773452758789e+00,3.226026773452758789e+00,-7.026282599613150161e-04,-3.247464753213825883e+00,3.247464829224884664e+00
6.276063621044158936e-02,-5.936280940659344196e-04,-3.477916002273559570e+00,3.477916002273559570e+00,-6.075434091716906638e-04,-3.498925260541944748e+00,3.498925313287997163e+00
6.305254250764846802e-02,-4.880662309005856514e-04,-3.690065383911132812e+00,3.690065383911132812e+00,-5.024650527937162383e-04,-3.710398388993723540e+00,3.710398423015828673e+00
6.334445625543594360e-02,-3.770001349039375782e-04,-3.860123395919799805e+00,3.860123395919799805e+00,-3.878839140935413650e-04,-3.879476672021253680e+00,3.879476691412262479e+00
6.363636255264282227e-02,-2.616884594317525625e-04,-3.986187696456909180e+00,3.986187696456909180e+00,-2.724006437048183513e-04,-4.004225041911197991e+00,4.004225051176674377e+00
6.392827630043029785e-02,-1.434250880265608430e-04,-4.066861629486083984e+00,4.066861629486083984e+00,-1.538070200127635543e-04,-4.083221835437808700e+00,4.083221838334614162e+00
6.422018259763717651e-02,-2.354802199988625944e-05,-4.101242542266845703e+00,4.101242542266845703e+00,-3.740270030120904977e-05,-4.115558091342802705e+00,4.115558091512762751e+00
6.451209634542465210e-02,9.659906208980828524e-05,-4.088949680328369141e+00,4.088949680328369141e+00,9.115766926308675787e-05,-4.100869140254900458e+00,4.100869141268066009e+00
6.480400264263153076e-02,2.156573318643495440e-04,-4.030118942260742188e+00,4.030118942260742188e+00,2.069641490942124729e-04,-4.039322771697329451e+00,4.039322776999475728e+00
6.509591639041900635e-02,3.322919947095215321e-04,-3.925399303436279297e+00,3.925399303436279297e+00,3.243088982878243186e-04,-3.931616248177801420e+00,3.931616261553503744e+00
6.538782268762588501e-02,4.451828717719763517e-04,-3.775960922241210938e+00,3.775960922241210938e+00,4.343648992824949507e-04,-3.778990280318891060e+00,3.778990305282287299e+00
6.567973643541336060e-02,5.530623020604252815e-04,-3.583457231521606445e+00,3.583457231521606445e+00,5.501282173612521411e-04,-3.583179511091629799e+00,3.583179553322427324e+00
6.597164273262023926e-02,6.547065568156540394e-04,-3.350040435791015625e+00,3.350040435791015625e+00,6.523115647315087719e-04,-3.346429240456295418e+00,3.346429304033072594e+00
6.626355648040771484e-02,7.489706622436642647e-04,-3.078296422958374023e+00,3.078296422958374023e+00,7.439904977439310702e-04,-3.071433611324835056e+00,3.071433701432895624e+00
6.655546277761459351e-02,8.345323149114847183e-04,-2.770459413528442383e+00,2.770459413528442383e+00,8.304742793111090631e-04,-2.761349482204937811e+00,2.761349607087267177e+00
6.684737652540206909e-02,9.101016330532729626e-04,-2.429591655731201172e+00,2.429591655731201172e+00,9.051124752766220036e-04,-2.419703834373786222e+00,2.419704003656603319e+00
6.713928282260894775e-02,9.752542246133089066e-04,-2.061342477798461914e+00,2.061342716217041016e+00,9.760919815667664550e-04,-2.050425366685675321e+00,2.050425599016858058e+00
6.743118911981582642e-02,1.029267325066030025e-03,-1.669871807098388672e+00,1.669872045516967773e+00,1.029570129147157429e-03,-1.657715122924242612e+00,1.657715442645808279e+00
6.772310286760330200e-02,1.071540988050401211e-03,-1.259591579437255859e+00,1.259592056274414062e+00,1.073343056400740238e-03,-1.246045057129291145e+00,1.246045519417992686e+00
6.801500916481018066e-02,1.101603498682379723e-03,-8.351511955261230469e-01,8.351519107818603516e-01,1.104846247414470245e-03,-8.201514365304112264e-01,8.201521807129014130e-01
6.830692291259765625e-02,1.119122724048793316e-03,-4.013127386569976807e-01,4.013142585754394531e-01,1.123316834433632071e-03,-3.848748302353843243e-01,3.848764695190216578e-01
6.859882920980453491e-02,1.123903319239616394e-03,3.701542690396308899e-02,3.703248500823974609e-02,1.129510156306590303e-03,5.478004963837961733e-02,5.479169308915846082e-02
6.889074295759201050e-02,1.115893363021314144e-03,4.749203026294708252e-01,4.749216139316558838e-01,1.122556790842055502e-03,4.938285200008415421e-01,4.938297958811013744e-01
6.918264925479888916e-02,1.095182844437658787e-03,9.074493050575256348e-01,9.074499607086181641e-01,1.102947323851830941e-03,9.272225497207486899e-01,9.272232057080136425e-01
6.947456300258636475e-02,1.062001683749258518e-03,1.329753041267395020e+00,1.329753398895263672e+00,1.071995154541682685e-03,1.350032980955704121e+00,1.350033406565095184e+00
6.976646929979324341e-02,1.016721362248063087e-03,1.737051486968994141e+00,1.737051725387573242e+00,1.024430226514477316e-03,1.757398848089895882e+00,1.757399146672429024e+00
7.005838304758071899e-02,9.598438628017902374e-04,2.124770879745483398e+00,2.124771118164062500e+00,9.698183889110132067e-04,2.144701585683662870e+00,2.144701804956046676e+00
7.035028934478759766e-02,8.920060354284942150e-04,2.488512516021728516e+00,2.488512516021728516e+00,9.023263078787153134e-04,2.507487538483195610e+00,2.507487700835496103e+00
7.064220309257507324e-02,8.139603305608034134e-04,2.824178695678710938e+00,2.824178695678710938e+00,8.274507455156199145e-04,2.841630826456973402e+00,2.841630946929118107e+00
7.093410938978195190e-02,7.264784071594476700e-04,3.127501010894775391e+00,3.127501010894775391e+00,7.405797971570249588e-04,3.143294885674967176e+00,3.143294972917565655e+00
7.122602313756942749e-02,6.302145775407552719e-04,3.392938852310180664e+00,3.392938852310180664e+00,6.420118222678940223e-04,3.409045141033995474e+00,3.409045201487753030e+00
7.151792943477630615e-02,5.268564564175903797e-04,3.619548797607421875e+00,3.619548797607421875e+00,5.391587559469066112e-04,3.635839733890696923e+00,3.635839773866628821e+00
7.180984318256378174e-02,4.175684298388659954e-04,3.804824590682983398e+00,3.804824590682983398e+00,4.337793388262851935e-04,3.821094226589724752e+00,3.821094251211535120e+00
7.210174947977066040e-02,3.035904665011912584e-04,3.946698188781738281e+00,3.946698188781738281e+00,3.199794387514883951e-04,3.962682290583512401e+00,3.962682303502392589e+00
7.239366322755813599e-02,1.862025528680533171e-04,4.043604850769042969e+00,4.043604850769042969e+00,1.986116115718601432e-04,4.058991720010419080e+00,4.058991724869577489e+00
7.268556952476501465e-02,6.673349707853049040e-05,4.094466209411621094e+00,4.094466209411621094e+00,7.877840083134284553e-05,4.108921351466685579e+00,4.108921352221875267e+00
7.297748327255249023e-02,-5.347722617443650961e-05,4.098725795745849609e+00,4.098725795745849609e+00,-3.803924838118403486e-05,4.111899928317645170e+00,4.111899928493595979e+00
7.326938956975936890e-02,-1.730700896587222815e-04,4.056340694427490234e+00,4.056340694427490234e+00,-1.583173951659817467e-04,4.067893967547935752e+00,4.067893970628693623e+00
7.356130331754684448e-02,-2.907046582549810410e-04,3.967785596847534180e+00,3.967785596847534180e+00,-2.806190654797823133e-04,3.977405830988671731e+00,3.977405840887970889e+00
7.385320961475372314e-02,-4.050501738674938679e-04,3.834055185317993164e+00,3.834055185317993164e+00,-3.957859741934085119e-04,3.841470860335867599e+00,3.841470880724742187e+00
7.414512336254119873e-02,-5.148230702616274357e-04,3.656636953353881836e+00,3.656636953353881836e+00,-5.029855105236930458e-04,3.661636643236886535e+00,3.661636677783517868e+00
7.443702965974807739e-02,-6.187791586853563786e-04,3.437521457672119141e+00,3.437521457672119141e+00,-6.081739391184311791e-04,3.439967804979837229e+00,3.439967858741319162e+00
7.472894340753555298e-02,-7.157524232752621174e-04,3.179133653640747070e+00,3.179133653640747070e+00,-7.091707808810639819e-04,3.178989920663311430e+00,3.178989999764410435e+00
7.502084970474243164e-02,-8.046386064961552620e-04,2.884374141693115234e+00,2.884374141693115234e+00,-7.990782164339596712e-04,2.881690183815041717e+00,2.881690294605228075e+00
7.531276345252990723e-02,-8.844335097819566727e-04,2.556517839431762695e+00,2.556517839431762695e+00,-8.772743089658603189e-04,2.551453806674374825e+00,2.551453957492349378e+00
7.560466974973678589e-02,-9.534076671116054058e-04,2.197391986846923828e+00,2.197392225265502930e+00,-9.483445521598971766e-04,2.192072383383672829e+00,2.192072588522278931e+00
7.589658349752426147e-02,-1.011468237265944481e-03,1.813510298728942871e+00,1.813510537147521973e+00,-1.011894689097705925e-03,1.807636214805679487e+00,1.807636498029364880e+00
7.618848979473114014e-02,-1.057977089658379555e-03,1.409262776374816895e+00,1.409263134002685547e+00,-1.058189504505182600e-03,1.402555836039172110e+00,1.402556235226441350e+00
7.648040354251861572e-02,-1.092421589419245720e-03,9.891949892044067383e-01,9.891955852508544922e-01,-1.094318055582461317e-03,9.814304660626365084e-01,9.814310761576334752e-01
7.677230983972549438e-02,-1.114419079385697842e-03,5.580662488937377930e-01,5.580673217773437500e-01,-1.117553637431123372e-03,5.491096159805145538e-01,5.491107532077665887e-01
7.706422358751296997e-02,-1.123728463426232338e-03,1.207128688693046570e-01,1.207180917263031006e-01,-1.128940258426227184e-03,1.105029140458794329e-01,1.105086807392890308e-01
7.735612988471984863e-02,-1.120248110964894295e-03,-3.179174661636352539e-01,3.179194331169128418e-01,-1.126948006197652213e-03,-3.293547782196116214e-01,3.293567062440025950e-01
7.764804363250732422e-02,-1.104019233025610447e-03,-7.529087662696838379e-01,7.529096007347106934e-01,-1.111829026015099739e-03,-7.654685773813714178e-01,7.654693848365482500e-01
7.793994992971420288e-02,-1.075225532986223698e-03,-1.179341435432434082e+00,1.179341912269592285e+00,-1.084280047529613458e-03,-1.192820111004159411e+00,1.192820603812323688e+00
7.823185622692108154e-02,-1.034189248457551003e-03,-1.592424511909484863e+00,1.592424869537353516e+00,-1.045794206268488681e-03,-1.606538607416389652e+00,1.606538947802048867e+00
7.852376997470855713e-02,-9.813675424084067345e-04,-1.987512469291687012e+00,1.987512707710266113e+00,-9.904250500033708743e-04,-2.001910770984119736e+00,2.001911015985478937e+00
7.881567627191543579e-02,-9.173534926958382130e-04,-2.360128641128540039e+00,2.360128641128540039e+00,-9.289691689004639027e-04,-2.374398020023231304e+00,2.374398201750068438e+00
7.910759001970291138e-02,-8.428585133515298367e-04,-2.706082105636596680e+00,2.706082105636596680e+00,-8.549857919197625684e-04,-2.719769596295221081e+00,2.719769730681731001e+00
7.939949631690979004e-02,-7.587186410091817379e-04,-3.021440505981445312e+00,3.021440505981445312e+00,-7.742604930014047046e-04,-3.034048585101795759e+00,3.034048683893769915e+00
7.969141006469726562e-02,-6.658694474026560783e-04,-3.302639961242675781e+00,3.302639961242675781e+00,-6.756584696071897111e-04,-3.313667632166688914e+00,3.313667701050236669e+00
7.998331636190414429e-02,-5.649625672958791256e-04,-3.543975114822387695e+00,3.543975114822387695e+00,-5.752115295594489777e-04,-3.555417788412358338e+00,3.555417834942516286e+00
8.027523010969161987e-02,-4.575974016916006804e-04,-3.744243144989013672e+00,3.744243144989013672e+00,-4.716912726541928912e-04,-3.756547604846237398e+00,3.756547634460217555e+00
8.056713640689849854e-02,-3.451031225267797709e-04,-3.901755809783935547e+00,3.901755809783935547e+00,-3.594467636661646749e-04,-3.914747804511327534e+00,3.914747821013280671e+00
8.085905015468597412e-02,-2.287443930981680751e-04,-4.014779567718505859e+00,4.014779567718505859e+00,-2.469656522499052141e-04,-4.028218802619274008e+00,4.028218810189869714e+00
8.115095645189285278e-02,-1.098393186111934483e-04,-4.082062244415283203e+00,4.082062244415283203e+00,-1.200468555335272504e-04,-4.095658274245878694e+00,4.095658276005210041e+00
8.144287019968032837e-02,1.027835151035105810e-05,-4.102872371673583984e+00,4.102872371673583984e+00,-3.401969767453237924e-06,-4.116300403648511796e+00,4.116300403649917783e+00
8.173477649688720703e-02,1.302499003941193223e-04,-4.076988220214843750e+00,4.076988220214843750e+00,1.171799119948328810e-04,-4.089906943677434015e+00,4.089906945356093892e+00
8.202669024467468262e-02,2.487293677404522896e-04,-4.004709720611572266e+00,4.004709720611572266e+00,2.326425750772194868e-04,-4.016778565278744217e+00,4.016778572015805793e+00
8.231859654188156128e-02,3.643783275038003922e-04,-3.886856794357299805e+00,3.886856794357299805e+00,3.492854638962557875e-04,-3.897754565507169922e+00,3.897754581157248488e+00
8.261051028966903687e-02,4.759017610922455788e-04,-3.724742889404296875e+00,3.724742889404296875e+00,4.655822998465467097e-04,-3.734191479801927116e+00,3.734191508826533834e+00
8.290241658687591553e-02,5.820356891490519047e-04,-3.520192146301269531e+00,3.520192146301269531e+00,5.728019018866798741e-04,-3.527961880814185491e+00,3.527961927314407387e+00
8.319433033466339111e-02,6.815881934016942978e-04,-3.275481462478637695e+00,3.275481462478637695e+00,6.702335902950072154e-04,-3.281412903754838517e+00,3.281412972202955025e+00
8.348623663187026978e-02,7.734294631518423557e-04,-2.993359088897705078e+00,2.993359088897705078e+00,7.635072297935679292e-04,-2.997375810630478199e+00,2.997375907872752432e+00
8.377815037965774536e-02,8.565242751501500607e-04,-2.676963329315185547e+00,2.676963329315185547e+00,8.504383937985297197e-04,-2.679086515982886940e+00,2.679086650962746674e+00
8.407005667686462402e-02,9.299253579229116440e-04,-2.329848289489746094e+00,2.329848289489746094e+00,9.251008957095860265e-04,-2.330187677710494398e+00,2.330187861346268097e+00
8.436197042465209961e-02,9.922558674588799477e-04,-1.954819440841674805e+00,1.954819679260253906e+00,9.870983988997934604e-04,-1.954653313812694693e+00,1.954653563054639553e+00
8.465387672185897827e-02,1.042945426888763905e-03,-1.557129621505737305e+00,1.557129979133605957e+00,1.040043935672505014e-03,-1.556793832384118614e+00,1.556794179794046995e+00
8.494579046964645386e-02,1.081730355508625507e-03,-1.141998171806335449e+00,1.141998767852783203e+00,1.082268988813788173e-03,-1.141142380895853181e+00,1.141142894112223249e+00
8.523769676685333252e-02,1.108181197196245193e-03,-7.141324281692504883e-01,7.141332626342773438e-01,1.110620860020440593e-03,-7.124551518289233831e-01,7.124560174819698499e-01
8.552961051464080811e-02,1.122009474784135818e-03,-2.783359587192535400e-01,2.783382236957550049e-01,1.126031052952370564e-03,-2.756155666068783039e-01,2.756178668046808111e-01
8.582151681184768677e-02,1.123064546845853329e-03,1.604594290256500244e-01,1.604633480310440063e-01,1.129268460009718146e-03,1.643617303420235043e-01,1.643656096885197648e-01
8.611343055963516235e-02,1.111339312046766281e-03,5.973351597785949707e-01,5.973361730575561523e-01,1.119101001141298811e-03,6.024648101880965001e-01,6.024658495732599928e-01
8.640533685684204102e-02,1.086968812160193920e-03,1.027351140975952148e+00,1.027351617813110352e+00,1.095916139101591738e-03,1.033680037012115305e+00,1.033680617961637127e+00
8.669725060462951660e-02,1.050226972438395023e-03,1.445688366889953613e+00,1.445688724517822266e+00,1.062143104933067645e-03,1.453095147952973676e+00,1.453095536140845079e+00
8.698915690183639526e-02,1.001528464257717133e-03,1.847614526748657227e+00,1.847614765167236328e+00,1.014951439898392500e-03,1.855895217187397472e+00,1.855895494715551708e+00
8.728107064962387085e-02,9.414165979251265526e-04,2.228620529174804688e+00,2.228620529174804688e+00,9.518985043858166004e-04,2.237495802874133410e+00,2.237496005357356488e+00
8.757297694683074951e-02,8.705672807991504669e-04,2.584389686584472656e+00,2.584389686584472656e+00,8.815189641727167900e-04,2.593522996540391645e+00,2.593523146351220721e+00
8.786489069461822510e-02,7.897695177234709263e-04,2.910918951034545898e+00,2.910918951034545898e+00,8.066323989143701217e-04,2.919921008909974525e+00,2.919921120326655739e+00
8.815679699182510376e-02,6.999313482083380222e-04,3.204495429992675781e+00,3.204495429992675781e+00,7.176214423276633132e-04,3.212949334489296760e+00,3.212949414630698719e+00
8.844871073961257935e-02,6.020531291142106056e-04,3.461800575256347656e+00,3.461800575256347656e+00,6.137065258566730885e-04,3.469269510559581882e+00,3.469269564841281905e+00
8.874061703681945801e-02,4.970415611751377583e-04,3.678438663482666016e+00,3.678438663482666016e+00,5.090497009247306080e-04,3.685943292785898606e+00,3.685943327937225789e+00
8.903253078460693359e-02,3.861768927890807390e-04,3.851407051086425781e+00,3.851407051086425781e+00,4.058768575738325320e-04,3.860503367673032482e+00,3.860503389009112940e+00
8.932443708181381226e-02,2.710031403694301844e-04,3.980411529541015625e+00,3.980411529541015625e+00,2.909622534999757007e-04,3.990948533697371570e+00,3.990948544303751344e+00
8.961634337902069092e-02,1.528176071587949991e-04,4.064040184020996094e+00,4.064040184020996094e+00,1.727982578058567624e-04,4.075791440608239391e+00,4.075791444271238184e+00
8.990825712680816650e-02,-1.894516497850418091e-02,4.101381301879882812e+00,4.101424694061279297e+00,4.482328053871240581e-05,4.114063570499937761e+00,4.114063570744114884e+00
9.020016342401504517e-02,-7.856360077857971191e-02,4.108386516571044922e+00,4.109138011932373047e+00,-6.901145167795677549e-02,4.115809925507708300e+00,4.116388456325577039e+00
9.049207717180252075e-02,-1.693489700555801392e-01,4.105453014373779297e+00,4.108944416046142578e+00,-1.696371425600421423e-01,4.112892097659598178e+00,4.116388971796362206e+00
9.078398346900939941e-02,-2.696880102157592773e-01,4.100076675415039062e+00,4.108936786651611328e+00,-2.701456931225681424e-01,4.107514736516383103e+00,4.116388709319362071e+00
9.107589721679687500e-02,-3.698690235614776611e-01,4.092260360717773438e+00,4.108941555023193359e+00,-3.705083456692181976e-01,4.099680145321162428e+00,4.116388432613118376e+00
9.136780351400375366e-02,-4.698279500007629395e-01,4.082008838653564453e+00,4.108957767486572266e+00,-4.706494544938791824e-01,4.089394133711208745e+00,4.116388622305604983e+00
9.165971726179122925e-02,-5.695110559463500977e-01,4.069327831268310547e+00,4.108986854553222656e+00,-5.705090467617005556e-01,4.076662296043785716e+00,4.116388714446429731e+00
9.195162355899810791e-02,-6.688545346260070801e-01,4.054225921630859375e+00,4.109028339385986328e+00,-6.700119754354647572e-01,4.061494728628691320e+00,4.116388645148266079e+00
9.224353730678558350e-02,-7.678049206733703613e-01,4.036709785461425781e+00,4.109081268310546875e+00,-7.691297410185496952e-01,4.043896116452529554e+00,4.116388752192765565e+00
9.253544360399246216e-02,-8.662989735603332520e-01,4.016791820526123047e+00,4.109147548675537109e+00,-8.677874909744731635e-01,4.023878460011956371e+00,4.116388343006519790e+00
9.282735735177993774e-02,-9.642836451530456543e-01,3.994482040405273438e+00,4.109225273132324219e+00,-9.659109748713340382e-01,4.001458522113399141e+00,4.116388503964468981e+00
9.311926364898681641e-02,-1.061682939529418945e+00,3.969744920730590820e+00,4.109263420104980469e+00,-1.063472126938421303e+00,3.976642174430918608e+00,4.116388702277470557e+00
9.341117739677429199e-02,-1.158417105674743652e+00,3.942515850067138672e+00,4.109180450439453125e+00,-1.160397425298985263e+00,3.949447123879662680e+00,4.116388559035923933e+00
9.370308369398117065e-02,-1.254455685615539551e+00,3.912942647933959961e+00,4.109109401702880859e+00,-1.256628485259577488e+00,3.919890392394880241e+00,4.116388688930562090e+00
9.399499744176864624e-02,-1.349746823310852051e+00,3.881040811538696289e+00,4.109050273895263672e+00,-1.352093218466299041e+00,3.887994199252254646e+00,4.116388582828609977e+00
9.428690373897552490e-02,-1.444229841232299805e+00,3.846831560134887695e+00,4.109004020690917969e+00,-1.446764446254926950e+00,3.853768220404842904e+00,4.116388812970615874e+00
9.457881748676300049e-02,-1.537853717803955078e+00,3.810333013534545898e+00,4.108969688415527344e+00,-1.540570113029336774e+00,3.817237059968462631e+00,4.116388592584026007e+00
9.487072378396987915e-02,-1.630558848381042480e+00,3.771568298339843750e+00,4.108947753906250000e+00,-1.633440245995737561e+00,3.778429348443055336e+00,4.116388633063504443e+00
9.516263753175735474e-02,-1.722295165061950684e+00,3.730558872222900391e+00,4.108937740325927734e+00,-1.725347921352807345e+00,3.737355950925965953e+00,4.116388581467763430e+00
9.545454382896423340e-02,-1.813004136085510254e+00,3.687330245971679688e+00,4.108940124511718750e+00,-1.816223669481002334e+00,3.694047399237686768e+00,4.116388539168497118e+00
9.574645757675170898e-02,-1.902637004852294922e+00,3.641906261444091797e+00,4.108954906463623047e+00,-1.906013224773647652e+00,3.648529722836706402e+00,4.116388654079560894e+00
9.603836387395858765e-02,-1.991136193275451660e+00,3.594315767288208008e+00,4.108981609344482422e+00,-1.994649319655539044e+00,3.600837478289749871e+00,4.116388763644462934e+00
9.633027762174606323e-02,-2.078454256057739258e+00,3.544584274291992188e+00,4.109020709991455078e+00,-2.082106262054752577e+00,3.550984376123436981e+00,4.116388772450966016e+00
9.662218391895294189e-02,-2.164535522460937500e+00,3.492743492126464844e+00,4.109071731567382812e+00,-2.168318012849705489e+00,3.499007579849752858e+00,4.116388835945229197e+00
9.691409766674041748e-02,-2.249333143234252930e+00,3.438821554183959961e+00,4.109135150909423828e+00,-2.253232518305393839e+00,3.444937859125458246e+00,4.116388421272312748e+00
9.720600396394729614e-02,-2.332793474197387695e+00,3.382852554321289062e+00,4.109210968017578125e+00,-2.336786905107961054e+00,3.388817104557702020e+00,4.116388515194707942e+00
9.749791771173477173e-02,-2.414860010147094727e+00,3.324851274490356445e+00,4.109280109405517578e+00,-2.418957057537791222e+00,3.330660913252656563e+00,4.116388631468232973e+00
9.778982400894165039e-02,-2.495387077331542969e+00,3.264739990234375000e+00,4.109195232391357422e+00,-2.499680360419705760e+00,3.270512603445773436e+00,4.116388537731300978e+00
9.808173775672912598e-02,-2.574429750442504883e+00,3.202685356140136719e+00,4.109121799468994141e+00,-2.578908654381578902e+00,3.208408615997698554e+00,4.116388671499870533e+00
9.837364405393600464e-02,-2.651936054229736328e+00,3.138728857040405273e+00,4.109061241149902344e+00,-2.656582473677071121e+00,3.144395803818976098e+00,4.116388636963542957e+00
9.866555780172348022e-02,-2.727863788604736328e+00,3.072904586791992188e+00,4.109012603759765625e+00,-2.732679888252018241e+00,3.078492596341944942e+00,4.116388713106335473e+00
9.895746409893035889e-02,-2.802164554595947266e+00,3.005254745483398438e+00,4.108975410461425781e+00,-2.807142892746159468e+00,3.010747973178607761e+00,4.116388535876366106e+00
9.924937784671783447e-02,-2.874798774719238281e+00,2.935816049575805664e+00,4.108951568603515625e+00,-2.879915912500254027e+00,2.941214219959381371e+00,4.116388799756825811e+00
9.954128414392471313e-02,-2.945719718933105469e+00,2.864632606506347656e+00,4.108939170837402344e+00,-2.950977977947748077e+00,2.869910229981520011e+00,4.116388678743197360e+00
9.983319789171218872e-02,-3.014889240264892578e+00,2.791743040084838867e+00,4.108939647674560547e+00,-3.020275206747938146e+00,2.796889935333092492e+00,4.116388664213311621e+00
1.001251041889190674e-01,-3.082262992858886719e+00,2.717193841934204102e+00,4.108952045440673828e+00,-3.087765741662152674e+00,2.722197084708945169e+00,4.116388495195795194e+00
1.004170104861259460e-01,-3.147803544998168945e+00,2.641026973724365234e+00,4.108976840972900391e+00,-3.153399790611472131e+00,2.645888177833077837e+00,4.116388525033238821e+00
1.007089242339134216e-01,-3.211473703384399414e+00,2.563285350799560547e+00,4.109014034271240234e+00,-3.217158572970571395e+00,2.567985178812921543e+00,4.116388849737215416e+00
1.010008305311203003e-01,-3.273232221603393555e+00,2.484018564224243164e+00,4.109063148498535156e+00,-3.278992793283221907e+00,2.488546011725001783e+00,4.116388585990846671e+00
1.012927442789077759e-01,-3.333046674728393555e+00,2.403269290924072266e+00,4.109124660491943359e+00,-3.338866138407059037e+00,2.407618642633525763e+00,4.116388540766987347e+00
1.015846505761146545e-01,-3.390877962112426758e+00,2.321089029312133789e+00,4.109198093414306641e+00,-3.396733654734761298e+00,2.325264513911224906e+00,4.116388536188313907e+00
1.018765643239021301e-01,-3.446695089340209961e+00,2.237521886825561523e+00,4.109283447265625000e+00,-3.452579201344039284e+00,2.241506746052046140e+00,4.116388664126636954e+00
1.021684706211090088e-01,-3.500316381454467773e+00,2.152532100677490234e+00,4.109210014343261719e+00,-3.506359520221886683e+00,2.156408666370387195e+00,4.116388638290604085e+00
1.024603843688964844e-01,-3.551841974258422852e+00,2.066254854202270508e+00,4.109135150909423828e+00,-3.558034943718608289e+00,2.070034506980035882e+00,4.116388650359773749e+00
1.027522906661033630e-01,-3.601250648498535156e+00,1.978753447532653809e+00,4.109071731567382812e+00,-3.607590778194884162e+00,1.982408561140341474e+00,4.116388578134879239e+00
1.030442044138908386e-01,-3.648516178131103516e+00,1.890074849128723145e+00,4.109021186828613281e+00,-3.654989056509001522e+00,1.893597303632778006e+00,4.116388678383746225e+00
1.033361107110977173e-01,-3.693608283996582031e+00,1.800275921821594238e+00,4.108982086181640625e+00,-3.700201401006591340e+00,1.803653362101163671e+00,4.116388691393218835e+00
1.036280244588851929e-01,-3.736502885818481445e+00,1.709404945373535156e+00,4.108955860137939453e+00,-3.743194165102293969e+00,1.712645179477091384e+00,4.116388716878178755e+00
1.039199307560920715e-01,-3.777172327041625977e+00,1.617519974708557129e+00,4.108942031860351562e+00,-3.783955061289478117e+00,1.620598566408222974e+00,4.116388662323158698e+00
1.042118445038795471e-01,-3.815594911575317383e+00,1.524670600891113281e+00,4.108939647674560547e+00,-3.822452837650250679e+00,1.527582648520416697e+00,4.116388519578916494e+00
1.045037508010864258e-01,-3.851746320724487305e+00,1.430916070938110352e+00,4.108950138092041016e+00,-3.858664644247661535e+00,1.433653078406782688e+00,4.116388463931966335e+00
1.047956645488739014e-01,-3.885606527328491211e+00,1.336306810379028320e+00,4.108972549438476562e+00,-3.892563789842072186e+00,1.338881065809528037e+00,4.116388631600876202e+00
1.050875708460807800e-01,-3.917154312133789062e+00,1.240903258323669434e+00,4.109007358551025391e+00,-3.924140149661861976e+00,1.243293584314383748e+00,4.116388568998987196e+00
1.053794845938682556e-01,-3.946372270584106445e+00,1.144757509231567383e+00,4.109053611755371094e+00,-3.953369663980983884e+00,1.146962403840037448e+00,4.116388521010575730e+00
1.056713908910751343e-01,-3.973241806030273438e+00,1.047931790351867676e+00,4.109113216400146484e+00,-3.980230916052204915e+00,1.049960689175704953e+00,4.116388659239078152e+00
1.059633046388626099e-01,-3.997749090194702148e+00,9.504745602607727051e-01,4.109184741973876953e+00,-4.004715932373692056e+00,9.523157421511398990e-01,4.116388583668524781e+00
1.062552109360694885e-01,-4.019876956939697266e+00,8.524503707885742188e-01,4.109267711639404297e+00,-4.026806166195817660e+00,8.541012844562616557e-01,4.116388818396835347e+00
1.065471246838569641e-01,-4.039478302001953125e+00,7.538865208625793457e-01,4.109225273132324219e+00,-4.046487873378199929e+00,7.553760041178128049e-01,4.116388832094681760e+00
1.068390309810638428e-01,-4.056628704071044922e+00,6.548711657524108887e-01,4.109147071838378906e+00,-4.063746812986565260e+00,6.562145177977709576e-01,4.116388666468099977e+00
1.071309447288513184e-01,-4.071364879608154297e+00,5.554672479629516602e-01,4.109082221984863281e+00,-4.078578126552252492e+00,5.566451579188430587e-01,4.116388388651509800e+00
1.074228510260581970e-01,-4.083677768707275391e+00,4.557383060455322266e-01,4.109028816223144531e+00,-4.090970916011901437e+00,4.567427933871373580e-01,4.116388831848412977e+00
1.077147647738456726e-01,-4.093560695648193359e+00,3.557381331920623779e-01,4.108988285064697266e+00,-4.100916462587244737e+00,3.565672954791399007e-01,4.116388716985361462e+00
1.080066710710525513e-01,-4.101006507873535156e+00,2.555306255817413330e-01,4.108959674835205078e+00,-4.108408171163966394e+00,2.561942193995058736e-01,4.116388365902878377e+00
1.082985848188400269e-01,-4.106012344360351562e+00,1.551696807146072388e-01,4.108943462371826172e+00,-4.113444527986945154e+00,1.556522839623310783e-01,4.116388407126862603e+00
1.085904911160469055e-01,-4.108574867248535156e+00,5.471950396895408630e-02,4.108939170837402344e+00,-4.116020849396853976e+00,5.501727900794023407e-02,4.116388530454703876e+00
1.088824048638343811e-01,-4.108692169189453125e+00,-4.576590284705162048e-02,4.108946800231933594e+00,-4.116135576177459399e+00,-4.565065541870499954e-02,4.116388716316025764e+00
1.091743111610412598e-01,-4.106364727020263672e+00,-1.462222635746002197e-01,4.108967304229736328e+00,-4.113788797241602957e+00,-1.462755844561623442e-01,4.116388564618080892e+00
1.094662249088287354e-01,-4.101593971252441406e+00,-2.465955466032028198e-01,4.109000205993652344e+00,-4.108981861742781128e+00,-2.468287484839432888e-01,4.116388753654023347e+00
1.097581312060356140e-01,-4.094382286071777344e+00,-3.468215465545654297e-01,4.109045028686523438e+00,-4.101717243382786648e+00,-3.472342491246935836e-01,4.116388704730018055e+00
1.100500449538230896e-01,-4.084733009338378906e+00,-4.468463361263275146e-01,4.109101295471191406e+00,-4.092001228152709835e+00,-4.474164919396075857e-01,4.116388656147865532e+00
1.103419512510299683e-01,-4.072653770446777344e+00,-5.466060042381286621e-01,4.109170913696289062e+00,-4.079836595009670219e+00,-5.473468170785854570e-01,4.116388608980711794e+00
1.106338649988174438e-01,-4.058149337768554688e+00,-6.460467576980590820e-01,4.109251976013183594e+00,-4.065232013044633774e+00,-6.469497895552288602e-01,4.116388629622873552e+00
1.109257712960243225e-01,-4.041126251220703125e+00,-7.450858950614929199e-01,4.109240055084228516e+00,-4.048196410886861329e+00,-7.461658103110915263e-01,4.116388902617739376e+00
1.112176850438117981e-01,-4.021619796752929688e+00,-8.436671495437622070e-01,4.109160423278808594e+00,-4.028742262725257817e+00,-8.449202718452600847e-01,4.116388524573901364e+00
1.115095913410186768e-01,-3.999721288681030273e+00,-9.417401552200317383e-01,4.109093189239501953e+00,-4.006876636748674336e+00,-9.431848266608943154e-01,4.116388951419157394e+00
1.118014976382255554e-01,-3.975443363189697266e+00,-1.039249539375305176e+00,4.109037399291992188e+00,-3.982613910104457755e+00,-1.040885251189321403e+00,4.116388667643153809e+00
1.120934113860130310e-01,-3.948799610137939453e+00,-1.136140584945678711e+00,4.108994483947753906e+00,-3.955973935244934570e+00,-1.137948112656791633e+00,4.116388670113215298e+00
1.123853176832199097e-01,-3.919807672500610352e+00,-1.232351183891296387e+00,4.108963489532470703e+00,-3.926964012291412232e+00,-1.234345543810270396e+00,4.116388620545458288e+00
1.126772314310073853e-01,-3.888482570648193359e+00,-1.327829718589782715e+00,4.108944892883300781e+00,-3.895605415591909981e+00,-1.330004787361710017e+00,4.116388500663425987e+00
1.129691377282142639e-01,-3.854844570159912109e+00,-1.422515034675598145e+00,4.108938217163085938e+00,-3.861917297877853983e+00,-1.424868620898725347e+00,4.116388684571711032e+00
1.132610514760017395e-01,-3.818912267684936523e+00,-1.516355156898498535e+00,4.108944416046142578e+00,-3.825924968889772071e+00,-1.518865714104565390e+00,4.116388577996078268e+00
1.135529577732086182e-01,-3.780708312988281250e+00,-1.609290719032287598e+00,4.108962535858154297e+00,-3.787639293725009182e+00,-1.611969143177908403e+00,4.116388701025136321e+00
1.138448715209960938e-01,-3.740252494812011719e+00,-1.701273679733276367e+00,4.108992576599121094e+00,-3.747088193983019622e+00,-1.704108448529603415e+00,4.116388652427866113e+00
1.141367778182029724e-01,-3.697571277618408203e+00,-1.792243599891662598e+00,4.109035015106201172e+00,-3.704296279683432669e+00,-1.795228510204263106e+00,4.116388748833951006e+00
1.144286915659904480e-01,-3.652687311172485352e+00,-1.882151722908020020e+00,4.109089851379394531e+00,-3.659295974139960883e+00,-1.885261077208631342e+00,4.116388751757392050e+00
1.147205978631973267e-01,-3.605629444122314453e+00,-1.970940232276916504e+00,4.109156608581542969e+00,-3.612100275702961216e+00,-1.974180209159438482e+00,4.116388696414638559e+00
1.150125116109848022e-01,-3.556423187255859375e+00,-2.058561563491821289e+00,4.109236240386962891e+00,-3.562744217907185540e+00,-2.061918645033034903e+00,4.116388570211266362e+00
1.153044179081916809e-01,-3.505037069320678711e+00,-2.144921541213989258e+00,4.109254360198974609e+00,-3.511265676440883166e+00,-2.148410594019183772e+00,4.116388554430414182e+00
1.155963316559791565e-01,-3.451468944549560547e+00,-2.229946851730346680e+00,4.109172821044921875e+00,-3.457679544423408302e+00,-2.233631095876888573e+00,4.116388672658628067e+00
1.158882379531860352e-01,-3.395850419998168945e+00,-2.313639640808105469e+00,4.109103202819824219e+00,-3.402025105516648384e+00,-2.317516048838672127e+00,4.116388642389148700e+00
1.161801517009735107e-01,-3.338211297988891602e+00,-2.395955085754394531e+00,4.109045505523681641e+00,-3.344336213290651116e+00,-2.400014634174707506e+00,4.116388581242058642e+00
1.164720579981803894e-01,-3.278588771820068359e+00,-2.476840257644653320e+00,4.109000205993652344e+00,-3.284656649845785648e+00,-2.481065197197424688e+00,4.116388443784240181e+00
1.167639717459678650e-01,-3.217015027999877930e+00,-2.556252241134643555e+00,4.108967304229736328e+00,-3.223003423537641243e+00,-2.560645072745954653e+00,4.116388496815320153e+00
1.170558780431747437e-01,-3.153529405593872070e+00,-2.634139776229858398e+00,4.108946323394775391e+00,-3.159422926687625477e+00,-2.638693596102334560e+00,4.116388845066858870e+00
1.173477917909622192e-01,-3.088165998458862305e+00,-2.710461378097534180e+00,4.108937740325927734e+00,-3.093952544265102578e+00,-2.715163336449589515e+00,4.116388500829891939e+00
1.176396980881690979e-01,-3.020966529846191406e+00,-2.785167694091796875e+00,4.108941078186035156e+00,-3.026642418820145952e+00,-2.789998451162467585e+00,4.116388670775688041e+00
1.179316118359565735e-01,-2.951967477798461914e+00,-2.858219385147094727e+00,4.108957290649414062e+00,-2.957511943548479572e+00,-2.863176307837874912e+00,4.116388643701664130e+00
1.182235181331634521e-01,-2.881212711334228516e+00,-2.929569005966186523e+00,4.108985900878906250e+00,-2.886612682076924230e+00,-2.934641798957265735e+00,4.116388619228567691e+00
1.185154318809509277e-01,-2.808740377426147461e+00,-2.999177932739257812e+00,4.109025478363037109e+00,-2.813986958747801914e+00,-3.004352570659276633e+00,4.116388826730257300e+00
1.188073381781578064e-01,-2.734596729278564453e+00,-3.067002534866333008e+00,4.109078407287597656e+00,-2.739689888241914950e+00,-3.072255472434132884e+00,4.116388510774521059e+00
1.190992519259452820e-01,-2.658821582794189453e+00,-3.133005619049072266e+00,4.109142780303955078e+00,-2.663742954422890996e+00,-3.138331955588968381e+00,4.116388464504834310e+00
1.193911582231521606e-01,-2.581463336944580078e+00,-3.197145223617553711e+00,4.109220027923583984e+00,-2.586203143810089422e+00,-3.202531519144375949e+00,4.116388566713105490e+00
1.196830719709396362e-01,-2.502539157867431641e+00,-3.259354591369628906e+00,4.109269142150878906e+00,-2.507116302317814682e+00,-3.264815912603886261e+00,4.116388598825347245e+00
1.199749782681465149e-01,-2.422039747238159180e+00,-3.319506883621215820e+00,4.109185218811035156e+00,-2.426542706104952707e+00,-3.325138258109181066e+00,4.116388458356731839e+00
1.202668920159339905e-01,-2.340100526809692383e+00,-3.377683162689208984e+00,4.109113693237304688e+00,-2.344505723976795242e+00,-3.383481702561708548e+00,4.116388650422823758e+00
1.205587983131408691e-01,-2.256773471832275391e+00,-3.433845758438110352e+00,4.109054088592529297e+00,-2.261066318062270764e+00,-3.439801524286606238e+00,4.116388638255641830e+00
1.208507120609283447e-01,-2.172103643417358398e+00,-3.487964868545532227e+00,4.109006404876708984e+00,-2.176287796021110665e+00,-3.494055896174946163e+00,4.116388608562768781e+00
1.211426183581352234e-01,-2.086146831512451172e+00,-3.540004968643188477e+00,4.108971118927001953e+00,-2.090194944459578874e+00,-3.546228938718896995e+00,4.116388537498827382e+00
1.214345321059226990e-01,-1.998946905136108398e+00,-3.589939594268798828e+00,4.108948230743408203e+00,-2.002851992215686217e+00,-3.596281222752776952e+00,4.116388555013551276e+00
1.217264384031295776e-01,-1.910559892654418945e+00,-3.637736558914184570e+00,4.108937263488769531e+00,-1.914324927275547594e+00,-3.644175490035359566e+00,4.116388578519159402e+00
1.220183521509170532e-01,-1.821033954620361328e+00,-3.683369874954223633e+00,4.108939170837402344e+00,-1.824639344733253621e+00,-3.689897780396140359e+00,4.116388510347506191e+00
1.223102584481239319e-01,-1.730426073074340820e+00,-3.726810693740844727e+00,4.108952522277832031e+00,-1.733862388961432854e+00,-3.733413475296928130e+00,4.116388582408581520e+00
1.226021721959114075e-01,-1.638785362243652344e+00,-3.768034934997558594e+00,4.108978271484375000e+00,-1.642048569269791480e+00,-3.774696131161684232e+00,4.116388512573607272e+00
1.228940784931182861e-01,-1.546170115470886230e+00,-3.807016849517822266e+00,4.109016895294189453e+00,-1.549267236665090808e+00,-3.813715453284346246e+00,4.116388529915964156e+00
1.231859847903251648e-01,-1.452632665634155273e+00,-3.843734264373779297e+00,4.109067440032958984e+00,-1.455545020110152521e+00,-3.850460358043572118e+00,4.116388741898959758e+00
1.234778985381126404e-01,-1.358225703239440918e+00,-3.878165960311889648e+00,4.109129905700683594e+00,-1.360952201617349644e+00,-3.884902233224505341e+00,4.116388739757198323e+00
1.237698048353195190e-01,-1.263009548187255859e+00,-3.910290479660034180e+00,4.109204769134521484e+00,-1.265545354958070634e+00,-3.917020626833441543e+00,4.116388664411391396e+00
1.240617185831069946e-01,-1.167033195495605469e+00,-3.940083265304565430e+00,4.109284877777099609e+00,-1.169396720467475559e+00,-3.946791962663916742e+00,4.116388646178660515e+00
1.243536248803138733e-01,-1.070314407348632812e+00,-3.967359304428100586e+00,4.109198570251464844e+00,-1.072533848286663982e+00,-3.974207555037834183e+00,4.116388531982908106e+00
1.246455386281013489e-01,-9.729601740837097168e-01,-3.992274522781372070e+00,4.109124660491943359e+00,-9.750295389272763957e-01,-3.999246459262321363e+00,4.116388568114403235e+00
1.249374449253082275e-01,-8.750329017639160156e-01,-4.014811992645263672e+00,4.109062671661376953e+00,-8.769573948372250127e-01,-4.021890126949863919e+00,4.116388522189868837e+00
1.252293586730957031e-01,-7.765871286392211914e-01,-4.034959793090820312e+00,4.109013080596923828e+00,-7.783455328856458966e-01,-4.042132026967929725e+00,4.116388355342933458e+00
1.255212724208831787e-01,-6.776786446571350098e-01,-4.052707195281982422e+00,4.108975887298583984e+00,-6.792681654906027600e-01,-4.059956958713581088e+00,4.116388677865076673e+00
1.258131712675094604e-01,-5.783752202987670898e-01,-4.068041324615478516e+00,4.108951091766357422e+00,-5.797844877858714385e-01,-4.075353331773056809e+00,4.116388566580040376e+00
1.261050850152969360e-01,-4.787224531173706055e-01,-4.080955505371093750e+00,4.108938217163085938e+00,-4.799697794730289901e-01,-4.088310730783629943e+00,4.116388662486569316e+00
1.263969987630844116e-01,-3.787855505943298340e-01,-4.091440677642822266e+00,4.108937263488769531e+00,-3.798523300611705289e-01,-4.098825250803225906e+00,4.116388736413876259e+00
1.266889125108718872e-01,-2.786233127117156982e-01,-4.099491596221923828e+00,4.108948707580566406e+00,-2.795077805821749029e-01,-4.106888389664364425e+00,4.116388811150609506e+00
1.269808113574981689e-01,-1.782984286546707153e-01,-4.105102539062500000e+00,4.108973026275634766e+00,-1.789960393315922493e-01,-4.112495245561412105e+00,4.116388796853573950e+00
1.272727251052856445e-01,-7.786243408918380737e-02,-4.108271598815917969e+00,4.109009265899658203e+00,-7.839296502551704182e-02,-4.115642089897146860e+00,4.116388619785363190e+00
1.275646388530731201e-01,2.262443676590919495e-02,-4.108994960784912109e+00,4.109056949615478516e+00,2.227268073037462146e-02,-4.116328363620257669e+00,4.116388619828252438e+00
1.278565526008605957e-01,1.230976805090904236e-01,-4.107273578643798828e+00,4.109117984771728516e+00,1.229250086304476686e-01,-4.114552723843789117e+00,4.116388547627294336e+00
1.281484514474868774e-01,2.234997153282165527e-01,-4.103107929229736328e+00,4.109190940856933594e+00,2.234881528720762955e-01,-4.110317166764075658e+00,4.116388485780907658e+00
1.284403651952743530e-01,3.237736523151397705e-01,-4.096500873565673828e+00,4.109275817871093750e+00,3.239333333400520876e-01,-4.103623041816122807e+00,4.116388571766884219e+00
1.287322789430618286e-01,4.238476753234863281e-01,-4.087296009063720703e+00,4.109213352203369141e+00,4.241847356210880493e-01,-4.094474729780482214e+00,4.116388708898236715e+00
1.290241926908493042e-01,5.236586928367614746e-01,-4.075633525848388672e+00,4.109137058258056641e+00,5.241825144760364763e-01,-4.082877346203766855e+00,4.116388554622405493e+00
1.293160915374755859e-01,6.231532096862792969e-01,-4.061546802520751953e+00,4.109073162078857422e+00,6.238511884006059383e-01,-4.068840514931940433e+00,4.116388397760889717e+00
1.296080052852630615e-01,7.222757935523986816e-01,-4.045043468475341797e+00,4.109021663665771484e+00,7.231623705886259801e-01,-4.052368442345692046e+00,4.116388442160750394e+00
1.298999190330505371e-01,8.209687471389770508e-01,-4.026133060455322266e+00,4.108982563018798828e+00,8.220411488826110391e-01,-4.033473129760622555e+00,4.116388846909046606e+00
1.301918327808380127e-01,9.191696047782897949e-01,-4.004827022552490234e+00,4.108955383300781250e+00,9.204281525522919338e-01,-4.012164933843767045e+00,4.116388640589756953e+00
1.304837316274642944e-01,1.016818523406982422e+00,-3.981138944625854492e+00,4.108940124511718750e+00,1.018249555064346445e+00,-3.988461088636968022e+00,4.116388467086157021e+00
1.307756453752517700e-01,1.113866448402404785e+00,-3.955081224441528320e+00,4.108937263488769531e+00,1.115477307026951026e+00,-3.962368658234355578e+00,4.116388587858296866e+00
1.310675591230392456e-01,1.210251450538635254e+00,-3.926669597625732422e+00,4.108946323394775391e+00,1.212037780424459088e+00,-3.933906305125019820e+00,4.116388514059215353e+00
1.313594728708267212e-01,1.305917978286743164e+00,-3.895920753479003906e+00,4.108968257904052734e+00,1.307873488154251307e+00,-3.903091277444056928e+00,4.116388536214317106e+00
1.316513717174530029e-01,1.400802373886108398e+00,-3.862855434417724609e+00,4.109002113342285156e+00,1.402912126308856866e+00,-3.869947467131023888e+00,4.116388688219111636e+00
1.319432854652404785e-01,1.494862198829650879e+00,-3.827488183975219727e+00,4.109048366546630859e+00,1.497126748156511811e+00,-3.834484069895170766e+00,4.116388779297397882e+00
1.322351992130279541e-01,1.588032245635986328e+00,-3.789843320846557617e+00,4.109107017517089844e+00,1.590445913965790714e+00,-3.796727112566954165e+00,4.116388583765079545e+00
1.325271129608154297e-01,1.680263638496398926e+00,-3.749940395355224609e+00,4.109177112579345703e+00,1.682814007158614178e+00,-3.756699780813477219e+00,4.116388735998248727e+00
1.328190118074417114e-01,1.771490216255187988e+00,-3.707808732986450195e+00,4.109260559082031250e+00,1.774161313079869462e+00,-3.714432132762982786e+00,4.116388518316929535e+00
1.331109255552291870e-01,1.861613869667053223e+00,-3.663352966308593750e+00,4.109228610992431641e+00,1.864462007312515768e+00,-3.669936926643925457e+00,4.116388662681948141e+00
1.334028393030166626e-01,1.950604319572448730e+00,-3.616664409637451172e+00,4.109150409698486328e+00,1.953647603655061404e+00,-3.623246827529809977e+00,4.116388773241905774e+00
1.336947530508041382e-01,2.038427352905273438e+00,-3.567826986312866211e+00,4.109084129333496094e+00,2.041664694125321589e+00,-3.574389522801996399e+00,4.116388609443297320e+00
1.339866518974304199e-01,2.125033140182495117e+00,-3.516868829727172852e+00,4.109030246734619141e+00,2.128447365395274016e+00,-3.523402651302610877e+00,4.116388517920089640e+00
1.342785656452178955e-01,2.210374593734741211e+00,-3.463818073272705078e+00,4.108989238739013672e+00,2.213970773190152563e+00,-3.470300866029103926e+00,4.116388548874189368e+00
1.345704793930053711e-01,2.294400215148925781e+00,-3.408706188201904297e+00,4.108959674835205078e+00,2.298170222808223251e+00,-3.415123697316821083e+00,4.116388737835302791e+00
1.348623782396316528e-01,2.377054452896118164e+00,-3.351569890975952148e+00,4.108942508697509766e+00,2.380981883723797043e+00,-3.357912810392006620e+00,4.116388365158912599e+00
1.351542919874191284e-01,2.458298444747924805e+00,-3.292436361312866211e+00,4.108937740325927734e+00,2.462382855567768480e+00,-3.298685455370041542e+00,4.116388594492013553e+00
1.354462057352066040e-01,2.538079738616943359e+00,-3.231343507766723633e+00,4.108945369720458984e+00,2.542311477101013129e+00,-3.237484937383266814e+00,4.116388753067798945e+00
1.357381194829940796e-01,2.616350412368774414e+00,-3.168327808380126953e+00,4.108964443206787109e+00,2.620719353743169222e+00,-3.174347939052117429e+00,4.116388559070734310e+00
1.360300183296203613e-01,2.693062543869018555e+00,-3.103428125381469727e+00,4.108996391296386719e+00,2.697547999890171244e+00,-3.109323208056138821e+00,4.116388711463967454e+00
1.363219320774078369e-01,2.768175840377807617e+00,-3.036678314208984375e+00,4.109040260314941406e+00,2.772775478936300608e+00,-3.042428696859640347e+00,4.116388736752820243e+00
1.366138458251953125e-01,2.841645717620849609e+00,-2.968118190765380859e+00,4.109097003936767578e+00,2.846344517352223935e+00,-2.973714567667360864e+00,4.116388640716294844e+00
1.369057595729827881e-01,2.913424491882324219e+00,-2.897791624069213867e+00,4.109165191650390625e+00,2.918200255930742060e+00,-2.903233096282384018e+00,4.116388604719389832e+00
1.371976584196090698e-01,2.983471632003784180e+00,-2.825738668441772461e+00,4.109245777130126953e+00,2.988321979968200814e+00,-2.831004365146254198e+00,4.116388462164159989e+00
1.374895721673965454e-01,3.051677227020263672e+00,-2.751937627792358398e+00,4.109244823455810547e+00,3.056656529127493194e+00,-2.757082773487734784e+00,4.116388533280179729e+00
1.377814859151840210e-01,3.118000030517578125e+00,-2.676435947418212891e+00,4.109164714813232422e+00,3.123163003381780101e+00,-2.681512295382574962e+00,4.116388627909253195e+00
1.380733996629714966e-01,3.182462215423583984e+00,-2.599347352981567383e+00,4.109096527099609375e+00,3.187791855687709397e+00,-2.604349904247023950e+00,4.116388628268761174e+00
1.383652985095977783e-01,3.245027542114257812e+00,-2.520715951919555664e+00,4.109040737152099609e+00,3.250524550455524242e+00,-2.525618037880763556e+00,4.116388748209134363e+00
1.386572122573852539e-01,3.305661678314208984e+00,-2.440584659576416016e+00,4.108996868133544922e+00,3.311312762543938693e+00,-2.445375799677276252e+00,4.116388588682274197e+00
1.389491260051727295e-01,3.364328861236572266e+00,-2.359000921249389648e+00,4.108964920043945312e+00,3.370120894262628397e+00,-2.363671145873435187e+00,4.116388724085734196e+00
1.392410397529602051e-01,3.420992136001586914e+00,-2.276015520095825195e+00,4.108945369720458984e+00,3.426904472248076150e+00,-2.280565750774431688e+00,4.116388514890111594e+00
1.395329385995864868e-01,3.475617170333862305e+00,-2.191680192947387695e+00,4.108938694000244141e+00,3.481647845649130435e+00,-2.196083682258711089e+00,4.116388618752632844e+00
1.398248523473739624e-01,3.528176546096801758e+00,-2.106036424636840820e+00,4.108943939208984375e+00,3.534308948872851630e+00,-2.110288251261783099e+00,4.116388738870059072e+00
1.401167660951614380e-01,3.578636169433593750e+00,-2.019139528274536133e+00,4.108961105346679688e+00,3.584848362580890679e+00,-2.023244402073699710e+00,4.116388671301757896e+00
1.404086798429489136e-01,3.626967906951904297e+00,-1.931038498878479004e+00,4.108990669250488281e+00,3.633251878291399173e+00,-1.934977017612287797e+00,4.116388619870058108e+00
1.407005786895751953e-01,3.673138141632080078e+00,-1.841794371604919434e+00,4.109033107757568359e+00,3.679482718006954034e+00,-1.845552317796120834e+00,4.116388760774967182e+00
1.409924924373626709e-01,3.717126131057739258e+00,-1.751446843147277832e+00,4.109086513519287109e+00,3.723512517176296388e+00,-1.755023884205070495e+00,4.116388502036561370e+00
1.412844061851501465e-01,3.758905172348022461e+00,-1.660050868988037109e+00,4.109152793884277344e+00,3.765309538724063376e+00,-1.663460252806516992e+00,4.116388700678489165e+00
1.415763199329376221e-01,3.798447370529174805e+00,-1.567667245864868164e+00,4.109231472015380859e+00,3.804861019813485346e+00,-1.570887360041683056e+00,4.116388523698272017e+00
1.418682187795639038e-01,3.835673570632934570e+00,-1.474325299263000488e+00,4.109261035919189453e+00,3.842137150895970965e+00,-1.477375146575809373e+00,4.116388612608740338e+00
1.421601325273513794e-01,3.870500802993774414e+00,-1.380062341690063477e+00,4.109178543090820312e+00,3.877115322156474253e+00,-1.382979380968235583e+00,4.116388610114912971e+00
1.424520462751388550e-01,3.903024673461914062e+00,-1.284978032112121582e+00,4.109108448028564453e+00,3.909769797929298463e+00,-1.287771379100064895e+00,4.116388586811186023e+00
1.427439600229263306e-01,3.933223724365234375e+00,-1.189135432243347168e+00,4.109050273895263672e+00,3.940091412292542561e+00,-1.191778459179938521e+00,4.116388736864723619e+00
1.430358588695526123e-01,3.961080789566040039e+00,-1.092590093612670898e+00,4.109004020690917969e+00,3.968056347279951712e+00,-1.095072626334780530e+00,4.116388615295750952e+00
1.433277726173400879e-01,3.986581087112426758e+00,-9.953937530517578125e-01,4.108970642089843750e+00,3.993644381840137925e+00,-9.977272674589321433e-01,4.116388605177403015e+00
1.436196863651275635e-01,4.009708881378173828e+00,-8.976050019264221191e-01,4.108948707580566406e+00,4.016848022715071131e+00,-8.997699163146055668e-01,4.116388458332712830e+00
1.439116001129150391e-01,4.030449867248535156e+00,-7.992836833000183105e-01,4.108939170837402344e+00,4.037649680366958371e+00,-8.012745199726234446e-01,4.116388683995324094e+00
1.442034989595413208e-01,4.048792362213134766e+00,-7.004917860031127930e-01,4.108942508697509766e+00,4.056033439559763920e+00,-7.023153602993854605e-01,4.116388481197986948e+00
1.444954127073287964e-01,4.064726352691650391e+00,-6.012770533561706543e-01,4.108957767486572266e+00,4.071994919611800157e+00,-6.029208227870466175e-01,4.116388726043074264e+00
1.447873264551162720e-01,4.078240871429443359e+00,-5.017045140266418457e-01,4.108984947204589844e+00,4.085520834343792096e+00,-5.031655706154776198e-01,4.116388718198270347e+00
1.450792253017425537e-01,4.089328765869140625e+00,-4.018349945545196533e-01,4.109024047851562500e+00,4.096602942354972576e+00,-4.031094983201107262e-01,4.116388336266066261e+00
1.453711390495300293e-01,4.097983837127685547e+00,-3.017213642597198486e-01,4.109076023101806641e+00,4.105235862414845727e+00,-3.028123418850409698e-01,4.116388805792628780e+00
1.456630527973175049e-01,4.104200839996337891e+00,-2.014219760894775391e-01,4.109140396118164062e+00,4.111412046291987643e+00,-2.023497292390373514e-01,4.116388517537913572e+00
1.459549665451049805e-01,4.107975006103515625e+00,-1.010029166936874390e-01,4.109216213226318359e+00,4.115130935191008810e+00,-1.017504406193395494e-01,4.116388680133625577e+00
1.462468653917312622e-01,4.109277248382568359e+00,-5.200651357881724834e-04,4.109277248382568359e+00,4.116388323137189609e+00,-1.090311483095263287e-03,4.116388467533079520e+00
1.465387791395187378e-01,4.107976436614990234e+00,9.996281564235687256e-02,4.109192371368408203e+00,4.115184775269231210e+00,9.955478389134260475e-02,4.116388816621107338e+00
1.468306928873062134e-01,4.104230880737304688e+00,2.003864496946334839e-01,4.109119892120361328e+00,4.111519733201215665e+00,2.001560354562326172e-01,4.116388824568513627e+00
1.471226066350936890e-01,4.098043441772460938e+00,3.006836771965026855e-01,4.109059810638427734e+00,4.105395670353428450e+00,3.006375653289404815e-01,4.116388776080751377e+00
1.474145054817199707e-01,4.089417457580566406e+00,4.007970094680786133e-01,4.109011173248291016e+00,4.096817919702212762e+00,4.009236988939215429e-01,4.116388815397296064e+00
1.477064192295074463e-01,4.078357696533203125e+00,5.006724596023559570e-01,4.108974933624267578e+00,4.085788784260343753e+00,5.009856952232666361e-01,4.116388788295629375e+00
1.479983329772949219e-01,4.064871311187744141e+00,6.002500653266906738e-01,4.108951091766357422e+00,4.072315980411151060e+00,6.007480167959623474e-01,4.116388662893278649e+00
1.482902467250823975e-01,4.048966407775878906e+00,6.994686126708984375e-01,4.108939647674560547e+00,4.056407958587450402e+00,7.001511474335123664e-01,4.116388848948075996e+00
1.485821455717086792e-01,4.030653476715087891e+00,7.982635498046875000e-01,4.108940601348876953e+00,4.038076244365232270e+00,7.991200789953709638e-01,4.116388302378723552e+00
1.488740593194961548e-01,4.009940624237060547e+00,8.965908288955688477e-01,4.108953475952148438e+00,4.017327904295458829e+00,8.976265832267050770e-01,4.116388826817286350e+00
1.491659730672836304e-01,3.986841440200805664e+00,9.943865537643432617e-01,4.108979225158691406e+00,3.994175887078228460e+00,9.955962380411662593e-01,4.116388330335085222e+00
1.494578868150711060e-01,3.961369037628173828e+00,1.091590404510498047e+00,4.109015941619873047e+00,3.968635787020486472e+00,1.092970400606628090e+00,4.116388502877483369e+00
1.497497856616973877e-01,3.933539867401123047e+00,1.188144445419311523e+00,4.109066009521484375e+00,3.940726736208852277e+00,1.189675986048028822e+00,4.116388728151244791e+00
1.500416994094848633e-01,3.903368473052978516e+00,1.283996105194091797e+00,4.109127998352050781e+00,3.910456272429702285e+00,1.285685190009114409e+00,4.116388546577397278e+00
1.503336131572723389e-01,3.870871782302856445e+00,1.379090785980224609e+00,4.109201431274414062e+00,3.877847338600205696e+00,1.380925337753283966e+00,4.116388559154458449e+00
1.506255269050598145e-01,3.836071729660034180e+00,1.473364233970642090e+00,4.109288215637207031e+00,3.842919319384247689e+00,1.475339687111956621e+00,4.116388719213030178e+00
1.509174257516860962e-01,3.798820495605468750e+00,1.566696166992187500e+00,4.109206199645996094e+00,3.805698715304534741e+00,1.568857043389275452e+00,4.116388603407448166e+00
1.512093394994735718e-01,3.759305477142333984e+00,1.659090638160705566e+00,4.109131336212158203e+00,3.766196623390869913e+00,1.661450963027723438e+00,4.116388746047503489e+00
1.515012532472610474e-01,3.717553138732910156e+00,1.750498056411743164e+00,4.109068393707275391e+00,3.724441677418970809e+00,1.753051234749495757e+00,4.116388519096826570e+00
1.517931669950485229e-01,3.673590898513793945e+00,1.840858221054077148e+00,4.109018325805664062e+00,3.680459916674658327e+00,1.843602877495877257e+00,4.116388801869900860e+00
1.520850658416748047e-01,3.627445459365844727e+00,1.930118441581726074e+00,4.108979701995849609e+00,3.634283756282202127e+00,1.933038236483645367e+00,4.116388616844195880e+00
1.523769795894622803e-01,3.579140186309814453e+00,2.018231630325317383e+00,4.108953952789306641e+00,3.585927387012026291e+00,2.021331387708418248e+00,4.116388684740319270e+00
1.526688933372497559e-01,3.528704881668090820e+00,2.105144023895263672e+00,4.108940124511718750e+00,3.535426074331341262e+00,2.108415550390350557e+00,4.116388424358149223e+00
1.529608070850372314e-01,3.476170301437377930e+00,2.190803050994873047e+00,4.108938694000244141e+00,3.482810821467254403e+00,2.194239031796238582e+00,4.116388726394472286e+00
1.532527059316635132e-01,3.421570301055908203e+00,2.275153875350952148e+00,4.108949661254882812e+00,3.428120923546874810e+00,2.278736895464556600e+00,4.116388575585561149e+00
1.535446196794509888e-01,3.364930152893066406e+00,2.358156442642211914e+00,4.108972549438476562e+00,3.371372448092847307e+00,2.361885509195271293e+00,4.116388628677589701e+00
1.538365334272384644e-01,3.306287288665771484e+00,2.439755678176879883e+00,4.109007835388183594e+00,3.312607772507680348e+00,2.443621290774038890e+00,4.116388619555067407e+00
1.541284471750259399e-01,3.245674610137939453e+00,2.519906997680664062e+00,4.109055042266845703e+00,3.251861910023714053e+00,2.523895822690056523e+00,4.116388709251762812e+00
1.544203460216522217e-01,3.183133840560913086e+00,2.598554611206054688e+00,4.109115123748779297e+00,3.189181014478342124e+00,2.602648436949583477e+00,4.116388517798728941e+00
1.547122597694396973e-01,3.118690967559814453e+00,2.675665140151977539e+00,4.109186649322509766e+00,3.124583276819888678e+00,2.679857200222677704e+00,4.116388619575153562e+00
1.550041735172271729e-01,3.052392482757568359e+00,2.751183271408081055e+00,4.109271049499511719e+00,3.058116739103190262e+00,2.755462901625902017e+00,4.116388440395265746e+00
1.552960872650146484e-01,2.984163522720336914e+00,2.824969291687011719e+00,4.109219551086425781e+00,2.989832020846346250e+00,2.829409705085558446e+00,4.116388561847689864e+00
1.555879861116409302e-01,2.914140701293945312e+00,2.897038698196411133e+00,4.109142303466796875e+00,2.919748743901762200e+00,2.901675696926371728e+00,4.116388535797982584e+00
1.558798998594284058e-01,2.842380046844482422e+00,2.967388391494750977e+00,4.109077453613281250e+00,2.847919419280758646e+00,2.972206259700932218e+00,4.116388595470775513e+00
1.561718136072158813e-01,2.768932580947875977e+00,3.035967826843261719e+00,4.109025001525878906e+00,2.774398201176528467e+00,3.040948706764382781e+00,4.116388516146590959e+00
1.564637124538421631e-01,2.693843603134155273e+00,3.102734565734863281e+00,4.108984470367431641e+00,2.699206586555810805e+00,3.107883535487801829e+00,4.116388741003748741e+00
1.567556262016296387e-01,2.617146730422973633e+00,3.167659759521484375e+00,4.108956813812255859e+00,2.622400382621007164e+00,3.172959274576842237e+00,4.116388505096913342e+00
1.570475399494171143e-01,2.538894414901733398e+00,3.230698347091674805e+00,4.108941078186035156e+00,2.544026154014239260e+00,3.236137444878353087e+00,4.116388542697625219e+00
1.573394536972045898e-01,2.459130764007568359e+00,3.291814088821411133e+00,4.108937263488769531e+00,2.464129975306494913e+00,3.297380514623681425e+00,4.116388562007227137e+00
1.576313525438308716e-01,2.377907991409301758e+00,3.350968122482299805e+00,4.108945369720458984e+00,2.382773305249392681e+00,3.356642337785438190e+00,4.116388758125598457e+00
1.579232662916183472e-01,2.295266151428222656e+00,3.408131361007690430e+00,4.108966827392578125e+00,2.299978800471963680e+00,3.413905812953725416e+00,4.116388633540289277e+00
1.582151800394058228e-01,2.211256027221679688e+00,3.463268041610717773e+00,4.108999729156494141e+00,2.215808834352550161e+00,3.469127669012425752e+00,4.116388656857171924e+00
1.585070937871932983e-01,2.125930070877075195e+00,3.516343593597412109e+00,4.109044551849365234e+00,2.130327184967355958e+00,3.522266562372194709e+00,4.116388666223850912e+00
1.587989926338195801e-01,2.039338827133178711e+00,3.567327260971069336e+00,4.109102725982666016e+00,2.043558152127286753e+00,3.573307322425685939e+00,4.116388604301945087e+00
1.590909063816070557e-01,1.951529383659362793e+00,3.616190195083618164e+00,4.109172344207763672e+00,1.955566670295060705e+00,3.622211245286591108e+00,4.116388624443707123e+00
1.593828201293945312e-01,1.862551569938659668e+00,3.662904739379882812e+00,4.109254360198974609e+00,1.866419790807519741e+00,3.668941802906722227e+00,4.116388804356850173e+00
1.596747338771820068e-01,1.772415876388549805e+00,3.707336187362670898e+00,4.109233379364013672e+00,1.776142989516748427e+00,3.713485033477687214e+00,4.116388588686966443e+00
1.599666327238082886e-01,1.681197881698608398e+00,3.749496459960937500e+00,4.109154224395751953e+00,1.684803748866730677e+00,3.755807754279041788e+00,4.116388655034649346e+00
1.602585464715957642e-01,1.588981986045837402e+00,3.789423942565917969e+00,4.109086990356445312e+00,1.592456926065860090e+00,3.795884242100453942e+00,4.116388737813966969e+00
1.605504602193832397e-01,1.495820403099060059e+00,3.827096939086914062e+00,4.109032630920410156e+00,1.499172465055154113e+00,3.833684448909318476e+00,4.116388530470452167e+00
1.608423739671707153e-01,1.401773571968078613e+00,3.862490415573120117e+00,4.108990192413330078e+00,1.404976862452318009e+00,3.869198243382458990e+00,4.116388590818445437e+00
1.611342728137969971e-01,1.306897282600402832e+00,3.895583868026733398e+00,4.108960151672363281e+00,1.309940980100869901e+00,3.902398213914529901e+00,4.116388853268230896e+00
1.614261865615844727e-01,1.211241006851196289e+00,3.926359891891479492e+00,4.108942508697509766e+00,1.214121630256212780e+00,3.933263911787605149e+00,4.116388748991855806e+00
1.617181003093719482e-01,1.114863753318786621e+00,3.954799413681030273e+00,4.108936786651611328e+00,1.117591272082854248e+00,3.961773194975079182e+00,4.116388842159936168e+00
1.620100140571594238e-01,1.017823100090026855e+00,3.980885505676269531e+00,4.108943462371826172e+00,1.020377455721894533e+00,3.987917377798854357e+00,4.116388607055410098e+00
1.623019129037857056e-01,9.201816916465759277e-01,4.004601478576660156e+00,4.108961582183837891e+00,9.225534986193389964e-01,4.011676953840638937e+00,4.116388822717175877e+00
1.625938266515731812e-01,8.219852447509765625e-01,4.025936126708984375e+00,4.108992576599121094e+00,8.241931191893289155e-01,4.033033614834821812e+00,4.116388518605436531e+00
1.628857403993606567e-01,7.232997417449951172e-01,4.044874668121337891e+00,4.109035968780517578e+00,7.253244775431163527e-01,4.051982022887883339e+00,4.116388454887339066e+00
1.631776541471481323e-01,6.241785287857055664e-01,4.061407566070556641e+00,4.109091281890869141e+00,6.260220809280041543e-01,4.068507219975619371e+00,4.116388543954903945e+00
1.634695529937744141e-01,5.246910452842712402e-01,4.075522422790527344e+00,4.109158515930175781e+00,5.263452836861129969e-01,4.082599049045182227e+00,4.116388508501504617e+00
1.637614667415618896e-01,4.248785078525543213e-01,4.087213993072509766e+00,4.109238624572753906e+00,4.263693291569634614e-01,4.094247571292402910e+00,4.116388463189485591e+00
1.640533804893493652e-01,3.248067796230316162e-01,4.096391677856445312e+00,4.109248638153076172e+00,3.261227984031122018e-01,4.103449362837952030e+00,4.116388314167344298e+00
1.643452942371368408e-01,2.245355099439620972e-01,4.103027820587158203e+00,4.109167098999023438e+00,2.256811935597662910e-01,4.110197350780545378e+00,4.116388497638430621e+00
1.646371930837631226e-01,1.241353973746299744e-01,4.107222557067871094e+00,4.109098434448242188e+00,1.251046399496834605e-01,4.114487113353615833e+00,4.116388632878327236e+00
1.649291068315505981e-01,2.366304583847522736e-02,4.108973026275634766e+00,4.109041213989257812e+00,2.446896082797160241e-02,4.116315875588891338e+00,4.116388601391897772e+00
1.652210205793380737e-01,-7.682353258132934570e-02,4.108278274536132812e+00,4.108996391296386719e+00,-7.619704217233924659e-02,4.115683556042889713e+00,4.116388844936500924e+00
1.655129343271255493e-01,-1.772602498531341553e-01,4.105139255523681641e+00,4.108964443206787109e+00,-1.768174769813873337e-01,4.112589288924640485e+00,4.116388596760970131e+00
1.658048331737518311e-01,-2.775864601135253906e-01,4.099557399749755859e+00,4.108944416046142578e+00,-2.773164769564921972e-01,4.107036501616071256e+00,4.116388375019822909e+00
1.660967469215393066e-01,-3.777510821819305420e-01,4.091535568237304688e+00,4.108936309814453125e+00,-3.776653523760363229e-01,4.099027019368576497e+00,4.116388419950060218e+00
1.663886606693267822e-01,-4.776909053325653076e-01,4.081079006195068359e+00,4.108941078186035156e+00,-4.777883168350939846e-01,4.088566176694024001e+00,4.116388594011806568e+00
1.666805744171142578e-01,-5.773475766181945801e-01,4.068193912506103516e+00,4.108957290649414062e+00,-5.776255083871256746e-01,4.075660043484552020e+00,4.116388710750721103e+00
1.669724732637405396e-01,-6.766555905342102051e-01,4.052888870239257812e+00,4.108986377716064453e+00,-6.771018396159171893e-01,4.060318715231016284e+00,4.116388583511827015e+00
1.672643870115280151e-01,-7.755697369575500488e-01,4.035170078277587891e+00,4.109027385711669922e+00,-7.761887215933412909e-01,4.042546878148434608e+00,4.116388489143894880e+00
1.675563007593154907e-01,-8.740221261978149414e-01,4.015049934387207031e+00,4.109080314636230469e+00,-8.748113745070292824e-01,4.022357485850574399e+00,4.116388548830761884e+00
1.678481996059417725e-01,-9.719556570053100586e-01,3.992541074752807617e+00,4.109146118164062500e+00,-9.729108646284007067e-01,3.999762320175941355e+00,4.116388486089622489e+00
1.681401133537292480e-01,-1.069315552711486816e+00,3.967654943466186523e+00,4.109223842620849609e+00,-1.070413256009459246e+00,3.974779332256308084e+00,4.116388620960449884e+00
1.684320271015167236e-01,-1.166033744812011719e+00,3.940357923507690430e+00,4.109264850616455078e+00,-1.167290910053850217e+00,3.947415103485165222e+00,4.116388473883040078e+00
1.687239408493041992e-01,-1.262013912200927734e+00,3.910587072372436523e+00,4.109181404113769531e+00,-1.263470287848927898e+00,3.917690441888781017e+00,4.116388655939057450e+00
1.690158396959304810e-01,-1.357238173484802246e+00,3.878490686416625977e+00,4.109109878540039062e+00,-1.358879185074563845e+00,3.885627806864742517e+00,4.116388719874426450e+00
1.693077534437179565e-01,-1.451653122901916504e+00,3.844086885452270508e+00,4.109051227569580078e+00,-1.453490293997194982e+00,3.851236160551952725e+00,4.116388465522538453e+00
1.695996671915054321e-01,-1.545204401016235352e+00,3.807395696640014648e+00,4.109004497528076172e+00,-1.547232174885396772e+00,3.814541529780869134e+00,4.116388524595748777e+00
1.698915809392929077e-01,-1.637832045555114746e+00,3.768440246582031250e+00,4.108970165252685547e+00,-1.640048830504626354e+00,3.775565435744165033e+00,4.116388529527506002e+00
1.701834797859191895e-01,-1.729480504989624023e+00,3.727244377136230469e+00,4.108948230743408203e+00,-1.731870191749528498e+00,3.734338179967763960e+00,4.116388708982121614e+00
1.704753935337066650e-01,-1.820102930068969727e+00,3.683829069137573242e+00,4.108937740325927734e+00,-1.822670292030613259e+00,3.690870852929914570e+00,4.116388544155975993e+00
1.707673072814941406e-01,-1.909642100334167480e+00,3.638221502304077148e+00,4.108940124511718750e+00,-1.912380290696145790e+00,3.645196363101801396e+00,4.116388575172862829e+00
1.710592210292816162e-01,-1.998045563697814941e+00,3.590448617935180664e+00,4.108954429626464844e+00,-2.000946534728372583e+00,3.597341924172535954e+00,4.116388703007873850e+00
1.713511198759078979e-01,-2.085255861282348633e+00,3.540541648864746094e+00,4.108981609344482422e+00,-2.088302614176579031e+00,3.547343750631716475e+00,4.116388647045202021e+00
1.716430336236953735e-01,-2.171232461929321289e+00,3.488523244857788086e+00,4.109019756317138672e+00,-2.174423327039979537e+00,3.495216500390461167e+00,4.116388610150572447e+00
1.719349473714828491e-01,-2.255916357040405273e+00,3.434429883956909180e+00,4.109071254730224609e+00,-2.259243730305492637e+00,3.440998991607852275e+00,4.116388744175035974e+00
1.722268611192703247e-01,-2.339260578155517578e+00,3.378290653228759766e+00,4.109134674072265625e+00,-2.342712982312849856e+00,3.384723408465842631e+00,4.116388789863488995e+00
1.725187599658966064e-01,-2.421214818954467773e+00,3.320139646530151367e+00,4.109210014343261719e+00,-2.424768464611093854e+00,3.326432830715871258e+00,4.116388888848677041e+00
1.728106737136840820e-01,-2.501722335815429688e+00,3.259997129440307617e+00,4.109281539916992188e+00,-2.505386548275969627e+00,3.266143564364596408e+00,4.116388652608308441e+00
1.731025874614715576e-01,-2.580641269683837891e+00,3.197777748107910156e+00,4.109196186065673828e+00,-2.584506081794153864e+00,3.203901292832940229e+00,4.116388609090200212e+00
1.733945012092590332e-01,-2.658018112182617188e+00,3.133660554885864258e+00,4.109122276306152344e+00,-2.662080101489367578e+00,3.139742679086672705e+00,4.116388533365624269e+00
1.736864000558853149e-01,-2.733809471130371094e+00,3.067682266235351562e+00,4.109061717987060547e+00,-2.738050366793111756e+00,3.073716944497586923e+00,4.116388667993764017e+00
1.739783138036727905e-01,-2.807973384857177734e+00,2.999878644943237305e+00,4.109013080596923828e+00,-2.812395189411015295e+00,3.005842753706257309e+00,4.116388873931936310e+00
1.742702275514602661e-01,-2.880466461181640625e+00,2.930289983749389648e+00,4.108976364135742188e+00,-2.885057779333326966e+00,2.936170739333892943e+00,4.116388830104887653e+00
1.745621412992477417e-01,-2.951242923736572266e+00,2.858959674835205078e+00,4.108952045440673828e+00,-2.955983764148206294e+00,2.864753886084063783e+00,4.116388567876160032e+00
1.748540401458740234e-01,-3.020259857177734375e+00,2.785931825637817383e+00,4.108939647674560547e+00,-3.025153392915386874e+00,2.791612978747244789e+00,4.116388717526266561e+00
1.751459538936614990e-01,-3.087482690811157227e+00,2.711242914199829102e+00,4.108940124511718750e+00,-3.092513740505996811e+00,2.716802174792408042e+00,4.116388622588391222e+00
1.754378676414489746e-01,-3.152867794036865234e+00,2.634940624237060547e+00,4.108952045440673828e+00,-3.158024638724124866e+00,2.640366630888037580e+00,4.116388655641700645e+00
1.757297813892364502e-01,-3.216378211975097656e+00,2.557068586349487305e+00,4.108976364135742188e+00,-3.221636792113543812e+00,2.562364271110659342e+00,4.116388499420834179e+00
1.760216802358627319e-01,-3.277971506118774414e+00,2.477679252624511719e+00,4.109013557434082031e+00,-3.283332380536536643e+00,2.482817523432622409e+00,4.116388511273422424e+00
1.763135939836502075e-01,-3.337619781494140625e+00,2.396807670593261719e+00,4.109062194824218750e+00,-3.343064513031676288e+00,2.401785710076757230e+00,4.116388579254955715e+00
1.766055077314376831e-01,-3.395282030105590820e+00,2.314510107040405273e+00,4.109123706817626953e+00,-3.400796889559707825e+00,2.319317751043324272e+00,4.116388503815407773e+00
1.768974214792251587e-01,-3.450927495956420898e+00,2.230829000473022461e+00,4.109196662902832031e+00,-3.456487189664790627e+00,2.235475768123543538e+00,4.116388660243873510e+00
1.771893203258514404e-01,-3.504517078399658203e+00,2.145824909210205078e+00,4.109282970428466797e+00,-3.510119047043732898e+00,2.150283839023193089e+00,4.116388746557293921e+00
1.774812340736389160e-01,-3.555881977081298828e+00,2.059446811676025391e+00,4.109211444854736328e+00,-3.561651595075217003e+00,2.063805735266922348e+00,4.116388732569177478e+00
1.777731478214263916e-01,-3.605112552642822266e+00,1.971842169761657715e+00,4.109136104583740234e+00,-3.611046139700267776e+00,1.976107106769490640e+00,4.116388407386880388e+00
1.780650615692138672e-01,-3.652197837829589844e+00,1.883064031600952148e+00,4.109072685241699219e+00,-3.658289431286756432e+00,1.887213181071635493e+00,4.116388605789655486e+00
1.783569604158401489e-01,-3.697104454040527344e+00,1.793175339698791504e+00,4.109021663665771484e+00,-3.703344459904801766e+00,1.797190658335734215e+00,4.116388520428655440e+00
1.786488741636276245e-01,-3.739813327789306641e+00,1.702214717864990234e+00,4.108982563018798828e+00,-3.746184768875254534e+00,1.706093093935439065e+00,4.116388461713391678e+00
1.789407879114151001e-01,-3.780295372009277344e+00,1.610244393348693848e+00,4.108956336975097656e+00,-3.786778630950081492e+00,1.613989739290169645e+00,4.116388620909609664e+00
1.792326867580413818e-01,-3.818526029586791992e+00,1.517320513725280762e+00,4.108942031860351562e+00,-3.825114002020333359e+00,1.520906759497830718e+00,4.116388526310193363e+00
1.795246005058288574e-01,-3.854485988616943359e+00,1.423489809036254883e+00,4.108940124511718750e+00,-3.861161789627347574e+00,1.426914204638336736e+00,4.116388527954682353e+00
1.798165142536163330e-01,-3.888151407241821289e+00,1.328814148902893066e+00,4.108949661254882812e+00,-3.894900344443686269e+00,1.332068307135944041e+00,4.116388546775385571e+00
1.801084280014038086e-01,-3.919503927230834961e+00,1.233345270156860352e+00,4.108972072601318359e+00,-3.926304888015486050e+00,1.236440608252659334e+00,4.116388641927595238e+00
1.804003268480300903e-01,-3.948523521423339844e+00,1.137144327163696289e+00,4.109006404876708984e+00,-3.955366257696621979e+00,1.140058664681137701e+00,4.116388707525022284e+00
1.806922405958175659e-01,-3.975194931030273438e+00,1.040261864662170410e+00,4.109053134918212891e+00,-3.982061832854572714e+00,1.042994822895435103e+00,4.116388543524990951e+00
1.809841543436050415e-01,-3.999502182006835938e+00,9.427549839019775391e-01,4.109112262725830078e+00,-4.006372348011893791e+00,9.453225759287896546e-01,4.116388485490038995e+00
1.812760680913925171e-01,-4.021429538726806641e+00,8.446871638298034668e-01,4.109183788299560547e+00,-4.028291028638375515e+00,8.470696862000945959e-01,4.116388667835867210e+00
1.815679669380187988e-01,-4.040964126586914062e+00,7.461136579513549805e-01,4.109267234802246094e+00,-4.047800525318122844e+00,7.483102167464015242e-01,4.116388863221344785e+00
1.818598806858062744e-01,-4.057960033416748047e+00,6.470697522163391113e-01,4.109226226806640625e+00,-4.064886357813905171e+00,6.491187278844621211e-01,4.116388735874193294e+00
1.821517944335937500e-01,-4.072493553161621094e+00,5.476317405700683594e-01,4.109148502349853516e+00,-4.079544144625092628e+00,5.495235454854278112e-01,4.116388775976797199e+00
1.824437081813812256e-01,-4.084602355957031250e+00,4.478753805160522461e-01,4.109083652496337891e+00,-4.091762036209098063e+00,4.495997304215278434e-01,4.116388766693099832e+00
1.827356070280075073e-01,-4.094279289245605469e+00,3.478574752807617188e-01,4.109029769897460938e+00,-4.101532743872794207e+00,3.494070746935791227e-01,4.116388727137734627e+00
1.830275207757949829e-01,-4.101520061492919922e+00,2.476325035095214844e-01,4.108988761901855469e+00,-4.108850410236601469e+00,2.490053804582352814e-01,4.116388632429965888e+00
1.833194345235824585e-01,-4.106320381164550781e+00,1.472600698471069336e-01,4.108959674835205078e+00,-4.113710352357771605e+00,1.484704897241990729e-01,4.116388751006693880e+00
1.836113482713699341e-01,-4.108676910400390625e+00,4.680244624614715576e-02,4.108943462371826172e+00,-4.116110579513154732e+00,4.783112785712125004e-02,4.116388480157358032e+00
1.839032471179962158e-01,-4.108588695526123047e+00,-5.367793515324592590e-02,4.108939170837402344e+00,-4.116049271457487890e+00,-5.283683769894246401e-02,4.116388385038970199e+00
1.841951608657836914e-01,-4.106055259704589844e+00,-1.541316807270050049e-01,4.108947277069091797e+00,-4.113527470495838223e+00,-1.534575247777325291e-01,4.116388886200476271e+00
1.844870746135711670e-01,-4.101078510284423828e+00,-2.544936835765838623e-01,4.108967304229736328e+00,-4.108544618248684444e+00,-2.540021228657183827e-01,4.116388703531351112e+00
1.847789883613586426e-01,-4.093660831451416016e+00,-3.547070324420928955e-01,4.108999252319335938e+00,-4.101104618765278431e+00,-3.543947937638617374e-01,4.116388558421669508e+00
1.850708872079849243e-01,-4.083807945251464844e+00,-4.547041058540344238e-01,4.109044075012207031e+00,-4.091213757729604161e+00,-4.545599653912333338e-01,4.116388559595955066e+00
1.853628009557723999e-01,-4.071523666381835938e+00,-5.544411540031433105e-01,4.109100818634033203e+00,-4.078874815122460973e+00,-5.544689033714788051e-01,4.116388650534137383e+00
1.856547147035598755e-01,-4.056816101074218750e+00,-6.538480520248413086e-01,4.109169483184814453e+00,-4.064095983066789763e+00,-6.540461661666451265e-01,4.116388289150684443e+00
1.859466284513473511e-01,-4.039693832397460938e+00,-7.528737783432006836e-01,4.109251022338867188e+00,-4.046887142080542787e+00,-7.532323168739043506e-01,4.116388521983809667e+00
1.862385272979736328e-01,-4.020067214965820312e+00,-8.514249324798583984e-01,4.109241485595703125e+00,-4.027257694075757399e+00,-8.519680312808808331e-01,4.116388473020617056e+00
1.865304410457611084e-01,-3.997966051101684570e+00,-9.494594931602478027e-01,4.109161376953125000e+00,-4.005223451198586027e+00,-9.501788073685494274e-01,4.116388545801213716e+00
1.868223547935485840e-01,-3.973487854003906250e+00,-1.046921372413635254e+00,4.109093666076660156e+00,-3.980790520331322302e+00,-1.047836821125990747e+00,4.116388607805043343e+00
1.871142685413360596e-01,-3.946644783020019531e+00,-1.143760323524475098e+00,4.109037876129150391e+00,-3.953976614940671652e+00,-1.144868073708427136e+00,4.116388462924088110e+00
1.874061673879623413e-01,-3.917456388473510742e+00,-1.239908695220947266e+00,4.108994960784912109e+00,-3.924803011012540921e+00,-1.241199688585805427e+00,4.116388628664524596e+00
1.876980811357498169e-01,-3.885936260223388672e+00,-1.335321187973022461e+00,4.108963966369628906e+00,-3.893277722482390679e+00,-1.336803927574428785e+00,4.116388728625624438e+00
1.879899948835372925e-01,-3.852103233337402344e+00,-1.429940581321716309e+00,4.108945369720458984e+00,-3.859423682440056069e+00,-1.431608831389737713e+00,4.116388587912012120e+00
1.882819086313247681e-01,-3.815978288650512695e+00,-1.523707747459411621e+00,4.108938694000244141e+00,-3.823261708091392652e+00,-1.525557558275809633e+00,4.116388702755166662e+00
1.885738074779510498e-01,-3.777584552764892578e+00,-1.616563439369201660e+00,4.108943939208984375e+00,-3.784819247343605753e+00,-1.618579403607924849e+00,4.116388711096949038e+00
1.888657212257385254e-01,-3.736940383911132812e+00,-1.708463191986083984e+00,4.108962059020996094e+00,-3.744107400502275862e+00,-1.710647685344552471e+00,4.116388675753369419e+00
1.891576349735260010e-01,-3.694072246551513672e+00,-1.799345970153808594e+00,4.108992099761962891e+00,-3.701156220781980810e+00,-1.801693046556600786e+00,4.116388611956305787e+00
1.894495487213134766e-01,-3.649004220962524414e+00,-1.889161586761474609e+00,4.109034061431884766e+00,-3.655991504070861708e+00,-1.891660860635596908e+00,4.116388549383904305e+00
1.897414475679397583e-01,-3.601767539978027344e+00,-1.977848410606384277e+00,4.109089374542236328e+00,-3.608648050333322477e+00,-1.980483505556093871e+00,4.116388668111192750e+00
1.900333613157272339e-01,-3.552381753921508789e+00,-2.065368413925170898e+00,4.109156131744384766e+00,-3.559139086576401212e+00,-2.068135759662639739e+00,4.116388776341620925e+00
1.903252750635147095e-01,-3.500881671905517578e+00,-2.151659250259399414e+00,4.109234809875488281e+00,-3.507501309171388915e+00,-2.154550861830055286e+00,4.116388568885551713e+00
1.906171739101409912e-01,-3.447237491607666016e+00,-2.236634731292724609e+00,4.109255313873291016e+00,-3.453774485299755614e+00,-2.239664239874391338e+00,4.116388478105501569e+00
1.909090876579284668e-01,-3.391446352005004883e+00,-2.320215225219726562e+00,4.109173774719238281e+00,-3.397973735099647730e+00,-2.323451771524475795e+00,4.116388421787632979e+00
1.912010014057159424e-01,-3.333636522293090820e+00,-2.402415513992309570e+00,4.109103679656982422e+00,-3.340141200765336382e+00,-2.405849632806175808e+00,4.116388671727162496e+00
1.914929151535034180e-01,-3.273847103118896484e+00,-2.483180522918701172e+00,4.109045982360839844e+00,-3.280310471176636877e+00,-2.486808909585994432e+00,4.116388628410511785e+00
1.917848140001296997e-01,-3.212112188339233398e+00,-2.562463760375976562e+00,4.109000205993652344e+00,-3.218528190242079479e+00,-2.566267986485693431e+00,4.116388598012131972e+00
1.920767277479171753e-01,-3.148465633392333984e+00,-2.640223026275634766e+00,4.108967304229736328e+00,-3.154811111454352890e+00,-2.644205387488692161e+00,4.116388621131401138e+00
1.923686414957046509e-01,-3.082945108413696289e+00,-2.716411113739013672e+00,4.108946323394775391e+00,-3.089207525179639369e+00,-2.720561189535289692e+00,4.116388747389170710e+00
1.926605552434921265e-01,-3.015591382980346680e+00,-2.790981531143188477e+00,4.108937740325927734e+00,-3.021756224360942156e+00,-2.795289650851270125e+00,4.116388576364033547e+00
1.929524540901184082e-01,-2.946446418762207031e+00,-2.863887310028076172e+00,4.108941078186035156e+00,-2.952508775900859916e+00,-2.868335425434074715e+00,4.116388730983951305e+00
1.932443678379058838e-01,-2.875544071197509766e+00,-2.935093402862548828e+00,4.108957290649414062e+00,-2.881484556616229931e+00,-2.939677073300676735e+00,4.116388531869588085e+00
1.935362815856933594e-01,-2.802930355072021484e+00,-3.004552841186523438e+00,4.108984947204589844e+00,-2.808737263386884564e+00,-3.009260470350581418e+00,4.116388416215438717e+00
1.938281953334808350e-01,-2.728646278381347656e+00,-3.072226524353027344e+00,4.109025001525878906e+00,-2.734321987963183709e+00,-3.077034135462109354e+00,4.116388684837473555e+00
1.941200941801071167e-01,-2.652741909027099609e+00,-3.138068914413452148e+00,4.109077453613281250e+00,-2.658259760171171937e+00,-3.142977844002743382e+00,4.116388548283243409e+00
1.944120079278945923e-01,-2.575250625610351562e+00,-3.202051401138305664e+00,4.109141826629638672e+00,-2.580607795186887987e+00,-3.207041813720896695e+00,4.116388439826050849e+00
1.947039216756820679e-01,-2.496227025985717773e+00,-3.264127731323242188e+00,4.109218597412109375e+00,-2.501412412616886627e+00,-3.269188039155666470e+00,4.116388525558819289e+00
1.949958354234695435e-01,-2.415688753128051758e+00,-3.324237108230590820e+00,4.109270572662353516e+00,-2.420721117936235789e+00,-3.329379008193066536e+00,4.116388624877284741e+00
1.952877342700958252e-01,-2.333634376525878906e+00,-3.382241964340209961e+00,4.109186172485351562e+00,-2.338595115033653027e+00,-3.387569763949996648e+00,4.116388710713251520e+00
1.955796480178833008e-01,-2.250190734863281250e+00,-3.438235044479370117e+00,4.109114170074462891e+00,-2.255057289194850156e+00,-3.443743923744377433e+00,4.116388658748970641e+00
1.958715617656707764e-01,-2.165407657623291016e+00,-3.492182254791259766e+00,4.109054565429687500e+00,-2.170170964458446150e+00,-3.497858468047215119e+00,4.116388693681406252e+00
1.961634755134582520e-01,-2.079340934753417969e+00,-3.544048309326171875e+00,4.109006881713867188e+00,-2.084000382765562875e+00,-3.549873013756774665e+00,4.116388709678134639e+00
1.964553743600845337e-01,-1.992040991783142090e+00,-3.593802928924560547e+00,4.108971595764160156e+00,-1.996570317619353441e+00,-3.599772635301278001e+00,4.116388715738900750e+00
1.967472881078720093e-01,-1.903554081916809082e+00,-3.641419887542724609e+00,4.108948707580566406e+00,-1.907945809621433453e+00,-3.647519584368359435e+00,4.116388748746007131e+00
1.970392018556594849e-01,-1.813934326171875000e+00,-3.686869859695434570e+00,4.108937740325927734e+00,-1.818194499767123773e+00,-3.693077818067301621e+00,4.116388588226840284e+00
1.973311156034469604e-01,-1.723235487937927246e+00,-3.730125665664672852e+00,4.108939170837402344e+00,-1.727341725011836804e+00,-3.736434803855905429e+00,4.116388523746585371e+00
1.976230144500732422e-01,-1.631515860557556152e+00,-3.771159648895263672e+00,4.108952522277832031e+00,-1.635455921735610385e+00,-3.777557372116836287e+00,4.116388680818944934e+00
1.979149281978607178e-01,-1.538818836212158203e+00,-3.809952497482299805e+00,4.108977794647216797e+00,-1.542606689256552865e+00,-3.816414515967769816e+00,4.116388605978372084e+00
1.982068419456481934e-01,-1.445206165313720703e+00,-3.846478223800659180e+00,4.109016418457031250e+00,-1.448805666116424140e+00,-3.853001147635619628e+00,4.116388672350129063e+00
1.984987556934356689e-01,-1.350728869438171387e+00,-3.880716323852539062e+00,4.109066486358642578e+00,-1.354167486450302604e+00,-3.887272328559412848e+00,4.116388676709580530e+00
1.987906545400619507e-01,-1.255452990531921387e+00,-3.912643432617187500e+00,4.109128952026367188e+00,-1.258704845599121880e+00,-3.919224178127129754e+00,4.116388714243466751e+00
1.990825682878494263e-01,-1.159418106079101562e+00,-3.942246198654174805e+00,4.109203815460205078e+00,-1.162489284824888447e+00,-3.948831917884905174e+00,4.116388569248444540e+00
1.993744820356369019e-01,-1.062692165374755859e+00,-3.969498395919799805e+00,4.109286308288574219e+00,-1.065593849674811633e+00,-3.976074129447618954e+00,4.116388676416188552e+00
1.996663957834243774e-01,-9.652826189994812012e-01,-3.994214773178100586e+00,4.109199523925781250e+00,-9.680458452544223880e-01,-4.000942600829422879e+00,4.116388520735871026e+00
1.999582946300506592e-01,-8.673119544982910156e-01,-4.016551017761230469e+00,4.109125614166259766e+00,-8.699189998051952699e-01,-4.023418308312664671e+00,4.116388459546501011e+00
2.002502083778381348e-01,-7.688200473785400391e-01,-4.036498546600341797e+00,4.109063625335693359e+00,-7.712873036400678117e-01,-4.043484855598558525e+00,4.116388451326145059e+00
2.005421221256256104e-01,-6.698765158653259277e-01,-4.054042339324951172e+00,4.109014034271240234e+00,-6.721789201460696139e-01,-4.061136666309574927e+00,4.116388650641820135e+00
2.008340209722518921e-01,-5.705392956733703613e-01,-4.069173336029052734e+00,4.108976364135742188e+00,-5.726685256061814222e-01,-4.076359500330381636e+00,4.116388710526948991e+00
2.011259347200393677e-01,-4.708607792854309082e-01,-4.081882953643798828e+00,4.108951091766357422e+00,-4.728312870315287686e-01,-4.089142463692341245e+00,4.116388649577170433e+00
2.014178484678268433e-01,-3.709020018577575684e-01,-4.092163562774658203e+00,4.108937740325927734e+00,-3.726800632926507428e-01,-4.099483103689583352e+00,4.116388240558971567e+00
2.017097622156143188e-01,-2.707232534885406494e-01,-4.100008487701416016e+00,4.108936786651611328e+00,-2.723371959527614017e-01,-4.107369264446650625e+00,4.116387958249371870e+00
2.020016610622406006e-01,-1.703885793685913086e-01,-4.105412483215332031e+00,4.108946800231933594e+00,-1.718158141475344125e-01,-4.112799449348346847e+00,4.116386763236813628e+00
2.022935748100280762e-01,-6.994551420211791992e-02,-4.108374118804931641e+00,4.108969211578369141e+00,-7.119169761265400909e-02,-4.115770173295609347e+00,4.116385839203942076e+00
2.025854885578155518e-01,3.053901530802249908e-02,-4.108890533447265625e+00,4.109003543853759766e+00,2.945920443752665305e-02,-4.116278419099575814e+00,4.116383833933734415e+00
2.028774023056030273e-01,1.310097873210906982e-01,-4.106960296630859375e+00,4.109049320220947266e+00,1.301080932736275175e-01,-4.114324816456704781e+00,4.116381519155725144e+00
2.031693011522293091e-01,2.313964366912841797e-01,-4.102585792541503906e+00,4.109106063842773438e+00,2.306790054183908145e-01,-4.109909936438025824e+00,4.116378564851978616e+00
2.034612149000167847e-01,3.316541314125061035e-01,-4.095768928527832031e+00,4.109174728393554688e+00,3.310960494286364630e-01,-4.103036969273680334e+00,4.116374249891984860e+00
2.037531286478042603e-01,4.317225217819213867e-01,-4.086512565612792969e+00,4.109254360198974609e+00,4.313304437158794746e-01,-4.093707741211262352e+00,4.116368426432352123e+00
2.040450423955917358e-01,5.315129756927490234e-01,-4.074666500091552734e+00,4.109186649322509766e+00,5.313064139817317288e-01,-4.081929280103381075e+00,4.116361640247784948e+00
2.043369412422180176e-01,6.309786438941955566e-01,-4.060367107391357422e+00,4.109101772308349609e+00,6.309484209466547089e-01,-4.067710026114736976e+00,4.116352847661316261e+00
2.046288549900054932e-01,7.300657629966735840e-01,-4.043650150299072266e+00,4.109026908874511719e+00,7.302279675399691028e-01,-4.051054221197387228e+00,4.116342209736542301e+00
2.049207687377929688e-01,8.287175297737121582e-01,-4.024524211883544922e+00,4.108962059020996094e+00,8.290698479041185287e-01,-4.031973434547148294e+00,4.116329261562744257e+00
2.052126824855804443e-01,9.268701672554016113e-01,-4.003002166748046875e+00,4.108906745910644531e+00,9.274145920560522560e-01,-4.010478543866430101e+00,4.116313396277243797e+00
2.055045813322067261e-01,1.024464845657348633e+00,-3.979096651077270508e+00,4.108860969543457031e+00,1.025203323358293339e+00,-3.986583308894765310e+00,4.116295462303845021e+00
2.057964950799942017e-01,1.121451020240783691e+00,-3.952819824218750000e+00,4.108824253082275391e+00,1.122362097392501479e+00,-3.960305041607169230e+00,4.116274128413031086e+00
2.060884088277816772e-01,1.217767715454101562e+00,-3.924187660217285156e+00,4.108796596527099609e+00,1.218862689719762082e+00,-3.931650909717515407e+00,4.116248915247164852e+00
2.063803225755691528e-01,1.313357710838317871e+00,-3.893217086791992188e+00,4.108777046203613281e+00,1.314632042788951516e+00,-3.900642546067232264e+00,4.116220314817625514e+00
2.066722214221954346e-01,1.408158540725708008e+00,-3.859927654266357422e+00,4.108765602111816406e+00,1.409597391155342105e+00,-3.867302573056921489e+00,4.116186827237634738e+00
2.069641351699829102e-01,1.502125740051269531e+00,-3.824335098266601562e+00,4.108761310577392578e+00,1.503731675540865842e+00,-3.831641527842419848e+00,4.116149383818757279e+00
2.072560489177703857e-01,1.595195293426513672e+00,-3.786462783813476562e+00,4.108765125274658203e+00,1.596962887915558182e+00,-3.793685156558405325e+00,4.116107084670074023e+00
2.075479626655578613e-01,1.687316656112670898e+00,-3.746330738067626953e+00,4.108775138854980469e+00,1.689234877237424826e+00,-3.753455256515280336e+00,4.116058895732363609e+00
2.078398615121841431e-01,1.778424501419067383e+00,-3.703967571258544922e+00,4.108791828155517578e+00,1.780477324479482926e+00,-3.710982622816265231e+00,4.116004316060650758e+00
2.081317752599716187e-01,1.868480920791625977e+00,-3.659389495849609375e+00,4.108813762664794922e+00,1.870664495605655064e+00,-3.666280247739387654e+00,4.115944182090367498e+00
2.084236890077590942e-01,1.957359790802001953e+00,-3.612519741058349609e+00,4.108717441558837891e+00,1.959726660692778788e+00,-3.619380280168841946e+00,4.115876844258724354e+00
2.087156027555465698e-01,2.045039176940917969e+00,-3.563441038131713867e+00,4.108563899993896484e+00,2.047610231579871876e+00,-3.570310520937758803e+00,4.115801850962874653e+00
2.090075016021728516e-01,2.131483793258666992e+00,-3.512242794036865234e+00,4.108415126800537109e+00,2.134248657970564622e+00,-3.519109252515349340e+00,4.115719531890905891e+00
2.092994153499603271e-01,2.216656208038330078e+00,-3.458947181701660156e+00,4.108269691467285156e+00,2.219616158156644925e+00,-3.465790233126610165e+00,4.115628485369623668e+00
2.095913290977478027e-01,2.300496339797973633e+00,-3.403590917587280273e+00,4.108127593994140625e+00,2.303647328675002548e+00,-3.410393290093586049e+00,4.115528326719041452e+00
2.098832428455352783e-01,2.382957935333251953e+00,-3.346204042434692383e+00,4.107988834381103516e+00,2.386291466388112514e+00,-3.352951861289489077e+00,4.115418951538393877e+00
2.101751416921615601e-01,2.463984966278076172e+00,-3.286825656890869141e+00,4.107851505279541016e+00,2.467485176973212013e+00,-3.293509494104126301e+00,4.115299246268312672e+00
2.104670554399490356e-01,2.543538570404052734e+00,-3.225483179092407227e+00,4.107716083526611328e+00,2.547204533354875622e+00,-3.232083194587282993e+00,4.115168612763900668e+00
2.107589691877365112e-01,2.621566295623779297e+00,-3.162216424942016602e+00,4.107581138610839844e+00,2.625388715790284877e+00,-3.168719338344991421e+00,4.115027114637335615e+00
2.110508829355239868e-01,2.698019742965698242e+00,-3.097064733505249023e+00,4.107446670532226562e+00,2.701989042342756164e+00,-3.103455795179332011e+00,4.114873346480120375e+00
2.113427817821502686e-01,2.772851705551147461e+00,-3.030067205429077148e+00,4.107312202453613281e+00,2.776947882248347987e+00,-3.036341941386308196e+00,4.114706784905233228e+00
2.116346955299377441e-01,2.846025466918945312e+00,-2.961256265640258789e+00,4.107176780700683594e+00,2.850242082815287681e+00,-2.967397709694953090e+00,4.114526594658744152e+00
2.119266092777252197e-01,2.917489051818847656e+00,-2.890679359436035156e+00,4.107038974761962891e+00,2.921815645640256864e+00,-2.896675385343456366e+00,4.114332868784786434e+00
2.122185081243515015e-01,2.987200498580932617e+00,-2.818377971649169922e+00,4.106899261474609375e+00,2.991613160199534160e+00,-2.824228103052393468e+00,4.114123682918388702e+00
2.125104218721389771e-01,3.055119514465332031e+00,-2.744393110275268555e+00,4.106756687164306641e+00,3.059614751130339982e+00,-2.750078504112599909e+00,4.113900120824102835e+00
2.128023356199264526e-01,3.121136188507080078e+00,-2.668705940246582031e+00,4.106516838073730469e+00,3.125766182220049316e+00,-2.674280650359917910e+00,4.113659103863611222e+00
2.130942493677139282e-01,3.185198545455932617e+00,-2.591372966766357422e+00,4.106178760528564453e+00,3.190017546927021108e+00,-2.596894611410599740e+00,4.113401703271357235e+00
2.133861482143402100e-01,3.247340679168701172e+00,-2.512500762939453125e+00,4.105834960937500000e+00,3.252349203931601096e+00,-2.517942169991593815e+00,4.113126318961830563e+00
2.136780619621276855e-01,3.307525873184204102e+00,-2.432134628295898438e+00,4.105484962463378906e+00,3.312712756606677189e+00,-2.437483659483048459e+00,4.112832648921115997e+00
2.139699757099151611e-01,3.365718841552734375e+00,-2.350321531295776367e+00,4.105127811431884766e+00,3.371070557488080155e+00,-2.355567316247114018e+00,4.112519189612934944e+00
2.142618894577026367e-01,3.421880722045898438e+00,-2.267114400863647461e+00,4.104762554168701172e+00,3.427386634501722096e+00,-2.272244134219586709e+00,4.112185860081759792e+00
2.145537883043289185e-01,3.475977182388305664e+00,-2.182564735412597656e+00,4.104388713836669922e+00,3.481617691250052715e+00,-2.187577118315464642e+00,4.111831148843875461e+00
2.148457020521163940e-01,3.527979135513305664e+00,-2.096716880798339844e+00,4.104005336761474609e+00,3.533747064500010193e+00,-2.101592711018078319e+00,4.111454759433302186e+00
2.151376157999038696e-01,3.577852725982666016e+00,-2.009625911712646484e+00,4.103611469268798828e+00,3.583733377456849389e+00,-2.014355457600930599e+00,4.111054953447463411e+00
2.154295295476913452e-01,3.625567197799682617e+00,-1.921343684196472168e+00,4.103206157684326172e+00,3.631538737499054648e+00,-1.925933584496842599e+00,4.110631797406462340e+00
2.157214283943176270e-01,3.671090126037597656e+00,-1.831930041313171387e+00,4.102788448333740234e+00,3.677148613010893907e+00,-1.836353604935036854e+00,4.110184483028206159e+00
2.160133421421051025e-01,3.714400053024291992e+00,-1.741426944732666016e+00,4.102356910705566406e+00,3.720525811192202159e+00,-1.745684029625661937e+00,4.109711065639223726e+00
2.163052558898925781e-01,3.755465745925903320e+00,-1.649897933006286621e+00,4.101912498474121094e+00,3.761637448321364374e+00,-1.653994844792708641e+00,4.109211023933246665e+00
2.165971696376800537e-01,3.794264078140258789e+00,-1.557392954826354980e+00,4.101452350616455078e+00,3.800476590733697257e+00,-1.561299588305644859e+00,4.108683331817895024e+00
2.168890684843063354e-01,3.830766201019287109e+00,-1.463979601860046387e+00,4.100975990295410156e+00,3.836994878352745886e+00,-1.467713696748310648e+00,4.108127699101841834e+00
2.171809822320938110e-01,3.864900350570678711e+00,-1.369677901268005371e+00,4.100423336029052734e+00,3.871186272365346515e+00,-1.373250629873108197e+00,4.107541898483422216e+00
2.174728959798812866e-01,3.896573305130004883e+00,-1.274543046951293945e+00,4.099724769592285156e+00,3.903024132484728792e+00,-1.277984037654838589e+00,4.106925928143668969e+00
2.177648097276687622e-01,3.925887823104858398e+00,-1.178669214248657227e+00,4.099007129669189453e+00,3.932483850770781331e+00,-1.181987548406742139e+00,4.106278582994774773e+00
2.180567085742950439e-01,3.952822208404541016e+00,-1.082127213478088379e+00,4.098268032073974609e+00,3.959555752668683315e+00,-1.085290956756822078e+00,4.105598399662319764e+00
2.183486223220825195e-01,3.977364778518676758e+00,-9.849601387977600098e-01,4.097508907318115234e+00,3.984217313009232875e+00,-9.879689937321345372e-01,4.104883716971602148e+00
2.186405360698699951e-01,3.999497652053833008e+00,-8.872373700141906738e-01,4.096726894378662109e+00,4.006451598184516349e+00,-8.900982141905722234e-01,4.104135626353071054e+00
2.189324498176574707e-01,4.019207000732421875e+00,-7.890182137489318848e-01,4.095921516418457031e+00,4.026249708995615961e+00,-7.917086178001051522e-01,4.103350978735091026e+00
2.192243486642837524e-01,4.036479949951171875e+00,-6.903640627861022949e-01,4.095091342926025391e+00,4.043596598075247073e+00,-6.928768337467164917e-01,4.102529921244766342e+00
2.195162624120712280e-01,4.051308155059814453e+00,-5.913282632827758789e-01,4.094235897064208984e+00,4.058477338252292732e+00,-5.936802597840739049e-01,4.101669727801678711e+00
2.198081761598587036e-01,4.063680648803710938e+00,-4.919772744178771973e-01,4.093353271484375000e+00,4.070888875727421308e+00,-4.941501197436416470e-01,4.100770729919428703e+00
2.201000899076461792e-01,4.073589801788330078e+00,-3.923707604408264160e-01,4.092442989349365234e+00,4.080821061335892175e+00,-3.943641565434014007e-01,4.099832145662647420e+00
2.203919887542724609e-01,4.081028938293457031e+00,-2.925783693790435791e-01,4.091503143310546875e+00,4.088265803576096147e+00,-2.943850768630704717e-01,4.098851040739267759e+00
2.206839025020599365e-01,4.085994243621826172e+00,-1.926473081111907959e-01,4.090532779693603516e+00,4.093219931192217054e+00,-1.942757371367083707e-01,4.097827774217607022e+00
2.209758162498474121e-01,4.088482379913330078e+00,-9.265031665563583374e-02,4.089532375335693359e+00,4.095678481827588868e+00,-9.411484894906478604e-02,4.096759674584078859e+00
2.212677299976348877e-01,4.088491439819335938e+00,7.357552647590637207e-03,4.088497638702392578e+00,4.095641947356062573e+00,6.065670607207964034e-03,4.095646439001110473e+00
2.215596288442611694e-01,4.085995197296142578e+00,1.072993949055671692e-01,4.087403774261474609e+00,4.093110706854025338e+00,1.061869447530654348e-01,4.094487871004022672e+00
2.218515425920486450e-01,4.080859661102294922e+00,2.071198225021362305e-01,4.086112499237060547e+00,4.088084981435582854e+00,2.061699940784660623e-01,4.093280454830512838e+00
2.221434563398361206e-01,4.073250770568847656e+00,3.067460656166076660e-01,4.084784507751464844e+00,4.080568412875758000e+00,3.059827733622305646e-01,4.092024441490278441e+00
2.224353700876235962e-01,4.063172340393066406e+00,4.061239361763000488e-01,4.083418369293212891e+00,4.070565645957549883e+00,4.055462838821859428e-01,4.090717842435537044e+00
2.227272689342498779e-01,4.050633430480957031e+00,5.051795840263366699e-01,4.082014083862304688e+00,4.058086504267508943e+00,5.047818981460762133e-01,4.089360688520156550e+00
2.230191826820373535e-01,4.035639286041259766e+00,6.038663983345031738e-01,4.080568313598632812e+00,4.043133455743925353e+00,6.036573486444829495e-01,4.087949404717272195e+00
2.233110964298248291e-01,4.018201351165771484e+00,7.021135687828063965e-01,4.079081535339355469e+00,4.025720045064364427e+00,7.020943308724829635e-01,4.086484837935447700e+00
2.236029952764511108e-01,3.998331546783447266e+00,7.998569607734680176e-01,4.077551364898681641e+00,4.005859473520535730e+00,8.000146334687281424e-01,4.084964324857479845e+00
2.238949090242385864e-01,3.976040840148925781e+00,8.970438838005065918e-01,4.075976848602294922e+00,3.983556292638189777e+00,8.974015665510175488e-01,4.083387112222589543e+00
2.241868227720260620e-01,3.951344966888427734e+00,9.936080574989318848e-01,4.074356555938720703e+00,3.958837542365557738e+00,9.941319247234398082e-01,4.081751213706844794e+00
2.244787365198135376e-01,3.924259662628173828e+00,1.089490056037902832e+00,4.072689533233642578e+00,3.931710314401766659e+00,1.090189546486635352e+00,4.080056279469926217e+00
2.247706353664398193e-01,3.894804477691650391e+00,1.184621930122375488e+00,4.070973873138427734e+00,3.902195283826082495e+00,1.185497510588257253e+00,4.078300182763092252e+00
2.250625491142272949e-01,3.862994670867919922e+00,1.278957128524780273e+00,4.069208621978759766e+00,3.870317112717266639e+00,1.279979899555438783e+00,4.076481705620433438e+00
2.253544628620147705e-01,3.828853845596313477e+00,1.372426033020019531e+00,4.067391872406005859e+00,3.836087551328445588e+00,1.373605682519357662e+00,4.074599400248636094e+00
2.256463766098022461e-01,3.792402505874633789e+00,1.464975833892822266e+00,4.065522670745849609e+00,3.799533832043845205e+00,1.466299765595110438e+00,4.072651758182875170e+00
2.259382754564285278e-01,3.753669261932373047e+00,1.556535482406616211e+00,4.063598632812500000e+00,3.760686226796427167e+00,1.557988232333377798e+00,4.070637324609701402e+00
2.262301892042160034e-01,3.712509155273437500e+00,1.646984100341796875e+00,4.061438560485839844e+00,3.719559534264783363e+00,1.648640751807198601e+00,4.068554959375559221e+00
2.265221029520034790e-01,3.669115543365478516e+00,1.736319303512573242e+00,4.059213161468505859e+00,3.676186834677119375e+00,1.738184641914741091e+00,4.066403262447251699e+00
2.268140166997909546e-01,3.623522043228149414e+00,1.824491381645202637e+00,4.056930065155029297e+00,3.630597011501067506e+00,1.826561766571916712e+00,4.064180427469086254e+00
2.271059155464172363e-01,3.575759649276733398e+00,1.911443352699279785e+00,4.054586410522460938e+00,3.582828042916467837e+00,1.913701582948535096e+00,4.061885096071573997e+00
2.273978292942047119e-01,3.525858163833618164e+00,1.997123479843139648e+00,4.052182197570800781e+00,3.532897378937920330e+00,1.999575176419595257e+00,4.059515337606188545e+00
2.276897430419921875e-01,3.473850727081298828e+00,2.081476449966430664e+00,4.049714088439941406e+00,3.480846505877875252e+00,2.084113087448192569e+00,4.057070341854458029e+00
2.279816567897796631e-01,3.419774055480957031e+00,2.164446115493774414e+00,4.047182083129882812e+00,3.426709722482799148e+00,2.167260954939430828e+00,4.054548010440019112e+00
2.282735556364059448e-01,3.363665580749511719e+00,2.245976686477661133e+00,4.044583797454833984e+00,3.370533154471993420e+00,2.248951946189666540e+00,4.051947507269216153e+00
2.285654693841934204e-01,3.305557966232299805e+00,2.326024293899536133e+00,4.041918277740478516e+00,3.312337790942221805e+00,2.329159290016634465e+00,4.049267173153037191e+00
2.288573831319808960e-01,3.245492696762084961e+00,2.404532909393310547e+00,4.039183139801025391e+00,3.252170570285008999e+00,2.407817580062089124e+00,4.046504530713388448e+00
2.291492968797683716e-01,3.183509111404418945e+00,2.481454849243164062e+00,4.036377906799316406e+00,3.190074016911490062e+00,2.484876472667975733e+00,4.043659644158079658e+00
2.294411957263946533e-01,3.119653940200805664e+00,2.556733846664428711e+00,4.033500671386718750e+00,3.126098905455152455e+00,2.560273706626457813e+00,4.040729614751608523e+00
2.297331094741821289e-01,3.053960561752319336e+00,2.630333662033081055e+00,4.030549526214599609e+00,3.060270053544435154e+00,2.633984864787847879e+00,4.037713346505954704e+00
2.300250232219696045e-01,2.986480712890625000e+00,2.702198743820190430e+00,4.027523517608642578e+00,2.992642278217207963e+00,2.705949887124954323e+00,4.034609348747984825e+00
2.303169369697570801e-01,2.917254209518432617e+00,2.772288560867309570e+00,4.024419784545898438e+00,2.923261323163109271e+00,2.776122135545953995e+00,4.031415492723313676e+00
2.306088358163833618e-01,2.846240043640136719e+00,2.840437889099121094e+00,4.021090984344482422e+00,2.852186494457003896e+00,2.844446354744635919e+00,4.028131435812761119e+00
2.309007495641708374e-01,2.773550510406494141e+00,2.906691074371337891e+00,4.017640590667724609e+00,2.779444598635113284e+00,2.910899853788682545e+00,4.024754680184728706e+00
2.311926633119583130e-01,2.699272394180297852e+00,2.971026897430419922e+00,4.014109134674072266e+00,2.705096582689638929e+00,2.975427985880001014e+00,4.021283280351818590e+00
2.314845770597457886e-01,2.623450756072998047e+00,3.033409357070922852e+00,4.010494709014892578e+00,2.629205166431177965e+00,3.037980477614205199e+00,4.017716414775118317e+00
2.317764759063720703e-01,2.546145677566528320e+00,3.093792438507080078e+00,4.006795406341552734e+00,2.551800038923593750e+00,3.098537150052038669e+00,4.014052305202694626e+00
2.320683896541595459e-01,2.467398405075073242e+00,3.152147054672241211e+00,4.003009319305419922e+00,2.472946435836423262e+00,3.157049341707768075e+00,4.010289842454473508e+00
2.323603034019470215e-01,2.387269496917724609e+00,3.208431720733642578e+00,3.999136209487915039e+00,2.392698292258801818e+00,3.213478509284146689e+00,4.006425994250892408e+00
2.326522171497344971e-01,2.305812120437622070e+00,3.262612104415893555e+00,3.995172977447509766e+00,2.311111686860345849e+00,3.267789774969530381e+00,4.002460148775735860e+00
2.329441159963607788e-01,2.223086357116699219e+00,3.314651966094970703e+00,3.991119146347045898e+00,2.228256746164027025e+00,3.319940903158159262e+00,3.998391642559307346e+00
2.332360297441482544e-01,2.139141798019409180e+00,3.364523649215698242e+00,3.986972332000732422e+00,2.144164602065287362e+00,3.369914542858764239e+00,3.994216552331731673e+00
2.335279434919357300e-01,2.054038047790527344e+00,3.412194728851318359e+00,3.982731103897094727e+00,2.058907692011974433e+00,3.417671876645791862e+00,3.989935079752757296e+00
2.338198572397232056e-01,1.967836499214172363e+00,3.457634210586547852e+00,3.978393793106079102e+00,1.972558106229385322e+00,3.463175181402117442e+00,3.985544858552070746e+00
2.341117560863494873e-01,1.880597114562988281e+00,3.500814676284790039e+00,3.973958730697631836e+00,1.885150463896848594e+00,3.506412363770339713e+00,3.981045080921843393e+00
2.344036698341369629e-01,1.792376518249511719e+00,3.541711330413818359e+00,3.969424724578857422e+00,1.796758480493996224e+00,3.547348335373351702e+00,3.976433232144503283e+00
2.346955835819244385e-01,1.703236818313598633e+00,3.580299139022827148e+00,3.964789867401123047e+00,1.707457761703946364e+00,3.585951399689563779e+00,3.971707372017555304e+00
2.349874824285507202e-01,1.613203644752502441e+00,3.616446733474731445e+00,3.959938526153564453e+00,1.617284591949849304e+00,3.622213170563857165e+00,3.966867492665297146e+00
2.352793961763381958e-01,1.522359490394592285e+00,3.650168180465698242e+00,3.954909086227416992e+00,1.526315399684290641e+00,3.656104463205802180e+00,3.961910971385753211e+00
2.355713099241256714e-01,1.430789589881896973e+00,3.681515932083129883e+00,3.949774503707885742e+00,1.434628028623706530e+00,3.687599969517863840e+00,3.956835998079891503e+00
2.358632236719131470e-01,1.338564276695251465e+00,3.710469722747802734e+00,3.944533109664916992e+00,1.342245376074903795e+00,3.716697923314195684e+00,3.951640937985448243e+00
2.361551225185394287e-01,1.245746731758117676e+00,3.737014293670654297e+00,3.939182996749877930e+00,1.249288847807838554e+00,3.743361923842049244e+00,3.946325014254082220e+00
2.364470362663269043e-01,1.152396559715270996e+00,3.761137247085571289e+00,3.933722257614135742e+00,1.155781529788453055e+00,3.767592479154586282e+00,3.940886199014421720e+00
2.367389500141143799e-01,1.058579921722412109e+00,3.782825231552124023e+00,3.928149461746215820e+00,1.061803577841731627e+00,3.789371643443248949e+00,3.935322641162893209e+00
2.370308637619018555e-01,9.643642306327819824e-01,3.802067995071411133e+00,3.922463417053222656e+00,9.674362585754752164e-01,3.808685447233175925e+00,3.929633284464631782e+00
2.373227626085281372e-01,8.698193430900573730e-01,3.818855762481689453e+00,3.916662454605102539e+00,8.727170823858044768e-01,3.825532758767945296e+00,3.923816508744347509e+00
2.376146763563156128e-01,7.750008106231689453e-01,3.833183526992797852e+00,3.910744667053222656e+00,7.777276876659723337e-01,3.839901213112375977e+00,3.917869533639954494e+00
2.379065901041030884e-01,6.799814701080322266e-01,3.845045328140258789e+00,3.904708385467529297e+00,6.825501679800697330e-01,3.851785429440317543e+00,3.911793159953418808e+00
2.381985038518905640e-01,5.848245024681091309e-01,3.854437828063964844e+00,3.898552417755126953e+00,5.872224884049436211e-01,3.861185461761010629e+00,3.905583621048598797e+00
2.384904026985168457e-01,4.896056056022644043e-01,3.861359357833862305e+00,3.892275571823120117e+00,4.918270038142104617e-01,3.868098276027366555e+00,3.899240704892011244e+00
2.387823164463043213e-01,3.943757116794586182e-01,3.865810632705688477e+00,3.885875225067138672e+00,3.964461107646877758e-01,3.872522210552952870e+00,3.892762231368154691e+00
2.390742301940917969e-01,2.992133498191833496e-01,3.867793798446655273e+00,3.879350185394287109e+00,3.011030964351905093e-01,3.874464045227149267e+00,3.886146511962819350e+00
2.393661439418792725e-01,2.041834145784378052e-01,3.867232561111450195e+00,3.872618913650512695e+00,2.059248579781634836e-01,3.873924357288394571e+00,3.879393634722522410e+00
2.396580427885055542e-01,1.093758419156074524e-01,3.864108324050903320e+00,3.865656137466430664e+00,1.109344558891064980e-01,3.870911153038225638e+00,3.872500433598315528e+00
2.399499565362930298e-01,1.483305357396602631e-02,3.858535289764404297e+00,3.858563899993896484e+00,1.621412977159500737e-02,3.865431139293102891e+00,3.865465145441234540e+00
2.402418702840805054e-01,-7.936690002679824829e-02,3.850523710250854492e+00,3.851341724395751953e+00,-7.815425459074624992e-02,3.857496399084594518e+00,3.858288034408686507e+00
2.405337840318679810e-01,-1.731642037630081177e-01,3.840085268020629883e+00,3.843987703323364258e+00,-1.721332369966980524e-01,3.847117319976012251e+00,3.850966310543157523e+00
2.408256828784942627e-01,-2.664841115474700928e-01,3.827234745025634766e+00,3.836501121520996094e+00,-2.656415280377061316e-01,3.834308998730734164e+00,3.843499826872077918e+00
2.411175966262817383e-01,-3.592744171619415283e-01,3.811986446380615234e+00,3.828879594802856445e+00,-3.585982971008311315e-01,3.819087061162202978e+00,3.835885649940593112e+00
2.414095103740692139e-01,-4.514637291431427002e-01,3.794358730316162109e+00,3.821122646331787109e+00,-4.509670280046125246e-01,3.801468106431578509e+00,3.828123695044845842e+00
2.417014241218566895e-01,-5.429887175559997559e-01,3.774370193481445312e+00,3.813227891921997070e+00,-5.426678149023644870e-01,3.781471683553080609e+00,3.820211571476725965e+00
2.419933229684829712e-01,-6.337816119194030762e-01,3.752043724060058594e+00,3.805195093154907227e+00,-6.336215651415372241e-01,3.759122674905034600e+00,3.812148944204252210e+00
2.422852367162704468e-01,-7.237856388092041016e-01,3.727400064468383789e+00,3.797022104263305664e+00,-7.237929273952488085e-01,3.734438959857355744e+00,3.803933562333584817e+00
2.425771504640579224e-01,-8.129374384880065918e-01,3.700464487075805664e+00,3.788707733154296875e+00,-8.131041401922245448e-01,3.707448352391677027e+00,3.795564731163136862e+00
2.428690642118453979e-01,-9.011764526367187500e-01,3.671262502670288086e+00,3.780249595642089844e+00,-9.014923697259631385e-01,3.678177719590184136e+00,3.787041038801108428e+00
2.431609630584716797e-01,-9.884322881698608398e-01,3.639826536178588867e+00,3.771649122238159180e+00,-9.888957652807865983e-01,3.646655945604435178e+00,3.778361340608180630e+00
2.434528768062591553e-01,-1.074659943580627441e+00,3.606179952621459961e+00,3.762901544570922852e+00,-1.075239067479689448e+00,3.612916643128118999e+00,3.769523275220190150e+00
2.437447905540466309e-01,-1.159766077995300293e+00,3.570318460464477539e+00,3.753962039947509766e+00,-1.160489965971647663e+00,3.576985803236159001e+00,3.760527143589566634e+00
2.440367043018341064e-01,-1.243650794029235840e+00,3.532195091247558594e+00,3.744738817214965820e+00,-1.244575740418078169e+00,3.538901041925897939e+00,3.751371663562731662e+00
2.443286031484603882e-01,-1.326307415962219238e+00,3.491974353790283203e+00,3.735368251800537109e+00,-1.327424088898287557e+00,3.498702693067804237e+00,3.742054949658991436e+00
2.446205168962478638e-01,-1.407694816589355469e+00,3.449686288833618164e+00,3.725847721099853516e+00,-1.409004663405186930e+00,3.456418398107721224e+00,3.732575824316916702e+00
2.449124306440353394e-01,-1.487748384475708008e+00,3.405373811721801758e+00,3.716176033020019531e+00,-1.489248163173267692e+00,3.412092831855688235e+00,3.722934002197181513e+00
2.452043443918228149e-01,-1.566418290138244629e+00,3.359075069427490234e+00,3.706352949142456055e+00,-1.568099313064165834e+00,3.365766024113651333e+00,3.713127574526644992e+00
2.454962432384490967e-01,-1.643644928932189941e+00,3.310836315155029297e+00,3.696377515792846680e+00,-1.645492323585648897e+00,3.317487806601604028e+00,3.703156806554324110e+00
2.457881569862365723e-01,-1.719386458396911621e+00,3.260694503784179688e+00,3.686247348785400391e+00,-1.721399340079954765e+00,3.267288417726999850e+00,3.693018994351465523e+00
2.460800707340240479e-01,-1.793587684631347656e+00,3.208697319030761719e+00,3.675961971282958984e+00,-1.795756611447440365e+00,3.215220495850337645e+00,3.682714303946653445e+00
2.463719695806503296e-01,-1.866196036338806152e+00,3.154893875122070312e+00,3.665520906448364258e+00,-1.868514588800519682e+00,3.161330505707677041e+00,3.672241459228727578e+00
2.466638833284378052e-01,-1.937172532081604004e+00,3.099325895309448242e+00,3.654922485351562500e+00,-1.939612711568108994e+00,3.105674705105955891e+00,3.661599765787019400e+00
2.469557970762252808e-01,-2.006464719772338867e+00,3.042046308517456055e+00,3.644165992736816406e+00,-2.009027623911302296e+00,3.048287868893785113e+00,3.650787712985199995e+00
2.472477108240127563e-01,-2.074031352996826172e+00,2.983102798461914062e+00,3.633250474929809570e+00,-2.076702200051862679e+00,2.989228652249672713e+00,3.639804934763763100e+00
2.475396096706390381e-01,-2.139821767807006836e+00,2.922553777694702148e+00,3.622175931930541992e+00,-2.142581978451674196e+00,2.928558700284245919e+00,3.628651760006248228e+00
2.478315234184265137e-01,-2.203805446624755859e+00,2.860441446304321289e+00,3.610939502716064453e+00,-2.206645256538681821e+00,2.866314042796015205e+00,3.617324906631183890e+00
2.481234371662139893e-01,-2.265922784805297852e+00,2.796820163726806641e+00,3.599529027938842773e+00,-2.268841912832965768e+00,2.802558939475868538e+00,3.605825874146400878e+00
2.484153509140014648e-01,-2.326015472412109375e+00,2.731650829315185547e+00,3.587793588638305664e+00,-2.329131397975246820e+00,2.737349321283496728e+00,3.594152803619421466e+00
2.487072497606277466e-01,-2.384169101715087891e+00,2.665104866027832031e+00,3.575897932052612305e+00,-2.387467701700106026e+00,2.670752365138541862e+00,3.582306550611532803e+00
2.489991635084152222e-01,-2.440358877182006836e+00,2.597227811813354492e+00,3.563838243484497070e+00,-2.443834053964175190e+00,2.602807162181030254e+00,3.570284303359585465e+00
2.492910772562026978e-01,-2.494545459747314453e+00,2.528085947036743164e+00,3.551615953445434570e+00,-2.498187433630824739e+00,2.533583263135815944e+00,3.558087211521507420e+00
2.495829910039901733e-01,-2.546700000762939453e+00,2.457735538482666016e+00,3.539229631423950195e+00,-2.550495552647848108e+00,2.463140690212476169e+00,3.545714261450976679e+00
2.498748898506164551e-01,-2.596788644790649414e+00,2.386242866516113281e+00,3.526679039001464844e+00,-2.600719084485711541e+00,2.391551119683656523e+00,3.533165226035763773e+00
2.501668035984039307e-01,-2.644788980484008789e+00,2.313662767410278320e+00,3.513964176177978516e+00,-2.648848070271332400e+00,2.318856644218387775e+00,3.520439210640616157e+00
2.504587173461914062e-01,-2.690673351287841797e+00,2.240058898925781250e+00,3.501083612442016602e+00,-2.694846676337420810e+00,2.245130049758165658e+00,3.507535822952339899e+00
2.507506310939788818e-01,-2.734419345855712891e+00,2.165491104125976562e+00,3.488036632537841797e+00,-2.738682648302915634e+00,2.170446039686205530e+00,3.494455416700148032e+00
2.510425448417663574e-01,-2.776003599166870117e+00,2.090024232864379883e+00,3.474822998046875000e+00,-2.780357378128463175e+00,2.094837389429934138e+00,3.481196753742454408e+00
2.513344585895538330e-01,-2.815403223037719727e+00,2.013728380203247070e+00,3.461444377899169922e+00,-2.819819353869343459e+00,2.018411866439961067e+00,3.467761187141030099e+00
2.516263425350189209e-01,-2.852598905563354492e+00,1.936671257019042969e+00,3.447900056838989258e+00,-2.857066379020188673e+00,1.941214011382447424e+00,3.454148249875078402e+00
2.519182562828063965e-01,-2.887581825256347656e+00,1.858901143074035645e+00,3.434187173843383789e+00,-2.892087922803571853e+00,1.863298364431870580e+00,3.440356572816364977e+00
2.522101700305938721e-01,-2.920335531234741211e+00,1.780486345291137695e+00,3.420305728912353516e+00,-2.924862123523500834e+00,1.784742663682184149e+00,3.426386553964654524e+00
2.525020837783813477e-01,-2.950842857360839844e+00,1.701505541801452637e+00,3.406258106231689453e+00,-2.955376784924836464e+00,1.705613452640508676e+00,3.412238149763427320e+00
2.527939975261688232e-01,-2.978941917419433594e+00,1.621988415718078613e+00,3.391893625259399414e+00,-2.983621728495534864e+00,1.625978325844719574e+00,3.397911731470887098e+00
2.530859112739562988e-01,-3.004760742187500000e+00,1.542037606239318848e+00,3.377346277236938477e+00,-3.009583002296846832e+00,1.545916329512372345e+00,3.383407623324022229e+00
2.533778250217437744e-01,-3.028312206268310547e+00,1.461716651916503906e+00,3.362631559371948242e+00,-3.033265973027439610e+00,1.465471844221966080e+00,3.368725306304066969e+00
2.536697387695312500e-01,-3.049588918685913086e+00,1.381104111671447754e+00,3.347751855850219727e+00,-3.054661274938922144e+00,1.384724253081556888e+00,3.353865942712045634e+00
2.539616227149963379e-01,-3.068589210510253906e+00,1.300271153450012207e+00,3.332708358764648438e+00,-3.073762099768037714e+00,1.303753367672375374e+00,3.338830077989516365e+00
2.542535364627838135e-01,-3.085317134857177734e+00,1.219266057014465332e+00,3.317497730255126953e+00,-3.090577204901886699e+00,1.222602607636152028e+00,3.323616192591718921e+00
2.545454502105712891e-01,-3.099773645401000977e+00,1.138159036636352539e+00,3.302120923995971680e+00,-3.105104660743979395e+00,1.141351393035935580e+00,3.308225801930553267e+00
2.548373639583587646e-01,-3.111962556838989258e+00,1.057021737098693848e+00,3.286579608917236328e+00,-3.117348483454192021e+00,1.060067515570237928e+00,3.292659214808208556e+00
2.551292777061462402e-01,-3.121889114379882812e+00,9.759229421615600586e-01,3.270874023437500000e+00,-3.127315379874421097e+00,9.788180444340366382e-01,3.276917186824953809e+00
2.554211914539337158e-01,-3.129563093185424805e+00,8.949245810508728027e-01,3.255004882812500000e+00,-3.135010222047536654e+00,8.976815962246519343e-01,3.261000052214502176e+00
2.557131052017211914e-01,-3.134994506835937500e+00,8.140896558761596680e-01,3.238970994949340820e+00,-3.140451156308245562e+00,8.167010488701264004e-01,3.244908946085138357e+00
2.560050189495086670e-01,-3.138195514678955078e+00,7.334818243980407715e-01,3.222773313522338867e+00,-3.143646280633222378e+00,7.359539801706697082e-01,3.228643708845579940e+00
2.562969028949737549e-01,-3.139180421829223633e+00,6.531830430030822754e-01,3.206415653228759766e+00,-3.144610067809311627e+00,6.555183295715792946e-01,3.212207458893649559e+00
2.565888166427612305e-01,-3.137965679168701172e+00,5.732347965240478516e-01,3.189894437789916992e+00,-3.143360755213620905e+00,5.754343851045138347e-01,3.195597216324008727e+00
2.568807303905487061e-01,-3.134569406509399414e+00,4.937083721160888672e-01,3.173211812973022461e+00,-3.139916586131574316e+00,4.957785870693847130e-01,3.178816222316205753e+00
2.571726441383361816e-01,-3.128894329071044922e+00,4.146894216537475586e-01,3.156255245208740234e+00,-3.134296438481264602e+00,4.166265253975972582e-01,3.161865244747349202e+00
2.574645578861236572e-01,-3.121038675308227539e+00,3.362441360950469971e-01,3.139099121093750000e+00,-3.126526214826944372e+00,3.380169984499020730e-01,3.144745087163851593e+00
2.577564716339111328e-01,-3.111072063446044922e+00,2.584160864353179932e-01,3.121786117553710938e+00,-3.116628151688119797e+00,2.600236944547265616e-01,3.127456371809651525e+00
2.580483853816986084e-01,-3.099020719528198242e+00,1.812646985054016113e-01,3.104317188262939453e+00,-3.104629446829084927e+00,1.827077582893983643e-01,3.110000985057304934e+00
2.583402693271636963e-01,-3.084913969039916992e+00,1.048565655946731567e-01,3.086695671081542969e+00,-3.090559866761522390e+00,1.061409042953345844e-01,3.092381959202586739e+00
2.586321830749511719e-01,-3.068778038024902344e+00,2.922908030450344086e-02,3.068917036056518555e+00,-3.074446833964007197e+00,3.035829025522930602e-02,3.074596715125176960e+00
2.589240968227386475e-01,-3.050646781921386719e+00,-4.554636403918266296e-02,3.050986766815185547e+00,-3.056323307092274177e+00,-4.457032881534732371e-02,3.056648274120881137e+00
2.592160105705261230e-01,-3.030554056167602539e+00,-1.194132268428802490e-01,3.032905578613281250e+00,-3.036222889675200598e+00,-1.185882526140658172e-01,3.038537906534273247e+00
2.595079243183135986e-01,-3.008533954620361328e+00,-1.923199594020843506e-01,3.014674663543701172e+00,-3.014182653589472238e+00,-1.916285751136797555e-01,3.020267964932875415e+00
2.597998380661010742e-01,-2.984622240066528320e+00,-2.642159759998321533e-01,2.996294498443603516e+00,-2.990237658582377112e+00,-2.636602052213742886e-01,3.001839096057880685e+00
2.600917518138885498e-01,-2.958856821060180664e+00,-3.350486457347869873e-01,2.977766275405883789e+00,-2.964427469953939021e+00,-3.346186677311476787e-01,2.983253237224704701e+00
2.603836655616760254e-01,-2.931280136108398438e+00,-4.047608673572540283e-01,2.959093570709228516e+00,-2.936793155183937021e+00,-4.044527176965106996e-01,2.964512782429402638e+00
2.606755495071411133e-01,-2.901934623718261719e+00,-4.733011424541473389e-01,2.940278768539428711e+00,-2.907379427251899351e+00,-4.731013832897701388e-01,2.945620486905649482e+00
2.609674632549285889e-01,-2.870856523513793945e+00,-5.406363606452941895e-01,2.921319007873535156e+00,-2.876222448748050997e+00,-5.405379822630487219e-01,2.926574257549471980e+00
2.612593770027160645e-01,-2.838090181350708008e+00,-6.067177653312683105e-01,2.902216911315917969e+00,-2.843373668088024164e+00,-6.066937831095171596e-01,2.907378744305613161e+00
2.615512907505035400e-01,-2.803620815277099609e+00,-6.714335083961486816e-01,2.882899999618530273e+00,-2.808871935565209643e+00,-6.715558994486104938e-01,2.888035470088634149e+00
2.618432044982910156e-01,-2.767509222030639648e+00,-7.347503900527954102e-01,2.863383531570434570e+00,-2.772774341695011913e+00,-7.350374540837902870e-01,2.868546253569599358e+00
2.621351182460784912e-01,-2.729860067367553711e+00,-7.966723442077636719e-01,2.843734025955200195e+00,-2.735122429833672708e+00,-7.971287080599861463e-01,2.848913632139914220e+00
2.624270319938659668e-01,-2.690719842910766602e+00,-8.571646809577941895e-01,2.823952198028564453e+00,-2.695968635089323495e+00,-8.577785483338791206e-01,2.829139607613446294e+00
2.627189457416534424e-01,-2.650143384933471680e+00,-9.161815643310546875e-01,2.804041385650634766e+00,-2.655363832816221237e+00,-9.169483539720191256e-01,2.809226115584227301e+00
2.630108296871185303e-01,-2.608186006546020508e+00,-9.736831188201904297e-01,2.784006595611572266e+00,-2.613366192747145877e+00,-9.745919718510299701e-01,2.789177722733026776e+00
2.633027434349060059e-01,-2.564890623092651367e+00,-1.029648423194885254e+00,2.763845205307006836e+00,-2.570018096881330649e+00,-1.030693370695731081e+00,2.768992929332551256e+00
2.635946571826934814e-01,-2.520311832427978516e+00,-1.084041953086853027e+00,2.743559598922729492e+00,-2.525383437727479752e+00,-1.085200446182503775e+00,2.748676320693829833e+00
2.638865709304809570e-01,-2.474506378173828125e+00,-1.136829853057861328e+00,2.723153352737426758e+00,-2.479508938370787341e+00,-1.138101292091627803e+00,2.728230035484775939e+00
2.641784846782684326e-01,-2.427531957626342773e+00,-1.187981128692626953e+00,2.702630281448364258e+00,-2.432454759616673012e+00,-1.189356980311082834e+00,2.707656954674373839e+00
2.644703984260559082e-01,-2.379441738128662109e+00,-1.237471461296081543e+00,2.681991577148437500e+00,-2.384277291546655242e+00,-1.238940048246097714e+00,2.686959368158196693e+00
2.647623121738433838e-01,-2.330290794372558594e+00,-1.285277247428894043e+00,2.661238908767700195e+00,-2.335034150621319249e+00,-1.286825213981257710e+00,2.666140209348663248e+00
2.650542259216308594e-01,-2.280134677886962891e+00,-1.331376433372497559e+00,2.640374422073364258e+00,-2.284788510050675292e+00,-1.332980483971647478e+00,2.645202356400899735e+00
2.653461098670959473e-01,-2.229042530059814453e+00,-1.375737547874450684e+00,2.619405508041381836e+00,-2.233590510564009257e+00,-1.377403198623162961e+00,2.624150555981671129e+00
2.656380236148834229e-01,-2.177057981491088867e+00,-1.418354392051696777e+00,2.598328351974487305e+00,-2.181500511846357071e+00,-1.420062696375283151e+00,2.602983393113094124e+00
2.659299373626708984e-01,-2.124223947525024414e+00,-1.459155201911926270e+00,2.577103376388549805e+00,-2.128585845514266328e+00,-1.460935374686084476e+00,2.581706774738923738e+00
2.662218511104583740e-01,-2.070589780807495117e+00,-1.498087406158447266e+00,2.555701017379760742e+00,-2.074894328544920175e+00,-1.500021712045455313e+00,2.560322559998184033e+00
2.665137648582458496e-01,-2.016249656677246094e+00,-1.535226345062255859e+00,2.534202575683593750e+00,-2.020491723325648525e+00,-1.537300230859631744e+00,2.538834142638807023e+00
2.668056786060333252e-01,-1.961270928382873535e+00,-1.570555448532104492e+00,2.512613773345947266e+00,-1.965438788053954999e+00,-1.572760234569125171e+00,2.517245396267302482e+00
2.670975923538208008e-01,-1.905710220336914062e+00,-1.604068160057067871e+00,2.490936994552612305e+00,-1.909794849090252322e+00,-1.606392028280286377e+00,2.495558397259842298e+00
2.673895061016082764e-01,-1.849625706672668457e+00,-1.635758161544799805e+00,2.469173908233642578e+00,-1.853627276602852980e+00,-1.638182115452389676e+00,2.473777420050998543e+00
2.676813900470733643e-01,-1.793079257011413574e+00,-1.665619611740112305e+00,2.447329521179199219e+00,-1.796991697749743766e+00,-1.668134189444133941e+00,2.451907591197911351e+00
2.679733037948608398e-01,-1.736122727394104004e+00,-1.693653225898742676e+00,2.425403833389282227e+00,-1.739938483058577789e+00,-1.696249098880393547e+00,2.429947927483371739e+00
2.682652175426483154e-01,-1.678822040557861328e+00,-1.719854593276977539e+00,2.403402566909790039e+00,-1.682535260966603552e+00,-1.722520002244100290e+00,2.407903665541246685e+00
2.685571312904357910e-01,-1.621233701705932617e+00,-1.744226098060607910e+00,2.381328105926513672e+00,-1.624842251494708067e+00,-1.746948485175628063e+00,2.385778982240352786e+00
2.688490450382232666e-01,-1.563413977622985840e+00,-1.766771316528320312e+00,2.359182834625244141e+00,-1.566918560785460102e+00,-1.769537359354354855e+00,2.363577001556065316e+00
2.691409587860107422e-01,-1.505420684814453125e+00,-1.787495255470275879e+00,2.336970329284667969e+00,-1.508830188404585160e+00,-1.790286257340475862e+00,2.341301650933340639e+00
2.694328725337982178e-01,-1.447317600250244141e+00,-1.806402564048767090e+00,2.314696073532104492e+00,-1.450621725476668455e+00,-1.809213328998132031e+00,2.318955855606011696e+00
2.697247564792633057e-01,-1.389163494110107422e+00,-1.823502063751220703e+00,2.292364358901977539e+00,-1.392359515091039501e+00,-1.826324081978400571e+00,2.296546248539053980e+00
2.700166702270507812e-01,-1.331002593040466309e+00,-1.838807463645935059e+00,2.269973754882812500e+00,-1.334105109411629186e+00,-1.841620242718499334e+00,2.274071582283363480e+00
2.703085839748382568e-01,-1.272893548011779785e+00,-1.852305173873901367e+00,2.247508049011230469e+00,-1.275902840593236443e+00,-1.855127223827950811e+00,2.251538379690981362e+00
2.706004977226257324e-01,-1.214912891387939453e+00,-1.863925218582153320e+00,2.224911212921142578e+00,-1.217815553732512601e+00,-1.866854460358119416e+00,2.228950492736846645e+00
2.708924114704132080e-01,-1.157105445861816406e+00,-1.873795032501220703e+00,2.202271699905395508e+00,-1.159898199240180894e+00,-1.876817860727274745e+00,2.206311200838521280e+00
2.711843252182006836e-01,-1.099524855613708496e+00,-1.881932735443115234e+00,2.179593086242675781e+00,-1.102205436460965249e+00,-1.885036072083476677e+00,2.183624925947679873e+00
2.714762389659881592e-01,-1.042219042778015137e+00,-1.888358712196350098e+00,2.156877279281616211e+00,-1.044797353172354448e+00,-1.891525178367529536e+00,2.160895418476857177e+00
2.717681527137756348e-01,-9.852461814880371094e-01,-1.893093585968017578e+00,2.134130716323852539e+00,-9.877123058088591590e-01,-1.896314802351665163e+00,2.138126616611908837e+00
2.720600366592407227e-01,-9.286614656448364258e-01,-1.896160364151000977e+00,2.111358880996704102e+00,-9.310169635446422509e-01,-1.899423053055321331e+00,2.115325157247907484e+00
2.723519504070281982e-01,-8.725010156631469727e-01,-1.897584438323974609e+00,2.088560342788696289e+00,-8.747449659085149154e-01,-1.900877749030074337e+00,2.092490136688804458e+00
2.726438641548156738e-01,-8.168160319328308105e-01,-1.897391676902770996e+00,2.065740346908569336e+00,-8.189533350357176555e-01,-1.900703572177357525e+00,2.069627655945361688e+00
2.729357779026031494e-01,-7.616558074951171875e-01,-1.895609617233276367e+00,2.042903661727905273e+00,-7.636904633714880486e-01,-1.898929085641346548e+00,2.046742484080310120e+00
2.732276916503906250e-01,-7.070696353912353516e-01,-1.892267227172851562e+00,2.020055055618286133e+00,-7.090098029163737214e-01,-1.895580982538132009e+00,2.023838472307448288e+00
2.735196053981781006e-01,-6.530988812446594238e-01,-1.887394905090332031e+00,1.997197389602661133e+00,-6.549351450933648122e-01,-1.890698672458359875e+00,2.000920166901785979e+00
2.738115191459655762e-01,-5.997866988182067871e-01,-1.881024599075317383e+00,1.974334597587585449e+00,-6.015391811509698261e-01,-1.884303659276463039e+00,1.977991321220204268e+00
2.741034328937530518e-01,-5.471742749214172363e-01,-1.873189210891723633e+00,1.951470494270324707e+00,-5.488427557252124611e-01,-1.876437016227449517e+00,1.955056072439002701e+00
2.743953168392181396e-01,-4.953042268753051758e-01,-1.863923072814941406e+00,1.928609728813171387e+00,-4.969019204098190645e-01,-1.867132181351645270e+00,1.932121657956848093e+00
2.746872305870056152e-01,-4.442141950130462646e-01,-1.853259801864624023e+00,1.905753970146179199e+00,-4.457405653907103305e-01,-1.856423718764744324e+00,1.909186652799341521e+00
2.749791443347930908e-01,-3.940061330795288086e-01,-1.841139197349548340e+00,1.882826089859008789e+00,-3.954047634002437195e-01,-1.844349449082375969e+00,1.886258152334951976e+00
2.752710580825805664e-01,-3.446572422981262207e-01,-1.827703237533569336e+00,1.859915971755981445e+00,-3.459308677896597017e-01,-1.830947901558212854e+00,1.863340651494012290e+00
2.755629718303680420e-01,-2.961976826190948486e-01,-1.812989592552185059e+00,1.837026000022888184e+00,-2.973608776714366519e-01,-1.816257116376711167e+00,1.840438372877117645e+00
2.758548855781555176e-01,-2.486670613288879395e-01,-1.797039747238159180e+00,1.814162850379943848e+00,-2.497140503785687249e-01,-1.800319455140976910e+00,1.817555294211313344e+00
2.761467993259429932e-01,-2.020942717790603638e-01,-1.779893755912780762e+00,1.791330218315124512e+00,-2.030291306088306547e-01,-1.783175273452286103e+00,1.794696320753851992e+00
2.764387130737304688e-01,-1.565076708793640137e-01,-1.761592507362365723e+00,1.768531322479248047e+00,-1.573360601068419240e-01,-1.764866014873346156e+00,1.771865312676127013e+00
2.767305970191955566e-01,-1.119370907545089722e-01,-1.742178797721862793e+00,1.745771050453186035e+00,-1.126700102479035598e-01,-1.745436891362593945e+00,1.749069602085285169e+00
2.770225107669830322e-01,-6.840236485004425049e-02,-1.721692442893981934e+00,1.723050713539123535e+00,-6.904376509384073379e-02,-1.724926591956081445e+00,1.726307848888938956e+00
2.773144245147705078e-01,-2.593417651951313019e-02,-1.700179338455200195e+00,1.700377106666564941e+00,-2.648919659289951031e-02,-1.703381032443090470e+00,1.703586986104034029e+00
2.776063382625579834e-01,1.544680446386337280e-02,-1.677682280540466309e+00,1.677753329277038574e+00,1.497054516206244683e-02,-1.680844689692462035e+00,1.680911356404554358e+00
2.778982520103454590e-01,5.572060868144035339e-02,-1.654244661331176758e+00,1.655182719230651855e+00,5.530771352959207993e-02,-1.657362967135546539e+00,1.658285544774546594e+00
2.781901657581329346e-01,9.486842900514602661e-02,-1.629910469055175781e+00,1.632668972015380859e+00,9.451536391678762306e-02,-1.632980238004376305e+00,1.635713181376598380e+00
2.784820795059204102e-01,1.328679621219635010e-01,-1.604727506637573242e+00,1.610218763351440430e+00,1.325692003481885872e-01,-1.607743245075047289e+00,1.613199595513649109e+00
2.787739634513854980e-01,1.697024703025817871e-01,-1.578741669654846191e+00,1.587836265563964844e+00,1.694472405013969785e-01,-1.581699790622778989e+00,1.590750324522890446e+00
2.790658771991729736e-01,2.053651213645935059e-01,-1.551993131637573242e+00,1.565521359443664551e+00,2.051468292646135561e-01,-1.554891096097683834e+00,1.568365882784109822e+00
2.793577909469604492e-01,2.397664934396743774e-01,-1.524484992027282715e+00,1.543224692344665527e+00,2.396493473411431818e-01,-1.527365502890434490e+00,1.546052130136880587e+00
2.796497046947479248e-01,2.729491591453552246e-01,-1.496308445930480957e+00,1.520999670028686523e+00,2.729381844895306108e-01,-1.499170576003143296e+00,1.523813528128044048e+00
2.799416184425354004e-01,3.049221038818359375e-01,-1.467515826225280762e+00,1.498859524726867676e+00,3.050157476230281328e-01,-1.470350801675093022e+00,1.501654449693611504e+00
2.802335321903228760e-01,3.356783688068389893e-01,-1.438152074813842773e+00,1.476807713508605957e+00,3.358686223952537797e-01,-1.440953027684818810e+00,1.479578777728219441e+00
2.805254459381103516e-01,3.652144670486450195e-01,-1.408260345458984375e+00,1.454846739768981934e+00,3.654911485729281928e-01,-1.411023363356807003e+00,1.457590721575818149e+00
2.808173596858978271e-01,3.935232460498809814e-01,-1.377888798713684082e+00,1.432982325553894043e+00,3.938793001234442426e-01,-1.380607813001332396e+00,1.435694548428061657e+00
2.811092436313629150e-01,4.206000268459320068e-01,-1.347085356712341309e+00,1.411220431327819824e+00,4.210258404486767470e-01,-1.349754855330502101e+00,1.413895656621725117e+00
2.814011573791503906e-01,4.464505910873413086e-01,-1.315887212753295898e+00,1.389560103416442871e+00,4.469396370113653538e-01,-1.318503469902213787e+00,1.392194828059646339e+00
2.816930711269378662e-01,4.710729420185089111e-01,-1.284341335296630859e+00,1.368006706237792969e+00,4.716166252762969413e-01,-1.286901642077560526e+00,1.370597708161999329e+00
2.819849848747253418e-01,4.944703578948974609e-01,-1.252490282058715820e+00,1.346563458442687988e+00,4.950546124589936814e-01,-1.254995720224718392e+00,1.349108345204077519e+00
2.822768986225128174e-01,5.166465044021606445e-01,-1.220377564430236816e+00,1.325233936309814453e+00,5.172671069513384845e-01,-1.222825670520631958e+00,1.327730349287098432e+00
2.825688123703002930e-01,5.376046299934387207e-01,-1.188048481941223145e+00,1.304023861885070801e+00,5.382549930195199561e-01,-1.190436978752000607e+00,1.306468001097093490e+00
2.828607261180877686e-01,5.573531985282897949e-01,-1.155543088912963867e+00,1.282935142517089844e+00,5.580251301168377420e-01,-1.157872007926951774e+00,1.285324718731692517e+00
2.831526398658752441e-01,5.759005546569824219e-01,-1.122902631759643555e+00,1.261971354484558105e+00,5.765860910457636379e-01,-1.125173046876668748e+00,1.264304514666130697e+00
2.834445238113403320e-01,5.932559370994567871e-01,-1.090168237686157227e+00,1.241136312484741211e+00,5.939449046089370077e-01,-1.092385804504822922e+00,1.243413565791594788e+00
2.837364375591278076e-01,6.093723773956298828e-01,-1.057378649711608887e+00,1.220403313636779785e+00,6.101149246913736279e-01,-1.059544145877348686e+00,1.222650407268619288e+00
2.840283513069152832e-01,6.242920160293579102e-01,-1.024578571319580078e+00,1.199792385101318359e+00,6.251177170514766734e-01,-1.026685175101649028e+00,1.202021051789507355e+00
2.843202650547027588e-01,6.380594372749328613e-01,-9.918076992034912109e-01,1.179322838783264160e+00,6.389513468700493970e-01,-9.938571718567744684e-01,1.181529052422409132e+00
2.846121788024902344e-01,6.506904959678649902e-01,-9.591003656387329102e-01,1.158995985984802246e+00,6.516427427999308408e-01,-9.610909900431185982e-01,1.161177917196963616e+00
2.849040925502777100e-01,6.621997952461242676e-01,-9.264971613883972168e-01,1.138817667961120605e+00,6.632045150740745187e-01,-9.284260129601893397e-01,1.140971117231190934e+00
2.851960062980651855e-01,6.726050972938537598e-01,-8.940325379371643066e-01,1.118790268898010254e+00,6.736508430916067214e-01,-8.959008347957547747e-01,1.120912023392452772e+00
2.854879200458526611e-01,6.819251775741577148e-01,-8.617398738861083984e-01,1.098916530609130859e+00,6.830106261625873421e-01,-8.635424927928070371e-01,1.101003702223487091e+00
2.857798039913177490e-01,6.901790499687194824e-01,-8.296540975570678711e-01,1.079200148582458496e+00,6.912912110664691800e-01,-8.313968255859837120e-01,1.081251228943669762e+00
2.860717177391052246e-01,6.973883509635925293e-01,-7.978025674819946289e-01,1.059641122817993164e+00,6.985181849456498782e-01,-7.994887099629055527e-01,1.061654299693603587e+00
2.863636314868927002e-01,7.035731673240661621e-01,-7.662212848663330078e-01,1.040245294570922852e+00,7.047197498556919681e-01,-7.678454867877667622e-01,1.042217164230666349e+00
2.866555452346801758e-01,7.087560892105102539e-01,-7.349386215209960938e-01,1.021014213562011719e+00,7.099072134259417632e-01,-7.365090002482422848e-01,1.022943673483956317e+00
2.869474589824676514e-01,7.129603028297424316e-01,-7.039827108383178711e-01,1.001950025558471680e+00,7.141123035698490051e-01,-7.055000152396213586e-01,1.003835969475562306e+00
2.872393727302551270e-01,7.162095308303833008e-01,-6.733804345130920410e-01,9.830551147460937500e-01,7.173566693086191881e-01,-6.748496625011675132e-01,9.848972829587334665e-01
2.875312864780426025e-01,7.185280323028564453e-01,-6.431623697280883789e-01,9.643341898918151855e-01,7.196627622758259291e-01,-6.445876603986483433e-01,9.661302931513301440e-01
2.878232002258300781e-01,7.199411988258361816e-01,-6.133515238761901855e-01,9.457882642745971680e-01,7.210634912839886113e-01,-6.147313219517763772e-01,9.475374170191028789e-01
2.881150841712951660e-01,7.204437255859375000e-01,-5.839917063713073730e-01,9.274079799652099609e-01,7.215771109173352293e-01,-5.853173704548155776e-01,9.291232163475133810e-01
2.884069979190826416e-01,7.200630903244018555e-01,-5.551011562347412109e-01,9.091909527778625488e-01,7.212327069571975446e-01,-5.563612353065785499e-01,9.108866239750526006e-01
2.886989116668701172e-01,7.188604474067687988e-01,-5.266922712326049805e-01,8.911594152450561523e-01,7.200609685557435302e-01,-5.278832558540766939e-01,8.928317480066085832e-01
2.889908254146575928e-01,7.168635725975036621e-01,-4.987832009792327881e-01,8.733143806457519531e-01,7.180874828166937673e-01,-4.999068797318408364e-01,8.749608684856944318e-01
2.892827391624450684e-01,7.141001820564270020e-01,-4.713926017284393311e-01,8.556576371192932129e-01,7.153389429194643157e-01,-4.724542368756310950e-01,8.572763902026413474e-01
2.895746529102325439e-01,7.105983495712280273e-01,-4.445381462574005127e-01,8.381910920143127441e-01,7.118491096890791070e-01,-4.455351618713260797e-01,8.397801708952428168e-01
2.898665666580200195e-01,7.063863277435302734e-01,-4.182347655296325684e-01,8.209153413772583008e-01,7.076402353544872792e-01,-4.191776122969282370e-01,8.224746642562967835e-01
2.901584506034851074e-01,7.014935016632080078e-01,-3.925022780895233154e-01,8.038353323936462402e-01,7.027464049773400889e-01,-3.933923918022955157e-01,8.053633239951434319e-01
2.904503643512725830e-01,6.959479451179504395e-01,-3.673501014709472656e-01,7.869495749473571777e-01,6.971966384424101992e-01,-3.681865315758548474e-01,7.884443383582984133e-01
2.907422780990600586e-01,6.897788643836975098e-01,-3.427925109863281250e-01,7.702606916427612305e-01,6.910159324170364048e-01,-3.435846595528305181e-01,7.717210876568170175e-01
2.910341918468475342e-01,6.830151677131652832e-01,-3.188403546810150146e-01,7.537697553634643555e-01,6.842386101999157200e-01,-3.195907981337410830e-01,7.551958381374156426e-01
2.913261055946350098e-01,6.756856441497802734e-01,-2.955039143562316895e-01,7.374778985977172852e-01,6.768924194594480026e-01,-2.962178770504811376e-01,7.388696625291630848e-01
2.916180193424224854e-01,6.678203344345092773e-01,-2.727947831153869629e-01,7.213882803916931152e-01,6.690060938550511649e-01,-2.734777872353294503e-01,7.227442519496959372e-01
2.919099330902099609e-01,6.594476699829101562e-01,-2.507193386554718018e-01,7.055009007453918457e-01,6.606123107883116186e-01,-2.513709786257530832e-01,7.068210481163824666e-01
2.922018468379974365e-01,6.505965590476989746e-01,-2.292842864990234375e-01,6.898167729377746582e-01,6.517361783203221570e-01,-2.299142909918999722e-01,6.911010254180547374e-01
2.924937307834625244e-01,6.412861347198486328e-01,-2.085106670856475830e-01,6.743326783180236816e-01,6.424107504270998303e-01,-2.091088963668910616e-01,6.755872281238661792e-01
2.927856445312500000e-01,6.315354704856872559e-01,-1.884223371744155884e-01,6.590448021888732910e-01,6.326625571574276963e-01,-1.889558234161660966e-01,6.602773768893318573e-01
2.930775582790374756e-01,6.213964223861694336e-01,-1.689885258674621582e-01,6.439647674560546875e-01,6.225214346365853801e-01,-1.694615080653931183e-01,6.451745029817822497e-01
2.933694720268249512e-01,6.108971238136291504e-01,-1.502113044261932373e-01,6.290935873985290527e-01,6.120154087270278653e-01,-1.506281710889988135e-01,6.302790702894454089e-01
2.936613857746124268e-01,6.000642180442810059e-01,-1.320904046297073364e-01,6.144306063652038574e-01,6.011728082171843290e-01,-1.324569345411041044e-01,6.155920604164432097e-01
2.939532995223999023e-01,5.889262557029724121e-01,-1.146279945969581604e-01,5.999780893325805664e-01,5.900209275478139892e-01,-1.149502196530096249e-01,6.011141721359245516e-01
2.942452132701873779e-01,5.775099396705627441e-01,-9.782279282808303833e-02,5.857363343238830566e-01,5.785879973529318709e-01,-9.810250618792190624e-02,5.868459528711325035e-01
2.945371270179748535e-01,5.658413767814636230e-01,-8.167234808206558228e-02,5.717051625251770020e-01,5.669003641948966443e-01,-8.191418810185921440e-02,5.727878814506232041e-01
2.948290109634399414e-01,5.539470911026000977e-01,-6.617463380098342896e-02,5.578857064247131348e-01,5.549856440172348249e-01,-6.638463848006456725e-02,5.589418442837803536e-01
2.951209247112274170e-01,5.418505668640136719e-01,-5.132334679365158081e-02,5.442757606506347656e-01,5.428674546101114329e-01,-5.150539018302554423e-02,5.453053075963657514e-01
2.954128384590148926e-01,5.295786857604980469e-01,-3.711638972163200378e-02,5.308777689933776855e-01,5.305723170738666505e-01,-3.727409225066893872e-02,5.318800067667923681e-01
2.957047522068023682e-01,5.171551108360290527e-01,-2.354744076728820801e-02,5.176908969879150391e-01,5.181249021694681600e-01,-2.368710456162340106e-02,5.186660709653507784e-01
2.959966659545898438e-01,5.046033263206481934e-01,-1.060997974127531052e-02,5.047148466110229492e-01,5.055494559537738741e-01,-1.073206432263411683e-02,5.056633560183908527e-01
2.962885797023773193e-01,4.919460117816925049e-01,1.703524612821638584e-03,4.919489324092864990e-01,4.928694278252770400e-01,1.590436919237754468e-03,4.928719939034982289e-01
2.965804934501647949e-01,4.792074859142303467e-01,1.339911483228206635e-02,4.793947339057922363e-01,4.801075916837669877e-01,1.329416868287998377e-02,4.802916140360515840e-01
2.968724071979522705e-01,4.664081931114196777e-01,2.448058873414993286e-02,4.670501947402954102e-01,4.672864347847314193e-01,2.438591657355897516e-02,4.679223066503216399e-01
2.971642911434173584e-01,4.535704553127288818e-01,3.492296487092971802e-02,4.549129009246826172e-01,4.544287223802556119e-01,3.487343338640306462e-02,4.557648736797377254e-01
2.974562048912048340e-01,4.407159686088562012e-01,4.477874562144279480e-02,4.429849982261657715e-01,4.415523626919372613e-01,4.477009065675770921e-02,4.438162345118150665e-01
2.977481186389923096e-01,4.278646409511566162e-01,5.405806005001068115e-02,4.312660396099090576e-01,4.286787674805155324e-01,5.408481823145349504e-02,4.320771380803933304e-01
2.980400323867797852e-01,4.150371849536895752e-01,6.277061253786087036e-02,4.197571277618408203e-01,4.158276944387132579e-01,6.282723805951209717e-02,4.205471832082607331e-01
2.983319461345672607e-01,4.022513329982757568e-01,7.092839479446411133e-02,4.084568023681640625e-01,4.030167092639468374e-01,7.101382046135934489e-02,4.092254032223058835e-01
2.986238598823547363e-01,3.895241916179656982e-01,7.854362577199935913e-02,3.973640799522399902e-01,3.902649682144400667e-01,7.865057221908253182e-02,3.981113637235277891e-01
2.989157736301422119e-01,3.768718242645263672e-01,8.562915027141571045e-02,3.864773213863372803e-01,3.775884734536884557e-01,8.575476006912162441e-02,3.872039955367188591e-01
2.992076873779296875e-01,3.643109202384948730e-01,9.219735860824584961e-02,3.757962286472320557e-01,3.650037810193104693e-01,9.233791975019846332e-02,3.765023925318228826e-01
2.994995713233947754e-01,3.518584668636322021e-01,9.826066344976425171e-02,3.653211593627929688e-01,3.525278477416930456e-01,9.841247449932226388e-02,3.660066919749830339e-01
2.997914850711822510e-01,3.395257890224456787e-01,1.038341671228408813e-01,3.550482988357543945e-01,3.401729536698551715e-01,1.039930998527127531e-01,3.557136534144418882e-01
3.000833988189697266e-01,3.273274898529052734e-01,1.089311763644218445e-01,3.449772298336029053e-01,3.279531744066631616e-01,1.090966645882014696e-01,3.456231572503176142e-01
3.003753125667572021e-01,3.152763247489929199e-01,1.135658472776412964e-01,3.351064622402191162e-01,3.158833479017225110e-01,1.137324078209184797e-01,3.357340466356433795e-01
3.006672263145446777e-01,3.033857941627502441e-01,1.177519410848617554e-01,3.254357874393463135e-01,3.039744301699505158e-01,1.179186630349974563e-01,3.260448823231356652e-01
3.009591400623321533e-01,2.916665077209472656e-01,1.215043216943740845e-01,3.159630596637725830e-01,2.922383940479230668e-01,1.216689094217416889e-01,3.165542646618192957e-01
3.012510538101196289e-01,2.801291346549987793e-01,1.248376145958900452e-01,3.066867589950561523e-01,2.806862557062468344e-01,1.249981707839617762e-01,3.072609914091423700e-01
3.015429377555847168e-01,2.687982320785522461e-01,1.277386844158172607e-01,2.976065576076507568e-01,2.693289429140883762e-01,1.279206584724291995e-01,2.981640058009017435e-01
3.018348515033721924e-01,2.576703131198883057e-01,1.302512437105178833e-01,2.887202501296997070e-01,2.581735015885143758e-01,1.304530200182452970e-01,2.892603452849272783e-01
3.021267652511596680e-01,2.467531561851501465e-01,1.323916763067245483e-01,2.800261974334716797e-01,2.472301207917213806e-01,1.326087107047657088e-01,2.805491093934703306e-01
3.024186789989471436e-01,2.360542267560958862e-01,1.341749429702758789e-01,2.715225815773010254e-01,2.365049942226059299e-01,1.344057406679599054e-01,2.720285194915006421e-01
3.027105927467346191e-01,2.255796790122985840e-01,1.356160491704940796e-01,2.632069587707519531e-01,2.260072861256957610e-01,1.358556242383300305e-01,2.636968790469247370e-01
3.030025064945220947e-01,2.153368592262268066e-01,1.367296725511550903e-01,2.550783753395080566e-01,2.157417761896716080e-01,1.369762026475581929e-01,2.555523314024336634e-01
3.032944202423095703e-01,2.053311765193939209e-01,1.375307142734527588e-01,2.471347600221633911e-01,2.057146304935710268e-01,1.377816603822395736e-01,2.475930030045139785e-01
3.035863339900970459e-01,1.955671757459640503e-01,1.380338817834854126e-01,2.393739223480224609e-01,1.959313564364366100e-01,1.382862368542857323e-01,2.398169713309330764e-01
3.038782179355621338e-01,1.860496550798416138e-01,1.382537782192230225e-01,2.317942529916763306e-01,1.863959480493306842e-01,1.385068747165807967e-01,2.322231766920851426e-01
3.041701316833496094e-01,1.767805069684982300e-01,1.382048726081848145e-01,2.243923693895339966e-01,1.771110387638972772e-01,1.384563926344356821e-01,2.248076793914472737e-01
3.044620454311370850e-01,1.677644103765487671e-01,1.379014551639556885e-01,2.171674668788909912e-01,1.680809563659406425e-01,1.381492272759539952e-01,2.175693381196726339e-01
3.047539591789245605e-01,1.590031832456588745e-01,1.373576074838638306e-01,2.101169377565383911e-01,1.593070923385437876e-01,1.376010481725097323e-01,2.105060524724518545e-01
3.050458729267120361e-01,1.504986733198165894e-01,1.365872621536254883e-01,2.032386064529418945e-01,1.507918184211629042e-01,1.368253679511059473e-01,2.036157013044831432e-01
3.053377866744995117e-01,1.422521024942398071e-01,1.356040388345718384e-01,1.965301930904388428e-01,1.425363282631905981e-01,1.358360019127554386e-01,1.968959732711517974e-01
3.056297004222869873e-01,1.342636197805404663e-01,1.344212740659713745e-01,1.899889558553695679e-01,1.345413905076391636e-01,1.346466347171831890e-01,1.903446925984321192e-01
3.059216141700744629e-01,1.265499889850616455e-01,1.330423355102539062e-01,1.836168766021728516e-01,1.268076710302633581e-01,1.332701515168406570e-01,1.839595572875765417e-01
3.062134981155395508e-01,1.191002056002616882e-01,1.314890086650848389e-01,1.774097532033920288e-01,1.193346925691054217e-01,1.317205992412381621e-01,1.777388115045044903e-01
3.065054118633270264e-01,1.119073703885078430e-01,1.297768056392669678e-01,1.713629961013793945e-01,1.121199049732265612e-01,1.300107565445041136e-01,1.716789734023350666e-01
3.067973256111145020e-01,1.049704551696777344e-01,1.279178857803344727e-01,1.654744148254394531e-01,1.051644396401126558e-01,1.281517795394998827e-01,1.657782795300985212e-01
3.070892393589019775e-01,9.828866273164749146e-02,1.259243786334991455e-01,1.597423255443572998e-01,9.846510743467545845e-02,1.261570632985425100e-01,1.600343150772191025e-01
3.073811531066894531e-01,9.185968339443206787e-02,1.238078027963638306e-01,1.541641056537628174e-01,9.202024615912975103e-02,1.240379487780472884e-01,1.544446128560407749e-01
3.076730668544769287e-01,8.568085730075836182e-02,1.215793564915657043e-01,1.487371772527694702e-01,8.582780574866007151e-02,1.218055331017304788e-01,1.490067117073136660e-01
3.079649806022644043e-01,7.974904775619506836e-02,1.192497909069061279e-01,1.434587836265563965e-01,7.988360024164585516e-02,1.194719925841434410e-01,1.437182890226317289e-01
3.082568943500518799e-01,7.406139373779296875e-02,1.168297156691551208e-01,1.383266896009445190e-01,7.418618380784547384e-02,1.170467117780315536e-01,1.385767751321303476e-01
3.085487782955169678e-01,6.861523538827896118e-02,1.143297106027603149e-01,1.333391666412353516e-01,6.873125518609697615e-02,1.145410008681472108e-01,1.335800371288063393e-01
3.088406920433044434e-01,6.340537965297698975e-02,1.117589250206947327e-01,1.284924149513244629e-01,6.351369966519541943e-02,1.119646229148366923e-01,1.287247716238883732e-01
3.091326057910919189e-01,5.842824280261993408e-02,1.091269701719284058e-01,1.237843111157417297e-01,5.853133549538607622e-02,1.093265143190224192e-01,1.240088866493883890e-01
3.094245195388793945e-01,5.367938801646232605e-02,1.064428165555000305e-01,1.192122027277946472e-01,5.377851249458172334e-02,1.066366182938509877e-01,1.194298822208175598e-01
3.097164332866668701e-01,4.915491119027137756e-02,1.037155166268348694e-01,1.147741824388504028e-01,4.925099566380249788e-02,1.039034398529256747e-01,1.149851528987392152e-01
3.100083470344543457e-01,4.484970495104789734e-02,1.009531319141387939e-01,1.104673370718955994e-01,4.494435432893271326e-02,1.011352717965786074e-01,1.106722105472393580e-01
3.103002607822418213e-01,4.076825082302093506e-02,9.816278517246246338e-02,1.062919646501541138e-01,4.085239785629016934e-02,9.834063893889694041e-02,1.064884955172112069e-01
3.105921745300292969e-01,3.690141439437866211e-02,9.535294771194458008e-02,1.022443100810050964e-01,3.697144617070394906e-02,9.552653894269452772e-02,1.024314769703307398e-01
3.108840584754943848e-01,3.323838487267494202e-02,9.253229945898056030e-02,9.832098335027694702e-02,3.329551572965448736e-02,9.270097018832165747e-02,9.849904183066843233e-02
3.111759722232818604e-01,2.977270446717739105e-02,8.970677852630615234e-02,9.451834857463836670e-02,2.981846533301861848e-02,8.987008248892761064e-02,9.468776373630907739e-02
3.114678859710693359e-01,2.649921551346778870e-02,8.688298612833023071e-02,9.083425998687744141e-02,2.653520977132384912e-02,8.704061258011068503e-02,9.099552514233369416e-02
3.117597997188568115e-01,2.341211587190628052e-02,8.406672626733779907e-02,8.726592361927032471e-02,2.344038773422237390e-02,8.421864117337786448e-02,8.741985642988014948e-02
3.120517134666442871e-01,2.050602808594703674e-02,8.126387000083923340e-02,8.381118625402450562e-02,2.052725423742455743e-02,8.141014411498864733e-02,8.395820228751378622e-02
3.123436272144317627e-01,1.777523383498191833e-02,7.847973704338073730e-02,8.046755939722061157e-02,1.779123791491062784e-02,7.862016817572060889e-02,8.060805785108300647e-02
3.126355409622192383e-01,1.521384529769420624e-02,7.571913301944732666e-02,7.723242789506912231e-02,1.522553792377131544e-02,7.585400929895089184e-02,7.736696796303657586e-02
3.129274249076843262e-01,1.281629502773284912e-02,7.298693060874938965e-02,7.410363852977752686e-02,1.282459358960070031e-02,7.311646496597681844e-02,7.423265891680927431e-02
3.132193386554718018e-01,1.057622116059064865e-02,7.028675079345703125e-02,7.107801735401153564e-02,1.058265808985409638e-02,7.041131820041644784e-02,7.120215153327215385e-02
3.135112524032592773e-01,8.488059975206851959e-03,6.762278079986572266e-02,6.815341114997863770e-02,8.493323136237674459e-03,6.774288767562459956e-02,6.827324050115712861e-02
3.138031661510467529e-01,6.546236574649810791e-03,6.499892473220825195e-02,6.532774120569229126e-02,6.550969107551265005e-03,6.511482231369773721e-02,6.544352742015453750e-02
3.140950798988342285e-01,4.744830075651407242e-03,6.241830438375473022e-02,6.259838491678237915e-02,4.749965996220966054e-03,6.253046845405452192e-02,6.271061841545466642e-02
3.143869936466217041e-01,3.078103298321366310e-03,5.988392606377601624e-02,5.996298044919967651e-02,3.083762032411241100e-03,5.999282948162236451e-02,6.007203323913349463e-02
3.146789073944091797e-01,1.544138533063232899e-03,5.739992484450340271e-02,5.742069333791732788e-02,1.547523118857594424e-03,5.750465921514363865e-02,5.752547834875606364e-02
3.149708211421966553e-01,1.384898059768602252e-04,5.497008934617042542e-02,5.497026070952415466e-02,1.348489654753748531e-04,5.506843722859924156e-02,5.506860233421277673e-02
3.152627050876617432e-01,-1.150080817751586437e-03,5.259437114000320435e-02,5.260694026947021484e-02,-1.159474366526942442e-03,5.268658520665552708e-02,5.269934194603197869e-02
3.155546188354492188e-01,-2.327296417206525803e-03,5.027410760521888733e-02,5.032794550061225891e-02,-2.341405355522275210e-03,5.036045005318794815e-02,5.041485008009551072e-02
3.158465325832366943e-01,-3.398444969207048416e-03,4.801097884774208069e-02,4.813110455870628357e-02,-3.416191605312924630e-03,4.809191898383743946e-02,4.821310025949580164e-02
3.161384463310241699e-01,-4.368652589619159698e-03,4.580660909414291382e-02,4.601446166634559631e-02,-4.389195339188257591e-03,4.588245014181955433e-02,4.609191107713054431e-02
3.164303600788116455e-01,-5.243096034973859787e-03,4.366209730505943298e-02,4.397577792406082153e-02,-5.265497258399842381e-03,4.373317906437061697e-02,4.404902283200525653e-02
3.167222738265991211e-01,-6.026847288012504578e-03,4.157828539609909058e-02,4.201281443238258362e-02,-6.050582251173778486e-03,4.164506121914670483e-02,4.208230827229770404e-02
3.170141875743865967e-01,-6.724859587848186493e-03,3.955579549074172974e-02,4.012336581945419312e-02,-6.749280482660967480e-03,3.961876761117626156e-02,4.018954508403917852e-02
3.173061013221740723e-01,-7.341903168708086014e-03,3.759521245956420898e-02,3.830540180206298828e-02,-7.366485685371342018e-03,3.765485605878828024e-02,3.836864991318883478e-02
3.175979852676391602e-01,-7.882568985223770142e-03,3.569718077778816223e-02,3.655712679028511047e-02,-7.906852079073350970e-03,3.575384173043168190e-02,3.661769392363621589e-02
3.178898990154266357e-01,-8.351542986929416656e-03,3.386135026812553406e-02,3.487605601549148560e-02,-8.375213669132956784e-03,3.391548288851026910e-02,3.493428378490769093e-02
3.181818127632141113e-01,-8.753187023103237152e-03,3.208788111805915833e-02,3.326034173369407654e-02,-8.775823512135757717e-03,3.214000560831534181e-02,3.331658804287582210e-02
3.184737265110015869e-01,-9.091782383620738983e-03,3.037652373313903809e-02,3.170794248580932617e-02,-9.113387390021428919e-03,3.042711262895875582e-02,3.176260399677492685e-02
3.187656402587890625e-01,-9.371419437229633331e-03,2.872721292078495026e-02,3.021715208888053894e-02,-9.391614698475981432e-03,2.877658110214641532e-02,3.027034929717594552e-02
3.190575540065765381e-01,-9.595194831490516663e-03,2.714046835899353027e-02,2.878667600452899933e-02,-9.614915416151297370e-03,2.718787057277246427e-02,2.883794210309693559e-02
3.193494677543640137e-01,-9.765335358679294586e-03,2.561803720891475677e-02,2.741615474224090576e-02,-9.787073445475594213e-03,2.566040925707169240e-02,2.746349231011132805e-02
3.196413815021514893e-01,-9.888684377074241638e-03,2.415552549064159393e-02,2.610125578939914703e-02,-9.911749515415044925e-03,2.419351518275715540e-02,2.614515166057813228e-02
3.199332654476165771e-01,-9.968735277652740479e-03,2.275249548256397247e-02,2.484052628278732300e-02,-9.992774441258142279e-03,2.278636205370739021e-02,2.488119443830014155e-02
3.202251791954040527e-01,-1.000890135765075684e-02,2.140764147043228149e-02,2.363186888396739960e-02,-1.003342730877254674e-02,2.143787978905131036e-02,2.366965047080833717e-02
3.205170929431915283e-01,-1.001240871846675873e-02,2.012007869780063629e-02,2.247367240488529205e-02,-1.003697654932208735e-02,2.014717335611841340e-02,2.250887586027185833e-02
3.208090066909790039e-01,-9.982355870306491852e-03,1.888872869312763214e-02,2.136425860226154327e-02,-1.000682017716600890e-02,1.891304741061002395e-02,2.139719169456869019e-02
3.211009204387664795e-01,-9.921693243086338043e-03,1.771236956119537354e-02,2.030192129313945770e-02,-9.945666645498877148e-03,1.773446112612133210e-02,2.033291411621308831e-02
3.213928341865539551e-01,-9.833237156271934509e-03,1.658985577523708344e-02,1.928512006998062134e-02,-9.856599428859478054e-03,1.661005930141000453e-02,1.931441488363937198e-02
3.216847479343414307e-01,-9.719672612845897675e-03,1.551995705813169479e-02,1.831232197582721710e-02,-9.742271848906160908e-03,1.553857972859249217e-02,1.834010143810047358e-02
3.219766616821289062e-01,-9.583535604178905487e-03,1.450129318982362747e-02,1.738193444907665253e-02,-9.605223553244177440e-03,1.451872670487602650e-02,1.740843889148814549e-02
3.222685456275939941e-01,-9.427249431610107422e-03,1.353257149457931519e-02,1.649252884089946747e-02,-9.448019229803759564e-03,1.354914948484740866e-02,1.651800590657002965e-02
3.225604593753814697e-01,-9.253052994608879089e-03,1.261218078434467316e-02,1.564244553446769714e-02,-9.272937401302333571e-03,1.262816244820976104e-02,1.566709465302507445e-02
3.228523731231689453e-01,-9.063133969902992249e-03,1.173890475183725357e-02,1.483045145869255066e-02,-9.082028558902622770e-03,1.175455390075843230e-02,1.485438588937819729e-02
3.231442868709564209e-01,-8.859504945576190948e-03,1.091122161597013474e-02,1.405509188771247864e-02,-8.877482734016247864e-03,1.092673871178797239e-02,1.407847003649340123e-02
3.234362006187438965e-01,-8.644019253551959991e-03,1.012787036597728729e-02,1.331513561308383942e-02,-8.661176496461623145e-03,1.014325373568852710e-02,1.333797490811174449e-02
3.237281143665313721e-01,-8.417931385338306427e-03,9.389986284077167511e-03,1.261084526777267456e-02,-8.434911657672603674e-03,9.402593769872201468e-03,1.263156776785766787e-02
3.240200281143188477e-01,-8.183757774531841278e-03,8.693087846040725708e-03,1.193916518241167068e-02,-8.200374925904673970e-03,8.703248523357588404e-03,1.195795483286051300e-02
3.243119120597839355e-01,-7.943034172058105469e-03,8.035689592361450195e-03,1.129885390400886536e-02,-7.959134882393369831e-03,8.043766481376130734e-03,1.131591831373137194e-02
3.246038258075714111e-01,-7.697131484746932983e-03,7.416166365146636963e-03,1.068856194615364075e-02,-7.712615358321729848e-03,7.422534003334433153e-03,1.070413222527057985e-02
3.248957395553588867e-01,-7.447375915944576263e-03,6.833075545728206635e-03,1.010714285075664520e-02,-7.462244610434758119e-03,6.838020280094059267e-03,1.012144337419027505e-02
3.251876533031463623e-01,-7.195012643933296204e-03,6.285015493631362915e-03,9.553514420986175537e-03,-7.209172708660072267e-03,6.288861663298313601e-03,9.566710624001984603e-03
3.254795670509338379e-01,-6.941166706383228302e-03,5.770534742623567581e-03,9.026563726365566254e-03,-6.954619924336156653e-03,5.773491695361745134e-03,9.038802168892983227e-03
3.257714807987213135e-01,-6.686862558126449585e-03,5.288183223456144333e-03,8.525198325514793396e-03,-6.699617177621470208e-03,5.290486554437232730e-03,8.536633898051492614e-03
3.260633945465087891e-01,-6.433035247027873993e-03,4.836535081267356873e-03,8.048354648053646088e-03,-6.445104276972932547e-03,4.838431801474436106e-03,8.059143343964911624e-03
3.263553082942962646e-01,-6.180551368743181229e-03,4.414217080920934677e-03,7.595033384859561920e-03,-6.192011601756630505e-03,4.415844958329743185e-03,7.605306987380254860e-03
3.266471922397613525e-01,-5.930239800363779068e-03,4.019940271973609924e-03,7.164333015680313110e-03,-5.941098846584533071e-03,4.021462919216011421e-03,7.174177270984976110e-03
3.269391059875488281e-01,-5.682739429175853729e-03,3.652268322184681892e-03,6.755189970135688782e-03,-5.693041417535871576e-03,3.653831925796417138e-03,6.764703121626846130e-03
3.272310197353363037e-01,-5.438705906271934509e-03,3.309937426820397377e-03,6.366726476699113846e-03,-5.448537010059002934e-03,3.311641945996523454e-03,6.376011914078136972e-03
3.275229334831237793e-01,-5.198691971600055695e-03,2.991662360727787018e-03,5.998036358505487442e-03,-5.208132840641473832e-03,2.993619979330763067e-03,6.007196373219086949e-03
3.278148472309112549e-01,-4.963234998285770416e-03,2.696255920454859734e-03,5.648318212479352951e-03,-4.972336827272640092e-03,2.698516000256926187e-03,5.657395348346656166e-03
3.281067609786987305e-01,-4.733117297291755676e-03,2.423854079097509384e-03,5.317656323313713074e-03,-4.741584354026271916e-03,2.425108371832819781e-03,5.325764996831944438e-03
3.283986747264862061e-01,-4.508453886955976486e-03,2.171929460018873215e-03,5.004341248422861099e-03,-4.516248153431304604e-03,2.172232779362074512e-03,5.011496047200551460e-03
3.286905884742736816e-01,-4.289513919502496719e-03,1.939175068400800228e-03,4.707476124167442322e-03,-4.296681613811261478e-03,1.938695362733941019e-03,4.713810836250202467e-03
3.289824724197387695e-01,-4.076568409800529480e-03,1.724514644593000412e-03,4.426326137036085129e-03,-4.083152868654952271e-03,1.723468840995599901e-03,4.431984002079416424e-03
3.292743861675262451e-01,-3.869820619001984596e-03,1.526887179352343082e-03,4.160155542194843292e-03,-3.875848302642719359e-03,1.525427742990133383e-03,4.165228668894713042e-03
3.295662999153137207e-01,-3.669462166726589203e-03,1.345302676782011986e-03,3.908297512680292130e-03,-3.674982644582075898e-03,1.343544812645984694e-03,3.912877470809353678e-03
3.298582136631011963e-01,-3.475623670965433121e-03,1.178787206299602985e-03,3.670081729069352150e-03,-3.480687450044640981e-03,1.176847071034087646e-03,3.674255591749133604e-03
3.301501274108886719e-01,-3.288394771516323090e-03,1.026403042487800121e-03,3.444857895374298096e-03,-3.293063080453939671e-03,1.024400081501025944e-03,3.448718599542168872e-03
3.304420411586761475e-01,-3.107849508523941040e-03,8.872656035237014294e-04,3.232022281736135483e-03,-3.112185449996810165e-03,8.852570938747493078e-04,3.235641883371429862e-03
3.307339549064636230e-01,-2.934030955657362938e-03,7.605266291648149490e-04,3.030996304005384445e-03,-2.938073505499929489e-03,7.585971179449432691e-04,3.034426718685923497e-03
3.310258686542510986e-01,-2.766934456303715706e-03,6.453608511947095394e-04,2.841199981048703194e-03,-2.770739389387931115e-03,6.435528801763047051e-04,2.844495926080581414e-03
3.313177525997161865e-01,-2.606550697237253189e-03,5.409953300841152668e-04,2.662101294845342636e-03,-2.610171880847891694e-03,5.393468404331407335e-04,2.665312788746234535e-03
3.316096663475036621e-01,-2.452797489240765572e-03,4.466625687200576067e-04,2.493135398253798485e-03,-2.456291006423389368e-03,4.452262988005438872e-04,2.496315678230631632e-03
3.319015800952911377e-01,-2.305644564330577850e-03,3.616769390646368265e-04,2.333839656785130501e-03,-2.309046581865121552e-03,3.604572845908895996e-04,2.337012103357113523e-03
3.321934938430786133e-01,-2.164994366466999054e-03,2.853570913430303335e-04,2.183719072490930557e-03,-2.168346178313918134e-03,2.843675199514112957e-04,2.186913358002984861e-03
3.324854075908660889e-01,-2.031080191954970360e-03,2.174588153138756752e-04,2.042688196524977684e-03,-2.034082194091345851e-03,2.163178898071641443e-04,2.045552199717740570e-03
3.327773213386535645e-01,-1.903554308228194714e-03,1.570582680869847536e-04,1.910022692754864693e-03,-1.906135384867402478e-03,1.556730983733377132e-04,1.912481691154389960e-03
3.330692350864410400e-01,-1.782162929885089397e-03,1.034251254168339074e-04,1.785161439329385757e-03,-1.784364699780643243e-03,1.018842929006166456e-04,1.787271045746314287e-03
3.333611488342285156e-01,-1.666750875301659107e-03,5.602097735390998423e-05,1.667692093178629875e-03,-1.668625876506333846e-03,5.438374748530267632e-05,1.669511877087754030e-03
3.336530327796936035e-01,-1.557172043249011040e-03,1.434606201655697078e-05,1.557238167151808739e-03,-1.558769186713479310e-03,1.267025717028605225e-05,1.558820680150274033e-03
3.339449465274810791e-01,-1.453234115615487099e-03,-2.208435034845024347e-05,1.453401753678917885e-03,-1.454609520775636960e-03,-2.375272918029816576e-05,1.454803440357026840e-03
3.342368602752685547e-01,-1.354788430035114288e-03,-5.370737562770955265e-05,1.355852582491934299e-03,-1.355984176456373133e-03,-5.532776518517886470e-05,1.357112467115549961e-03
3.345287740230560303e-01,-1.261660479940474033e-03,-8.094117947621271014e-05,1.264254213310778141e-03,-1.262714154721714457e-03,-8.249639109109882767e-05,1.265406136810482600e-03
3.348206877708435059e-01,-1.173667027615010738e-03,-1.041788127622567117e-04,1.178281614556908607e-03,-1.174615883041892593e-03,-1.056371744025752453e-04,1.179356470839095037e-03
3.351126015186309814e-01,-1.090623089112341404e-03,-1.237873802892863750e-04,1.097625703550875187e-03,-1.091505655154483608e-03,-1.251372890600862967e-04,1.098655513046526517e-03
3.354045152664184570e-01,-1.012345659546554089e-03,-1.401086192345246673e-04,1.021995209157466888e-03,-1.013192486475171343e-03,-1.413389318673001971e-04,1.023003278739188391e-03
3.356963992118835449e-01,-9.386635501869022846e-04,-1.534591428935527802e-04,9.511251118965446949e-04,-9.394998420150957753e-04,-1.545636633604900777e-04,9.521291294660639724e-04
3.359883129596710205e-01,-8.693715790286660194e-04,-1.641394774196669459e-04,8.847308345139026642e-04,-8.702189279413946989e-04,-1.651165721727067932e-04,8.857451467287499837e-04
3.362802267074584961e-01,-8.042927947826683521e-04,-1.724239409668371081e-04,8.225672645494341850e-04,-8.051721346398981296e-04,-1.732739502125379592e-04,8.236055052164399041e-04
3.365721404552459717e-01,-7.432436686940491199e-04,-1.785680942703038454e-04,7.643937715329229832e-04,-7.441726369604371701e-04,-1.792907237803345751e-04,7.654659216675337467e-04
3.368640542030334473e-01,-6.861853180453181267e-04,-1.827416999731212854e-04,7.101019727997481823e-04,-6.870342677146499231e-04,-1.834137633378573337e-04,7.110954180670558218e-04
3.371559679508209229e-01,-6.329097668640315533e-04,-1.851951819844543934e-04,6.594482692889869213e-04,-6.335783124940447307e-04,-1.858518548593022493e-04,6.602744808164591039e-04
3.374478816986083984e-01,-5.831004818901419640e-04,-1.861931523308157921e-04,6.121062324382364750e-04,-5.836243541544667473e-04,-1.868149551364508784e-04,6.127945938280237020e-04
3.377397954463958740e-01,-5.365863326005637646e-04,-1.859166222857311368e-04,5.678819143213331699e-04,-5.369978008311690606e-04,-1.864856463449815927e-04,5.684571526423232287e-04
3.380316793918609619e-01,-4.932013689540326595e-04,-1.845315855462104082e-04,5.265923682600259781e-04,-4.935333740376813541e-04,-1.850335122044971341e-04,5.270793032625637831e-04
3.383235931396484375e-01,-4.527790006250143051e-04,-1.821897603804245591e-04,4.880593623965978622e-04,-4.530557840924381179e-04,-1.826146825854653335e-04,4.884748363993831558e-04
3.386155068874359131e-01,-4.151648608967661858e-04,-1.790299138519912958e-04,4.521211667452007532e-04,-4.154082867987789847e-04,-1.793697537237817622e-04,4.524793401825400038e-04
3.389074206352233887e-01,-3.802043211180716753e-04,-1.751781965140253305e-04,4.186200385447591543e-04,-3.804353717609626571e-04,-1.754256291650192051e-04,4.189334355895273608e-04
3.391993343830108643e-01,-3.477475547697395086e-04,-1.707489573163911700e-04,3.874061803799122572e-04,-3.479832297418212214e-04,-1.709010084133922116e-04,3.876847725385451355e-04
3.394912481307983398e-01,-3.176524478476494551e-04,-1.658459659665822983e-04,3.583405632525682449e-04,-3.179078372370369460e-04,-1.658997095368973677e-04,3.585918384474991020e-04
3.397831618785858154e-01,-2.897829108405858278e-04,-1.605631550773978233e-04,3.312924236524850130e-04,-2.900686602109548502e-04,-1.605161929460217961e-04,3.315196462269813320e-04
3.400750756263732910e-01,-2.640043385326862335e-04,-1.549843873362988234e-04,3.061346942558884621e-04,-2.643297147277766878e-04,-1.548345429111964836e-04,3.063395726421693963e-04
3.403669595718383789e-01,-2.401910460321232677e-04,-1.491855073254555464e-04,2.827508724294602871e-04,-2.405645241765863281e-04,-1.489308794869515537e-04,2.829340862410612608e-04
3.406588733196258545e-01,-2.182154130423441529e-04,-1.432322460459545255e-04,2.610238443594425917e-04,-2.186446693979077801e-04,-1.428711714051054493e-04,2.611851126591777637e-04
3.409507870674133301e-01,-1.979662192752584815e-04,-1.371858670609071851e-04,2.408538566669449210e-04,-1.984521475192289051e-04,-1.367172318822513686e-04,2.409872534980617501e-04
3.412427008152008057e-01,-1.793703413568437099e-04,-1.310989755438640714e-04,2.221726026618853211e-04,-1.798764818337498031e-04,-1.305184713183613326e-04,2.222400055619357453e-04
3.415346145629882812e-01,-1.623434509383514524e-04,-1.250226341653615236e-04,2.049049944616854191e-04,-1.628083250042312272e-04,-1.243228338812580507e-04,2.048480356629036887e-04
3.418265283107757568e-01,-1.467056281398981810e-04,-1.189975155284628272e-04,1.888993137981742620e-04,-1.471458298185573759e-04,-1.181693060811038487e-04,1.887217002166986270e-04
3.421184420585632324e-01,-1.323648029938340187e-04,-1.130586533690802753e-04,1.740767038427293301e-04,-1.327920830391803345e-04,-1.120914207976320582e-04,1.737763618399130376e-04
3.424103558063507080e-01,-1.192302588606253266e-04,-1.072351078619249165e-04,1.603596756467595696e-04,-1.196541629514356463e-04,-1.061203400345279264e-04,1.599332525794824910e-04
3.427022397518157959e-01,-1.072181039489805698e-04,-1.015524685499258339e-04,1.476774341426789761e-04,-1.076473864236724738e-04,-1.002795134654001420e-04,1.471187976592550637e-04
3.429941534996032715e-01,-9.624505037209019065e-05,-9.603055514162406325e-05,1.359594607492908835e-04,-9.668667111665075282e-05,-9.458869727957474694e-05,1.352602455441598501e-04
3.432860672473907471e-01,-8.623774192528799176e-05,-9.068819781532511115e-05,1.251451030839234591e-04,-8.669497529084620538e-05,-8.906647449349315256e-05,1.242934254873543178e-04
3.435779809951782227e-01,-7.712521619396284223e-05,-8.554024680051952600e-05,1.151756659965030849e-04,-7.760061409457457804e-05,-8.372491066915751503e-05,1.141565415314141758e-04
3.438698947429656982e-01,-6.884019967401400208e-05,-8.059840183705091476e-05,1.059956339304335415e-04,-6.933398836494612848e-05,-7.857557167994348181e-05,1.047918050585083761e-04
3.441618084907531738e-01,-6.132003181846812367e-05,-7.587214349769055843e-05,9.755372593645006418e-05,-6.183110109186438336e-05,-7.362606848593028150e-05,9.614511439967841900e-05
3.444537222385406494e-01,-5.450590469990856946e-05,-7.136868225643411279e-05,8.980190614238381386e-05,-5.503175476104173354e-05,-6.888160122188268343e-05,8.816557729051575877e-05
3.447456359863281250e-01,-4.834297578781843185e-05,-6.709336594212800264e-05,8.269560203189030290e-05,-4.887871657084915463e-05,-6.434621998254962919e-05,8.080572355753071374e-05
3.450375199317932129e-01,-4.278145570424385369e-05,-6.305091665126383305e-05,7.619495590915903449e-05,-4.332052381089934430e-05,-6.002111956220061462e-05,7.402163586918812936e-05
3.453294336795806885e-01,-3.777235542656853795e-05,-5.924260403844527900e-05,7.025977538432925940e-05,-3.830675958551678156e-05,-5.590575729282228328e-05,6.777065388814345714e-05
3.456213474273681641e-01,-3.327856029500253499e-05,-5.567328480537980795e-05,6.486121128546074033e-05,-3.379160491759353050e-05,-5.199911597393063525e-05,6.201435821627939934e-05
3.459132611751556396e-01,-2.927821333287283778e-05,-5.235440403339453042e-05,5.998498090775683522e-05,-2.973273275363914360e-05,-4.829853873439524700e-05,5.671670160435287960e-05
3.462051749229431152e-01,-2.570374999777413905e-05,-4.927122427034191787e-05,5.557280383072793484e-05,-2.609042507259824031e-05,-4.480021821064202460e-05,5.184370581073466491e-05
3.464970886707305908e-01,-2.252123522339388728e-05,-4.642230487661436200e-05,5.159686406841501594e-05,-2.282792753449438406e-05,-4.149960052135766769e-05,4.736381655813218006e-05
3.467890024185180664e-01,-1.970000266737770289e-05,-4.380608515930362046e-05,4.803189585800282657e-05,-1.991133277957639306e-05,-3.839133441675729219e-05,4.324760954501793606e-05
3.470808863639831543e-01,-1.721232911222614348e-05,-4.142091347603127360e-05,4.485483805183321238e-05,-1.730911628845003687e-05,-3.546991449452807941e-05,3.946796600961619824e-05
3.473728001117706299e-01,-1.503290513937827200e-05,-3.926474528270773590e-05,4.204412471153773367e-05,-1.499164221488918617e-05,-3.272848787119309288e-05,3.599865628928503920e-05
3.476647138595581055e-01,-1.313958364335121587e-05,-3.733608173206448555e-05,3.958069646614603698e-05,-1.293281635078195063e-05,-3.016047953154822416e-05,3.281634142216332666e-05
3.479566276073455811e-01,-1.151248670794302598e-05,-3.563330392353236675e-05,3.744689456652849913e-05,-1.110757045717103379e-05,-2.775906057624898622e-05,2.989888903516114662e-05
3.482485413551330566e-01,-1.013431756291538477e-05,-3.415513492655009031e-05,3.562692290870472789e-05,-9.493331960986862116e-06,-2.551697962679630606e-05,2.722571580318563987e-05
3.485404551029205322e-01,-8.990388778329361230e-06,-3.290081076556816697e-05,3.410704448469914496e-05,-8.069399273013956977e-06,-2.342700810722734723e-05,2.477781090983248753e-05
3.488323688507080078e-01,-8.068526767601724714e-06,-3.187015317962504923e-05,3.287564322818070650e-05,-6.816424598245126409e-06,-2.148191232003476129e-05,2.253743998836652576e-05
3.491242825984954834e-01,-7.358891707553993911e-06,-3.106345320702530444e-05,3.192320946254767478e-05,-5.717303480485607596e-06,-1.967429141176010122e-05,2.048817467816081898e-05
3.494161665439605713e-01,-6.854246294096810743e-06,-3.048185499210376292e-05,3.124298382317647338e-05,-4.755983648275734476e-06,-1.799719943061487909e-05,1.861500920784060959e-05
3.497080802917480469e-01,-6.549772933794884011e-06,-3.012721572304144502e-05,3.083096817135810852e-05,-3.917755214125019052e-06,-1.644309545893091250e-05,1.690337818867335804e-05
3.499999940395355225e-01,-6.443416168622206897e-06,-3.000252945639658719e-05,3.068663136218674481e-05,-3.189529840329582163e-06,-1.500519914419967552e-05,1.534044008363004888e-05
