x_m,Pre_sim,Pim_sim,p_abs_sim,Pre_analytic,Pim_analytic,p_abs_analytic
0.000000000000000000e+00,1.128625706769526005e-03,1.558062732219696045e-01,1.558103561401367188e-01,1.129723497446448845e-03,5.655142116827019394e-02,5.656270424344791992e-02
2.919099351856857538e-04,1.121965120546519756e-03,4.769316911697387695e-01,4.769330024719238281e-01,1.123829236726053707e-03,4.955853036306491211e-01,4.955865778719557024e-01
5.838198703713715076e-04,1.102548325434327126e-03,9.102939367294311523e-01,9.102945923805236816e-01,1.102784334698604434e-03,9.289409104631966008e-01,9.289415650435076666e-01
8.757297764532268047e-04,1.070597907528281212e-03,1.333209753036499023e+00,1.333210110664367676e+00,1.072330761828443023e-03,1.351697202461735747e+00,1.351697627813315927e+00
1.167639740742743015e-03,1.026475452817976475e-03,1.740923404693603516e+00,1.740923643112182617e+00,1.024001254904483883e-03,1.758993647152161222e+00,1.758993945214204713e+00
1.459549646824598312e-03,9.706781711429357529e-04,2.128847837448120117e+00,2.128848075866699219e+00,9.703981034584875740e-04,2.146205041990608464e+00,2.146205261371425088e+00
1.751459552906453609e-03,9.038325515575706959e-04,2.492616891860961914e+00,2.492616891860961914e+00,8.971908965392745355e-04,2.508880000298891577e+00,2.508880160719373809e+00
2.043369458988308907e-03,8.266881341114640236e-04,2.828130722045898438e+00,2.828130722045898438e+00,8.229124741550310727e-04,2.842899499919187001e+00,2.842899619020289315e+00
2.335279481485486031e-03,7.399781607091426849e-04,3.131045103073120117e+00,3.131045103073120117e+00,7.399102838943876891e-04,3.144433852496885340e+00,3.144433939550269841e+00
2.627189271152019501e-03,6.446784245781600475e-04,3.397515058517456055e+00,3.397515058517456055e+00,6.495030754875054119e-04,3.410036331965256906e+00,3.410036393820058187e+00
2.919099293649196625e-03,5.420752568170428276e-04,3.625272512435913086e+00,3.625272512435913086e+00,5.383014833780847734e-04,3.636666225131720331e+00,3.636666264971571749e+00
3.211009083315730095e-03,4.333250108174979687e-04,3.811765193939208984e+00,3.811765193939208984e+00,4.346592329311939188e-04,3.821749477863683353e+00,3.821749502581243796e+00
3.502919105812907219e-03,3.196519101038575172e-04,3.954900741577148438e+00,3.954900741577148438e+00,3.114274263195385074e-04,3.963157561429512032e+00,3.963157573665593958e+00
3.794829128310084343e-03,2.023347478825598955e-04,4.053067207336425781e+00,4.053067207336425781e+00,1.993371802215729684e-04,4.059285120657850854e+00,4.059285125552223761e+00
4.086738917976617813e-03,8.269319368992000818e-05,4.105153560638427734e+00,4.105153560638427734e+00,6.995986061776536514e-05,4.109026660158657585e+00,4.109026660754222071e+00
4.378648940473794937e-03,-3.792720235651358962e-05,4.110559463500976562e+00,4.110559463500976562e+00,-4.512980150700796799e-05,4.111817299885829335e+00,4.111817300133493447e+00
4.670558962970972061e-03,-1.581106189405545592e-04,4.067759513854980469e+00,4.067759513854980469e+00,-1.595400277820228647e-04,4.067623458857783980e+00,4.067623461986516809e+00
4.962468519806861877e-03,-2.764497185125946999e-04,3.978404521942138672e+00,3.978404521942138672e+00,-2.720468165550330797e-04,3.976949165683343335e+00,3.976949174988147817e+00
5.254378542304039001e-03,-3.916167479474097490e-04,3.843829631805419922e+00,3.843829631805419922e+00,-3.969508609439669150e-04,3.840836357171083737e+00,3.840836377683541247e+00
5.546288564801216125e-03,-5.023166886530816555e-04,3.665558338165283203e+00,3.665558338165283203e+00,-5.095191024680292315e-04,3.660834857493095118e+00,3.660834892950814989e+00
5.838198587298393250e-03,-6.073043914511799812e-04,3.445599317550659180e+00,3.445599317550659180e+00,-6.093383546287017968e-04,3.438998168563802693e+00,3.438998222546563177e+00
6.130108609795570374e-03,-7.053980953060090542e-04,3.186424016952514648e+00,3.186424016952514648e+00,-7.027962360065872095e-04,3.177864866887303297e+00,3.177864944600259367e+00
6.422018166631460190e-03,-7.954923785291612148e-04,2.890941858291625977e+00,2.890941858291625977e+00,-8.000502980927972577e-04,2.880429783178833691e+00,2.880429894287334314e+00
6.713928189128637314e-03,-8.764818776398897171e-04,2.562205076217651367e+00,2.562205076217651367e+00,-8.819177184308248877e-04,2.550076476394969038e+00,2.550076628896050135e+00
7.005838211625814438e-03,-9.472080273553729057e-04,2.203512430191040039e+00,2.203512668609619141e+00,-9.490552978088253157e-04,2.190578466437267835e+00,2.190578672023584694e+00
7.297748234122991562e-03,-1.007140846922993660e-03,1.819875240325927734e+00,1.819875478744506836e+00,-1.006412138223129055e-03,1.806048760293331501e+00,1.806049040702514041e+00
7.589658256620168686e-03,-1.055609202012419701e-03,1.415615439414978027e+00,1.415615797042846680e+00,-1.058956256523529852e-03,1.400896140662178935e+00,1.400896540901768850e+00
7.881567813456058502e-03,-1.092069549486041069e-03,9.952849149703979492e-01,9.952855110168457031e-01,-1.095259664824362999e-03,9.797299798232843582e-01,9.797305920293938319e-01
8.173477835953235626e-03,-1.116111758165061474e-03,5.636115670204162598e-01,5.636126399040222168e-01,-1.117707295513693279e-03,5.473607191754927825e-01,5.473618603500897128e-01
8.465387858450412750e-03,-1.127463765442371368e-03,1.254534423351287842e-01,1.254585087299346924e-01,-1.128607074927602321e-03,1.087364249595847987e-01,1.087422818728804863e-01
8.757297880947589874e-03,-1.125994371250271797e-03,-3.142634332180023193e-01,3.142654597759246826e-01,-1.126710887119101653e-03,-3.311142841978850782e-01,3.311162011700741203e-01
9.049207903444766998e-03,-1.111404853872954845e-03,-7.503747344017028809e-01,7.503755688667297363e-01,-1.111019369067358037e-03,-7.671893145313863904e-01,7.671901190025697259e-01
9.341117925941944122e-03,-1.084010582417249680e-03,-1.177738308906555176e+00,1.177738785743713379e+00,-1.084691377685273288e-03,-1.194505681896618432e+00,1.194506174382824248e+00
9.633027948439121246e-03,-1.044296426698565483e-03,-1.591598033905029297e+00,1.591598391532897949e+00,-1.047031159025147784e-03,-1.608173025177023652e+00,1.608173366021607542e+00
9.924937039613723755e-03,-9.927122155204415321e-04,-1.987299203872680664e+00,1.987299442291259766e+00,-9.916313527493878389e-04,-2.003449061133100173e+00,2.003449306543052977e+00
1.021684706211090088e-02,-9.298391523770987988e-04,-2.360393524169921875e+00,2.360393524169921875e+00,-9.311481242510482757e-04,-2.375847590741040793e+00,2.375847773209983416e+00
1.050875708460807800e-02,-8.563844021409749985e-04,-2.706680536270141602e+00,2.706680536270141602e+00,-8.563424061689020681e-04,-2.721091542697642307e+00,2.721091677445460544e+00
1.080066710710525513e-02,-7.731720106676220894e-04,-3.022259950637817383e+00,3.022259950637817383e+00,-7.655398725390319967e-04,-3.035237532426919405e+00,3.035237628968175283e+00
1.109257712960243225e-02,-6.811188068240880966e-04,-3.303488016128540039e+00,3.303488016128540039e+00,-6.768902774433000835e-04,-3.314712406146266055e+00,3.314712475259418145e+00
1.138448715209960938e-02,-5.810452857986092567e-04,-3.545799493789672852e+00,3.545799493789672852e+00,-5.816037651376515689e-04,-3.556310451766952596e+00,3.556310499325081143e+00
1.167639717459678650e-02,-4.743975005112588406e-04,-3.747709274291992188e+00,3.747709274291992188e+00,-4.730323562481789806e-04,-3.757267503816474452e+00,3.757267533593380726e+00
1.196830719709396362e-02,-3.623774973675608635e-04,-3.906958580017089844e+00,3.906958580017089844e+00,-3.665318231999654605e-04,-3.915295087377325345e+00,3.915295104533832227e+00
1.226021721959114075e-02,-2.462467236910015345e-04,-4.021762371063232422e+00,4.021762371063232422e+00,-2.406870103602292571e-04,-4.028579849296582971e+00,4.028579856486491195e+00
1.255212631076574326e-02,-1.273121015401557088e-04,-4.090831279754638672e+00,4.090831279754638672e+00,-1.273717152792372995e-04,-4.095835363383677930e+00,4.095835365364171032e+00
1.284403633326292038e-02,-6.910601769050117582e-06,-4.113383293151855469e+00,4.113383293151855469e+00,-4.881147031279540123e-06,-4.116288497515796507e+00,4.116288497518690193e+00
1.313594635576009750e-02,1.136026839958503842e-04,-4.089151859283447266e+00,4.089151859283447266e+00,1.254442623399957830e-04,-4.089707896966111811e+00,4.089707898889997750e+00
1.342785637825727463e-02,2.328233240405097604e-04,-4.017581939697265625e+00,4.017581939697265625e+00,2.388484416363068714e-04,-4.016394925389410453e+00,4.016394932491373027e+00
1.371976640075445175e-02,3.493234398774802685e-04,-3.899415493011474609e+00,3.899415493011474609e+00,3.497126349780770244e-04,-3.897187099127072951e+00,3.897187114817739051e+00
1.401167642325162888e-02,4.618181555997580290e-04,-3.736939668655395508e+00,3.736939668655395508e+00,4.642297191466717679e-04,-3.733449673162590354e+00,3.733449702024534744e+00
1.430358644574880600e-02,5.690425750799477100e-04,-3.531994581222534180e+00,3.531994581222534180e+00,5.731965009605735802e-04,-3.527052602811514781e+00,3.527052649387830030e+00
1.459549646824598312e-02,6.697917706333100796e-04,-3.286889791488647461e+00,3.286889791488647461e+00,6.754423217153606796e-04,-3.280353763408343504e+00,3.280353832946929504e+00
1.488740649074316025e-02,7.629314786754548550e-04,-3.004382371902465820e+00,3.004382371902465820e+00,7.645626610054848202e-04,-2.996165976999314307e+00,2.996166074549993841e+00
1.517931651324033737e-02,8.474122732877731323e-04,-2.687646389007568359e+00,2.687646389007568359e+00,8.503430225157130760e-04,-2.677748131023077516e+00,2.677748266040114622e+00
1.547122560441493988e-02,9.222811204381287098e-04,-2.340234041213989258e+00,2.340234041213989258e+00,9.252571202657758212e-04,-2.328733841254422288e+00,2.328734025066906632e+00
1.576313562691211700e-02,9.863151935860514641e-04,-1.965304374694824219e+00,1.965304613113403320e+00,9.901929002936330285e-04,-1.953109630825021314e+00,1.953109881830366934e+00
1.605504564940929413e-02,1.039062743075191975e-03,-1.568037152290344238e+00,1.568037509918212891e+00,1.040321935472544347e-03,-1.555161097498569678e+00,1.555161445459179781e+00
1.634695567190647125e-02,1.079982030205428600e-03,-1.153031468391418457e+00,1.153031826019287109e+00,1.081842597837792685e-03,-1.139449546375419065e+00,1.139450059949340011e+00
1.663886569440364838e-02,1.108614960685372353e-03,-7.249608635902404785e-01,7.249616980552673340e-01,1.110923565980910131e-03,-7.107171060465162782e-01,7.107179742895943786e-01
1.693077571690082550e-02,1.124640344642102718e-03,-2.886412143707275391e-01,2.886433899402618408e-01,1.126524663728454417e-03,-2.738646078196185774e-01,2.738669247536318907e-01
1.722268573939800262e-02,1.127876807004213333e-03,1.510204672813415527e-01,1.510246843099594116e-01,1.129348130287384250e-03,1.661249676874304027e-01,1.661288064013859422e-01
1.751459576189517975e-02,1.118284999392926693e-03,5.890761017799377441e-01,5.890771746635437012e-01,1.120200509070341886e-03,6.042163438042572610e-01,6.042173822138561246e-01
1.780650578439235687e-02,1.095830462872982025e-03,1.020465850830078125e+00,1.020466446876525879e+00,1.095649709632263080e-03,1.035388020321829972e+00,1.035388600031043715e+00
1.809841580688953400e-02,1.060581649653613567e-03,1.439893603324890137e+00,1.439893960952758789e+00,1.059475581196846986e-03,1.454736787217131289e+00,1.454737173021755314e+00
1.839032582938671112e-02,1.013283152133226395e-03,1.842819690704345703e+00,1.842819929122924805e+00,1.014179516226581266e-03,1.857470213631177369e+00,1.857470490502377336e+00
1.868223585188388824e-02,9.544708882458508015e-04,2.224713087081909180e+00,2.224713325500488281e+00,9.586559245963633281e-04,2.238978353484239570e+00,2.238978558716491651e+00
1.897414587438106537e-02,8.848073193803429604e-04,2.581285715103149414e+00,2.581285715103149414e+00,8.823658711416415426e-04,2.594890733511296066e+00,2.594890883531005610e+00
1.926605589687824249e-02,8.050765609368681908e-04,2.908522605895996094e+00,2.908522605895996094e+00,8.006787296190423552e-04,2.921158415630326743e+00,2.921158525361865266e+00
1.955796405673027039e-02,7.161748944781720638e-04,3.202736377716064453e+00,3.202736377716064453e+00,7.173329799509731196e-04,3.214051334548864158e+00,3.214051414598393830e+00
1.984987407922744751e-02,6.190992426127195358e-04,3.460609912872314453e+00,3.460609912872314453e+00,6.116988544771303658e-04,3.470210956981280237e+00,3.470211010893778258e+00
2.014178410172462463e-02,5.147844203747808933e-04,3.678105354309082031e+00,3.678105354309082031e+00,5.112339820763434680e-04,3.686726890583578164e+00,3.686726926029678886e+00
2.043369412422180176e-02,4.045752866659313440e-04,3.853249549865722656e+00,3.853249549865722656e+00,3.989223437284728359e-04,3.861112236707084477e+00,3.861112257315011398e+00
2.072560414671897888e-02,2.897942613344639540e-04,3.984530448913574219e+00,3.984530448913574219e+00,2.895419345397031493e-04,3.991380251694493175e+00,3.991380262196440487e+00
2.101751416921615601e-02,1.717322884360328317e-04,4.070482730865478516e+00,4.070482730865478516e+00,1.771831690470064286e-04,4.076039571008083229e+00,4.076039574859110282e+00
2.130942419171333313e-02,5.171855809749104083e-05,4.110142230987548828e+00,4.110142230987548828e+00,4.728541551241424230e-05,4.114122282455650037e+00,4.114122282727386448e+00
2.160133421421051025e-02,-6.889667565701529384e-05,4.103059768676757812e+00,4.103059768676757812e+00,-6.758963921072230958e-05,4.105195426089761845e+00,4.105195426646173651e+00
2.189324423670768738e-02,-1.887562975753098726e-04,4.049305438995361328e+00,4.049305438995361328e+00,-1.904538163899049659e-04,4.049360299181650191e+00,4.049360303660463067e+00
2.218515425920486450e-02,-3.064960474148392677e-04,3.949275255203247070e+00,3.949275255203247070e+00,-3.176446142465419323e-04,3.947257879486175458e+00,3.947257892266959445e+00
2.247706428170204163e-02,-4.206277371849864721e-04,3.802830457687377930e+00,3.802830457687377930e+00,-4.260673669867369234e-04,3.800047973740924956e+00,3.800047997626597063e+00
2.276897430419921875e-02,-5.299395415931940079e-04,3.613188743591308594e+00,3.613188743591308594e+00,-5.301765827324733194e-04,3.609415113792095120e+00,3.609415152730149678e+00
2.306088432669639587e-02,-6.332026678137481213e-04,3.382497787475585938e+00,3.382497787475585938e+00,-6.353017178416918041e-04,3.377542720984041402e+00,3.377542780732844641e+00
2.335279434919357300e-02,-7.292563095688819885e-04,3.113358736038208008e+00,3.113358736038208008e+00,-7.269113600059278531e-04,3.107071988106143934e+00,3.107072073137987278e+00
2.364470437169075012e-02,-8.170198416337370872e-04,2.808801651000976562e+00,2.808801651000976562e+00,-8.217689878085877040e-04,2.801108571124912849e+00,2.801108691667233419e+00
2.393661439418792725e-02,-8.955049561336636543e-04,2.472248792648315430e+00,2.472248792648315430e+00,-8.962912104996556984e-04,2.463126730465853065e+00,2.463126893538645223e+00
2.422852441668510437e-02,-9.638260817155241966e-04,2.107479333877563477e+00,2.107479572296142578e+00,-9.656113854131407551e-04,2.097006409649950331e+00,2.097006631968130641e+00
2.452043443918228149e-02,-1.020977855660021305e-03,1.718203306198120117e+00,1.718203544616699219e+00,-1.026695327872541611e-03,1.706931568437620284e+00,1.706931877208991200e+00
2.481234446167945862e-02,-1.066300086677074432e-03,1.309107422828674316e+00,1.309107899665832520e+00,-1.069171083199296464e-03,1.297338154013253364e+00,1.297338594579426241e+00
2.510425262153148651e-02,-1.099484041333198547e-03,8.852403163909912109e-01,8.852409720420837402e-01,-1.100821652755744513e-03,8.729206085302972928e-01,8.729213026414326393e-01
2.539616264402866364e-02,-1.120159868150949478e-03,4.513691663742065430e-01,4.513705670833587646e-01,-1.121727664818349341e-03,4.385360374604126976e-01,4.385374720869751886e-01
2.568807266652584076e-02,-1.128095900639891624e-03,1.237909775227308273e-02,1.243039127439260483e-02,-1.129642632438698563e-03,-8.594800899649039389e-04,1.419435980264383912e-03
2.597998268902301788e-02,-1.123202615417540073e-03,-4.267908930778503418e-01,4.267923831939697266e-01,-1.124070915357815170e-03,-4.402451456752339287e-01,4.402465807090734651e-01
2.627189271152019501e-02,-1.105532865040004253e-03,-8.611987829208374023e-01,8.611994981765747070e-01,-1.106861182303326948e-03,-8.746081131922811558e-01,8.746088135866451063e-01
2.656380273401737213e-02,-1.075281528756022453e-03,-1.285952806472778320e+00,1.285953283309936523e+00,-1.075835916232754626e-03,-1.298969459040074215e+00,1.298969904555829835e+00
2.685571275651454926e-02,-1.032366766594350338e-03,-1.695575833320617676e+00,1.695576071739196777e+00,-1.032078539959856199e-03,-1.708488341309917002e+00,1.708488653043392036e+00
2.714762277901172638e-02,-9.776980150490999222e-04,-2.085739612579345703e+00,2.085739850997924805e+00,-9.762952918011004975e-04,-2.098485247970668599e+00,2.098485475075539952e+00
2.743953280150890350e-02,-9.119235910475254059e-04,-2.452096939086914062e+00,2.452096939086914062e+00,-9.136484921165485525e-04,-2.464510252738168816e+00,2.464510422093020736e+00
2.773144282400608063e-02,-8.357854094356298447e-04,-2.790530204772949219e+00,2.790530204772949219e+00,-8.361077030719955838e-04,-2.802367877831849263e+00,2.802368002561382632e+00
2.802335284650325775e-02,-7.501406944356858730e-04,-3.097233057022094727e+00,3.097233057022094727e+00,-7.487444913291415151e-04,-3.108204279714602780e+00,3.108204369898235342e+00
2.831526286900043488e-02,-6.559524335898458958e-04,-3.368751764297485352e+00,3.368751764297485352e+00,-6.525601945078174588e-04,-3.378525022157968571e+00,3.378525085178784249e+00
2.860717289149761200e-02,-5.542787839658558369e-04,-3.602022647857666016e+00,3.602022647857666016e+00,-5.555638402886551924e-04,-3.610245319498522232e+00,3.610245362245088074e+00
2.889908291399478912e-02,-4.461935895960777998e-04,-3.793836832046508789e+00,3.793836832046508789e+00,-4.528471110727478243e-04,-3.800711230561654830e+00,3.800711257539566290e+00
2.919099293649196625e-02,-3.329225291963666677e-04,-3.941417694091796875e+00,3.941417694091796875e+00,-3.304187382835778474e-04,-3.947743123609835258e+00,3.947743137437551120e+00
2.948290295898914337e-02,-2.158993593184277415e-04,-4.044134616851806641e+00,4.044134616851806641e+00,-2.092781556518170081e-04,-4.049669198734380693e+00,4.049669204141901346e+00
2.977481298148632050e-02,-9.644161764299497008e-05,-4.100843906402587891e+00,4.100843906402587891e+00,-9.548540562520514815e-05,-4.105322178204724004e+00,4.105322179315168185e+00
3.006672300398349762e-02,2.410637898719869554e-05,-4.110913276672363281e+00,4.110913276672363281e+00,1.931786218861108578e-05,-4.114064597699728765e+00,4.114064597745082708e+00
3.035863302648067474e-02,1.443875808035954833e-04,-4.074230670928955078e+00,4.074230670928955078e+00,1.494996144600645757e-04,-4.075797985911617793e+00,4.075797988653428128e+00
3.065054304897785187e-02,2.630501112435013056e-04,-3.991200208663940430e+00,3.991200208663940430e+00,2.700958675416528635e-04,-3.990959432357180869e+00,3.990959441496810367e+00
3.094245120882987976e-02,3.787565801758319139e-04,-3.862744808197021484e+00,3.862744808197021484e+00,3.782516895264873610e-04,-3.860515972854011491e+00,3.860515991384480206e+00
3.123436123132705688e-02,4.900423227809369564e-04,-3.689081907272338867e+00,3.689081907272338867e+00,4.984502400836014367e-04,-3.685965948869318609e+00,3.685965982571832722e+00
3.152627125382423401e-02,5.956752575002610683e-04,-3.473131656646728516e+00,3.473131656646728516e+00,5.988525256743245772e-04,-3.469291258216557594e+00,3.469291309902092557e+00
3.181818127632141113e-02,6.945081986486911774e-04,-3.217739343643188477e+00,3.217739343643188477e+00,6.992505937034972823e-04,-3.212978532483810046e+00,3.212978608573858974e+00
3.211009129881858826e-02,7.854307186789810658e-04,-2.925786972045898438e+00,2.925786972045898438e+00,7.856939721888686482e-04,-2.919947319834322208e+00,2.919947425540854180e+00
3.240200132131576538e-02,8.674204000271856785e-04,-2.600561857223510742e+00,2.600561857223510742e+00,8.640987791300018279e-04,-2.593550064227546414e+00,2.593550208174387972e+00
3.269391134381294250e-02,9.395541856065392494e-04,-2.245721101760864258e+00,2.245721101760864258e+00,9.421933664257149893e-04,-2.237530133776227004e+00,2.237530332148594869e+00
3.298582136631011963e-02,1.001018332317471504e-03,-1.865251660346984863e+00,1.865251898765563965e+00,1.001597795002553493e-03,-1.855928104564108061e+00,1.855928374832678251e+00
3.327773138880729675e-02,1.051039318554103374e-03,-1.463323950767517090e+00,1.463324308395385742e+00,1.052333463763424279e-03,-1.453127763596330224e+00,1.453128144638383690e+00
3.356964141130447388e-02,1.088729826733469963e-03,-1.044252634048461914e+00,1.044253110885620117e+00,1.092569496127834610e-03,-1.033730956928730960e+00,1.033731534307091637e+00
3.386155143380165100e-02,1.114027807489037514e-03,-6.134402155876159668e-01,6.134412288665771484e-01,1.116147138921505435e-03,-6.025071566930171318e-01,6.025081905258546922e-01
3.415346145629882812e-02,1.126652234233915806e-03,-1.757372468709945679e-01,1.757408529520034790e-01,1.128116934466407871e-03,-1.643985698592158318e-01,1.644024404307104226e-01
3.444537147879600525e-02,1.126463059335947037e-03,2.639310359954833984e-01,2.639334201812744141e-01,1.127890925383894394e-03,2.755806921052803560e-01,2.755830001998760825e-01
3.473728150129318237e-02,1.113462727516889572e-03,7.006178498268127441e-01,7.006186842918395996e-01,1.115585804591519813e-03,7.124188232537529419e-01,7.124196967083022969e-01
3.502919152379035950e-02,1.087795943021774292e-03,1.129409193992614746e+00,1.129409790039062500e+00,1.087674805279036658e-03,1.141101224509910583e+00,1.141101742884699677e+00
3.532110154628753662e-02,1.049748039804399014e-03,1.545477867126464844e+00,1.545478224754333496e+00,1.051258304754194763e-03,1.556759705776921354e+00,1.556760060726980033e+00
3.561301156878471375e-02,9.994915453717112541e-04,1.943643212318420410e+00,1.943643450736999512e+00,1.000090359300734267e-03,1.954622527699857226e+00,1.954622783549937681e+00
3.590492159128189087e-02,9.376995731145143509e-04,2.319273948669433594e+00,2.319273948669433594e+00,9.327833941643508611e-04,2.330144500951653708e+00,2.330144687653556534e+00
3.619683161377906799e-02,8.652609540149569511e-04,2.668429851531982422e+00,2.668429851531982422e+00,8.633401756225618333e-04,2.679054240377849005e+00,2.679054379485939386e+00
3.648874163627624512e-02,7.829933310858905315e-04,2.987188339233398438e+00,2.987188339233398438e+00,7.849864028577943197e-04,2.997350805858852496e+00,2.997350908650231016e+00
3.678065165877342224e-02,6.918231956660747528e-04,3.271966934204101562e+00,3.271966934204101562e+00,6.921582426730882309e-04,3.281392021531480907e+00,3.281392094531449199e+00
3.707256168127059937e-02,5.927764577791094780e-04,3.519559383392333984e+00,3.519559383392333984e+00,5.979947674229684016e-04,3.527942660393053043e+00,3.527942711073829063e+00
3.736447170376777649e-02,4.869663389399647713e-04,3.727172374725341797e+00,3.727172374725341797e+00,4.833168308380539737e-04,3.734173504954536593e+00,3.734173536232562984e+00
3.765638172626495361e-02,3.755799261853098869e-04,3.892460107803344727e+00,3.892460107803344727e+00,3.771517372444679428e-04,3.897742837590330023e+00,3.897742855837228237e+00
3.794829174876213074e-02,2.597612328827381134e-04,4.011815547943115234e+00,4.011815547943115234e+00,2.575202784012663019e-04,4.016771463393276953e+00,4.016771471648251435e+00
3.824020177125930786e-02,1.410271652275696397e-04,4.085499286651611328e+00,4.085499286651611328e+00,1.366830821989269108e-04,4.089902797769851439e+00,4.089902800053801357e+00
3.853211179375648499e-02,2.071540620818268508e-05,4.112707138061523438e+00,4.112707138061523438e+00,1.427072287535619142e-05,4.116300075881914822e+00,4.116300075906652367e+00
3.882402181625366211e-02,-9.982017945731058717e-05,4.093142032623291016e+00,4.093142032623291016e+00,-1.005112567188496021e-04,4.095662400565871053e+00,4.095662401799189389e+00
3.911592811346054077e-02,-2.192219544667750597e-04,4.027027606964111328e+00,4.027027606964111328e+00,-2.181405734888534605e-04,4.028226725736513636e+00,4.028226731642996938e+00
3.940783813595771790e-02,-3.361493581905961037e-04,3.915100336074829102e+00,3.915100336074829102e+00,-3.370859989290063961e-04,3.914762328480751563e+00,3.914762342993378219e+00
3.969974815845489502e-02,-4.492845037020742893e-04,3.758609771728515625e+00,3.758609771728515625e+00,-4.519951756919933549e-04,3.756566164539931307e+00,3.756566191732270354e+00
3.999165818095207214e-02,-5.572547088377177715e-04,3.558679580688476562e+00,3.558679580688476562e+00,-5.566062286827965118e-04,3.555440406589568170e+00,3.555440450158079635e+00
4.028356820344924927e-02,-6.587292882613837719e-04,3.317396879196166992e+00,3.317396879196166992e+00,-6.661213632052329124e-04,3.313697623086456101e+00,3.313697690038501342e+00
4.057547822594642639e-02,-7.526836125180125237e-04,3.038460254669189453e+00,3.038460254669189453e+00,-7.553258665439533965e-04,3.034081721037941826e+00,3.034081815056034692e+00
4.086738824844360352e-02,-8.380624931305646896e-04,2.725017786026000977e+00,2.725017786026000977e+00,-8.419768293065175860e-04,2.719801625823364599e+00,2.719801756149958560e+00
4.115929827094078064e-02,-9.139056783169507980e-04,2.380604505538940430e+00,2.380604505538940430e+00,-9.142630153308472802e-04,2.374437581576861689e+00,2.374437757592612996e+00
4.145120829343795776e-02,-9.793614735826849937e-04,2.009086847305297852e+00,2.009087085723876953e+00,-9.769971961379290970e-04,2.001940993755012776e+00,2.001941232154512917e+00
4.174311831593513489e-02,-1.033690874464809895e-03,1.614644527435302734e+00,1.614644765853881836e+00,-1.035837060688791621e-03,1.606583362138900739e+00,1.606583696064400657e+00
4.203502833843231201e-02,-1.076279091648757458e-03,1.201709985733032227e+00,1.201710462570190430e+00,-1.078543213507487464e-03,1.192861126667574601e+00,1.192861614257957115e+00
4.232693836092948914e-02,-1.106251263990998268e-03,7.746578454971313477e-01,7.746585607528686523e-01,-1.107082656359271522e-03,7.655009511660748611e-01,7.655017517081024181e-01
4.261884838342666626e-02,-1.123547437600791454e-03,3.388561010360717773e-01,3.388579487800598145e-01,-1.125646262745121562e-03,3.294091408887735994e-01,3.294110641441612142e-01
4.291075840592384338e-02,-1.128062838688492775e-03,-1.006940007209777832e-01,1.007003113627433777e-01,-1.129358102412523785e-03,-1.104621364323317562e-01,1.104679095254298832e-01
4.320266842842102051e-02,-1.119749271310865879e-03,-5.390466451644897461e-01,5.390477776527404785e-01,-1.120692918425675528e-03,-5.490634345649474390e-01,5.490645782864468361e-01
4.349457845091819763e-02,-1.098701148293912411e-03,-9.712700247764587402e-01,9.712706208229064941e-01,-1.100533358277534053e-03,-9.813985370092861427e-01,9.813991540742431630e-01
4.378648847341537476e-02,-1.065154327079653740e-03,-1.392500519752502441e+00,1.392500877380371094e+00,-1.068342995196595174e-03,-1.402521119968532570e+00,1.402521526863150347e+00
4.407839849591255188e-02,-1.019483548589050770e-03,-1.797995805740356445e+00,1.797996044158935547e+00,-1.019677194293043977e-03,-1.807599598048970524e+00,1.807599885651794303e+00
4.437030851840972900e-02,-9.621041826903820038e-04,-2.182971477508544922e+00,2.182971715927124023e+00,-9.597897216308321931e-04,-2.192034190372583513e+00,2.192034400496191360e+00
4.466221854090690613e-02,-8.934682700783014297e-04,-2.542364358901977539e+00,2.542364358901977539e+00,-8.954892939332970451e-04,-2.551424965097241149e+00,2.551425122244925348e+00
4.495412856340408325e-02,-8.146944455802440643e-04,-2.872731208801269531e+00,2.872731208801269531e+00,-8.087461708874087683e-04,-2.881652397847474845e+00,2.881652511336241673e+00
4.524603858590126038e-02,-7.266707252711057663e-04,-3.170368671417236328e+00,3.170368671417236328e+00,-7.259797200683487748e-04,-3.178961450796831123e+00,3.178961533692858055e+00
4.553794860839843750e-02,-6.303888512775301933e-04,-3.431932449340820312e+00,3.431932449340820312e+00,-6.328340363249081212e-04,-3.439947640737688772e+00,3.439947698947718902e+00
4.582985863089561462e-02,-5.269325338304042816e-04,-3.654479026794433594e+00,3.654479026794433594e+00,-5.291636229745671442e-04,-3.661620050426973805e+00,3.661620088663346984e+00
4.612176865339279175e-02,-4.174648493062704802e-04,-3.835498571395874023e+00,3.835498571395874023e+00,-4.232670492720974273e-04,-3.841457542226758282e+00,3.841457565545380870e+00
4.641367867588996887e-02,-3.032160748261958361e-04,-3.972942829132080078e+00,3.972942829132080078e+00,-3.014611097371296404e-04,-3.977394266968335756e+00,3.977394278392750060e+00
4.670558869838714600e-02,-1.854203146649524570e-04,-4.064125061035156250e+00,4.064125061035156250e+00,-1.874422429993197073e-04,-4.067888221569567975e+00,4.067888225888097509e+00
4.699749872088432312e-02,-6.551361002493649721e-05,-4.108438014984130859e+00,4.108438014984130859e+00,-6.745008329006821498e-05,-4.111898037895783453e+00,4.111898038448996040e+00
4.728940874338150024e-02,5.510660048457793891e-05,-4.106019973754882812e+00,4.106019973754882812e+00,6.506316436412086209e-05,-4.108924146262574517e+00,4.108924146777699349e+00
4.758131876587867737e-02,1.750831579556688666e-04,-4.056908130645751953e+00,4.056908130645751953e+00,1.811954678659924108e-04,-4.058998906550755237e+00,4.058998910595077447e+00
4.787322878837585449e-02,2.930662885773926973e-04,-3.961660385131835938e+00,3.961660385131835938e+00,2.916298405288031436e-04,-3.962692494880851513e+00,3.962692505611933758e+00
4.816513881087303162e-02,4.077284538652747869e-04,-3.821345329284667969e+00,3.821345329284667969e+00,4.101109104641650406e-04,-3.821106487951721142e+00,3.821106509959869335e+00
4.845704883337020874e-02,5.177787388674914837e-04,-3.637533664703369141e+00,3.637533664703369141e+00,5.131847397695962461e-04,-3.635857241959187469e+00,3.635857278176035212e+00
4.874895885586738586e-02,6.219636998139321804e-04,-3.412204980850219727e+00,3.412204980850219727e+00,6.273815232991487943e-04,-3.409067777727435189e+00,3.409067835456937257e+00
4.904086887836456299e-02,7.188179297372698784e-04,-3.146683931350708008e+00,3.146683931350708008e+00,7.180624866660061025e-04,-3.143318500810975191e+00,3.143318582828392049e+00
4.933277890086174011e-02,8.074669749476015568e-04,-2.845465898513793945e+00,2.845465898513793945e+00,8.097519380711504277e-04,-2.841654374206525890e+00,2.841654489579140463e+00
4.962468892335891724e-02,8.869149023666977882e-04,-2.511953830718994141e+00,2.511953830718994141e+00,8.891824876880032339e-04,-2.507523039920680485e+00,2.507523197575357798e+00
4.991659894585609436e-02,9.562693303450942039e-04,-2.149905681610107422e+00,2.149905920028686523e+00,9.604821235298469659e-04,-2.144736373345793812e+00,2.144736588413219902e+00
5.020850524306297302e-02,1.014749868772923946e-03,-1.763400673866271973e+00,1.763400912284851074e+00,1.015170016407358463e-03,-1.757439290299016355e+00,1.757439583501200220e+00
5.050041526556015015e-02,1.061698771081864834e-03,-1.356775164604187012e+00,1.356775522232055664e+00,1.062149751493679430e-03,-1.350067830992579987e+00,1.350068248809334959e+00
5.079232528805732727e-02,1.096583902835845947e-03,-9.346048831939697266e-01,9.346055388450622559e-01,1.098077940244966341e-03,-9.272660818925423376e-01,9.272667320698558813e-01
5.108423531055450439e-02,1.118784770369529724e-03,-5.015377998352050781e-01,5.015390515327453613e-01,1.120083093557514399e-03,-4.938729117350482700e-01,4.938741818842035114e-01
5.137614533305168152e-02,1.127999974414706230e-03,-6.272241473197937012e-02,6.273255497217178345e-02,1.129210746168212353e-03,-5.482477581169251796e-02,5.483640359935729874e-02
5.166805535554885864e-02,1.124385278671979904e-03,3.766815364360809326e-01,3.766832053661346436e-01,1.125215353511161255e-03,3.848303107240156895e-01,3.848319557437171468e-01
5.195996537804603577e-02,1.107984804548323154e-03,8.117305636405944824e-01,8.117313385009765625e-01,1.109068362857819475e-03,8.201076043465574950e-01,8.201083542677047866e-01
5.225187540054321289e-02,1.078984350897371769e-03,1.237530589103698730e+00,1.237531065940856934e+00,1.079805856783673610e-03,1.246002477406556563e+00,1.246002945295060060e+00
5.254378542304039001e-02,1.037710229866206646e-03,1.649290680885314941e+00,1.649290919303894043e+00,1.039908444705659862e-03,1.657670559067833560e+00,1.657670885251302462e+00
5.283569544553756714e-02,9.846254251897335052e-04,2.042370319366455078e+00,2.042370557785034180e+00,9.906205240343851116e-04,2.050393225933829111e+00,2.050393465236454826e+00
5.312760546803474426e-02,9.203223744407296181e-04,2.412350416183471680e+00,2.412350416183471680e+00,9.201463979947268517e-04,2.419677145037184118e+00,2.419677319992211917e+00
5.341951549053192139e-02,8.452034089714288712e-04,2.754004955291748047e+00,2.754004955291748047e+00,8.450304311840080729e-04,2.761316203818394044e+00,2.761316333118402078e+00
5.371142551302909851e-02,7.604495622217655182e-04,3.064089059829711914e+00,3.064089059829711914e+00,7.631101081796513299e-04,3.071411377391468633e+00,3.071411472191050152e+00
5.400333553552627563e-02,6.670680013485252857e-04,3.339256286621093750e+00,3.339256286621093750e+00,6.601089787340870107e-04,3.346400993023196602e+00,3.346401058129539141e+00
5.429524555802345276e-02,5.661109462380409241e-04,3.576418638229370117e+00,3.576418638229370117e+00,5.654552259729796670e-04,3.583159293741616125e+00,3.583159338358612445e+00
5.458715558052062988e-02,4.587146977428346872e-04,3.772909641265869141e+00,3.772909641265869141e+00,4.542144833756618020e-04,3.778972431045310554e+00,3.778972458342519047e+00
5.487906560301780701e-02,3.460870939306914806e-04,3.926515102386474609e+00,3.926515102386474609e+00,3.486569450229445324e-04,3.931606409606205776e+00,3.931606425065746979e+00
5.517097562551498413e-02,2.294943406013771892e-04,4.035497188568115234e+00,4.035497188568115234e+00,2.281480845626163883e-04,4.039313959529486020e+00,4.039313965972603171e+00
5.546288564801216125e-02,1.102339301723986864e-04,4.098108768463134766e+00,4.098108768463134766e+00,1.087621990232560867e-04,4.100865684567389202e+00,4.100865686009671940e+00
5.575479567050933838e-02,-1.030175280902767554e-05,4.112847328186035156e+00,4.112847328186035156e+00,-1.580544093177291740e-05,4.115559268716520336e+00,4.115559268746869392e+00
5.604670569300651550e-02,-1.306834310526028275e-04,4.080811500549316406e+00,4.080811500549316406e+00,-1.285017443471162739e-04,4.083226067676946514e+00,4.083226069698961957e+00
5.633861571550369263e-02,-2.495568478479981422e-04,4.002375602722167969e+00,4.002375602722167969e+00,-2.513700681776208303e-04,4.004235498628744949e+00,4.004235506518753596e+00
5.663052573800086975e-02,-3.655842156149446964e-04,3.878428697586059570e+00,3.878428697586059570e+00,-3.674962524720210792e-04,3.879491580317373955e+00,3.879491597723455865e+00
5.692243576049804688e-02,-4.774605622515082359e-04,3.710366010665893555e+00,3.710366010665893555e+00,-4.758597462687103735e-04,3.710414528480875163e+00,3.710414558995322132e+00
5.721434578299522400e-02,-5.839274963364005089e-04,3.500070095062255859e+00,3.500070095062255859e+00,-5.825215726318316162e-04,3.498944454825686723e+00,3.498944503316222310e+00
5.750625580549240112e-02,-6.837845430709421635e-04,3.249897003173828125e+00,3.249897003173828125e+00,-6.856292987300653067e-04,3.247492436020062989e+00,3.247492508397064714e+00
5.779816582798957825e-02,-7.756704580970108509e-04,2.961759328842163086e+00,2.961759328842163086e+00,-7.775588490164021295e-04,2.958934998107270342e+00,2.958935100272027885e+00
5.809007585048675537e-02,-8.586117764934897423e-04,2.639623641967773438e+00,2.639623641967773438e+00,-8.580569470296328270e-04,2.636558835782057297e+00,2.636558975407559569e+00
5.838198587298393250e-02,-9.317680960521101952e-04,2.287553548812866211e+00,2.287553548812866211e+00,-9.315640037740233713e-04,2.284064665627168367e+00,2.284064855598028299e+00
5.867389589548110962e-02,-9.943183977156877518e-04,1.909516215324401855e+00,1.909516453742980957e+00,-9.961769853959196851e-04,1.905468626707843782e+00,1.905468887107963916e+00
5.896580591797828674e-02,-1.045560115016996861e-03,1.509767413139343262e+00,1.509767770767211914e+00,-1.048768958534203885e-03,1.505099467166975957e+00,1.505099832563489226e+00
5.925771594047546387e-02,-1.084915827959775925e-03,1.092803478240966797e+00,1.092803955078125000e+00,-1.085611557783199184e-03,1.087528408146336556e+00,1.087528949995244743e+00
5.954962596297264099e-02,-1.111940480768680573e-03,6.633129119873046875e-01,6.633138656616210938e-01,-1.113319057985456264e-03,6.575345260187721586e-01,6.575354685384326991e-01
5.984153598546981812e-02,-1.126273535192012787e-03,2.261146306991577148e-01,2.261174321174621582e-01,-1.127342909464217838e-03,2.200311186990210888e-01,2.200340066852808640e-01
6.013344600796699524e-02,-1.127364579588174820e-03,-2.137247622013092041e-01,2.137277126312255859e-01,-1.128378090973155634e-03,-2.199903653155233230e-01,2.199932591439419383e-01
6.042535603046417236e-02,-1.115635386668145657e-03,-6.509898304939270020e-01,6.509907841682434082e-01,-1.117499380854444216e-03,-6.575019579898212507e-01,6.575029076478026147e-01
6.071726605296134949e-02,-1.091222395189106464e-03,-1.080756545066833496e+00,1.080757021903991699e+00,-1.092423088937606980e-03,-1.087496784790884297e+00,1.087497333476600492e+00
6.100917607545852661e-02,-1.054401509463787079e-03,-1.498202323913574219e+00,1.498202681541442871e+00,-1.055351591146096646e-03,-1.505061461636831188e+00,1.505061831643927928e+00
6.130108609795570374e-02,-1.005587517283856869e-03,-1.898625254631042480e+00,1.898625493049621582e+00,-1.004339521577351547e-03,-1.905432418231078229e+00,1.905432682921075926e+00
6.159299239516258240e-02,-9.453293750993907452e-04,-2.277513027191162109e+00,2.277513027191162109e+00,-9.478720350821647064e-04,-2.284033949879100689e+00,2.284034146562113232e+00
6.188490241765975952e-02,-8.743004291318356991e-04,-2.630606412887573242e+00,2.630606412887573242e+00,-8.767750451464948261e-04,-2.636530665827547359e+00,2.636530811612777470e+00
6.217681244015693665e-02,-7.931197178550064564e-04,-2.953251361846923828e+00,2.953251361846923828e+00,-7.931090850670750869e-04,-2.958903857634990420e+00,2.958903963928070535e+00
6.246872246265411377e-02,-7.027703104540705681e-04,-3.241640806198120117e+00,3.241640806198120117e+00,-7.026282599613150161e-04,-3.247464753213825883e+00,3.247464829224884664e+00
6.276063621044158936e-02,-6.044534384272992611e-04,-3.493089914321899414e+00,3.493089914321899414e+00,-6.075434091716906638e-04,-3.498925260541944748e+00,3.498925313287997163e+00
6.305254250764846802e-02,-4.992803442291915417e-04,-3.704771518707275391e+00,3.704771518707275391e+00,-5.024650527937162383e-04,-3.710398388993723540e+00,3.710398423015828673e+00
6.334445625543594360e-02,-3.884300822392106056e-04,-3.874318599700927734e+00,3.874318599700927734e+00,-3.878839140935413650e-04,-3.879476672021253680e+00,3.879476691412262479e+00
6.363636255264282227e-02,-2.731551649048924446e-04,-3.999813318252563477e+00,3.999813318252563477e+00,-2.724006437048183513e-04,-4.004225041911197991e+00,4.004225051176674377e+00
6.392827630043029785e-02,-1.547461288282647729e-04,-4.079842567443847656e+00,4.079842567443847656e+00,-1.538070200127635543e-04,-4.083221835437808700e+00,4.083221838334614162e+00
6.422018259763717651e-02,-3.454054967733100057e-05,-4.113488197326660156e+00,4.113488197326660156e+00,-3.740270030120904977e-05,-4.115558091342802705e+00,4.115558091512762751e+00
6.451209634542465210e-02,8.607820927863940597e-05,-4.098705291748046875e+00,4.098705291748046875e+00,9.115766926308675787e-05,-4.100869140254900458e+00,4.100869141268066009e+00
6.480400264263153076e-02,2.056740922853350639e-04,-4.037195205688476562e+00,4.037195205688476562e+00,2.069641490942124729e-04,-4.039322771697329451e+00,4.039322776999475728e+00
6.509591639041900635e-02,3.229069116059690714e-04,-3.929787635803222656e+00,3.929787635803222656e+00,3.243088982878243186e-04,-3.931616248177801420e+00,3.931616261553503744e+00
6.538782268762588501e-02,4.364523047115653753e-04,-3.777704238891601562e+00,3.777704238891601562e+00,4.343648992824949507e-04,-3.778990280318891060e+00,3.778990305282287299e+00
6.567973643541336060e-02,5.450387252494692802e-04,-3.582650899887084961e+00,3.582650899887084961e+00,5.501282173612521411e-04,-3.583179511091629799e+00,3.583179553322427324e+00
6.597164273262023926e-02,6.474384572356939316e-04,-3.346827983856201172e+00,3.346827983856201172e+00,6.523115647315087719e-04,-3.346429240456295418e+00,3.346429304033072594e+00
6.626355648040771484e-02,7.425028597936034203e-04,-3.072868347167968750e+00,3.072868347167968750e+00,7.439904977439310702e-04,-3.071433611324835056e+00,3.071433701432895624e+00
6.655546277761459351e-02,8.290300611406564713e-04,-2.763456344604492188e+00,2.763456344604492188e+00,8.304742793111090631e-04,-2.761349482204937811e+00,2.761349607087267177e+00
6.684737652540206909e-02,9.058880386874079704e-04,-2.421857118606567383e+00,2.421857118606567383e+00,9.051124752766220036e-04,-2.419703834373786222e+00,2.419704003656603319e+00
6.713928282260894775e-02,9.724197443574666977e-04,-2.052828311920166016e+00,2.052828550338745117e+00,9.760919815667664550e-04,-2.050425366685675321e+00,2.050425599016858058e+00
6.743118911981582642e-02,1.027881749905645847e-03,-1.660520792007446289e+00,1.660521030426025391e+00,1.029570129147157429e-03,-1.657715122924242612e+00,1.657715442645808279e+00
6.772310286760330200e-02,1.071652397513389587e-03,-1.249340534210205078e+00,1.249341011047363281e+00,1.073343056400740238e-03,-1.246045057129291145e+00,1.246045519417992686e+00
6.801500916481018066e-02,1.103237154893577099e-03,-8.239347934722900391e-01,8.239355087280273438e-01,1.104846247414470245e-03,-8.201514365304112264e-01,8.201521807129014130e-01
6.830692291259765625e-02,1.122280023992061615e-03,-3.890662193298339844e-01,3.890678286552429199e-01,1.123316834433632071e-03,-3.848748302353843243e-01,3.848764695190216578e-01
6.859882920980453491e-02,1.128562493249773979e-03,5.035192146897315979e-02,5.036456882953643799e-02,1.129510156306590303e-03,5.478004963837961733e-02,5.479169308915846082e-02
6.889074295759201050e-02,1.121643930673599243e-03,4.892305135726928711e-01,4.892317950725555420e-01,1.122556790842055502e-03,4.938285200008415421e-01,4.938297958811013744e-01
6.918264925479888916e-02,1.101853442378342152e-03,9.223672151565551758e-01,9.223678708076477051e-01,1.102947323851830941e-03,9.272225497207486899e-01,9.272232057080136425e-01
6.947456300258636475e-02,1.069537131115794182e-03,1.344918370246887207e+00,1.344918727874755859e+00,1.071995154541682685e-03,1.350032980955704121e+00,1.350033406565095184e+00
6.976646929979324341e-02,1.025063102133572102e-03,1.752110719680786133e+00,1.752110958099365234e+00,1.024430226514477316e-03,1.757398848089895882e+00,1.757399146672429024e+00
7.005838304758071899e-02,9.689304279163479805e-04,2.139385223388671875e+00,2.139385461807250977e+00,9.698183889110132067e-04,2.144701585683662870e+00,2.144701804956046676e+00
7.035028934478759766e-02,9.017732227221131325e-04,2.502361059188842773e+00,2.502361059188842773e+00,9.023263078787153134e-04,2.507487538483195610e+00,2.507487700835496103e+00
7.064220309257507324e-02,8.243403863161802292e-04,2.836973190307617188e+00,2.836973190307617188e+00,8.274507455156199145e-04,2.841630826456973402e+00,2.841630946929118107e+00
7.093410938978195190e-02,7.374519482254981995e-04,3.139201641082763672e+00,3.139201641082763672e+00,7.405797971570249588e-04,3.143294885674967176e+00,3.143294972917565655e+00
7.122602313756942749e-02,6.419148412533104420e-04,3.404589176177978516e+00,3.404589176177978516e+00,6.420118222678940223e-04,3.409045141033995474e+00,3.409045201487753030e+00
7.151792943477630615e-02,5.391113809309899807e-04,3.631170034408569336e+00,3.631170034408569336e+00,5.391587559469066112e-04,3.635839733890696923e+00,3.635839773866628821e+00
7.180984318256378174e-02,4.301948938518762589e-04,3.816418409347534180e+00,3.816418409347534180e+00,4.337793388262851935e-04,3.821094226589724752e+00,3.821094251211535120e+00
7.210174947977066040e-02,3.163973742630332708e-04,3.958247184753417969e+00,3.958247184753417969e+00,3.199794387514883951e-04,3.962682290583512401e+00,3.962682303502392589e+00
7.239366322755813599e-02,1.989934098673984408e-04,4.055068492889404297e+00,4.055068492889404297e+00,1.986116115718601432e-04,4.058991720010419080e+00,4.058991724869577489e+00
7.268556952476501465e-02,7.930956053314730525e-05,4.105782985687255859e+00,4.105782985687255859e+00,7.877840083134284553e-05,4.108921351466685579e+00,4.108921352221875267e+00
7.297748327255249023e-02,-4.131406240048818290e-05,4.109808921813964844e+00,4.109808921813964844e+00,-3.803924838118403486e-05,4.111899928317645170e+00,4.111899928493595979e+00
7.326938956975936890e-02,-1.614730135770514607e-04,4.066073417663574219e+00,4.066073417663574219e+00,-1.583173951659817467e-04,4.067893967547935752e+00,4.067893970628693623e+00
7.356130331754684448e-02,-2.797449706122279167e-04,3.975363492965698242e+00,3.975363492965698242e+00,-2.806190654797823133e-04,3.977405830988671731e+00,3.977405840887970889e+00
7.385320961475372314e-02,-3.948008234146982431e-04,3.839473962783813477e+00,3.839473962783813477e+00,-3.957859741934085119e-04,3.841470860335867599e+00,3.841470880724742187e+00
7.414512336254119873e-02,-5.053527420386672020e-04,3.659938097000122070e+00,3.659938097000122070e+00,-5.029855105236930458e-04,3.661636643236886535e+00,3.661636677783517868e+00
7.443702965974807739e-02,-6.101503386162221432e-04,3.438792943954467773e+00,3.438792943954467773e+00,-6.081739391184311791e-04,3.439967804979837229e+00,3.439967858741319162e+00
7.472894340753555298e-02,-7.080223876982927322e-04,3.178507804870605469e+00,3.178507804870605469e+00,-7.091707808810639819e-04,3.178989920663311430e+00,3.178989999764410435e+00
7.502084970474243164e-02,-7.978600915521383286e-04,2.882020473480224609e+00,2.882020473480224609e+00,-7.990782164339596712e-04,2.881690183815041717e+00,2.881690294605228075e+00
7.531276345252990723e-02,-8.786544785834848881e-04,2.552640438079833984e+00,2.552640438079833984e+00,-8.772743089658603189e-04,2.551453806674374825e+00,2.551453957492349378e+00
7.560466974973678589e-02,-9.490814991295337677e-04,2.193151712417602539e+00,2.193151950836181641e+00,-9.483445521598971766e-04,2.192072383383672829e+00,2.192072588522278931e+00
7.589658349752426147e-02,-1.008688588626682758e-03,1.808822393417358398e+00,1.808822631835937500e+00,-1.011894689097705925e-03,1.807636214805679487e+00,1.807636498029364880e+00
7.618848979473114014e-02,-1.056810840964317322e-03,1.404018282890319824e+00,1.404018640518188477e+00,-1.058189504505182600e-03,1.402555836039172110e+00,1.402556235226441350e+00
7.648040354251861572e-02,-1.092910999432206154e-03,9.832767248153686523e-01,9.832773208618164062e-01,-1.094318055582461317e-03,9.814304660626365084e-01,9.814310761576334752e-01
7.677230983972549438e-02,-1.116581726819276810e-03,5.513535141944885254e-01,5.513546466827392578e-01,-1.117553637431123372e-03,5.491096159805145538e-01,5.491107532077665887e-01
7.706422358751296997e-02,-1.127556664869189262e-03,1.130854785442352295e-01,1.130911037325859070e-01,-1.128940258426227184e-03,1.105029140458794329e-01,1.105086807392890308e-01
7.735612988471984863e-02,-1.125708920881152153e-03,-3.265748620033264160e-01,3.265767991542816162e-01,-1.126948006197652213e-03,-3.293547782196116214e-01,3.293567062440025950e-01
7.764804363250732422e-02,-1.110863056965172291e-03,-7.625683546066284180e-01,7.625691890716552734e-01,-1.111829026015099739e-03,-7.654685773813714178e-01,7.654693848365482500e-01
7.793994992971420288e-02,-1.083099283277988434e-03,-1.189618229866027832e+00,1.189618706703186035e+00,-1.084280047529613458e-03,-1.192820111004159411e+00,1.192820603812323688e+00
7.823185622692108154e-02,-1.043028198182582855e-03,-1.603008627891540527e+00,1.603008985519409180e+00,-1.045794206268488681e-03,-1.606538607416389652e+00,1.606538947802048867e+00
7.852376997470855713e-02,-9.911009110510349274e-04,-1.998118638992309570e+00,1.998118877410888672e+00,-9.904250500033708743e-04,-2.001910770984119736e+00,2.001911015985478937e+00
7.881567627191543579e-02,-9.279062505811452866e-04,-2.370476484298706055e+00,2.370476484298706055e+00,-9.289691689004639027e-04,-2.374398020023231304e+00,2.374398201750068438e+00
7.910759001970291138e-02,-8.541519637219607830e-04,-2.715910673141479492e+00,2.715910673141479492e+00,-8.549857919197625684e-04,-2.719769596295221081e+00,2.719769730681731001e+00
7.939949631690979004e-02,-7.706701289862394333e-04,-3.030513525009155273e+00,3.030513525009155273e+00,-7.742604930014047046e-04,-3.034048585101795759e+00,3.034048683893769915e+00
7.969141006469726562e-02,-6.783929420635104179e-04,-3.310750722885131836e+00,3.310750722885131836e+00,-6.756584696071897111e-04,-3.313667632166688914e+00,3.313667701050236669e+00
7.998331636190414429e-02,-5.781599902547895908e-04,-3.552191257476806641e+00,3.552191257476806641e+00,-5.752115295594489777e-04,-3.555417788412358338e+00,3.555417834942516286e+00
8.027523010969161987e-02,-4.713306552730500698e-04,-3.752885341644287109e+00,3.752885341644287109e+00,-4.716912726541928912e-04,-3.756547604846237398e+00,3.756547634460217555e+00
8.056713640689849854e-02,-3.591701388359069824e-04,-3.910849094390869141e+00,3.910849094390869141e+00,-3.594467636661646749e-04,-3.914747804511327534e+00,3.914747821013280671e+00
8.085905015468597412e-02,-2.429356391075998545e-04,-4.024323463439941406e+00,4.024323463439941406e+00,-2.469656522499052141e-04,-4.028218802619274008e+00,4.028218810189869714e+00
8.115095645189285278e-02,-1.239410921698436141e-04,-4.092028141021728516e+00,4.092028141021728516e+00,-1.200468555335272504e-04,-4.095658274245878694e+00,4.095658276005210041e+00
8.144287019968032837e-02,-3.519131951179588214e-06,-4.113202571868896484e+00,4.113202571868896484e+00,-3.401969767453237924e-06,-4.116300403648511796e+00,4.116300403649917783e+00
8.173477649688720703e-02,1.169693787232972682e-04,-4.087596416473388672e+00,4.087596416473388672e+00,1.171799119948328810e-04,-4.089906943677434015e+00,4.089906945356093892e+00
8.202669024467468262e-02,2.361519436817616224e-04,-4.015096187591552734e+00,4.015096187591552734e+00,2.326425750772194868e-04,-4.016778565278744217e+00,4.016778572015805793e+00
8.231859654188156128e-02,3.525569336488842964e-04,-3.895597934722900391e+00,3.895597934722900391e+00,3.492854638962557875e-04,-3.897754565507169922e+00,3.897754581157248488e+00
8.261051028966903687e-02,4.649193724617362022e-04,-3.731834650039672852e+00,3.731834650039672852e+00,4.655822998465467097e-04,-3.734191479801927116e+00,3.734191508826533834e+00
8.290241658687591553e-02,5.719704786315560341e-04,-3.525669813156127930e+00,3.525669813156127930e+00,5.728019018866798741e-04,-3.527961880814185491e+00,3.527961927314407387e+00
8.319433033466339111e-02,6.725122220814228058e-04,-3.279418706893920898e+00,3.279418706893920898e+00,6.702335902950072154e-04,-3.281412903754838517e+00,3.281412972202955025e+00
8.348623663187026978e-02,7.654082146473228931e-04,-2.995864868164062500e+00,2.995864868164062500e+00,7.635072297935679292e-04,-2.997375810630478199e+00,2.997375907872752432e+00
8.377815037965774536e-02,8.496170048601925373e-04,-2.678179502487182617e+00,2.678179502487182617e+00,8.504383937985297197e-04,-2.679086515982886940e+00,2.679086650962746674e+00
8.407005667686462402e-02,9.241844527423381805e-04,-2.329944849014282227e+00,2.329944849014282227e+00,9.251008957095860265e-04,-2.330187677710494398e+00,2.330187861346268097e+00
8.436197042465209961e-02,9.880003053694963455e-04,-1.954518795013427734e+00,1.954519033432006836e+00,9.870983988997934604e-04,-1.954653313812694693e+00,1.954653563054639553e+00
8.465387672185897827e-02,1.040408969856798649e-03,-1.556650161743164062e+00,1.556650519371032715e+00,1.040043935672505014e-03,-1.556793832384118614e+00,1.556794179794046995e+00
8.494579046964645386e-02,1.080973772332072258e-03,-1.141174435615539551e+00,1.141175031661987305e+00,1.082268988813788173e-03,-1.141142380895853181e+00,1.141142894112223249e+00
8.523769676685333252e-02,1.109238946810364723e-03,-7.127905488014221191e-01,7.127913832664489746e-01,1.110620860020440593e-03,-7.124551518289233831e-01,7.124560174819698499e-01
8.552961051464080811e-02,1.124889357015490532e-03,-2.762979269027709961e-01,2.763001918792724609e-01,1.126031052952370564e-03,-2.756155666068783039e-01,2.756178668046808111e-01
8.582151681184768677e-02,1.127747353166341782e-03,1.633706241846084595e-01,1.633745133876800537e-01,1.129268460009718146e-03,1.643617303420235043e-01,1.643656096885197648e-01
8.611343055963516235e-02,1.117778941988945007e-03,6.012809276580810547e-01,6.012819409370422363e-01,1.119101001141298811e-03,6.024648101880965001e-01,6.024658495732599928e-01
8.640533685684204102e-02,1.095070969313383102e-03,1.032480478286743164e+00,1.032480955123901367e+00,1.095916139101591738e-03,1.033680037012115305e+00,1.033680617961637127e+00
8.669725060462951660e-02,1.059458591043949127e-03,1.451518416404724121e+00,1.451518774032592773e+00,1.062143104933067645e-03,1.453095147952973676e+00,1.453095536140845079e+00
8.698915690183639526e-02,1.011811313219368458e-03,1.853899478912353516e+00,1.853899717330932617e+00,1.014951439898392500e-03,1.855895217187397472e+00,1.855895494715551708e+00
8.728107064962387085e-02,9.526667417958378792e-04,2.235122442245483398e+00,2.235122680664062500e+00,9.518985043858166004e-04,2.237495802874133410e+00,2.237496005357356488e+00
8.757297694683074951e-02,8.826952544040977955e-04,2.590882778167724609e+00,2.590882778167724609e+00,8.815189641727167900e-04,2.593522996540391645e+00,2.593523146351220721e+00
8.786489069461822510e-02,8.026809082366526127e-04,2.917196989059448242e+00,2.917196989059448242e+00,8.066323989143701217e-04,2.919921008909974525e+00,2.919921120326655739e+00
8.815679699182510376e-02,7.135271443985402584e-04,3.210373163223266602e+00,3.210373163223266602e+00,7.176214423276633132e-04,3.212949334489296760e+00,3.212949414630698719e+00
8.844871073961257935e-02,6.162301870062947273e-04,3.467119693756103516e+00,3.467119693756103516e+00,6.137065258566730885e-04,3.469269510559581882e+00,3.469269564841281905e+00
8.874061703681945801e-02,5.117872497066855431e-04,3.683793306350708008e+00,3.683793306350708008e+00,5.090497009247306080e-04,3.685943292785898606e+00,3.685943327937225789e+00
8.903253078460693359e-02,4.014186561107635498e-04,3.857680797576904297e+00,3.857680797576904297e+00,4.058768575738325320e-04,3.860503367673032482e+00,3.860503389009112940e+00
8.932443708181381226e-02,2.865196147467941046e-04,3.987646341323852539e+00,3.987646341323852539e+00,2.909622534999757007e-04,3.990948533697371570e+00,3.990948544303751344e+00
8.961634337902069092e-02,1.683811424300074577e-04,4.072245597839355469e+00,4.072245597839355469e+00,1.727982578058567624e-04,4.075791440608239391e+00,4.075791444271238184e+00
8.990825712680816650e-02,-5.503806285560131073e-03,4.110530853271484375e+00,4.110534191131591797e+00,4.482328053871240581e-05,4.114063570499937761e+00,4.114063570744114884e+00
9.020016342401504517e-02,-6.898053735494613647e-02,4.113839626312255859e+00,4.114418029785156250e+00,-6.901145167795677549e-02,4.115809925507708300e+00,4.116388456325577039e+00
9.049207717180252075e-02,-1.695571988821029663e-01,4.110949516296386719e+00,4.114444732666015625e+00,-1.696371425600421423e-01,4.112892097659598178e+00,4.116388971796362206e+00
9.078398346900939941e-02,-2.700320780277252197e-01,4.105612754821777344e+00,4.114483356475830078e+00,-2.701456931225681424e-01,4.107514736516383103e+00,4.116388709319362071e+00
9.107589721679687500e-02,-3.703435659408569336e-01,4.097752094268798828e+00,4.114453792572021484e+00,-3.705083456692181976e-01,4.099680145321162428e+00,4.116388432613118376e+00
9.136780351400375366e-02,-4.704293310642242432e-01,4.087441444396972656e+00,4.114423751831054688e+00,-4.706494544938791824e-01,4.089394133711208745e+00,4.116388622305604983e+00
9.165971726179122925e-02,-5.702365636825561523e-01,4.074698925018310547e+00,4.114406585693359375e+00,-5.705090467617005556e-01,4.076662296043785716e+00,4.116388714446429731e+00
9.195162355899810791e-02,-6.697012782096862793e-01,4.059531688690185547e+00,4.114400863647460938e+00,-6.700119754354647572e-01,4.061494728628691320e+00,4.116388645148266079e+00
9.224353730678558350e-02,-7.687700986862182617e-01,4.041948318481445312e+00,4.114408016204833984e+00,-7.691297410185496952e-01,4.043896116452529554e+00,4.116388752192765565e+00
9.253544360399246216e-02,-8.673796057701110840e-01,4.021960258483886719e+00,4.114427566528320312e+00,-8.677874909744731635e-01,4.023878460011956371e+00,4.116388343006519790e+00
9.282735735177993774e-02,-9.654767513275146484e-01,3.999578237533569336e+00,4.114459037780761719e+00,-9.659109748713340382e-01,4.001458522113399141e+00,4.116388503964468981e+00
9.311926364898681641e-02,-1.062992215156555176e+00,3.974791288375854492e+00,4.114476680755615234e+00,-1.063472126938421303e+00,3.976642174430918608e+00,4.116388702277470557e+00
9.341117739677429199e-02,-1.159860134124755859e+00,3.947573900222778320e+00,4.114439964294433594e+00,-1.160397425298985263e+00,3.949447123879662680e+00,4.116388559035923933e+00
9.370308369398117065e-02,-1.256033897399902344e+00,3.918008565902709961e+00,4.114415168762207031e+00,-1.256628485259577488e+00,3.919890392394880241e+00,4.116388688930562090e+00
9.399499744176864624e-02,-1.351460576057434082e+00,3.886111736297607422e+00,4.114402770996093750e+00,-1.352093218466299041e+00,3.887994199252254646e+00,4.116388582828609977e+00
9.428690373897552490e-02,-1.446081042289733887e+00,3.851903200149536133e+00,4.114402770996093750e+00,-1.446764446254926950e+00,3.853768220404842904e+00,4.116388812970615874e+00
9.457881748676300049e-02,-1.539843797683715820e+00,3.815401554107666016e+00,4.114414691925048828e+00,-1.540570113029336774e+00,3.817237059968462631e+00,4.116388592584026007e+00
9.487072378396987915e-02,-1.632688879966735840e+00,3.776630163192749023e+00,4.114439010620117188e+00,-1.633440245995737561e+00,3.778429348443055336e+00,4.116388633063504443e+00
9.516263753175735474e-02,-1.724565982818603516e+00,3.735609531402587891e+00,4.114475250244140625e+00,-1.725347921352807345e+00,3.737355950925965953e+00,4.116388581467763430e+00
9.545454382896423340e-02,-1.815388560295104980e+00,3.692308902740478516e+00,4.114459991455078125e+00,-1.816223669481002334e+00,3.694047399237686768e+00,4.116388539168497118e+00
9.574645757675170898e-02,-1.905119538307189941e+00,3.646784782409667969e+00,4.114428520202636719e+00,-1.906013224773647652e+00,3.648529722836706402e+00,4.116388654079560894e+00
9.603836387395858765e-02,-1.993713259696960449e+00,3.599092483520507812e+00,4.114408969879150391e+00,-1.994649319655539044e+00,3.600837478289749871e+00,4.116388763644462934e+00
9.633027762174606323e-02,-2.081122398376464844e+00,3.549257278442382812e+00,4.114401340484619141e+00,-2.082106262054752577e+00,3.550984376123436981e+00,4.116388772450966016e+00
9.662218391895294189e-02,-2.167290687561035156e+00,3.497311830520629883e+00,4.114406108856201172e+00,-2.168318012849705489e+00,3.499007579849752858e+00,4.116388835945229197e+00
9.691409766674041748e-02,-2.252171993255615234e+00,3.443283319473266602e+00,4.114423274993896484e+00,-2.253232518305393839e+00,3.444937859125458246e+00,4.116388421272312748e+00
9.720600396394729614e-02,-2.335712194442749023e+00,3.387206792831420898e+00,4.114452362060546875e+00,-2.336786905107961054e+00,3.388817104557702020e+00,4.116388515194707942e+00
9.749791771173477173e-02,-2.417860507965087891e+00,3.329104661941528320e+00,4.114485263824462891e+00,-2.418957057537791222e+00,3.330660913252656563e+00,4.116388631468232973e+00
9.778982400894165039e-02,-2.498516798019409180e+00,3.268956661224365234e+00,4.114445686340332031e+00,-2.499680360419705760e+00,3.270512603445773436e+00,4.116388537731300978e+00
9.808173775672912598e-02,-2.577688932418823242e+00,3.206861734390258789e+00,4.114418983459472656e+00,-2.578908654381578902e+00,3.208408615997698554e+00,4.116388671499870533e+00
9.837364405393600464e-02,-2.655324697494506836e+00,3.142860889434814453e+00,4.114404201507568359e+00,-2.656582473677071121e+00,3.144395803818976098e+00,4.116388636963542957e+00
9.866555780172348022e-02,-2.731381654739379883e+00,3.076988220214843750e+00,4.114401817321777344e+00,-2.732679888252018241e+00,3.078492596341944942e+00,4.116388713106335473e+00
9.895746409893035889e-02,-2.805811643600463867e+00,3.009286642074584961e+00,4.114411830902099609e+00,-2.807142892746159468e+00,3.010747973178607761e+00,4.116388535876366106e+00
9.924937784671783447e-02,-2.878574371337890625e+00,2.939791917800903320e+00,4.114434242248535156e+00,-2.879915912500254027e+00,2.941214219959381371e+00,4.116388799756825811e+00
9.954128414392471313e-02,-2.949623584747314453e+00,2.868548393249511719e+00,4.114468097686767578e+00,-2.950977977947748077e+00,2.869910229981520011e+00,4.116388678743197360e+00
9.983319789171218872e-02,-3.018885850906372070e+00,2.795562505722045898e+00,4.114467144012451172e+00,-3.020275206747938146e+00,2.796889935333092492e+00,4.116388664213311621e+00
1.001251041889190674e-01,-3.086315870285034180e+00,2.720885038375854492e+00,4.114433288574218750e+00,-3.087765741662152674e+00,2.722197084708945169e+00,4.116388495195795194e+00
1.004170104861259460e-01,-3.151908397674560547e+00,2.644589900970458984e+00,4.114411354064941406e+00,-3.153399790611472131e+00,2.645888177833077837e+00,4.116388525033238821e+00
1.007089242339134216e-01,-3.215626716613769531e+00,2.566719055175781250e+00,4.114401817321777344e+00,-3.217158572970571395e+00,2.567985178812921543e+00,4.116388849737215416e+00
1.010008305311203003e-01,-3.277429580688476562e+00,2.487323760986328125e+00,4.114404201507568359e+00,-3.278992793283221907e+00,2.488546011725001783e+00,4.116388585990846671e+00
1.012927442789077759e-01,-3.337284564971923828e+00,2.406445741653442383e+00,4.114419460296630859e+00,-3.338866138407059037e+00,2.407618642633525763e+00,4.116388540766987347e+00
1.015846505761146545e-01,-3.395152330398559570e+00,2.324137210845947266e+00,4.114446640014648438e+00,-3.396733654734761298e+00,2.325264513911224906e+00,4.116388536188313907e+00
1.018765643239021301e-01,-3.451002597808837891e+00,2.240441560745239258e+00,4.114486217498779297e+00,-3.452579201344039284e+00,2.241506746052046140e+00,4.116388664126636954e+00
1.021684706211090088e-01,-3.504725694656372070e+00,2.155368328094482422e+00,4.114451885223388672e+00,-3.506359520221886683e+00,2.156408666370387195e+00,4.116388638290604085e+00
1.024603843688964844e-01,-3.556358098983764648e+00,2.069008111953735352e+00,4.114422798156738281e+00,-3.558034943718608289e+00,2.070034506980035882e+00,4.116388650359773749e+00
1.027522906661033630e-01,-3.605872392654418945e+00,1.981419920921325684e+00,4.114406585693359375e+00,-3.607590778194884162e+00,1.982408561140341474e+00,4.116388578134879239e+00
1.030442044138908386e-01,-3.653241395950317383e+00,1.892650961875915527e+00,4.114401817321777344e+00,-3.654989056509001522e+00,1.893597303632778006e+00,4.116388678383746225e+00
1.033361107110977173e-01,-3.698436021804809570e+00,1.802757978439331055e+00,4.114409446716308594e+00,-3.700201401006591340e+00,1.803653362101163671e+00,4.116388691393218835e+00
1.036280244588851929e-01,-3.741431236267089844e+00,1.711789250373840332e+00,4.114429473876953125e+00,-3.743194165102293969e+00,1.712645179477091384e+00,4.116388716878178755e+00
1.039199307560920715e-01,-3.782199382781982422e+00,1.619803190231323242e+00,4.114461421966552734e+00,-3.783955061289478117e+00,1.620598566408222974e+00,4.116388662323158698e+00
1.042118445038795471e-01,-3.820689916610717773e+00,1.526837348937988281e+00,4.114475250244140625e+00,-3.822452837650250679e+00,1.527582648520416697e+00,4.116388519578916494e+00
1.045037508010864258e-01,-3.856848716735839844e+00,1.432942748069763184e+00,4.114439010620117188e+00,-3.858664644247661535e+00,1.433653078406782688e+00,4.116388463931966335e+00
1.047956645488739014e-01,-3.890712738037109375e+00,1.338194370269775391e+00,4.114414691925048828e+00,-3.892563789842072186e+00,1.338881065809528037e+00,4.116388631600876202e+00
1.050875708460807800e-01,-3.922260046005249023e+00,1.242653250694274902e+00,4.114402770996093750e+00,-3.924140149661861976e+00,1.243293584314383748e+00,4.116388568998987196e+00
1.053794845938682556e-01,-3.951474428176879883e+00,1.146370530128479004e+00,4.114403247833251953e+00,-3.953369663980983884e+00,1.146962403840037448e+00,4.116388521010575730e+00
1.056713908910751343e-01,-3.978336334228515625e+00,1.049409508705139160e+00,4.114416122436523438e+00,-3.980230916052204915e+00,1.049960689175704953e+00,4.116388659239078152e+00
1.059633046388626099e-01,-4.002831935882568359e+00,9.518190622329711914e-01,4.114440917968750000e+00,-4.004715932373692056e+00,9.523157421511398990e-01,4.116388583668524781e+00
1.062552109360694885e-01,-4.024946689605712891e+00,8.536632657051086426e-01,4.114479064941406250e+00,-4.026806166195817660e+00,8.541012844562616557e-01,4.116388818396835347e+00
1.065471246838569641e-01,-4.044598102569580078e+00,7.549818158149719238e-01,4.114458560943603516e+00,-4.046487873378199929e+00,7.553760041178128049e-01,4.116388832094681760e+00
1.068390309810638428e-01,-4.061819076538085938e+00,6.558506488800048828e-01,4.114427566528320312e+00,-4.063746812986565260e+00,6.562145177977709576e-01,4.116388666468099977e+00
1.071309447288513184e-01,-4.076622962951660156e+00,5.563279390335083008e-01,4.114408016204833984e+00,-4.078578126552252492e+00,5.566451579188430587e-01,4.116388388651509800e+00
1.074228510260581970e-01,-4.089001178741455078e+00,4.564773738384246826e-01,4.114401817321777344e+00,-4.090970916011901437e+00,4.567427933871373580e-01,4.116388831848412977e+00
1.077147647738456726e-01,-4.098946094512939453e+00,3.563526868820190430e-01,4.114407062530517578e+00,-4.100916462587244737e+00,3.565672954791399007e-01,4.116388716985361462e+00
1.080066710710525513e-01,-4.106451988220214844e+00,2.560178935527801514e-01,4.114424705505371094e+00,-4.108408171163966394e+00,2.561942193995058736e-01,4.116388365902878377e+00
1.082985848188400269e-01,-4.111514568328857422e+00,1.555269360542297363e-01,4.114454746246337891e+00,-4.113444527986945154e+00,1.556522839623310783e-01,4.116388407126862603e+00
1.085904911160469055e-01,-4.114115715026855469e+00,5.494396016001701355e-02,4.114482402801513672e+00,-4.116020849396853976e+00,5.501727900794023407e-02,4.116388530454703876e+00
1.088824048638343811e-01,-4.114190578460693359e+00,-4.567472636699676514e-02,4.114444255828857422e+00,-4.116135576177459399e+00,-4.565065541870499954e-02,4.116388716316025764e+00
1.091743111610412598e-01,-4.111817359924316406e+00,-1.462619751691818237e-01,4.114417552947998047e+00,-4.113788797241602957e+00,-1.462755844561623442e-01,4.116388564618080892e+00
1.094662249088287354e-01,-4.106997489929199219e+00,-2.467622160911560059e-01,4.114404201507568359e+00,-4.108981861742781128e+00,-2.468287484839432888e-01,4.116388753654023347e+00
1.097581312060356140e-01,-4.099733829498291016e+00,-3.471144735813140869e-01,4.114402294158935547e+00,-4.101717243382786648e+00,-3.472342491246935836e-01,4.116388704730018055e+00
1.100500449538230896e-01,-4.090030670166015625e+00,-4.472629725933074951e-01,4.114413261413574219e+00,-4.092001228152709835e+00,-4.474164919396075857e-01,4.116388656147865532e+00
1.103419512510299683e-01,-4.077893733978271484e+00,-5.471436381340026855e-01,4.114436149597167969e+00,-4.079836595009670219e+00,-5.473468170785854570e-01,4.116388608980711794e+00
1.106338649988174438e-01,-4.063329696655273438e+00,-6.467028260231018066e-01,4.114471435546875000e+00,-4.065232013044633774e+00,-6.469497895552288602e-01,4.116388629622873552e+00
1.109257712960243225e-01,-4.046295166015625000e+00,-7.458668947219848633e-01,4.114465236663818359e+00,-4.048196410886861329e+00,-7.461658103110915263e-01,4.116388902617739376e+00
1.112176850438117981e-01,-4.026813983917236328e+00,-8.445811867713928223e-01,4.114431858062744141e+00,-4.028742262725257817e+00,-8.449202718452600847e-01,4.116388524573901364e+00
1.115095913410186768e-01,-4.004937648773193359e+00,-9.427890777587890625e-01,4.114410877227783203e+00,-4.006876636748674336e+00,-9.431848266608943154e-01,4.116388951419157394e+00
1.118014976382255554e-01,-3.980678081512451172e+00,-1.040435194969177246e+00,4.114402294158935547e+00,-3.982613910104457755e+00,-1.040885251189321403e+00,4.116388667643153809e+00
1.120934113860130310e-01,-3.954049110412597656e+00,-1.137464523315429688e+00,4.114405155181884766e+00,-3.955973935244934570e+00,-1.137948112656791633e+00,4.116388670113215298e+00
1.123853176832199097e-01,-3.925068140029907227e+00,-1.233814954757690430e+00,4.114420890808105469e+00,-3.926964012291412232e+00,-1.234345543810270396e+00,4.116388620545458288e+00
1.126772314310073853e-01,-3.893749952316284180e+00,-1.329434990882873535e+00,4.114448547363281250e+00,-3.895605415591909981e+00,-1.330004787361710017e+00,4.116388500663425987e+00
1.129691377282142639e-01,-3.860115766525268555e+00,-1.424262881278991699e+00,4.114489078521728516e+00,-3.861917297877853983e+00,-1.424868620898725347e+00,4.116388684571711032e+00
1.132610514760017395e-01,-3.824097394943237305e+00,-1.518214702606201172e+00,4.114449501037597656e+00,-3.825924968889772071e+00,-1.518865714104565390e+00,4.116388577996078268e+00
1.135529577732086182e-01,-3.785804271697998047e+00,-1.611257791519165039e+00,4.114421367645263672e+00,-3.787639293725009182e+00,-1.611969143177908403e+00,4.116388701025136321e+00
1.138448715209960938e-01,-3.745257616043090820e+00,-1.703343629837036133e+00,4.114405632019042969e+00,-3.747088193983019622e+00,-1.704108448529603415e+00,4.116388652427866113e+00
1.141367778182029724e-01,-3.702483415603637695e+00,-1.794412970542907715e+00,4.114401817321777344e+00,-3.704296279683432669e+00,-1.795228510204263106e+00,4.116388748833951006e+00
1.144286915659904480e-01,-3.657504796981811523e+00,-1.884417057037353516e+00,4.114409923553466797e+00,-3.659295974139960883e+00,-1.885261077208631342e+00,4.116388751757392050e+00
1.147205978631973267e-01,-3.610350847244262695e+00,-1.973298311233520508e+00,4.114430427551269531e+00,-3.612100275702961216e+00,-1.974180209159438482e+00,4.116388696414638559e+00
1.150125116109848022e-01,-3.561046600341796875e+00,-2.061008691787719727e+00,4.114463329315185547e+00,-3.562744217907185540e+00,-2.061918645033034903e+00,4.116388570211266362e+00
1.153044179081916809e-01,-3.509592294692993164e+00,-2.147473573684692383e+00,4.114472389221191406e+00,-3.511265676440883166e+00,-2.148410594019183772e+00,4.116388554430414182e+00
1.155963316559791565e-01,-3.456000804901123047e+00,-2.232632637023925781e+00,4.114436626434326172e+00,-3.457679544423408302e+00,-2.233631095876888573e+00,4.116388672658628067e+00
1.158882379531860352e-01,-3.400354862213134766e+00,-2.316459655761718750e+00,4.114413261413574219e+00,-3.402025105516648384e+00,-2.317516048838672127e+00,4.116388642389148700e+00
1.161801517009735107e-01,-3.342684507369995117e+00,-2.398909807205200195e+00,4.114402770996093750e+00,-3.344336213290651116e+00,-2.400014634174707506e+00,4.116388581242058642e+00
1.164720579981803894e-01,-3.283026695251464844e+00,-2.479929924011230469e+00,4.114403724670410156e+00,-3.284656649845785648e+00,-2.481065197197424688e+00,4.116388443784240181e+00
1.167639717459678650e-01,-3.221413373947143555e+00,-2.559477090835571289e+00,4.114416599273681641e+00,-3.223003423537641243e+00,-2.560645072745954653e+00,4.116388496815320153e+00
1.170558780431747437e-01,-3.157884359359741211e+00,-2.637499570846557617e+00,4.114442348480224609e+00,-3.159422926687625477e+00,-2.638693596102334560e+00,4.116388845066858870e+00
1.173477917909622192e-01,-3.092474937438964844e+00,-2.713954210281372070e+00,4.114480495452880859e+00,-3.093952544265102578e+00,-2.715163336449589515e+00,4.116388500829891939e+00
1.176396980881690979e-01,-3.025169372558593750e+00,-2.788744926452636719e+00,4.114455699920654297e+00,-3.026642418820145952e+00,-2.789998451162467585e+00,4.116388670775688041e+00
1.179316118359565735e-01,-2.956049442291259766e+00,-2.861864566802978516e+00,4.114425659179687500e+00,-2.957511943548479572e+00,-2.863176307837874912e+00,4.116388643701664130e+00
1.182235181331634521e-01,-2.885173082351684570e+00,-2.933278560638427734e+00,4.114407062530517578e+00,-2.886612682076924230e+00,-2.934641798957265735e+00,4.116388619228567691e+00
1.185154318809509277e-01,-2.812578439712524414e+00,-3.002948522567749023e+00,4.114401340484619141e+00,-2.813986958747801914e+00,-3.004352570659276633e+00,4.116388826730257300e+00
1.188073381781578064e-01,-2.738312005996704102e+00,-3.070829868316650391e+00,4.114407539367675781e+00,-2.739689888241914950e+00,-3.072255472434132884e+00,4.116388510774521059e+00
1.190992519259452820e-01,-2.662414073944091797e+00,-3.136885881423950195e+00,4.114426136016845703e+00,-2.663742954422890996e+00,-3.138331955588968381e+00,4.116388464504834310e+00
1.193911582231521606e-01,-2.584932565689086914e+00,-3.201074600219726562e+00,4.114456653594970703e+00,-2.586203143810089422e+00,-3.202531519144375949e+00,4.116388566713105490e+00
1.196830719709396362e-01,-2.505897283554077148e+00,-3.263345241546630859e+00,4.114479541778564453e+00,-2.507116302317814682e+00,-3.264815912603886261e+00,4.116388598825347245e+00
1.199749782681465149e-01,-2.425328969955444336e+00,-3.323614120483398438e+00,4.114441871643066406e+00,-2.426542706104952707e+00,-3.325138258109181066e+00,4.116388458356731839e+00
1.202668920159339905e-01,-2.343316793441772461e+00,-3.381906032562255859e+00,4.114416599273681641e+00,-2.344505723976795242e+00,-3.383481702561708548e+00,4.116388650422823758e+00
1.205587983131408691e-01,-2.259912967681884766e+00,-3.438183307647705078e+00,4.114402770996093750e+00,-2.261066318062270764e+00,-3.439801524286606238e+00,4.116388638255641830e+00
1.208507120609283447e-01,-2.175162792205810547e+00,-3.492416143417358398e+00,4.114402294158935547e+00,-2.176287796021110665e+00,-3.494055896174946163e+00,4.116388608562768781e+00
1.211426183581352234e-01,-2.089121103286743164e+00,-3.544569253921508789e+00,4.114413261413574219e+00,-2.090194944459578874e+00,-3.546228938718896995e+00,4.116388537498827382e+00
1.214345321059226990e-01,-2.001832246780395508e+00,-3.594615221023559570e+00,4.114437103271484375e+00,-2.002851992215686217e+00,-3.596281222752776952e+00,4.116388555013551276e+00
1.217264384031295776e-01,-1.913352847099304199e+00,-3.642522096633911133e+00,4.114472866058349609e+00,-1.914324927275547594e+00,-3.644175490035359566e+00,4.116388578519159402e+00
1.220183521509170532e-01,-1.823705196380615234e+00,-3.688210964202880859e+00,4.114462375640869141e+00,-1.824639344733253621e+00,-3.689897780396140359e+00,4.116388510347506191e+00
1.223102584481239319e-01,-1.732960462570190430e+00,-3.731672763824462891e+00,4.114429950714111328e+00,-1.733862388961432854e+00,-3.733413475296928130e+00,4.116388582408581520e+00
1.226021721959114075e-01,-1.641183495521545410e+00,-3.772914171218872070e+00,4.114409446716308594e+00,-1.642048569269791480e+00,-3.774696131161684232e+00,4.116388512573607272e+00
1.228940784931182861e-01,-1.548432946205139160e+00,-3.811909198760986328e+00,4.114400863647460938e+00,-1.549267236665090808e+00,-3.813715453284346246e+00,4.116388529915964156e+00
1.231859847903251648e-01,-1.454761028289794922e+00,-3.848636150360107422e+00,4.114405155181884766e+00,-1.455545020110152521e+00,-3.850460358043572118e+00,4.116388741898959758e+00
1.234778985381126404e-01,-1.360220551490783691e+00,-3.883074045181274414e+00,4.114421367645263672e+00,-1.360952201617349644e+00,-3.884902233224505341e+00,4.116388739757198323e+00
1.237698048353195190e-01,-1.264872312545776367e+00,-3.915200948715209961e+00,4.114449977874755859e+00,-1.265545354958070634e+00,-3.917020626833441543e+00,4.116388664411391396e+00
1.240617185831069946e-01,-1.168765902519226074e+00,-3.944995880126953125e+00,4.114487171173095703e+00,-1.169396720467475559e+00,-3.946791962663916742e+00,4.116388646178660515e+00
1.243536248803138733e-01,-1.071941018104553223e+00,-3.972357034683227539e+00,4.114447593688964844e+00,-1.072533848286663982e+00,-3.974207555037834183e+00,4.116388531982908106e+00
1.246455386281013489e-01,-9.744773507118225098e-01,-3.997354745864868164e+00,4.114419937133789062e+00,-9.750295389272763957e-01,-3.999246459262321363e+00,4.116388568114403235e+00
1.249374449253082275e-01,-8.764374852180480957e-01,-4.019972801208496094e+00,4.114404678344726562e+00,-8.769573948372250127e-01,-4.021890126949863919e+00,4.116388522189868837e+00
1.252293586730957031e-01,-7.778765559196472168e-01,-4.040198802947998047e+00,4.114401340484619141e+00,-7.783455328856458966e-01,-4.042132026967929725e+00,4.116388355342933458e+00
1.255212724208831787e-01,-6.788476109504699707e-01,-4.058021545410156250e+00,4.114410400390625000e+00,-6.792681654906027600e-01,-4.059956958713581088e+00,4.116388677865076673e+00
1.258131712675094604e-01,-5.794240236282348633e-01,-4.073428153991699219e+00,4.114431858062744141e+00,-5.797844877858714385e-01,-4.075353331773056809e+00,4.116388566580040376e+00
1.261050850152969360e-01,-4.796440303325653076e-01,-4.086412429809570312e+00,4.114465236663818359e+00,-4.799697794730289901e-01,-4.088310730783629943e+00,4.116388662486569316e+00
1.263969987630844116e-01,-3.795778751373291016e-01,-4.096923351287841797e+00,4.114470005035400391e+00,-3.798523300611705289e-01,-4.098825250803225906e+00,4.116388736413876259e+00
1.266889125108718872e-01,-2.792778313159942627e-01,-4.104945659637451172e+00,4.114435195922851562e+00,-2.795077805821749029e-01,-4.106888389664364425e+00,4.116388811150609506e+00
1.269808113574981689e-01,-1.788213849067687988e-01,-4.110524177551269531e+00,4.114411830902099609e+00,-1.789960393315922493e-01,-4.112495245561412105e+00,4.116388796853573950e+00
1.272727251052856445e-01,-7.825244963169097900e-02,-4.113657474517822266e+00,4.114401340484619141e+00,-7.839296502551704182e-02,-4.115642089897146860e+00,4.116388619785363190e+00
1.275646388530731201e-01,2.236236631870269775e-02,-4.114342689514160156e+00,4.114403724670410156e+00,2.227268073037462146e-02,-4.116328363620257669e+00,4.116388619828252438e+00
1.278565526008605957e-01,1.229634061455726624e-01,-4.112579822540283203e+00,4.114418029785156250e+00,1.229250086304476686e-01,-4.114552723843789117e+00,4.116388547627294336e+00
1.281484514474868774e-01,2.234894484281539917e-01,-4.108369827270507812e+00,4.114444255828857422e+00,2.234881528720762955e-01,-4.110317166764075658e+00,4.116388485780907658e+00
1.284403651952743530e-01,3.238857388496398926e-01,-4.101715087890625000e+00,4.114482879638671875e+00,3.239333333400520876e-01,-4.103623041816122807e+00,4.116388571766884219e+00
1.287322789430618286e-01,4.240882098674774170e-01,-4.092539787292480469e+00,4.114454269409179688e+00,4.241847356210880493e-01,-4.094474729780482214e+00,4.116388708898236715e+00
1.290241926908493042e-01,5.240304470062255859e-01,-4.080916404724121094e+00,4.114424228668212891e+00,5.241825144760364763e-01,-4.082877346203766855e+00,4.116388554622405493e+00
1.293160915374755859e-01,6.236576437950134277e-01,-4.066864967346191406e+00,4.114406108856201172e+00,6.238511884006059383e-01,-4.068840514931940433e+00,4.116388397760889717e+00
1.296080052852630615e-01,7.229170203208923340e-01,-4.050393581390380859e+00,4.114401340484619141e+00,7.231623705886259801e-01,-4.052368442345692046e+00,4.116388442160750394e+00
1.298999190330505371e-01,8.217462301254272461e-01,-4.031511783599853516e+00,4.114408016204833984e+00,8.220411488826110391e-01,-4.033473129760622555e+00,4.116388846909046606e+00
1.301918327808380127e-01,9.200884103775024414e-01,-4.010230541229248047e+00,4.114427089691162109e+00,9.204281525522919338e-01,-4.012164933843767045e+00,4.116388640589756953e+00
1.304837316274642944e-01,1.017876744270324707e+00,-3.986564397811889648e+00,4.114458560943603516e+00,1.018249555064346445e+00,-3.988461088636968022e+00,4.116388467086157021e+00
1.307756453752517700e-01,1.115063428878784180e+00,-3.960499286651611328e+00,4.114476680755615234e+00,1.115477307026951026e+00,-3.962368658234355578e+00,4.116388587858296866e+00
1.310675591230392456e-01,1.211563229560852051e+00,-3.932013750076293945e+00,4.114440441131591797e+00,1.212037780424459088e+00,-3.933906305125019820e+00,4.116388514059215353e+00
1.313594728708267212e-01,1.307345509529113770e+00,-3.901187181472778320e+00,4.114415168762207031e+00,1.307873488154251307e+00,-3.903091277444056928e+00,4.116388536214317106e+00
1.316513717174530029e-01,1.402339220046997070e+00,-3.868042707443237305e+00,4.114402770996093750e+00,1.402912126308856866e+00,-3.869947467131023888e+00,4.116388688219111636e+00
1.319432854652404785e-01,1.496507763862609863e+00,-3.832593441009521484e+00,4.114402294158935547e+00,1.497126748156511811e+00,-3.834484069895170766e+00,4.116388779297397882e+00
1.322351992130279541e-01,1.589781284332275391e+00,-3.794865369796752930e+00,4.114414215087890625e+00,1.590445913965790714e+00,-3.796727112566954165e+00,4.116388583765079545e+00
1.325271129608154297e-01,1.682114362716674805e+00,-3.754876613616943359e+00,4.114438533782958984e+00,1.682814007158614178e+00,-3.756699780813477219e+00,4.116388735998248727e+00
1.328190118074417114e-01,1.773438811302185059e+00,-3.712656736373901367e+00,4.114475250244140625e+00,1.774161313079869462e+00,-3.714432132762982786e+00,4.116388518316929535e+00
1.331109255552291870e-01,1.863685607910156250e+00,-3.668168544769287109e+00,4.114460468292236328e+00,1.864462007312515768e+00,-3.669936926643925457e+00,4.116388662681948141e+00
1.334028393030166626e-01,1.952813506126403809e+00,-3.621469497680664062e+00,4.114428520202636719e+00,1.953647603655061404e+00,-3.623246827529809977e+00,4.116388773241905774e+00
1.336947530508041382e-01,2.040773868560791016e+00,-3.572618246078491211e+00,4.114408493041992188e+00,2.041664694125321589e+00,-3.574389522801996399e+00,4.116388609443297320e+00
1.339866518974304199e-01,2.127519130706787109e+00,-3.521641969680786133e+00,4.114401817321777344e+00,2.128447365395274016e+00,-3.523402651302610877e+00,4.116388517920089640e+00
1.342785656452178955e-01,2.212998390197753906e+00,-3.468569755554199219e+00,4.114406585693359375e+00,2.213970773190152563e+00,-3.470300866029103926e+00,4.116388548874189368e+00
1.345704793930053711e-01,2.297165632247924805e+00,-3.413430690765380859e+00,4.114423274993896484e+00,2.298170222808223251e+00,-3.415123697316821083e+00,4.116388737835302791e+00
1.348623782396316528e-01,2.379958152770996094e+00,-3.356265306472778320e+00,4.114452362060546875e+00,2.380981883723797043e+00,-3.357912810392006620e+00,4.116388365158912599e+00
1.351542919874191284e-01,2.461339473724365234e+00,-3.297089099884033203e+00,4.114485263824462891e+00,2.462382855567768480e+00,-3.298685455370041542e+00,4.116388594492013553e+00
1.354462057352066040e-01,2.541201591491699219e+00,-3.235886573791503906e+00,4.114446163177490234e+00,2.542311477101013129e+00,-3.237484937383266814e+00,4.116388753067798945e+00
1.357381194829940796e-01,2.619552850723266602e+00,-3.172756910324096680e+00,4.114418983459472656e+00,2.620719353743169222e+00,-3.174347939052117429e+00,4.116388559070734310e+00
1.360300183296203613e-01,2.696338891983032227e+00,-3.107745170593261719e+00,4.114404678344726562e+00,2.697547999890171244e+00,-3.109323208056138821e+00,4.116388711463967454e+00
1.363219320774078369e-01,2.771524667739868164e+00,-3.040880680084228516e+00,4.114401817321777344e+00,2.772775478936300608e+00,-3.042428696859640347e+00,4.116388736752820243e+00
1.366138458251953125e-01,2.845062017440795898e+00,-2.972205877304077148e+00,4.114412307739257812e+00,2.846344517352223935e+00,-2.973714567667360864e+00,4.116388640716294844e+00
1.369057595729827881e-01,2.916904687881469727e+00,-2.901763916015625000e+00,4.114433765411376953e+00,2.918200255930742060e+00,-2.903233096282384018e+00,4.116388604719389832e+00
1.371976584196090698e-01,2.987012624740600586e+00,-2.829594135284423828e+00,4.114468097686767578e+00,2.988321979968200814e+00,-2.831004365146254198e+00,4.116388462164159989e+00
1.374895721673965454e-01,3.055310010910034180e+00,-2.755707979202270508e+00,4.114467620849609375e+00,3.056656529127493194e+00,-2.757082773487734784e+00,4.116388533280179729e+00
1.377814859151840210e-01,3.121757030487060547e+00,-2.680148363113403320e+00,4.114433765411376953e+00,3.123163003381780101e+00,-2.681512295382574962e+00,4.116388627909253195e+00
1.380733996629714966e-01,3.186343669891357422e+00,-2.602997779846191406e+00,4.114411354064941406e+00,3.187791855687709397e+00,-2.604349904247023950e+00,4.116388628268761174e+00
1.383652985095977783e-01,3.249031543731689453e+00,-2.524301528930664062e+00,4.114402294158935547e+00,3.250524550455524242e+00,-2.525618037880763556e+00,4.116388748209134363e+00
1.386572122573852539e-01,3.309788942337036133e+00,-2.444099664688110352e+00,4.114404678344726562e+00,3.311312762543938693e+00,-2.445375799677276252e+00,4.116388588682274197e+00
1.389491260051727295e-01,3.368576526641845703e+00,-2.362443447113037109e+00,4.114418983459472656e+00,3.370120894262628397e+00,-2.363671145873435187e+00,4.116388724085734196e+00
1.392410397529602051e-01,3.425361394882202148e+00,-2.279378890991210938e+00,4.114446640014648438e+00,3.426904472248076150e+00,-2.280565750774431688e+00,4.116388514890111594e+00
1.395329385995864868e-01,3.480104446411132812e+00,-2.194964170455932617e+00,4.114485740661621094e+00,3.481647845649130435e+00,-2.196083682258711089e+00,4.116388618752632844e+00
1.398248523473739624e-01,3.532710075378417969e+00,-2.109188556671142578e+00,4.114452362060546875e+00,3.534308948872851630e+00,-2.110288251261783099e+00,4.116388738870059072e+00
1.401167660951614380e-01,3.583203077316284180e+00,-2.022160291671752930e+00,4.114422798156738281e+00,3.584848362580890679e+00,-2.023244402073699710e+00,4.116388671301757896e+00
1.404086798429489136e-01,3.631566047668457031e+00,-1.933925032615661621e+00,4.114406585693359375e+00,3.633251878291399173e+00,-1.934977017612287797e+00,4.116388619870058108e+00
1.407005786895751953e-01,3.677763223648071289e+00,-1.844548583030700684e+00,4.114401817321777344e+00,3.679482718006954034e+00,-1.845552317796120834e+00,4.116388760774967182e+00
1.409924924373626709e-01,3.721775054931640625e+00,-1.754068255424499512e+00,4.114409446716308594e+00,3.723512517176296388e+00,-1.755023884205070495e+00,4.116388502036561370e+00
1.412844061851501465e-01,3.763572931289672852e+00,-1.662542223930358887e+00,4.114429473876953125e+00,3.765309538724063376e+00,-1.663460252806516992e+00,4.116388700678489165e+00
1.415763199329376221e-01,3.803130865097045898e+00,-1.570028185844421387e+00,4.114461421966552734e+00,3.804861019813485346e+00,-1.570887360041683056e+00,4.116388523698272017e+00
1.418682187795639038e-01,3.840397357940673828e+00,-1.476567983627319336e+00,4.114475250244140625e+00,3.842137150895970965e+00,-1.477375146575809373e+00,4.116388612608740338e+00
1.421601325273513794e-01,3.875320672988891602e+00,-1.382207036018371582e+00,4.114439010620117188e+00,3.877115322156474253e+00,-1.382979380968235583e+00,4.116388610114912971e+00
1.424520462751388550e-01,3.907939195632934570e+00,-1.287020087242126465e+00,4.114414691925048828e+00,3.909769797929298463e+00,-1.287771379100064895e+00,4.116388586811186023e+00
1.427439600229263306e-01,3.938230276107788086e+00,-1.191073060035705566e+00,4.114403247833251953e+00,3.940091412292542561e+00,-1.191778459179938521e+00,4.116388736864723619e+00
1.430358588695526123e-01,3.966177701950073242e+00,-1.094417691230773926e+00,4.114403724670410156e+00,3.968056347279951712e+00,-1.095072626334780530e+00,4.116388615295750952e+00
1.433277726173400879e-01,3.991765260696411133e+00,-9.971106052398681641e-01,4.114416122436523438e+00,3.993644381840137925e+00,-9.977272674589321433e-01,4.116388605177403015e+00
1.436196863651275635e-01,4.014978885650634766e+00,-8.992044329643249512e-01,4.114440917968750000e+00,4.016848022715071131e+00,-8.997699163146055668e-01,4.116388458332712830e+00
1.439116001129150391e-01,4.035802364349365234e+00,-8.007665276527404785e-01,4.114478111267089844e+00,4.037649680366958371e+00,-8.012745199726234446e-01,4.116388683995324094e+00
1.442034989595413208e-01,4.054157733917236328e+00,-7.018387317657470703e-01,4.114459037780761719e+00,4.056033439559763920e+00,-7.023153602993854605e-01,4.116388481197986948e+00
1.444954127073287964e-01,4.070075988769531250e+00,-6.024894714355468750e-01,4.114427089691162109e+00,4.071994919611800157e+00,-6.029208227870466175e-01,4.116388726043074264e+00
1.447873264551162720e-01,4.083572864532470703e+00,-5.027835965156555176e-01,4.114408493041992188e+00,4.085520834343792096e+00,-5.031655706154776198e-01,4.116388718198270347e+00
1.450792253017425537e-01,4.094639301300048828e+00,-4.027792215347290039e-01,4.114401817321777344e+00,4.096602942354972576e+00,-4.031094983201107262e-01,4.116388336266066261e+00
1.453711390495300293e-01,4.103269577026367188e+00,-3.025352060794830322e-01,4.114407539367675781e+00,4.105235862414845727e+00,-3.028123418850409698e-01,4.116388805792628780e+00
1.456630527973175049e-01,4.109457969665527344e+00,-2.021054178476333618e-01,4.114424705505371094e+00,4.111412046291987643e+00,-2.023497292390373514e-01,4.116388517537913572e+00
1.459549665451049805e-01,4.113200664520263672e+00,-1.015592589974403381e-01,4.114454269409179688e+00,4.115130935191008810e+00,-1.017504406193395494e-01,4.116388680133625577e+00
1.462468653917312622e-01,4.114482402801513672e+00,-9.508695220574736595e-04,4.114482402801513672e+00,4.116388323137189609e+00,-1.090311483095263287e-03,4.116388467533079520e+00
1.465387791395187378e-01,4.113236904144287109e+00,9.965801239013671875e-02,4.114444255828857422e+00,4.115184775269231210e+00,9.955478389134260475e-02,4.116388816621107338e+00
1.468306928873062134e-01,4.109543800354003906e+00,2.002094686031341553e-01,4.114417552947998047e+00,4.111519733201215665e+00,2.001560354562326172e-01,4.116388824568513627e+00
1.471226066350936890e-01,4.103405952453613281e+00,3.006385266780853271e-01,4.114404201507568359e+00,4.105395670353428450e+00,3.006375653289404815e-01,4.116388776080751377e+00
1.474145054817199707e-01,4.094826221466064453e+00,4.008840322494506836e-01,4.114402770996093750e+00,4.096817919702212762e+00,4.009236988939215429e-01,4.116388815397296064e+00
1.477064192295074463e-01,4.083808898925781250e+00,5.008968114852905273e-01,4.114412784576416016e+00,4.085788784260343753e+00,5.009856952232666361e-01,4.116388788295629375e+00
1.479983329772949219e-01,4.070362567901611328e+00,6.006105542182922363e-01,4.114436149597167969e+00,4.072315980411151060e+00,6.007480167959623474e-01,4.116388662893278649e+00
1.482902467250823975e-01,4.054492473602294922e+00,6.999714970588684082e-01,4.114470958709716797e+00,4.056407958587450402e+00,7.001511474335123664e-01,4.116388848948075996e+00
1.485821455717086792e-01,4.036159992218017578e+00,7.988988161087036133e-01,4.114465236663818359e+00,4.038076244365232270e+00,7.991200789953709638e-01,4.116388302378723552e+00
1.488740593194961548e-01,4.015384197235107422e+00,8.973507881164550781e-01,4.114431858062744141e+00,4.017327904295458829e+00,8.976265832267050770e-01,4.116388826817286350e+00
1.491659730672836304e-01,3.992220401763916016e+00,9.952644109725952148e-01,4.114410877227783203e+00,3.994175887078228460e+00,9.955962380411662593e-01,4.116388330335085222e+00
1.494578868150711060e-01,3.966681003570556641e+00,1.092586636543273926e+00,4.114402294158935547e+00,3.968635787020486472e+00,1.092970400606628090e+00,4.116388502877483369e+00
1.497497856616973877e-01,3.938782453536987305e+00,1.189253449440002441e+00,4.114405155181884766e+00,3.940726736208852277e+00,1.189675986048028822e+00,4.116388728151244791e+00
1.500416994094848633e-01,3.908538579940795898e+00,1.285216927528381348e+00,4.114420413970947266e+00,3.910456272429702285e+00,1.285685190009114409e+00,4.116388546577397278e+00
1.503336131572723389e-01,3.875968217849731445e+00,1.380419135093688965e+00,4.114448547363281250e+00,3.877847338600205696e+00,1.380925337753283966e+00,4.116388559154458449e+00
1.506255269050598145e-01,3.841091871261596680e+00,1.474797725677490234e+00,4.114488601684570312e+00,3.842919319384247689e+00,1.475339687111956621e+00,4.116388719213030178e+00
1.509174257516860962e-01,3.803845405578613281e+00,1.568266630172729492e+00,4.114450454711914062e+00,3.805698715304534741e+00,1.568857043389275452e+00,4.116388603407448166e+00
1.512093394994735718e-01,3.764333963394165039e+00,1.660799622535705566e+00,4.114421844482421875e+00,3.766196623390869913e+00,1.661450963027723438e+00,4.116388746047503489e+00
1.515012532472610474e-01,3.722581148147583008e+00,1.752348184585571289e+00,4.114405632019042969e+00,3.724441677418970809e+00,1.753051234749495757e+00,4.116388519096826570e+00
1.517931669950485229e-01,3.678615093231201172e+00,1.842848539352416992e+00,4.114401817321777344e+00,3.680459916674658327e+00,1.843602877495877257e+00,4.116388801869900860e+00
1.520850658416748047e-01,3.632460355758666992e+00,1.932252764701843262e+00,4.114410400390625000e+00,3.634283756282202127e+00,1.933038236483645367e+00,4.116388616844195880e+00
1.523769795894622803e-01,3.584143877029418945e+00,2.020507812500000000e+00,4.114430427551269531e+00,3.585927387012026291e+00,2.021331387708418248e+00,4.116388684740319270e+00
1.526688933372497559e-01,3.533693552017211914e+00,2.107562065124511719e+00,4.114463329315185547e+00,3.535426074331341262e+00,2.108415550390350557e+00,4.116388424358149223e+00
1.529608070850372314e-01,3.481107234954833984e+00,2.193348169326782227e+00,4.114472389221191406e+00,3.482810821467254403e+00,2.194239031796238582e+00,4.116388726394472286e+00
1.532527059316635132e-01,3.426406383514404297e+00,2.277790307998657227e+00,4.114436626434326172e+00,3.428120923546874810e+00,2.278736895464556600e+00,4.116388575585561149e+00
1.535446196794509888e-01,3.369662284851074219e+00,2.360884428024291992e+00,4.114413738250732422e+00,3.371372448092847307e+00,2.361885509195271293e+00,4.116388628677589701e+00
1.538365334272384644e-01,3.310916423797607422e+00,2.442568063735961914e+00,4.114402294158935547e+00,3.312607772507680348e+00,2.443621290774038890e+00,4.116388619555067407e+00
1.541284471750259399e-01,3.250197410583496094e+00,2.522802591323852539e+00,4.114403724670410156e+00,3.251861910023714053e+00,2.523895822690056523e+00,4.116388709251762812e+00
1.544203460216522217e-01,3.187550067901611328e+00,2.601528167724609375e+00,4.114416599273681641e+00,3.189181014478342124e+00,2.602648436949583477e+00,4.116388517798728941e+00
1.547122597694396973e-01,3.122999191284179688e+00,2.678714275360107422e+00,4.114441871643066406e+00,3.124583276819888678e+00,2.679857200222677704e+00,4.116388619575153562e+00
1.550041735172271729e-01,3.056592464447021484e+00,2.754303932189941406e+00,4.114480018615722656e+00,3.058116739103190262e+00,2.755462901625902017e+00,4.116388440395265746e+00
1.552960872650146484e-01,2.988308191299438477e+00,2.828208684921264648e+00,4.114456653594970703e+00,2.989832020846346250e+00,2.829409705085558446e+00,4.116388561847689864e+00
1.555879861116409302e-01,2.918239355087280273e+00,2.900409698486328125e+00,4.114425659179687500e+00,2.919748743901762200e+00,2.901675696926371728e+00,4.116388535797982584e+00
1.558798998594284058e-01,2.846429586410522461e+00,2.970889806747436523e+00,4.114407062530517578e+00,2.847919419280758646e+00,2.972206259700932218e+00,4.116388595470775513e+00
1.561718136072158813e-01,2.772927284240722656e+00,3.039600372314453125e+00,4.114400863647460938e+00,2.774398201176528467e+00,3.040948706764382781e+00,4.116388516146590959e+00
1.564637124538421631e-01,2.697780609130859375e+00,3.106497526168823242e+00,4.114407539367675781e+00,2.699206586555810805e+00,3.107883535487801829e+00,4.116388741003748741e+00
1.567556262016296387e-01,2.621020078659057617e+00,3.171553850173950195e+00,4.114425659179687500e+00,2.622400382621007164e+00,3.172959274576842237e+00,4.116388505096913342e+00
1.570475399494171143e-01,2.542702913284301758e+00,3.234719991683959961e+00,4.114456653594970703e+00,2.544026154014239260e+00,3.236137444878353087e+00,4.116388542697625219e+00
1.573394536972045898e-01,2.462855577468872070e+00,3.295950174331665039e+00,4.114480018615722656e+00,2.464129975306494913e+00,3.297380514623681425e+00,4.116388562007227137e+00
1.576313525438308716e-01,2.381507158279418945e+00,3.355153799057006836e+00,4.114441871643066406e+00,2.382773305249392681e+00,3.356642337785438190e+00,4.116388758125598457e+00
1.579232662916183472e-01,2.298735857009887695e+00,3.412365198135375977e+00,4.114416122436523438e+00,2.299978800471963680e+00,3.413905812953725416e+00,4.116388633540289277e+00
1.582151800394058228e-01,2.214599370956420898e+00,3.467544317245483398e+00,4.114403247833251953e+00,2.215808834352550161e+00,3.469127669012425752e+00,4.116388656857171924e+00
1.585070937871932983e-01,2.129144668579101562e+00,3.520660161972045898e+00,4.114402294158935547e+00,2.130327184967355958e+00,3.522266562372194709e+00,4.116388666223850912e+00
1.587989926338195801e-01,2.042426824569702148e+00,3.571678876876831055e+00,4.114413261413574219e+00,2.043558152127286753e+00,3.573307322425685939e+00,4.116388604301945087e+00
1.590909063816070557e-01,1.954490065574645996e+00,3.620574235916137695e+00,4.114437103271484375e+00,1.955566670295060705e+00,3.622211245286591108e+00,4.116388624443707123e+00
1.593828201293945312e-01,1.865385770797729492e+00,3.667317628860473633e+00,4.114472389221191406e+00,1.866419790807519741e+00,3.668941802906722227e+00,4.116388804356850173e+00
1.596747338771820068e-01,1.775148630142211914e+00,3.711825847625732422e+00,4.114462852478027344e+00,1.776142989516748427e+00,3.713485033477687214e+00,4.116388588686966443e+00
1.599666327238082886e-01,1.683841109275817871e+00,3.754092931747436523e+00,4.114430427551269531e+00,1.684803748866730677e+00,3.755807754279041788e+00,4.116388655034649346e+00
1.602585464715957642e-01,1.591532826423645020e+00,3.794125556945800781e+00,4.114409446716308594e+00,1.592456926065860090e+00,3.795884242100453942e+00,4.116388737813966969e+00
1.605504602193832397e-01,1.498275637626647949e+00,3.831901311874389648e+00,4.114401340484619141e+00,1.499172465055154113e+00,3.833684448909318476e+00,4.116388530470452167e+00
1.608423739671707153e-01,1.404127240180969238e+00,3.867396593093872070e+00,4.114405155181884766e+00,1.404976862452318009e+00,3.869198243382458990e+00,4.116388590818445437e+00
1.611342728137969971e-01,1.309148788452148438e+00,3.900588989257812500e+00,4.114421367645263672e+00,1.309940980100869901e+00,3.902398213914529901e+00,4.116388853268230896e+00
1.614261865615844727e-01,1.213383078575134277e+00,3.931462764739990234e+00,4.114449977874755859e+00,1.214121630256212780e+00,3.933263911787605149e+00,4.116388748991855806e+00
1.617181003093719482e-01,1.116896152496337891e+00,3.959994077682495117e+00,4.114487648010253906e+00,1.117591272082854248e+00,3.961773194975079182e+00,4.116388842159936168e+00
1.620100140571594238e-01,1.019715666770935059e+00,3.986083269119262695e+00,4.114448070526123047e+00,1.020377455721894533e+00,3.987917377798854357e+00,4.116388607055410098e+00
1.623019129037857056e-01,9.219397902488708496e-01,4.009797573089599609e+00,4.114419937133789062e+00,9.225534986193389964e-01,4.011676953840638937e+00,4.116388822717175877e+00
1.625938266515731812e-01,8.236064910888671875e-01,4.031128406524658203e+00,4.114404678344726562e+00,8.241931191893289155e-01,4.033033614834821812e+00,4.116388518605436531e+00
1.628857403993606567e-01,7.247886061668395996e-01,4.050059318542480469e+00,4.114401340484619141e+00,7.253244775431163527e-01,4.051982022887883339e+00,4.116388454887339066e+00
1.631776541471481323e-01,6.255342364311218262e-01,4.066580295562744141e+00,4.114409923553466797e+00,6.260220809280041543e-01,4.068507219975619371e+00,4.116388543954903945e+00
1.634695529937744141e-01,5.259170532226562500e-01,4.080681324005126953e+00,4.114431858062744141e+00,5.263452836861129969e-01,4.082599049045182227e+00,4.116388508501504617e+00
1.637614667415618896e-01,4.259752631187438965e-01,4.092355251312255859e+00,4.114465236663818359e+00,4.263693291569634614e-01,4.094247571292402910e+00,4.116388463189485591e+00
1.640533804893493652e-01,3.257798552513122559e-01,4.101552009582519531e+00,4.114470005035400391e+00,3.261227984031122018e-01,4.103449362837952030e+00,4.116388314167344298e+00
1.643452942371368408e-01,2.253872901201248169e-01,4.108256816864013672e+00,4.114434719085693359e+00,2.256811935597662910e-01,4.110197350780545378e+00,4.116388497638430621e+00
1.646371930837631226e-01,1.248621270060539246e-01,4.112517356872558594e+00,4.114412784576416016e+00,1.251046399496834605e-01,4.114487113353615833e+00,4.116388632878327236e+00
1.649291068315505981e-01,2.426353096961975098e-02,4.114329814910888672e+00,4.114401340484619141e+00,2.446896082797160241e-02,4.116315875588891338e+00,4.116388601391897772e+00
1.652210205793380737e-01,-7.635441422462463379e-02,4.113694667816162109e+00,4.114403247833251953e+00,-7.619704217233924659e-02,4.115683556042889713e+00,4.116388844936500924e+00
1.655129343271255493e-01,-1.769222021102905273e-01,4.110611915588378906e+00,4.114417552947998047e+00,-1.768174769813873337e-01,4.112589288924640485e+00,4.116388596760970131e+00
1.658048331737518311e-01,-2.773857712745666504e-01,4.105082988739013672e+00,4.114444255828857422e+00,-2.773164769564921972e-01,4.107036501616071256e+00,4.116388375019822909e+00
1.660967469215393066e-01,-3.776859641075134277e-01,4.097111225128173828e+00,4.114482402801513672e+00,-3.776653523760363229e-01,4.099027019368576497e+00,4.116388419950060218e+00
1.663886606693267822e-01,-4.777589440345764160e-01,4.086622238159179688e+00,4.114454269409179688e+00,-4.777883168350939846e-01,4.088566176694024001e+00,4.116388594011806568e+00
1.666805744171142578e-01,-5.775405764579772949e-01,4.073687553405761719e+00,4.114423751831054688e+00,-5.776255083871256746e-01,4.075660043484552020e+00,4.116388710750721103e+00
1.669724732637405396e-01,-6.769748926162719727e-01,4.058330535888671875e+00,4.114406585693359375e+00,-6.771018396159171893e-01,4.060318715231016284e+00,4.116388583511827015e+00
1.672643870115280151e-01,-7.760095000267028809e-01,4.040557861328125000e+00,4.114401340484619141e+00,-7.761887215933412909e-01,4.042546878148434608e+00,4.116388489143894880e+00
1.675563007593154907e-01,-8.745823502540588379e-01,4.020380496978759766e+00,4.114408016204833984e+00,-8.748113745070292824e-01,4.022357485850574399e+00,4.116388548830761884e+00
1.678481996059417725e-01,-9.726318717002868652e-01,3.997811317443847656e+00,4.114426612854003906e+00,-9.729108646284007067e-01,3.999762320175941355e+00,4.116388486089622489e+00
1.681401133537292480e-01,-1.070105671882629395e+00,3.972863197326660156e+00,4.114458560943603516e+00,-1.070413256009459246e+00,3.974779332256308084e+00,4.116388620960449884e+00
1.684320271015167236e-01,-1.166942358016967773e+00,3.945525169372558594e+00,4.114477157592773438e+00,-1.167290910053850217e+00,3.947415103485165222e+00,4.116388473883040078e+00
1.687239408493041992e-01,-1.263060212135314941e+00,3.915775299072265625e+00,4.114439964294433594e+00,-1.263470287848927898e+00,3.917690441888781017e+00,4.116388655939057450e+00
1.690158396959304810e-01,-1.358423352241516113e+00,3.883696794509887695e+00,4.114415645599365234e+00,-1.358879185074563845e+00,3.885627806864742517e+00,4.116388719874426450e+00
1.693077534437179565e-01,-1.452980160713195801e+00,3.849306344985961914e+00,4.114402770996093750e+00,-1.453490293997194982e+00,3.851236160551952725e+00,4.116388465522538453e+00
1.695996671915054321e-01,-1.546672701835632324e+00,3.812625408172607422e+00,4.114402770996093750e+00,-1.547232174885396772e+00,3.814541529780869134e+00,4.116388524595748777e+00
1.698915809392929077e-01,-1.639445662498474121e+00,3.773674964904785156e+00,4.114414215087890625e+00,-1.640048830504626354e+00,3.775565435744165033e+00,4.116388529527506002e+00
1.701834797859191895e-01,-1.731237530708312988e+00,3.732481956481933594e+00,4.114438056945800781e+00,-1.731870191749528498e+00,3.734338179967763960e+00,4.116388708982121614e+00
1.704753935337066650e-01,-1.822008371353149414e+00,3.689063549041748047e+00,4.114474773406982422e+00,-1.822670292030613259e+00,3.690870852929914570e+00,4.116388544155975993e+00
1.707673072814941406e-01,-1.911663889884948730e+00,3.643395185470581055e+00,4.114460945129394531e+00,-1.912380290696145790e+00,3.645196363101801396e+00,4.116388575172862829e+00
1.710592210292816162e-01,-2.000171184539794922e+00,3.595530271530151367e+00,4.114428520202636719e+00,-2.000946534728372583e+00,3.597341924172535954e+00,4.116388703007873850e+00
1.713511198759078979e-01,-2.087478399276733398e+00,3.545531749725341797e+00,4.114408969879150391e+00,-2.088302614176579031e+00,3.547343750631716475e+00,4.116388647045202021e+00
1.716430336236953735e-01,-2.173551559448242188e+00,3.493418216705322266e+00,4.114401340484619141e+00,-2.174423327039979537e+00,3.495216500390461167e+00,4.116388610150572447e+00
1.719349473714828491e-01,-2.258327007293701172e+00,3.439229011535644531e+00,4.114406108856201172e+00,-2.259243730305492637e+00,3.440998991607852275e+00,4.116388744175035974e+00
1.722268611192703247e-01,-2.341760158538818359e+00,3.382992267608642578e+00,4.114422798156738281e+00,-2.342712982312849856e+00,3.384723408465842631e+00,4.116388789863488995e+00
1.725187599658966064e-01,-2.423798561096191406e+00,3.324743032455444336e+00,4.114452362060546875e+00,-2.424768464611093854e+00,3.326432830715871258e+00,4.116388888848677041e+00
1.728106737136840820e-01,-2.504392385482788086e+00,3.264507293701171875e+00,4.114485263824462891e+00,-2.505386548275969627e+00,3.266143564364596408e+00,4.116388652608308441e+00
1.731025874614715576e-01,-2.583448410034179688e+00,3.202258825302124023e+00,4.114446163177490234e+00,-2.584506081794153864e+00,3.203901292832940229e+00,4.116388609090200212e+00
1.733945012092590332e-01,-2.660961627960205078e+00,3.138109207153320312e+00,4.114418983459472656e+00,-2.662080101489367578e+00,3.139742679086672705e+00,4.116388533365624269e+00
1.736864000558853149e-01,-2.736890554428100586e+00,3.072092533111572266e+00,4.114404201507568359e+00,-2.738050366793111756e+00,3.073716944497586923e+00,4.116388667993764017e+00
1.739783138036727905e-01,-2.811190843582153320e+00,3.004248619079589844e+00,4.114401817321777344e+00,-2.812395189411015295e+00,3.005842753706257309e+00,4.116388873931936310e+00
1.742702275514602661e-01,-2.883821964263916016e+00,2.934612989425659180e+00,4.114411354064941406e+00,-2.885057779333326966e+00,2.936170739333892943e+00,4.116388830104887653e+00
1.745621412992477417e-01,-2.954734086990356445e+00,2.863234043121337891e+00,4.114433288574218750e+00,-2.955983764148206294e+00,2.864753886084063783e+00,4.116388567876160032e+00
1.748540401458740234e-01,-3.023889064788818359e+00,2.790150642395019531e+00,4.114467620849609375e+00,-3.025153392915386874e+00,2.791612978747244789e+00,4.116388717526266561e+00
1.751459538936614990e-01,-3.091211080551147461e+00,2.715374708175659180e+00,4.114467620849609375e+00,-3.092513740505996811e+00,2.716802174792408042e+00,4.116388622588391222e+00
1.754378676414489746e-01,-3.156661033630371094e+00,2.638949871063232422e+00,4.114433765411376953e+00,-3.158024638724124866e+00,2.640366630888037580e+00,4.116388655641700645e+00
1.757297813892364502e-01,-3.220229387283325195e+00,2.560957908630371094e+00,4.114411830902099609e+00,-3.221636792113543812e+00,2.562364271110659342e+00,4.116388499420834179e+00
1.760216802358627319e-01,-3.281877517700195312e+00,2.481448173522949219e+00,4.114402294158935547e+00,-3.283332380536536643e+00,2.482817523432622409e+00,4.116388511273422424e+00
1.763135939836502075e-01,-3.341578483581542969e+00,2.400453567504882812e+00,4.114404201507568359e+00,-3.343064513031676288e+00,2.401785710076757230e+00,4.116388579254955715e+00
1.766055077314376831e-01,-3.399288654327392578e+00,2.318034172058105469e+00,4.114418983459472656e+00,-3.400796889559707825e+00,2.319317751043324272e+00,4.116388503815407773e+00
1.768974214792251587e-01,-3.454979658126831055e+00,2.234230279922485352e+00,4.114446163177490234e+00,-3.456487189664790627e+00,2.235475768123543538e+00,4.116388660243873510e+00
1.771893203258514404e-01,-3.508609771728515625e+00,2.149104118347167969e+00,4.114485263824462891e+00,-3.510119047043732898e+00,2.150283839023193089e+00,4.116388746557293921e+00
1.774812340736389160e-01,-3.560085296630859375e+00,2.062646865844726562e+00,4.114452362060546875e+00,-3.561651595075217003e+00,2.063805735266922348e+00,4.116388732569177478e+00
1.777731478214263916e-01,-3.609432220458984375e+00,1.974962592124938965e+00,4.114423274993896484e+00,-3.611046139700267776e+00,1.976107106769490640e+00,4.116388407386880388e+00
1.780650615692138672e-01,-3.656632184982299805e+00,1.886101961135864258e+00,4.114406585693359375e+00,-3.658289431286756432e+00,1.887213181071635493e+00,4.116388605789655486e+00
1.783569604158401489e-01,-3.701653003692626953e+00,1.796125173568725586e+00,4.114401340484619141e+00,-3.703344459904801766e+00,1.797190658335734215e+00,4.116388520428655440e+00
1.786488741636276245e-01,-3.744473695755004883e+00,1.705075025558471680e+00,4.114408969879150391e+00,-3.746184768875254534e+00,1.706093093935439065e+00,4.116388461713391678e+00
1.789407879114151001e-01,-3.785066843032836914e+00,1.613008379936218262e+00,4.114428997039794922e+00,-3.786778630950081492e+00,1.613989739290169645e+00,4.116388620909609664e+00
1.792326867580413818e-01,-3.823405027389526367e+00,1.519987821578979492e+00,4.114460945129394531e+00,-3.825114002020333359e+00,1.520906759497830718e+00,4.116388526310193363e+00
1.795246005058288574e-01,-3.859444618225097656e+00,1.426042079925537109e+00,4.114475250244140625e+00,-3.861161789627347574e+00,1.426914204638336736e+00,4.116388527954682353e+00
1.798165142536163330e-01,-3.893126487731933594e+00,1.331230759620666504e+00,4.114439010620117188e+00,-3.894900344443686269e+00,1.332068307135944041e+00,4.116388546775385571e+00
1.801084280014038086e-01,-3.924492120742797852e+00,1.235625624656677246e+00,4.114414691925048828e+00,-3.926304888015486050e+00,1.236440608252659334e+00,4.116388641927595238e+00
1.804003268480300903e-01,-3.953520536422729492e+00,1.139292597770690918e+00,4.114402770996093750e+00,-3.955366257696621979e+00,1.140058664681137701e+00,4.116388707525022284e+00
1.806922405958175659e-01,-3.980197906494140625e+00,1.042276740074157715e+00,4.114403724670410156e+00,-3.982061832854572714e+00,1.042994822895435103e+00,4.116388543524990951e+00
1.809841543436050415e-01,-4.004507064819335938e+00,9.446394443511962891e-01,4.114416122436523438e+00,-4.006372348011893791e+00,9.453225759287896546e-01,4.116388485490038995e+00
1.812760680913925171e-01,-4.026432991027832031e+00,8.464411497116088867e-01,4.114441394805908203e+00,-4.028291028638375515e+00,8.470696862000945959e-01,4.116388667835867210e+00
1.815679669380187988e-01,-4.045962810516357422e+00,7.477392554283142090e-01,4.114477634429931641e+00,-4.047800525318122844e+00,7.483102167464015242e-01,4.116388863221344785e+00
1.818598806858062744e-01,-4.063018798828125000e+00,6.485787630081176758e-01,4.114459514617919922e+00,-4.064886357813905171e+00,6.491187278844621211e-01,4.116388735874193294e+00
1.821517944335937500e-01,-4.077632427215576172e+00,5.490246415138244629e-01,4.114427566528320312e+00,-4.079544144625092628e+00,5.495235454854278112e-01,4.116388775976797199e+00
1.824437081813812256e-01,-4.089819431304931641e+00,4.491501748561859131e-01,4.114408969879150391e+00,-4.091762036209098063e+00,4.495997304215278434e-01,4.116388766693099832e+00
1.827356070280075073e-01,-4.099572181701660156e+00,3.490091860294342041e-01,4.114401340484619141e+00,-4.101532743872794207e+00,3.494070746935791227e-01,4.116388727137734627e+00
1.830275207757949829e-01,-4.106886386871337891e+00,2.486605197191238403e-01,4.114407062530517578e+00,-4.108850410236601469e+00,2.490053804582352814e-01,4.116388632429965888e+00
1.833194345235824585e-01,-4.111756324768066406e+00,1.481581479310989380e-01,4.114424705505371094e+00,-4.113710352357771605e+00,1.484704897241990729e-01,4.116388751006693880e+00
1.836113482713699341e-01,-4.114179611206054688e+00,4.757153242826461792e-02,4.114454746246337891e+00,-4.116110579513154732e+00,4.783112785712125004e-02,4.116388480157358032e+00
1.839032471179962158e-01,-4.114140987396240234e+00,-5.303997546434402466e-02,4.114482879638671875e+00,-4.116049271457487890e+00,-5.283683769894246401e-02,4.116388385038970199e+00
1.841951608657836914e-01,-4.111575603485107422e+00,-1.536288857460021973e-01,4.114444732666015625e+00,-4.113527470495838223e+00,-1.534575247777325291e-01,4.116388886200476271e+00
1.844870746135711670e-01,-4.106563568115234375e+00,-2.541195452213287354e-01,4.114418506622314453e+00,-4.108544618248684444e+00,-2.540021228657183827e-01,4.116388703531351112e+00
1.847789883613586426e-01,-4.099106788635253906e+00,-3.544630706310272217e-01,4.114404201507568359e+00,-4.101104618765278431e+00,-3.543947937638617374e-01,4.116388558421669508e+00
1.850708872079849243e-01,-4.089212417602539062e+00,-4.545849859714508057e-01,4.114401817321777344e+00,-4.091213757729604161e+00,-4.545599653912333338e-01,4.116388559595955066e+00
1.853628009557723999e-01,-4.076884269714355469e+00,-5.544469356536865234e-01,4.114413261413574219e+00,-4.078874815122460973e+00,-5.544689033714788051e-01,4.116388650534137383e+00
1.856547147035598755e-01,-4.062129497528076172e+00,-6.539746522903442383e-01,4.114435672760009766e+00,-4.064095983066789763e+00,-6.540461661666451265e-01,4.116388289150684443e+00
1.859466284513473511e-01,-4.044957160949707031e+00,-7.531197071075439453e-01,4.114470481872558594e+00,-4.046887142080542787e+00,-7.532323168739043506e-01,4.116388521983809667e+00
1.862385272979736328e-01,-4.025328636169433594e+00,-8.517979979515075684e-01,4.114465713500976562e+00,-4.027257694075757399e+00,-8.519680312808808331e-01,4.116388473020617056e+00
1.865304410457611084e-01,-4.003262519836425781e+00,-9.499688148498535156e-01,4.114432334899902344e+00,-4.005223451198586027e+00,-9.501788073685494274e-01,4.116388545801213716e+00
1.868223547935485840e-01,-3.978815555572509766e+00,-1.047570109367370605e+00,4.114410877227783203e+00,-3.980790520331322302e+00,-1.047836821125990747e+00,4.116388607805043343e+00
1.871142685413360596e-01,-3.952000856399536133e+00,-1.144548773765563965e+00,4.114401817321777344e+00,-3.953976614940671652e+00,-1.144868073708427136e+00,4.116388462924088110e+00
1.874061673879623413e-01,-3.922836065292358398e+00,-1.240841031074523926e+00,4.114405155181884766e+00,-3.924803011012540921e+00,-1.241199688585805427e+00,4.116388628664524596e+00
1.876980811357498169e-01,-3.891336202621459961e+00,-1.336398005485534668e+00,4.114420413970947266e+00,-3.893277722482390679e+00,-1.336803927574428785e+00,4.116388728625624438e+00
1.879899948835372925e-01,-3.857518434524536133e+00,-1.431165814399719238e+00,4.114448547363281250e+00,-3.859423682440056069e+00,-1.431608831389737713e+00,4.116388587912012120e+00
1.882819086313247681e-01,-3.821406602859497070e+00,-1.525078654289245605e+00,4.114488124847412109e+00,-3.823261708091392652e+00,-1.525557558275809633e+00,4.116388702755166662e+00
1.885738074779510498e-01,-3.782937288284301758e+00,-1.618050217628479004e+00,4.114449977874755859e+00,-3.784819247343605753e+00,-1.618579403607924849e+00,4.116388711096949038e+00
1.888657212257385254e-01,-3.742214679718017578e+00,-1.710057377815246582e+00,4.114421844482421875e+00,-3.744107400502275862e+00,-1.710647685344552471e+00,4.116388675753369419e+00
1.891576349735260010e-01,-3.699264764785766602e+00,-1.801048159599304199e+00,4.114405632019042969e+00,-3.701156220781980810e+00,-1.801693046556600786e+00,4.116388611956305787e+00
1.894495487213134766e-01,-3.654114007949829102e+00,-1.890965700149536133e+00,4.114401340484619141e+00,-3.655991504070861708e+00,-1.891660860635596908e+00,4.116388549383904305e+00
1.897414475679397583e-01,-3.606791257858276367e+00,-1.979753375053405762e+00,4.114409446716308594e+00,-3.608648050333322477e+00,-1.980483505556093871e+00,4.116388668111192750e+00
1.900333613157272339e-01,-3.557319164276123047e+00,-2.067369461059570312e+00,4.114429950714111328e+00,-3.559139086576401212e+00,-2.068135759662639739e+00,4.116388776341620925e+00
1.903252750635147095e-01,-3.505730867385864258e+00,-2.153754234313964844e+00,4.114463329315185547e+00,-3.507501309171388915e+00,-2.154550861830055286e+00,4.116388568885551713e+00
1.906171739101409912e-01,-3.452026367187500000e+00,-2.238839149475097656e+00,4.114472866058349609e+00,-3.453774485299755614e+00,-2.239664239874391338e+00,4.116388478105501569e+00
1.909090876579284668e-01,-3.396219253540039062e+00,-2.322560310363769531e+00,4.114437103271484375e+00,-3.397973735099647730e+00,-2.323451771524475795e+00,4.116388421787632979e+00
1.912010014057159424e-01,-3.338389396667480469e+00,-2.404902458190917969e+00,4.114413738250732422e+00,-3.340141200765336382e+00,-2.405849632806175808e+00,4.116388671727162496e+00
1.914929151535034180e-01,-3.278576612472534180e+00,-2.485808372497558594e+00,4.114402770996093750e+00,-3.280310471176636877e+00,-2.486808909585994432e+00,4.116388628410511785e+00
1.917848140001296997e-01,-3.216814756393432617e+00,-2.565232753753662109e+00,4.114403724670410156e+00,-3.218528190242079479e+00,-2.566267986485693431e+00,4.116388598012131972e+00
1.920767277479171753e-01,-3.153135061264038086e+00,-2.643135547637939453e+00,4.114416599273681641e+00,-3.154811111454352890e+00,-2.644205387488692161e+00,4.116388621131401138e+00
1.923686414957046509e-01,-3.087579488754272461e+00,-2.719464778900146484e+00,4.114442348480224609e+00,-3.089207525179639369e+00,-2.720561189535289692e+00,4.116388747389170710e+00
1.926605552434921265e-01,-3.020183324813842773e+00,-2.794179439544677734e+00,4.114480018615722656e+00,-3.021756224360942156e+00,-2.795289650851270125e+00,4.116388576364033547e+00
1.929524540901184082e-01,-2.950942277908325195e+00,-2.867174863815307617e+00,4.114456653594970703e+00,-2.952508775900859916e+00,-2.868335425434074715e+00,4.116388730983951305e+00
1.932443678379058838e-01,-2.879925251007080078e+00,-2.938457250595092773e+00,4.114425659179687500e+00,-2.881484556616229931e+00,-2.939677073300676735e+00,4.116388531869588085e+00
1.935362815856933594e-01,-2.807199001312255859e+00,-3.007986307144165039e+00,4.114407062530517578e+00,-2.808737263386884564e+00,-3.009260470350581418e+00,4.116388416215438717e+00
1.938281953334808350e-01,-2.732798814773559570e+00,-3.075728893280029297e+00,4.114401340484619141e+00,-2.734321987963183709e+00,-3.077034135462109354e+00,4.116388684837473555e+00
1.941200941801071167e-01,-2.656780481338500977e+00,-3.141633987426757812e+00,4.114407062530517578e+00,-2.658259760171171937e+00,-3.142977844002743382e+00,4.116388548283243409e+00
1.944120079278945923e-01,-2.579172849655151367e+00,-3.205676794052124023e+00,4.114425182342529297e+00,-2.580607795186887987e+00,-3.207041813720896695e+00,4.116388439826050849e+00
1.947039216756820679e-01,-2.500033617019653320e+00,-3.267809867858886719e+00,4.114456176757812500e+00,-2.501412412616886627e+00,-3.269188039155666470e+00,4.116388525558819289e+00
1.949958354234695435e-01,-2.419389724731445312e+00,-3.327987194061279297e+00,4.114480018615722656e+00,-2.420721117936235789e+00,-3.329379008193066536e+00,4.116388624877284741e+00
1.952877342700958252e-01,-2.337271213531494141e+00,-3.386118412017822266e+00,4.114442348480224609e+00,-2.338595115033653027e+00,-3.387569763949996648e+00,4.116388710713251520e+00
1.955796480178833008e-01,-2.253759384155273438e+00,-3.442236661911010742e+00,4.114416599273681641e+00,-2.255057289194850156e+00,-3.443743923744377433e+00,4.116388658748970641e+00
1.958715617656707764e-01,-2.168902873992919922e+00,-3.496308803558349609e+00,4.114403247833251953e+00,-2.170170964458446150e+00,-3.497858468047215119e+00,4.116388693681406252e+00
1.961634755134582520e-01,-2.082760334014892578e+00,-3.548297405242919922e+00,4.114402294158935547e+00,-2.084000382765562875e+00,-3.549873013756774665e+00,4.116388709678134639e+00
1.964553743600845337e-01,-1.995378375053405762e+00,-3.598174810409545898e+00,4.114413261413574219e+00,-1.996570317619353441e+00,-3.599772635301278001e+00,4.116388715738900750e+00
1.967472881078720093e-01,-1.906808376312255859e+00,-3.645911455154418945e+00,4.114436626434326172e+00,-1.907945809621433453e+00,-3.647519584368359435e+00,4.116388748746007131e+00
1.970392018556594849e-01,-1.817097544670104980e+00,-3.691481828689575195e+00,4.114472389221191406e+00,-1.818194499767123773e+00,-3.693077818067301621e+00,4.116388588226840284e+00
1.973311156034469604e-01,-1.726284384727478027e+00,-3.734802246093750000e+00,4.114463329315185547e+00,-1.727341725011836804e+00,-3.736434803855905429e+00,4.116388523746585371e+00
1.976230144500732422e-01,-1.634430885314941406e+00,-3.775866985321044922e+00,4.114430427551269531e+00,-1.635455921735610385e+00,-3.777557372116836287e+00,4.116388680818944934e+00
1.979149281978607178e-01,-1.541604042053222656e+00,-3.814685344696044922e+00,4.114409923553466797e+00,-1.542606689256552865e+00,-3.816414515967769816e+00,4.116388605978372084e+00
1.982068419456481934e-01,-1.447859168052673340e+00,-3.851233720779418945e+00,4.114401340484619141e+00,-1.448805666116424140e+00,-3.853001147635619628e+00,4.116388672350129063e+00
1.984987556934356689e-01,-1.353253126144409180e+00,-3.885490655899047852e+00,4.114405155181884766e+00,-1.354167486450302604e+00,-3.887272328559412848e+00,4.116388676709580530e+00
1.987906545400619507e-01,-1.257847070693969727e+00,-3.917433023452758789e+00,4.114420890808105469e+00,-1.258704845599121880e+00,-3.919224178127129754e+00,4.116388714243466751e+00
1.990825682878494263e-01,-1.161684513092041016e+00,-3.947047710418701172e+00,4.114449501037597656e+00,-1.162489284824888447e+00,-3.948831917884905174e+00,4.116388569248444540e+00
1.993744820356369019e-01,-1.064831733703613281e+00,-3.974310398101806641e+00,4.114488124847412109e+00,-1.065593849674811633e+00,-3.976074129447618954e+00,4.116388676416188552e+00
1.996663957834243774e-01,-9.673177003860473633e-01,-3.999122142791748047e+00,4.114448070526123047e+00,-9.680458452544223880e-01,-4.000942600829422879e+00,4.116388520735871026e+00
1.999582946300506592e-01,-8.692384362220764160e-01,-4.021551609039306641e+00,4.114420413970947266e+00,-8.699189998051952699e-01,-4.023418308312664671e+00,4.116388459546501011e+00
2.002502083778381348e-01,-7.706356644630432129e-01,-4.041589736938476562e+00,4.114404678344726562e+00,-7.712873036400678117e-01,-4.043484855598558525e+00,4.116388451326145059e+00
2.005421221256256104e-01,-6.715758442878723145e-01,-4.059222221374511719e+00,4.114401340484619141e+00,-6.721789201460696139e-01,-4.061136666309574927e+00,4.116388650641820135e+00
2.008340209722518921e-01,-5.721216201782226562e-01,-4.074438095092773438e+00,4.114409446716308594e+00,-5.726685256061814222e-01,-4.076359500330381636e+00,4.116388710526948991e+00
2.011259347200393677e-01,-4.723194837570190430e-01,-4.087231636047363281e+00,4.114431381225585938e+00,-4.728312870315287686e-01,-4.089142463692341245e+00,4.116388649577170433e+00
2.014178484678268433e-01,-3.722378611564636230e-01,-4.097591876983642578e+00,4.114464759826660156e+00,-3.726800632926507428e-01,-4.099483103689583352e+00,4.116388240558971567e+00
2.017097622156143188e-01,-2.719256281852722168e-01,-4.105473041534423828e+00,4.114468574523925781e+00,-2.723371959527614017e-01,-4.107369264446650625e+00,4.116387958249371870e+00
2.020016610622406006e-01,-1.714588552713394165e-01,-4.110859394073486328e+00,4.114433288574218750e+00,-1.718158141475344125e-01,-4.112799449348346847e+00,4.116386763236813628e+00
2.022935748100280762e-01,-7.088131457567214966e-02,-4.113798618316650391e+00,4.114408969879150391e+00,-7.119169761265400909e-02,-4.115770173295609347e+00,4.116385839203942076e+00
2.025854885578155518e-01,2.973232790827751160e-02,-4.114289760589599609e+00,4.114397048950195312e+00,2.945920443752665305e-02,-4.116278419099575814e+00,4.116383833933734415e+00
2.028774023056030273e-01,1.303330808877944946e-01,-4.112331390380859375e+00,4.114396095275878906e+00,1.301080932736275175e-01,-4.114324816456704781e+00,4.116381519155725144e+00
2.031693011522293091e-01,2.308462560176849365e-01,-4.107925891876220703e+00,4.114407062530517578e+00,2.306790054183908145e-01,-4.109909936438025824e+00,4.116378564851978616e+00
2.034612149000167847e-01,3.312287926673889160e-01,-4.101074695587158203e+00,4.114428997039794922e+00,3.310960494286364630e-01,-4.103036969273680334e+00,4.116374249891984860e+00
2.037531286478042603e-01,4.314191341400146484e-01,-4.091781139373779297e+00,4.114461898803710938e+00,4.313304437158794746e-01,-4.093707741211262352e+00,4.116368426432352123e+00
2.040450423955917358e-01,5.313400030136108398e-01,-4.079973697662353516e+00,4.114426612854003906e+00,5.313064139817317288e-01,-4.081929280103381075e+00,4.116361640247784948e+00
2.043369412422180176e-01,6.309406757354736328e-01,-4.065722942352294922e+00,4.114388465881347656e+00,6.309484209466547089e-01,-4.067710026114736976e+00,4.116352847661316261e+00
2.046288549900054932e-01,7.301639914512634277e-01,-4.049051761627197266e+00,4.114359855651855469e+00,7.302279675399691028e-01,-4.051054221197387228e+00,4.116342209736542301e+00
2.049207687377929688e-01,8.289563059806823730e-01,-4.029967308044433594e+00,4.114341259002685547e+00,8.290698479041185287e-01,-4.031973434547148294e+00,4.116329261562744257e+00
2.052126824855804443e-01,9.272490739822387695e-01,-4.008483886718750000e+00,4.114332675933837891e+00,9.274145920560522560e-01,-4.010478543866430101e+00,4.116313396277243797e+00
2.055045813322067261e-01,1.024989485740661621e+00,-3.984612226486206055e+00,4.114333152770996094e+00,1.025203323358293339e+00,-3.986583308894765310e+00,4.116295462303845021e+00
2.057964950799942017e-01,1.122119426727294922e+00,-3.958366870880126953e+00,4.114343643188476562e+00,1.122362097392501479e+00,-3.960305041607169230e+00,4.116274128413031086e+00
2.060884088277816772e-01,1.218579053878784180e+00,-3.929737806320190430e+00,4.114337921142578125e+00,1.218862689719762082e+00,-3.931650909717515407e+00,4.116248915247164852e+00
2.063803225755691528e-01,1.314285755157470703e+00,-3.898703098297119141e+00,4.114271640777587891e+00,1.314632042788951516e+00,-3.900642546067232264e+00,4.116220314817625514e+00
2.066722214221954346e-01,1.409204363822937012e+00,-3.865345954895019531e+00,4.114213943481445312e+00,1.409597391155342105e+00,-3.867302573056921489e+00,4.116186827237634738e+00
2.069641351699829102e-01,1.503283262252807617e+00,-3.829684019088745117e+00,4.114163398742675781e+00,1.503731675540865842e+00,-3.831641527842419848e+00,4.116149383818757279e+00
2.072560489177703857e-01,1.596462249755859375e+00,-3.791740417480468750e+00,4.114120483398437500e+00,1.596962887915558182e+00,-3.793685156558405325e+00,4.116107084670074023e+00
2.075479626655578613e-01,1.688692092895507812e+00,-3.751533985137939453e+00,4.114083766937255859e+00,1.689234877237424826e+00,-3.753455256515280336e+00,4.116058895732363609e+00
2.078398615121841431e-01,1.779903888702392578e+00,-3.709094524383544922e+00,4.114054203033447266e+00,1.780477324479482926e+00,-3.710982622816265231e+00,4.116004316060650758e+00
2.081317752599716187e-01,1.870062112808227539e+00,-3.664438724517822266e+00,4.114029884338378906e+00,1.870664495605655064e+00,-3.666280247739387654e+00,4.115944182090367498e+00
2.084236890077590942e-01,1.959069013595581055e+00,-3.617543935775756836e+00,4.113948822021484375e+00,1.959726660692778788e+00,-3.619380280168841946e+00,4.115876844258724354e+00
2.087156027555465698e-01,2.046891450881958008e+00,-3.568463563919067383e+00,4.113842010498046875e+00,2.047610231579871876e+00,-3.570310520937758803e+00,4.115801850962874653e+00
2.090075016021728516e-01,2.133480787277221680e+00,-3.517259359359741211e+00,4.113739490509033203e+00,2.134248657970564622e+00,-3.519109252515349340e+00,4.115719531890905891e+00
2.092994153499603271e-01,2.218797206878662109e+00,-3.463954448699951172e+00,4.113640785217285156e+00,2.219616158156644925e+00,-3.465790233126610165e+00,4.115628485369623668e+00
2.095913290977478027e-01,2.302784681320190430e+00,-3.408582925796508789e+00,4.113545417785644531e+00,2.303647328675002548e+00,-3.410393290093586049e+00,4.115528326719041452e+00
2.098832428455352783e-01,2.385391950607299805e+00,-3.351178884506225586e+00,4.113452911376953125e+00,2.386291466388112514e+00,-3.352951861289489077e+00,4.115418951538393877e+00
2.101751416921615601e-01,2.466567993164062500e+00,-3.291776180267333984e+00,4.113362312316894531e+00,2.467485176973212013e+00,-3.293509494104126301e+00,4.115299246268312672e+00
2.104670554399490356e-01,2.546262979507446289e+00,-3.230402469635009766e+00,4.113265991210937500e+00,2.547204533354875622e+00,-3.232083194587282993e+00,4.115168612763900668e+00
2.107589691877365112e-01,2.624381303787231445e+00,-3.167031288146972656e+00,4.113084793090820312e+00,2.625388715790284877e+00,-3.168719338344991421e+00,4.115027114637335615e+00
2.110508829355239868e-01,2.700919389724731445e+00,-3.101775169372558594e+00,4.112903594970703125e+00,2.701989042342756164e+00,-3.103455795179332011e+00,4.114873346480120375e+00
2.113427817821502686e-01,2.775833845138549805e+00,-3.034671068191528320e+00,4.112721920013427734e+00,2.776947882248347987e+00,-3.036341941386308196e+00,4.114706784905233228e+00
2.116346955299377441e-01,2.849084138870239258e+00,-2.965754747390747070e+00,4.112539768218994141e+00,2.850242082815287681e+00,-2.967397709694953090e+00,4.114526594658744152e+00
2.119266092777252197e-01,2.920622587203979492e+00,-2.895069837570190430e+00,4.112355232238769531e+00,2.921815645640256864e+00,-2.896675385343456366e+00,4.114332868784786434e+00
2.122185081243515015e-01,2.990403890609741211e+00,-2.822660684585571289e+00,4.112168788909912109e+00,2.991613160199534160e+00,-2.824228103052393468e+00,4.114123682918388702e+00
2.125104218721389771e-01,3.058390140533447266e+00,-2.748566865921020508e+00,4.111978530883789062e+00,3.059614751130339982e+00,-2.750078504112599909e+00,4.113900120824102835e+00
2.128023356199264526e-01,3.124505758285522461e+00,-2.672800064086914062e+00,4.111738681793212891e+00,3.125766182220049316e+00,-2.674280650359917910e+00,4.113659103863611222e+00
2.130942493677139282e-01,3.188701868057250977e+00,-2.595414876937866211e+00,4.111447334289550781e+00,3.190017546927021108e+00,-2.596894611410599740e+00,4.113401703271357235e+00
2.133861482143402100e-01,3.250977516174316406e+00,-2.516484975814819336e+00,4.111149311065673828e+00,3.252349203931601096e+00,-2.517942169991593815e+00,4.113126318961830563e+00
2.136780619621276855e-01,3.311294794082641602e+00,-2.436058521270751953e+00,4.110846042633056641e+00,3.312712756606677189e+00,-2.437483659483048459e+00,4.112832648921115997e+00
2.139699757099151611e-01,3.369620561599731445e+00,-2.354178667068481445e+00,4.110535144805908203e+00,3.371070557488080155e+00,-2.355567316247114018e+00,4.112519189612934944e+00
2.142618894577026367e-01,3.425913095474243164e+00,-2.270902872085571289e+00,4.110216617584228516e+00,3.427386634501722096e+00,-2.272244134219586709e+00,4.112185860081759792e+00
2.145537883043289185e-01,3.480140924453735352e+00,-2.186277627944946289e+00,4.109889030456542969e+00,3.481617691250052715e+00,-2.187577118315464642e+00,4.111831148843875461e+00
2.148457020521163940e-01,3.532270908355712891e+00,-2.100353240966796875e+00,4.109552383422851562e+00,3.533747064500010193e+00,-2.101592711018078319e+00,4.111454759433302186e+00
2.151376157999038696e-01,3.582196474075317383e+00,-2.013140678405761719e+00,4.109119892120361328e+00,3.583733377456849389e+00,-2.014355457600930599e+00,4.111054953447463411e+00
2.154295295476913452e-01,3.629954099655151367e+00,-1.924728870391845703e+00,4.108667373657226562e+00,3.631538737499054648e+00,-1.925933584496842599e+00,4.110631797406462340e+00
2.157214283943176270e-01,3.675514936447143555e+00,-1.835189223289489746e+00,4.108202934265136719e+00,3.677148613010893907e+00,-1.836353604935036854e+00,4.110184483028206159e+00
2.160133421421051025e-01,3.718859910964965820e+00,-1.744557380676269531e+00,4.107724189758300781e+00,3.720525811192202159e+00,-1.745684029625661937e+00,4.109711065639223726e+00
2.163052558898925781e-01,3.759956359863281250e+00,-1.652902483940124512e+00,4.107232093811035156e+00,3.761637448321364374e+00,-1.653994844792708641e+00,4.109211023933246665e+00
2.165971696376800537e-01,3.798782348632812500e+00,-1.560270309448242188e+00,4.106724739074707031e+00,3.800476590733697257e+00,-1.561299588305644859e+00,4.108683331817895024e+00
2.168890684843063354e-01,3.835308074951171875e+00,-1.466731548309326172e+00,4.106201171875000000e+00,3.836994878352745886e+00,-1.467713696748310648e+00,4.108127699101841834e+00
2.171809822320938110e-01,3.869490861892700195e+00,-1.372314691543579102e+00,4.105631351470947266e+00,3.871186272365346515e+00,-1.373250629873108197e+00,4.107541898483422216e+00
2.174728959798812866e-01,3.901269912719726562e+00,-1.277082920074462891e+00,4.104978561401367188e+00,3.903024132484728792e+00,-1.277984037654838589e+00,4.106925928143668969e+00
2.177648097276687622e-01,3.930688619613647461e+00,-1.181108951568603516e+00,4.104306697845458984e+00,3.932483850770781331e+00,-1.181987548406742139e+00,4.106278582994774773e+00
2.180567085742950439e-01,3.957726001739501953e+00,-1.084461569786071777e+00,4.103614330291748047e+00,3.959555752668683315e+00,-1.085290956756822078e+00,4.105598399662319764e+00
2.183486223220825195e-01,3.982368469238281250e+00,-9.871873259544372559e-01,4.102900981903076172e+00,3.984217313009232875e+00,-9.879689937321345372e-01,4.104883716971602148e+00
2.186405360698699951e-01,4.004599094390869141e+00,-8.893510103225708008e-01,4.102165222167968750e+00,4.006451598184516349e+00,-8.900982141905722234e-01,4.104135626353071054e+00
2.189324498176574707e-01,4.024403572082519531e+00,-7.910159826278686523e-01,4.101405620574951172e+00,4.026249708995615961e+00,-7.917086178001051522e-01,4.103350978735091026e+00
2.192243486642837524e-01,4.041770458221435547e+00,-6.922398805618286133e-01,4.100622653961181641e+00,4.043596598075247073e+00,-6.928768337467164917e-01,4.102529921244766342e+00
2.195162624120712280e-01,4.056620597839355469e+00,-5.930747389793395996e-01,4.099744796752929688e+00,4.058477338252292732e+00,-5.936802597840739049e-01,4.101669727801678711e+00
2.198081761598587036e-01,4.068986415863037109e+00,-4.935875833034515381e-01,4.098814487457275391e+00,4.070888875727421308e+00,-4.941501197436416470e-01,4.100770729919428703e+00
2.201000899076461792e-01,4.078885555267333984e+00,-3.938503861427307129e-01,4.097856044769287109e+00,4.080821061335892175e+00,-3.943641565434014007e-01,4.099832145662647420e+00
2.203919887542724609e-01,4.086311340332031250e+00,-2.939257323741912842e-01,4.096868991851806641e+00,4.088265803576096147e+00,-2.943850768630704717e-01,4.098851040739267759e+00
2.206839025020599365e-01,4.091259479522705078e+00,-1.938668042421340942e-01,4.095850467681884766e+00,4.093219931192217054e+00,-1.942757371367083707e-01,4.097827774217607022e+00
2.209758162498474121e-01,4.093727588653564453e+00,-9.374187886714935303e-02,4.094800949096679688e+00,4.095678481827588868e+00,-9.411484894906478604e-02,4.096759674584078859e+00
2.212677299976348877e-01,4.093713760375976562e+00,6.390742026269435883e-03,4.093718528747558594e+00,4.095641947356062573e+00,6.065670607207964034e-03,4.095646439001110473e+00
2.215596288442611694e-01,4.091205120086669922e+00,1.064565852284431458e-01,4.092590332031250000e+00,4.093110706854025338e+00,1.061869447530654348e-01,4.094487871004022672e+00
2.218515425920486450e-01,4.086133480072021484e+00,2.064062505960464478e-01,4.091343402862548828e+00,4.088084981435582854e+00,2.061699940784660623e-01,4.093280454830512838e+00
2.221434563398361206e-01,4.078586101531982422e+00,3.061639070510864258e-01,4.090061187744140625e+00,4.080568412875758000e+00,3.059827733622305646e-01,4.092024441490278441e+00
2.224353700876235962e-01,4.068566322326660156e+00,4.056774675846099854e-01,4.088741302490234375e+00,4.070565645957549883e+00,4.055462838821859428e-01,4.090717842435537044e+00
2.227272689342498779e-01,4.056081771850585938e+00,5.048695206642150879e-01,4.087382316589355469e+00,4.058086504267508943e+00,5.047818981460762133e-01,4.089360688520156550e+00
2.230191826820373535e-01,4.041139602661132812e+00,6.036947369575500488e-01,4.085982799530029297e+00,4.043133455743925353e+00,6.036573486444829495e-01,4.087949404717272195e+00
2.233110964298248291e-01,4.023748397827148438e+00,7.020862698554992676e-01,4.084540843963623047e+00,4.025720045064364427e+00,7.020943308724829635e-01,4.086484837935447700e+00
2.236029952764511108e-01,4.003922939300537109e+00,7.999724745750427246e-01,4.083057403564453125e+00,4.005859473520535730e+00,8.000146334687281424e-01,4.084964324857479845e+00
2.238949090242385864e-01,3.981620788574218750e+00,8.972962498664855957e-01,4.081475734710693359e+00,3.983556292638189777e+00,8.974015665510175488e-01,4.083387112222589543e+00
2.241868227720260620e-01,3.956870794296264648e+00,9.939807653427124023e-01,4.079806804656982422e+00,3.958837542365557738e+00,9.941319247234398082e-01,4.081751213706844794e+00
2.244787365198135376e-01,3.929727554321289062e+00,1.089984178543090820e+00,4.078090667724609375e+00,3.931710314401766659e+00,1.090189546486635352e+00,4.080056279469926217e+00
2.247706353664398193e-01,3.900213003158569336e+00,1.185231447219848633e+00,4.076326370239257812e+00,3.902195283826082495e+00,1.185497510588257253e+00,4.078300182763092252e+00
2.250625491142272949e-01,3.868340492248535156e+00,1.279681682586669922e+00,4.074511528015136719e+00,3.870317112717266639e+00,1.279979899555438783e+00,4.076481705620433438e+00
2.253544628620147705e-01,3.834135532379150391e+00,1.373260736465454102e+00,4.072645664215087891e+00,3.836087551328445588e+00,1.373605682519357662e+00,4.074599400248636094e+00
2.256463766098022461e-01,3.797617197036743164e+00,1.465919017791748047e+00,4.070726394653320312e+00,3.799533832043845205e+00,1.466299765595110438e+00,4.072651758182875170e+00
2.259382754564285278e-01,3.758815288543701172e+00,1.557583451271057129e+00,4.068753719329833984e+00,3.760686226796427167e+00,1.557988232333377798e+00,4.070637324609701402e+00
2.262301892042160034e-01,3.717665910720825195e+00,1.648173809051513672e+00,4.066634654998779297e+00,3.719559534264783363e+00,1.648640751807198601e+00,4.068554959375559221e+00
2.265221029520034790e-01,3.674281597137451172e+00,1.737654447555541992e+00,4.064454078674316406e+00,3.676186834677119375e+00,1.738184641914741091e+00,4.066403262447251699e+00
2.268140166997909546e-01,3.628693819046020508e+00,1.825973033905029297e+00,4.062215805053710938e+00,3.630597011501067506e+00,1.826561766571916712e+00,4.064180427469086254e+00
2.271059155464172363e-01,3.580932140350341797e+00,1.913074016571044922e+00,4.059916973114013672e+00,3.582828042916467837e+00,1.913701582948535096e+00,4.061885096071573997e+00
2.273978292942047119e-01,3.531027793884277344e+00,1.998902082443237305e+00,4.057557106018066406e+00,3.532897378937920330e+00,1.999575176419595257e+00,4.059515337606188545e+00
2.276897430419921875e-01,3.479011774063110352e+00,2.083406925201416016e+00,4.055133342742919922e+00,3.480846505877875252e+00,2.084113087448192569e+00,4.057070341854458029e+00
2.279816567897796631e-01,3.424924135208129883e+00,2.166525840759277344e+00,4.052645683288574219e+00,3.426709722482799148e+00,2.167260954939430828e+00,4.054548010440019112e+00
2.282735556364059448e-01,3.368769168853759766e+00,2.248188972473144531e+00,4.050056457519531250e+00,3.370533154471993420e+00,2.248951946189666540e+00,4.051947507269216153e+00
2.285654693841934204e-01,3.310567617416381836e+00,2.328327894210815430e+00,4.047340869903564453e+00,3.312337790942221805e+00,2.329159290016634465e+00,4.049267173153037191e+00
2.288573831319808960e-01,3.250404834747314453e+00,2.406927347183227539e+00,4.044555664062500000e+00,3.252170570285008999e+00,2.407817580062089124e+00,4.046504530713388448e+00
2.291492968797683716e-01,3.188324451446533203e+00,2.483933687210083008e+00,4.041699886322021484e+00,3.190074016911490062e+00,2.484876472667975733e+00,4.043659644158079658e+00
2.294411957263946533e-01,3.124370098114013672e+00,2.559295892715454102e+00,4.038772583007812500e+00,3.126098905455152455e+00,2.560273706626457813e+00,4.040729614751608523e+00
2.297331094741821289e-01,3.058577537536621094e+00,2.632973432540893555e+00,4.035770893096923828e+00,3.060270053544435154e+00,2.633984864787847879e+00,4.037713346505954704e+00
2.300250232219696045e-01,2.990996599197387695e+00,2.704913616180419922e+00,4.032693386077880859e+00,2.992642278217207963e+00,2.705949887124954323e+00,4.034609348747984825e+00
2.303169369697570801e-01,2.921669244766235352e+00,2.775075197219848633e+00,4.029540061950683594e+00,2.923261323163109271e+00,2.776122135545953995e+00,4.031415492723313676e+00
2.306088358163833618e-01,2.850601911544799805e+00,2.843348026275634766e+00,4.026233673095703125e+00,2.852186494457003896e+00,2.844446354744635919e+00,4.028131435812761119e+00
2.309007495641708374e-01,2.777868986129760742e+00,2.909739017486572266e+00,4.022827148437500000e+00,2.779444598635113284e+00,2.910899853788682545e+00,4.024754680184728706e+00
2.311926633119583130e-01,2.703541755676269531e+00,2.974213123321533203e+00,4.019338607788085938e+00,2.705096582689638929e+00,2.975427985880001014e+00,4.021283280351818590e+00
2.314845770597457886e-01,2.627668142318725586e+00,3.036732435226440430e+00,4.015767097473144531e+00,2.629205166431177965e+00,3.037980477614205199e+00,4.017716414775118317e+00
2.317764759063720703e-01,2.550304412841796875e+00,3.097253322601318359e+00,4.012110233306884766e+00,2.551800038923593750e+00,3.098537150052038669e+00,4.014052305202694626e+00
2.320683896541595459e-01,2.471497058868408203e+00,3.155743122100830078e+00,4.008367538452148438e+00,2.472946435836423262e+00,3.157049341707768075e+00,4.010289842454473508e+00
2.323603034019470215e-01,2.391299724578857422e+00,3.212164402008056641e+00,4.004537105560302734e+00,2.392698292258801818e+00,3.213478509284146689e+00,4.006425994250892408e+00
2.326522171497344971e-01,2.309763431549072266e+00,3.266462087631225586e+00,4.000597476959228516e+00,2.311111686860345849e+00,3.267789774969530381e+00,4.002460148775735860e+00
2.329441159963607788e-01,2.226914167404174805e+00,3.318553686141967773e+00,3.996491670608520508e+00,2.228256746164027025e+00,3.319940903158159262e+00,3.998391642559307346e+00
2.332360297441482544e-01,2.142849683761596680e+00,3.368471145629882812e+00,3.992293119430541992e+00,2.144164602065287362e+00,3.369914542858764239e+00,3.994216552331731673e+00
2.335279434919357300e-01,2.057623386383056641e+00,3.416185855865478516e+00,3.987999677658081055e+00,2.058907692011974433e+00,3.417671876645791862e+00,3.989935079752757296e+00
2.338198572397232056e-01,1.971302270889282227e+00,3.461663722991943359e+00,3.983609914779663086e+00,1.972558106229385322e+00,3.463175181402117442e+00,3.985544858552070746e+00
2.341117560863494873e-01,1.883941531181335449e+00,3.504880189895629883e+00,3.979123115539550781e+00,1.885150463896848594e+00,3.506412363770339713e+00,3.981045080921843393e+00
2.344036698341369629e-01,1.795601606369018555e+00,3.545808553695678711e+00,3.974537134170532227e+00,1.796758480493996224e+00,3.547348335373351702e+00,3.976433232144503283e+00
2.346955835819244385e-01,1.706343054771423340e+00,3.584424495697021484e+00,3.969849586486816406e+00,1.707457761703946364e+00,3.585951399689563779e+00,3.971707372017555304e+00
2.349874824285507202e-01,1.616209864616394043e+00,3.620650768280029297e+00,3.965002775192260742e+00,1.617284591949849304e+00,3.622213170563857165e+00,3.966867492665297146e+00
2.352793961763381958e-01,1.525274753570556641e+00,3.654484272003173828e+00,3.960015058517456055e+00,1.526315399684290641e+00,3.656104463205802180e+00,3.961910971385753211e+00
2.355713099241256714e-01,1.433608651161193848e+00,3.685941696166992188e+00,3.954920768737792969e+00,1.434628028623706530e+00,3.687599969517863840e+00,3.956835998079891503e+00
2.358632236719131470e-01,1.341284513473510742e+00,3.715002775192260742e+00,3.949720621109008789e+00,1.342245376074903795e+00,3.716697923314195684e+00,3.951640937985448243e+00
2.361551225185394287e-01,1.248361945152282715e+00,3.741652965545654297e+00,3.944410562515258789e+00,1.249288847807838554e+00,3.743361923842049244e+00,3.946325014254082220e+00
2.364470362663269043e-01,1.154905557632446289e+00,3.765877962112426758e+00,3.938990354537963867e+00,1.155781529788453055e+00,3.767592479154586282e+00,3.940886199014421720e+00
2.367389500141143799e-01,1.060975193977355957e+00,3.787666797637939453e+00,3.933457374572753906e+00,1.061803577841731627e+00,3.789371643443248949e+00,3.935322641162893209e+00
2.370308637619018555e-01,9.666458368301391602e-01,3.807004690170288086e+00,3.927809715270996094e+00,9.674362585754752164e-01,3.808685447233175925e+00,3.929633284464631782e+00
2.373227626085281372e-01,8.719695806503295898e-01,3.823793649673461914e+00,3.921954631805419922e+00,8.727170823858044768e-01,3.825532758767945296e+00,3.923816508744347509e+00
2.376146763563156128e-01,7.770255208015441895e-01,3.838118314743041992e+00,3.915982723236083984e+00,7.777276876659723337e-01,3.839901213112375977e+00,3.917869533639954494e+00
2.379065901041030884e-01,6.818788647651672363e-01,3.849974393844604492e+00,3.909893035888671875e+00,6.825501679800697330e-01,3.851785429440317543e+00,3.911793159953418808e+00
2.381985038518905640e-01,5.865992903709411621e-01,3.859357595443725586e+00,3.903682708740234375e+00,5.872224884049436211e-01,3.861185461761010629e+00,3.905583621048598797e+00
2.384904026985168457e-01,4.912591576576232910e-01,3.866266250610351562e+00,3.897351741790771484e+00,4.918270038142104617e-01,3.868098276027366555e+00,3.899240704892011244e+00
2.387823164463043213e-01,3.959084749221801758e-01,3.870702266693115234e+00,3.890897035598754883e+00,3.964461107646877758e-01,3.872522210552952870e+00,3.892762231368154691e+00
2.390742301940917969e-01,3.006284236907958984e-01,3.872667074203491211e+00,3.884318351745605469e+00,3.011030964351905093e-01,3.874464045227149267e+00,3.886146511962819350e+00
2.393661439418792725e-01,2.054794132709503174e-01,3.872124671936035156e+00,3.877572774887084961e+00,2.059248579781634836e-01,3.873924357288394571e+00,3.879393634722522410e+00
2.396580427885055542e-01,1.105466410517692566e-01,3.869069337844848633e+00,3.870648145675659180e+00,1.109344558891064980e-01,3.870911153038225638e+00,3.872500433598315528e+00
2.399499565362930298e-01,1.587648503482341766e-02,3.863561153411865234e+00,3.863593816757202148e+00,1.621412977159500737e-02,3.865431139293102891e+00,3.865465145441234540e+00
2.402418702840805054e-01,-7.845533639192581177e-02,3.855610847473144531e+00,3.856408834457397461e+00,-7.815425459074624992e-02,3.857496399084594518e+00,3.858288034408686507e+00
2.405337840318679810e-01,-1.723852157592773438e-01,3.845230340957641602e+00,3.849092721939086914e+00,-1.721332369966980524e-01,3.847117319976012251e+00,3.850966310543157523e+00
2.408256828784942627e-01,-2.658432126045227051e-01,3.832433938980102539e+00,3.841643333435058594e+00,-2.656415280377061316e-01,3.834308998730734164e+00,3.843499826872077918e+00
2.411175966262817383e-01,-3.587708771228790283e-01,3.817235469818115234e+00,3.834058284759521484e+00,-3.585982971008311315e-01,3.819087061162202978e+00,3.835885649940593112e+00
2.414095103740692139e-01,-4.511041045188903809e-01,3.799653053283691406e+00,3.826337575912475586e+00,-4.509670280046125246e-01,3.801468106431578509e+00,3.828123695044845842e+00
2.417014241218566895e-01,-5.427478551864624023e-01,3.779632091522216797e+00,3.818402051925659180e+00,-5.426678149023644870e-01,3.781471683553080609e+00,3.820211571476725965e+00
2.419933229684829712e-01,-6.336567401885986328e-01,3.757254838943481445e+00,3.810312986373901367e+00,-6.336215651415372241e-01,3.759122674905034600e+00,3.812148944204252210e+00
2.422852367162704468e-01,-7.237717509269714355e-01,3.732558965682983398e+00,3.802083730697631836e+00,-7.237929273952488085e-01,3.734438959857355744e+00,3.803933562333584817e+00
2.425771504640579224e-01,-8.130326271057128906e-01,3.705568552017211914e+00,3.793713331222534180e+00,-8.131041401922245448e-01,3.707448352391677027e+00,3.795564731163136862e+00
2.428690642118453979e-01,-9.013754129409790039e-01,3.676310300827026367e+00,3.785199403762817383e+00,-9.014923697259631385e-01,3.678177719590184136e+00,3.787041038801108428e+00
2.431609630584716797e-01,-9.887335896492004395e-01,3.644815444946289062e+00,3.776542901992797852e+00,-9.888957652807865983e-01,3.646655945604435178e+00,3.778361340608180630e+00
2.434528768062591553e-01,-1.075059294700622559e+00,3.611109018325805664e+00,3.767739534378051758e+00,-1.075239067479689448e+00,3.612916643128118999e+00,3.769523275220190150e+00
2.437447905540466309e-01,-1.160272240638732910e+00,3.575205802917480469e+00,3.758766651153564453e+00,-1.160489965971647663e+00,3.576985803236159001e+00,3.760527143589566634e+00
2.440367043018341064e-01,-1.244296669960021973e+00,3.537098169326782227e+00,3.749577999114990234e+00,-1.244575740418078169e+00,3.538901041925897939e+00,3.751371663562731662e+00
2.443286031484603882e-01,-1.327093601226806641e+00,3.496888875961303711e+00,3.740241765975952148e+00,-1.327424088898287557e+00,3.498702693067804237e+00,3.742054949658991436e+00
2.446205168962478638e-01,-1.408623933792114258e+00,3.454607009887695312e+00,3.730754613876342773e+00,-1.409004663405186930e+00,3.456418398107721224e+00,3.732575824316916702e+00
2.449124306440353394e-01,-1.488819599151611328e+00,3.410297155380249023e+00,3.721116542816162109e+00,-1.489248163173267692e+00,3.412092831855688235e+00,3.722934002197181513e+00
2.452043443918228149e-01,-1.567635059356689453e+00,3.363994836807250977e+00,3.711326122283935547e+00,-1.568099313064165834e+00,3.365766024113651333e+00,3.713127574526644992e+00
2.454962432384490967e-01,-1.645005106925964355e+00,3.315749645233154297e+00,3.701383113861083984e+00,-1.645492323585648897e+00,3.317487806601604028e+00,3.703156806554324110e+00
2.457881569862365723e-01,-1.720893859863281250e+00,3.265594005584716797e+00,3.691284418106079102e+00,-1.721399340079954765e+00,3.267288417726999850e+00,3.693018994351465523e+00
2.460800707340240479e-01,-1.795199155807495117e+00,3.213535547256469727e+00,3.680971384048461914e+00,-1.795756611447440365e+00,3.215220495850337645e+00,3.682714303946653445e+00
2.463719695806503296e-01,-1.867888689041137695e+00,3.159646034240722656e+00,3.670473098754882812e+00,-1.868514588800519682e+00,3.161330505707677041e+00,3.672241459228727578e+00
2.466638833284378052e-01,-1.938945412635803223e+00,3.103988647460937500e+00,3.659816265106201172e+00,-1.939612711568108994e+00,3.105674705105955891e+00,3.661599765787019400e+00
2.469557970762252808e-01,-2.008312225341796875e+00,3.046620845794677734e+00,3.649002075195312500e+00,-2.009027623911302296e+00,3.048287868893785113e+00,3.650787712985199995e+00
2.472477108240127563e-01,-2.075951576232910156e+00,2.987587213516235352e+00,3.638028383255004883e+00,-2.076702200051862679e+00,2.989228652249672713e+00,3.639804934763763100e+00
2.475396096706390381e-01,-2.141809701919555664e+00,2.926948785781860352e+00,3.626896381378173828e+00,-2.142581978451674196e+00,2.928558700284245919e+00,3.628651760006248228e+00
2.478315234184265137e-01,-2.205858469009399414e+00,2.864745855331420898e+00,3.615602493286132812e+00,-2.206645256538681821e+00,2.866314042796015205e+00,3.617324906631183890e+00
2.481234371662139893e-01,-2.268042325973510742e+00,2.801038265228271484e+00,3.604140758514404297e+00,-2.268841912832965768e+00,2.802558939475868538e+00,3.605825874146400878e+00
2.484153509140014648e-01,-2.328266143798828125e+00,2.735830783843994141e+00,3.592435598373413086e+00,-2.329131397975246820e+00,2.737349321283496728e+00,3.594152803619421466e+00
2.487072497606277466e-01,-2.386550426483154297e+00,2.669241428375244141e+00,3.580568790435791016e+00,-2.387467701700106026e+00,2.670752365138541862e+00,3.582306550611532803e+00
2.489991635084152222e-01,-2.442869901657104492e+00,2.601317644119262695e+00,3.568538665771484375e+00,-2.443834053964175190e+00,2.602807162181030254e+00,3.570284303359585465e+00
2.492910772562026978e-01,-2.497185945510864258e+00,2.532122850418090820e+00,3.556344270706176758e+00,-2.498187433630824739e+00,2.533583263135815944e+00,3.558087211521507420e+00
2.495829910039901733e-01,-2.549467802047729492e+00,2.461716890335083008e+00,3.543986082077026367e+00,-2.550495552647848108e+00,2.463140690212476169e+00,3.545714261450976679e+00
2.498748898506164551e-01,-2.599684000015258789e+00,2.390161752700805664e+00,3.531462669372558594e+00,-2.600719084485711541e+00,2.391551119683656523e+00,3.533165226035763773e+00
2.501668035984039307e-01,-2.647809743881225586e+00,2.317515134811401367e+00,3.518774271011352539e+00,-2.648848070271332400e+00,2.318856644218387775e+00,3.520439210640616157e+00
2.504587173461914062e-01,-2.693778276443481445e+00,2.243822813034057617e+00,3.505878210067749023e+00,-2.694846676337420810e+00,2.245130049758165658e+00,3.507535822952339899e+00
2.507506310939788818e-01,-2.737565517425537109e+00,2.169144153594970703e+00,3.492771387100219727e+00,-2.738682648302915634e+00,2.170446039686205530e+00,3.494455416700148032e+00
2.510425448417663574e-01,-2.779183864593505859e+00,2.093573093414306641e+00,3.479498624801635742e+00,-2.780357378128463175e+00,2.094837389429934138e+00,3.481196753742454408e+00
2.513344585895538330e-01,-2.818615913391113281e+00,2.017170906066894531e+00,3.466060400009155273e+00,-2.819819353869343459e+00,2.018411866439961067e+00,3.467761187141030099e+00
2.516263425350189209e-01,-2.855839967727661133e+00,1.940008640289306641e+00,3.452456474304199219e+00,-2.857066379020188673e+00,1.941214011382447424e+00,3.454148249875078402e+00
2.519182562828063965e-01,-2.890849113464355469e+00,1.862133145332336426e+00,3.438684225082397461e+00,-2.892087922803571853e+00,1.863298364431870580e+00,3.440356572816364977e+00
2.522101700305938721e-01,-2.923624992370605469e+00,1.783616662025451660e+00,3.424743890762329102e+00,-2.924862123523500834e+00,1.784742663682184149e+00,3.426386553964654524e+00
2.525020837783813477e-01,-2.954151630401611328e+00,1.704534173011779785e+00,3.410637378692626953e+00,-2.955376784924836464e+00,1.705613452640508676e+00,3.412238149763427320e+00
2.527939975261688232e-01,-2.982344150543212891e+00,1.624931335449218750e+00,3.396288871765136719e+00,-2.983621728495534864e+00,1.625978325844719574e+00,3.397911731470887098e+00
2.530859112739562988e-01,-3.008262395858764648e+00,1.544892907142639160e+00,3.381765127182006836e+00,-3.009583002296846832e+00,1.545916329512372345e+00,3.383407623324022229e+00
2.533778250217437744e-01,-3.031911373138427734e+00,1.464478969573974609e+00,3.367073774337768555e+00,-3.033265973027439610e+00,1.465471844221966080e+00,3.368725306304066969e+00
2.536697387695312500e-01,-3.053282260894775391e+00,1.383772492408752441e+00,3.352216958999633789e+00,-3.054661274938922144e+00,1.384724253081556888e+00,3.353865942712045634e+00
2.539616227149963379e-01,-3.072373628616333008e+00,1.302840352058410645e+00,3.337195396423339844e+00,-3.073762099768037714e+00,1.303753367672375374e+00,3.338830077989516365e+00
2.542535364627838135e-01,-3.089190244674682617e+00,1.221732616424560547e+00,3.322006464004516602e+00,-3.090577204901886699e+00,1.222602607636152028e+00,3.323616192591718921e+00
2.545454502105712891e-01,-3.103731632232666016e+00,1.140523314476013184e+00,3.306651353836059570e+00,-3.105104660743979395e+00,1.141351393035935580e+00,3.308225801930553267e+00
2.548373639583587646e-01,-3.115975856781005859e+00,1.059272766113281250e+00,3.291103839874267578e+00,-3.117348483454192021e+00,1.060067515570237928e+00,3.292659214808208556e+00
2.551292777061462402e-01,-3.125895738601684570e+00,9.780658483505249023e-01,3.275337696075439453e+00,-3.127315379874421097e+00,9.788180444340366382e-01,3.276917186824953809e+00
2.554211914539337158e-01,-3.133559465408325195e+00,8.969616293907165527e-01,3.259407043457031250e+00,-3.135010222047536654e+00,8.976815962246519343e-01,3.261000052214502176e+00
2.557131052017211914e-01,-3.138978242874145508e+00,8.160253167152404785e-01,3.243313312530517578e+00,-3.140451156308245562e+00,8.167010488701264004e-01,3.244908946085138357e+00
2.560050189495086670e-01,-3.142164230346679688e+00,7.353136539459228516e-01,3.227054834365844727e+00,-3.143646280633222378e+00,7.359539801706697082e-01,3.228643708845579940e+00
2.562969028949737549e-01,-3.143131494522094727e+00,6.549158096313476562e-01,3.210636854171752930e+00,-3.144610067809311627e+00,6.555183295715792946e-01,3.212207458893649559e+00
2.565888166427612305e-01,-3.141897439956665039e+00,5.748709440231323242e-01,3.194056272506713867e+00,-3.143360755213620905e+00,5.754343851045138347e-01,3.195597216324008727e+00
2.568807303905487061e-01,-3.138479232788085938e+00,4.952504336833953857e-01,3.177314281463623047e+00,-3.139916586131574316e+00,4.957785870693847130e-01,3.178816222316205753e+00
2.571726441383361816e-01,-3.132839202880859375e+00,4.161247313022613525e-01,3.160354614257812500e+00,-3.134296438481264602e+00,4.166265253975972582e-01,3.161865244747349202e+00
2.574645578861236572e-01,-3.125036954879760742e+00,3.375644385814666748e-01,3.143215894699096680e+00,-3.126526214826944372e+00,3.380169984499020730e-01,3.144745087163851593e+00
2.577564716339111328e-01,-3.115120172500610352e+00,2.596194148063659668e-01,3.125920295715332031e+00,-3.116628151688119797e+00,2.600236944547265616e-01,3.127456371809651525e+00
2.580483853816986084e-01,-3.103114366531372070e+00,1.823488175868988037e-01,3.108467578887939453e+00,-3.104629446829084927e+00,1.827077582893983643e-01,3.110000985057304934e+00
2.583402693271636963e-01,-3.089049339294433594e+00,1.058194264769554138e-01,3.090861558914184570e+00,-3.090559866761522390e+00,1.061409042953345844e-01,3.092381959202586739e+00
2.586321830749511719e-01,-3.072950124740600586e+00,3.006590530276298523e-02,3.073096990585327148e+00,-3.074446833964007197e+00,3.035829025522930602e-02,3.074596715125176960e+00
2.589240968227386475e-01,-3.054852485656738281e+00,-4.483152925968170166e-02,3.055181264877319336e+00,-3.056323307092274177e+00,-4.457032881534732371e-02,3.056648274120881137e+00
2.592160105705261230e-01,-3.034778594970703125e+00,-1.188199892640113831e-01,3.037103652954101562e+00,-3.036222889675200598e+00,-1.185882526140658172e-01,3.038537906534273247e+00
2.595079243183135986e-01,-3.012711048126220703e+00,-1.918156296014785767e-01,3.018810987472534180e+00,-3.014182653589472238e+00,-1.916285751136797555e-01,3.020267964932875415e+00
2.597998380661010742e-01,-2.988749504089355469e+00,-2.638001739978790283e-01,3.000369071960449219e+00,-2.990237658582377112e+00,-2.636602052213742886e-01,3.001839096057880685e+00
2.600917518138885498e-01,-2.962934970855712891e+00,-3.347131311893463135e-01,2.981780767440795898e+00,-2.964427469953939021e+00,-3.346186677311476787e-01,2.983253237224704701e+00
2.603836655616760254e-01,-2.935307025909423828e+00,-4.045051634311676025e-01,2.963047742843627930e+00,-2.936793155183937021e+00,-4.044527176965106996e-01,2.964512782429402638e+00
2.606755495071411133e-01,-2.905909299850463867e+00,-4.731222987174987793e-01,2.944172859191894531e+00,-2.907379427251899351e+00,-4.731013832897701388e-01,2.945620486905649482e+00
2.609674632549285889e-01,-2.874777555465698242e+00,-5.405320525169372559e-01,2.925153017044067383e+00,-2.876222448748050997e+00,-5.405379822630487219e-01,2.926574257549471980e+00
2.612593770027160645e-01,-2.841957807540893555e+00,-6.066839098930358887e-01,2.905992031097412109e+00,-2.843373668088024164e+00,-6.066937831095171596e-01,2.907378744305613161e+00
2.615512907505035400e-01,-2.807466983795166016e+00,-6.714955568313598633e-01,2.886655092239379883e+00,-2.808871935565209643e+00,-6.715558994486104938e-01,2.888035470088634149e+00
2.618432044982910156e-01,-2.771357774734497070e+00,-7.349314689636230469e-01,2.867149591445922852e+00,-2.772774341695011913e+00,-7.350374540837902870e-01,2.868546253569599358e+00
2.621351182460784912e-01,-2.733706474304199219e+00,-7.969728112220764160e-01,2.847510814666748047e+00,-2.735122429833672708e+00,-7.971287080599861463e-01,2.848913632139914220e+00
2.624270319938659668e-01,-2.694560527801513672e+00,-8.575834035873413086e-01,2.827738523483276367e+00,-2.695968635089323495e+00,-8.577785483338791206e-01,2.829139607613446294e+00
2.627189457416534424e-01,-2.653971910476684570e+00,-9.167212843894958496e-01,2.807836294174194336e+00,-2.655363832816221237e+00,-9.169483539720191256e-01,2.809226115584227301e+00
2.630108296871185303e-01,-2.611999034881591797e+00,-9.743423461914062500e-01,2.787809610366821289e+00,-2.613366192747145877e+00,-9.745919718510299701e-01,2.789177722733026776e+00
2.633027434349060059e-01,-2.568683385848999023e+00,-1.030426740646362305e+00,2.767654895782470703e+00,-2.570018096881330649e+00,-1.030693370695731081e+00,2.768992929332551256e+00
2.635946571826934814e-01,-2.524082183837890625e+00,-1.084935903549194336e+00,2.747376203536987305e+00,-2.525383437727479752e+00,-1.085200446182503775e+00,2.748676320693829833e+00
2.638865709304809570e-01,-2.478203296661376953e+00,-1.137785077095031738e+00,2.726911544799804688e+00,-2.479508938370787341e+00,-1.138101292091627803e+00,2.728230035484775939e+00
2.641784846782684326e-01,-2.431155681610107422e+00,-1.188988804817199707e+00,2.706328153610229492e+00,-2.432454759616673012e+00,-1.189356980311082834e+00,2.707656954674373839e+00
2.644703984260559082e-01,-2.382992267608642578e+00,-1.238528728485107422e+00,2.685629367828369141e+00,-2.384277291546655242e+00,-1.238940048246097714e+00,2.686959368158196693e+00
2.647623121738433838e-01,-2.333769798278808594e+00,-1.286379933357238770e+00,2.664818048477172852e+00,-2.335034150621319249e+00,-1.286825213981257710e+00,2.666140209348663248e+00
2.650542259216308594e-01,-2.283540010452270508e+00,-1.332523941993713379e+00,2.643893957138061523e+00,-2.284788510050675292e+00,-1.332980483971647478e+00,2.645202356400899735e+00
2.653461098670959473e-01,-2.232376575469970703e+00,-1.376926064491271973e+00,2.622866630554199219e+00,-2.233590510564009257e+00,-1.377403198623162961e+00,2.624150555981671129e+00
2.656380236148834229e-01,-2.180320978164672852e+00,-1.419580936431884766e+00,2.601732015609741211e+00,-2.181500511846357071e+00,-1.420062696375283151e+00,2.602983393113094124e+00
2.659299373626708984e-01,-2.127427339553833008e+00,-1.460442066192626953e+00,2.580472469329833984e+00,-2.128585845514266328e+00,-1.460935374686084476e+00,2.581706774738923738e+00
2.662218511104583740e-01,-2.073749303817749023e+00,-1.499475479125976562e+00,2.559074640274047852e+00,-2.074894328544920175e+00,-1.500021712045455313e+00,2.560322559998184033e+00
2.665137648582458496e-01,-2.019360542297363281e+00,-1.536714673042297363e+00,2.537579298019409180e+00,-2.020491723325648525e+00,-1.537300230859631744e+00,2.538834142638807023e+00
2.668056786060333252e-01,-1.964331150054931641e+00,-1.572141170501708984e+00,2.515993833541870117e+00,-1.965438788053954999e+00,-1.572760234569125171e+00,2.517245396267302482e+00
2.670975923538208008e-01,-1.908715128898620605e+00,-1.605749726295471191e+00,2.494318723678588867e+00,-1.909794849090252322e+00,-1.606392028280286377e+00,2.495558397259842298e+00
2.673895061016082764e-01,-1.852571606636047363e+00,-1.637533664703369141e+00,2.472557067871093750e+00,-1.853627276602852980e+00,-1.638182115452389676e+00,2.473777420050998543e+00
2.676813900470733643e-01,-1.795959949493408203e+00,-1.667487978935241699e+00,2.450711727142333984e+00,-1.796991697749743766e+00,-1.668134189444133941e+00,2.451907591197911351e+00
2.679733037948608398e-01,-1.738939523696899414e+00,-1.695609569549560547e+00,2.428786277770996094e+00,-1.739938483058577789e+00,-1.696249098880393547e+00,2.429947927483371739e+00
2.682652175426483154e-01,-1.681560993194580078e+00,-1.721843600273132324e+00,2.406738996505737305e+00,-1.682535260966603552e+00,-1.722520002244100290e+00,2.407903665541246685e+00
2.685571312904357910e-01,-1.623893022537231445e+00,-1.746229648590087891e+00,2.384606122970581055e+00,-1.624842251494708067e+00,-1.746948485175628063e+00,2.385778982240352786e+00
2.688490450382232666e-01,-1.565993428230285645e+00,-1.768787860870361328e+00,2.362402677536010742e+00,-1.566918560785460102e+00,-1.769537359354354855e+00,2.363577001556065316e+00
2.691409587860107422e-01,-1.507925629615783691e+00,-1.789521098136901855e+00,2.340133666992187500e+00,-1.508830188404585160e+00,-1.790286257340475862e+00,2.341301650933340639e+00
2.694328725337982178e-01,-1.449747681617736816e+00,-1.808436393737792969e+00,2.317802906036376953e+00,-1.450621725476668455e+00,-1.809213328998132031e+00,2.318955855606011696e+00
2.697247564792633057e-01,-1.391520619392395020e+00,-1.825541615486145020e+00,2.295415401458740234e+00,-1.392359515091039501e+00,-1.826324081978400571e+00,2.296546248539053980e+00
2.700166702270507812e-01,-1.333288550376892090e+00,-1.840851068496704102e+00,2.272969722747802734e+00,-1.334105109411629186e+00,-1.841620242718499334e+00,2.274071582283363480e+00
2.703085839748382568e-01,-1.275108814239501953e+00,-1.854363799095153809e+00,2.250459432601928711e+00,-1.275902840593236443e+00,-1.855127223827950811e+00,2.251538379690981362e+00
2.706004977226257324e-01,-1.217053055763244629e+00,-1.866050720214843750e+00,2.227860689163208008e+00,-1.217815553732512601e+00,-1.866854460358119416e+00,2.228950492736846645e+00
2.708924114704132080e-01,-1.159168362617492676e+00,-1.875984311103820801e+00,2.205218553543090820e+00,-1.159898199240180894e+00,-1.876817860727274745e+00,2.206311200838521280e+00
2.711843252182006836e-01,-1.101507782936096191e+00,-1.884182929992675781e+00,2.182536363601684570e+00,-1.102205436460965249e+00,-1.885036072083476677e+00,2.183624925947679873e+00
2.714762389659881592e-01,-1.044121265411376953e+00,-1.890666127204895020e+00,2.159816503524780273e+00,-1.044797353172354448e+00,-1.891525178367529536e+00,2.160895418476857177e+00
2.717681527137756348e-01,-9.870623946189880371e-01,-1.895455121994018555e+00,2.137063980102539062e+00,-9.877123058088591590e-01,-1.896314802351665163e+00,2.138126616611908837e+00
2.720600366592407227e-01,-9.303913116455078125e-01,-1.898572564125061035e+00,2.114286184310913086e+00,-9.310169635446422509e-01,-1.899423053055321331e+00,2.115325157247907484e+00
2.723519504070281982e-01,-8.741425275802612305e-01,-1.900043845176696777e+00,2.091480970382690430e+00,-8.747449659085149154e-01,-1.900877749030074337e+00,2.092490136688804458e+00
2.726438641548156738e-01,-8.183823227882385254e-01,-1.899858236312866211e+00,2.068625450134277344e+00,-8.189533350357176555e-01,-1.900703572177357525e+00,2.069627655945361688e+00
2.729357779026031494e-01,-7.631510496139526367e-01,-1.898057460784912109e+00,2.045732498168945312e+00,-7.636904633714880486e-01,-1.898929085641346548e+00,2.046742484080310120e+00
2.732276916503906250e-01,-7.084985971450805664e-01,-1.894695281982421875e+00,2.022829771041870117e+00,-7.090098029163737214e-01,-1.895580982538132009e+00,2.023838472307448288e+00
2.735196053981781006e-01,-6.544638276100158691e-01,-1.889802217483520508e+00,1.999918937683105469e+00,-6.549351450933648122e-01,-1.890698672458359875e+00,2.000920166901785979e+00
2.738115191459655762e-01,-6.010898351669311523e-01,-1.883410215377807617e+00,1.977003574371337891e+00,-6.015391811509698261e-01,-1.884303659276463039e+00,1.977991321220204268e+00
2.741034328937530518e-01,-5.484171509742736816e-01,-1.875551939010620117e+00,1.954087138175964355e+00,-5.488427557252124611e-01,-1.876437016227449517e+00,1.955056072439002701e+00
2.743953168392181396e-01,-4.964902400970458984e-01,-1.866262674331665039e+00,1.931175589561462402e+00,-4.969019204098190645e-01,-1.867132181351645270e+00,1.932121657956848093e+00
2.746872305870056152e-01,-4.453444182872772217e-01,-1.855576157569885254e+00,1.908270001411437988e+00,-4.457405653907103305e-01,-1.856423718764744324e+00,1.909186652799341521e+00
2.749791443347930908e-01,-3.950504362583160400e-01,-1.843480944633483887e+00,1.885334730148315430e+00,-3.954047634002437195e-01,-1.844349449082375969e+00,1.886258152334951976e+00
2.752710580825805664e-01,-3.456148803234100342e-01,-1.830066680908203125e+00,1.862416028976440430e+00,-3.459308677896597017e-01,-1.830947901558212854e+00,1.863340651494012290e+00
2.755629718303680420e-01,-2.970671057701110840e-01,-1.815370798110961914e+00,1.839516162872314453e+00,-2.973608776714366519e-01,-1.816257116376711167e+00,1.840438372877117645e+00
2.758548855781555176e-01,-2.494497597217559814e-01,-1.799435853958129883e+00,1.816643834114074707e+00,-2.497140503785687249e-01,-1.800319455140976910e+00,1.817555294211313344e+00
2.761467993259429932e-01,-2.027889639139175415e-01,-1.782300829887390137e+00,1.793800354003906250e+00,-2.030291306088306547e-01,-1.783175273452286103e+00,1.794696320753851992e+00
2.764387130737304688e-01,-1.571142673492431641e-01,-1.764006853103637695e+00,1.770989775657653809e+00,-1.573360601068419240e-01,-1.764866014873346156e+00,1.771865312676127013e+00
2.767305970191955566e-01,-1.124535501003265381e-01,-1.744595766067504883e+00,1.748216390609741211e+00,-1.126700102479035598e-01,-1.745436891362593945e+00,1.749069602085285169e+00
2.770225107669830322e-01,-6.885024160146713257e-02,-1.724093794822692871e+00,1.725467920303344727e+00,-6.904376509384073379e-02,-1.724926591956081445e+00,1.726307848888938956e+00
2.773144245147705078e-01,-2.633639611303806305e-02,-1.702540755271911621e+00,1.702744364738464355e+00,-2.648919659289951031e-02,-1.703381032443090470e+00,1.703586986104034029e+00
2.776063382625579834e-01,1.508802175521850586e-02,-1.680003643035888672e+00,1.680071353912353516e+00,1.497054516206244683e-02,-1.680844689692462035e+00,1.680911356404554358e+00
2.778982520103454590e-01,5.540200695395469666e-02,-1.656527042388916016e+00,1.657453179359436035e+00,5.530771352959207993e-02,-1.657362967135546539e+00,1.658285544774546594e+00
2.781901657581329346e-01,9.459017962217330933e-02,-1.632152557373046875e+00,1.634891271591186523e+00,9.451536391678762306e-02,-1.632980238004376305e+00,1.635713181376598380e+00
2.784820795059204102e-01,1.326269209384918213e-01,-1.606930375099182129e+00,1.612394213676452637e+00,1.325692003481885872e-01,-1.607743245075047289e+00,1.613199595513649109e+00
2.787739634513854980e-01,1.694966852664947510e-01,-1.580905675888061523e+00,1.589966058731079102e+00,1.694472405013969785e-01,-1.581699790622778989e+00,1.590750324522890446e+00
2.790658771991729736e-01,2.051927149295806885e-01,-1.554118871688842773e+00,1.567606329917907715e+00,2.051468292646135561e-01,-1.554891096097683834e+00,1.568365882784109822e+00
2.793577909469604492e-01,2.396636307239532471e-01,-1.526593923568725586e+00,1.545292019844055176e+00,2.396493473411431818e-01,-1.527365502890434490e+00,1.546052130136880587e+00
2.796497046947479248e-01,2.729226350784301758e-01,-1.498401641845703125e+00,1.523054361343383789e+00,2.729381844895306108e-01,-1.499170576003143296e+00,1.523813528128044048e+00
2.799416184425354004e-01,3.049706518650054932e-01,-1.469590306282043457e+00,1.500900745391845703e+00,3.050157476230281328e-01,-1.470350801675093022e+00,1.501654449693611504e+00
2.802335321903228760e-01,3.358007371425628662e-01,-1.440204620361328125e+00,1.478834390640258789e+00,3.358686223952537797e-01,-1.440953027684818810e+00,1.479578777728219441e+00
2.805254459381103516e-01,3.654083311557769775e-01,-1.410289168357849121e+00,1.456859111785888672e+00,3.654911485729281928e-01,-1.411023363356807003e+00,1.457590721575818149e+00
2.808173596858978271e-01,3.937889933586120605e-01,-1.379889011383056641e+00,1.434978604316711426e+00,3.938793001234442426e-01,-1.380607813001332396e+00,1.435694548428061657e+00
2.811092436313629150e-01,4.209351241588592529e-01,-1.349055171012878418e+00,1.413200736045837402e+00,4.210258404486767470e-01,-1.349754855330502101e+00,1.413895656621725117e+00
2.814011573791503906e-01,4.468417465686798096e-01,-1.317820549011230469e+00,1.391516566276550293e+00,4.469396370113653538e-01,-1.318503469902213787e+00,1.392194828059646339e+00
2.816930711269378662e-01,4.714833498001098633e-01,-1.286228060722351074e+00,1.369919419288635254e+00,4.716166252762969413e-01,-1.286901642077560526e+00,1.370597708161999329e+00
2.819849848747253418e-01,4.948991835117340088e-01,-1.254330277442932129e+00,1.348432302474975586e+00,4.950546124589936814e-01,-1.254995720224718392e+00,1.349108345204077519e+00
2.822768986225128174e-01,5.170905590057373047e-01,-1.222173929214477539e+00,1.327061295509338379e+00,5.172671069513384845e-01,-1.222825670520631958e+00,1.327730349287098432e+00
2.825688123703002930e-01,5.380634069442749023e-01,-1.189801335334777832e+00,1.305809855461120605e+00,5.382549930195199561e-01,-1.190436978752000607e+00,1.306468001097093490e+00
2.828607261180877686e-01,5.578252673149108887e-01,-1.157253623008728027e+00,1.284680962562561035e+00,5.580251301168377420e-01,-1.157872007926951774e+00,1.285324718731692517e+00
2.831526398658752441e-01,5.763849616050720215e-01,-1.124571323394775391e+00,1.263677358627319336e+00,5.765860910457636379e-01,-1.125173046876668748e+00,1.264304514666130697e+00
2.834445238113403320e-01,5.937510132789611816e-01,-1.091797113418579102e+00,1.242803812026977539e+00,5.939449046089370077e-01,-1.092385804504822922e+00,1.243413565791594788e+00
2.837364375591278076e-01,6.099065542221069336e-01,-1.058968663215637207e+00,1.222047686576843262e+00,6.101149246913736279e-01,-1.059544145877348686e+00,1.222650407268619288e+00
2.840283513069152832e-01,6.248784065246582031e-01,-1.026128530502319336e+00,1.201421141624450684e+00,6.251177170514766734e-01,-1.026685175101649028e+00,1.202021051789507355e+00
2.843202650547027588e-01,6.386957764625549316e-01,-9.933153986930847168e-01,1.180935144424438477e+00,6.389513468700493970e-01,-9.938571718567744684e-01,1.181529052422409132e+00
2.846121788024902344e-01,6.513748764991760254e-01,-9.605634808540344238e-01,1.160591006278991699e+00,6.516427427999308408e-01,-9.610909900431185982e-01,1.161177917196963616e+00
2.849040925502777100e-01,6.629293560981750488e-01,-9.279155731201171875e-01,1.140395879745483398e+00,6.632045150740745187e-01,-9.284260129601893397e-01,1.140971117231190934e+00
2.851960062980651855e-01,6.733777523040771484e-01,-8.954038619995117188e-01,1.120350718498229980e+00,6.736508430916067214e-01,-8.959008347957547747e-01,1.120912023392452772e+00
2.854879200458526611e-01,6.827384829521179199e-01,-8.630627989768981934e-01,1.100458621978759766e+00,6.830106261625873421e-01,-8.635424927928070371e-01,1.101003702223487091e+00
2.857798039913177490e-01,6.910274028778076172e-01,-8.309295773506164551e-01,1.080723285675048828e+00,6.912912110664691800e-01,-8.313968255859837120e-01,1.081251228943669762e+00
2.860717177391052246e-01,6.982339620590209961e-01,-7.990358471870422363e-01,1.061126232147216797e+00,6.985181849456498782e-01,-7.994887099629055527e-01,1.061654299693603587e+00
2.863636314868927002e-01,7.044149637222290039e-01,-7.674154639244079590e-01,1.041694283485412598e+00,7.047197498556919681e-01,-7.678454867877667622e-01,1.042217164230666349e+00
2.866555452346801758e-01,7.095934152603149414e-01,-7.360951304435729980e-01,1.022427916526794434e+00,7.099072134259417632e-01,-7.365090002482422848e-01,1.022943673483956317e+00
2.869474589824676514e-01,7.137926220893859863e-01,-7.051036357879638672e-01,1.003329992294311523e+00,7.141123035698490051e-01,-7.055000152396213586e-01,1.003835969475562306e+00
2.872393727302551270e-01,7.170364856719970703e-01,-6.744656562805175781e-01,9.844009280204772949e-01,7.173566693086191881e-01,-6.748496625011675132e-01,9.848972829587334665e-01
2.875312864780426025e-01,7.193491458892822266e-01,-6.442139744758605957e-01,9.656473994255065918e-01,7.196627622758259291e-01,-6.445876603986483433e-01,9.661302931513301440e-01
2.878232002258300781e-01,7.207560539245605469e-01,-6.143707633018493652e-01,9.470695257186889648e-01,7.210634912839886113e-01,-6.147313219517763772e-01,9.475374170191028789e-01
2.881150841712951660e-01,7.212677001953125000e-01,-5.849714279174804688e-01,9.286650419235229492e-01,7.215771109173352293e-01,-5.853173704548155776e-01,9.291232163475133810e-01
2.884069979190826416e-01,7.209108471870422363e-01,-5.560325980186462402e-01,9.104310870170593262e-01,7.212327069571975446e-01,-5.563612353065785499e-01,9.108866239750526006e-01
2.886989116668701172e-01,7.197297811508178711e-01,-5.275744199752807617e-01,8.923820257186889648e-01,7.200609685557435302e-01,-5.278832558540766939e-01,8.928317480066085832e-01
2.889908254146575928e-01,7.177519798278808594e-01,-4.996159970760345459e-01,8.745192885398864746e-01,7.180874828166937673e-01,-4.999068797318408364e-01,8.749608684856944318e-01
2.892827391624450684e-01,7.150052189826965332e-01,-4.721757471561431885e-01,8.568444252014160156e-01,7.153389429194643157e-01,-4.724542368756310950e-01,8.572763902026413474e-01
2.895746529102325439e-01,7.115177512168884277e-01,-4.452715814113616943e-01,8.393594622611999512e-01,7.118491096890791070e-01,-4.455351618713260797e-01,8.397801708952428168e-01
2.898665666580200195e-01,7.073174715042114258e-01,-4.189173281192779541e-01,8.220643401145935059e-01,7.076402353544872792e-01,-4.191776122969282370e-01,8.224746642562967835e-01
2.901584506034851074e-01,7.024344801902770996e-01,-3.931363821029663086e-01,8.049660921096801758e-01,7.027464049773400889e-01,-3.933923918022955157e-01,8.053633239951434319e-01
2.904503643512725830e-01,6.968751549720764160e-01,-3.679550290107727051e-01,7.880519628524780273e-01,6.971966384424101992e-01,-3.681865315758548474e-01,7.884443383582984133e-01
2.907422780990600586e-01,6.906897425651550293e-01,-3.433719277381896973e-01,7.713342905044555664e-01,6.910159324170364048e-01,-3.435846595528305181e-01,7.717210876568170175e-01
2.910341918468475342e-01,6.839096546173095703e-01,-3.193947374820709229e-01,7.548148036003112793e-01,6.842386101999157200e-01,-3.195907981337410830e-01,7.551958381374156426e-01
2.913261055946350098e-01,6.765643954277038574e-01,-2.960358858108520508e-01,7.384961843490600586e-01,6.768924194594480026e-01,-2.962178770504811376e-01,7.388696625291630848e-01
2.916180193424224854e-01,6.686834096908569336e-01,-2.733047604560852051e-01,7.223801016807556152e-01,6.690060938550511649e-01,-2.734777872353294503e-01,7.227442519496959372e-01
2.919099330902099609e-01,6.602953076362609863e-01,-2.512083649635314941e-01,7.064669728279113770e-01,6.606123107883116186e-01,-2.513709786257530832e-01,7.068210481163824666e-01
2.922018468379974365e-01,6.514291167259216309e-01,-2.297532707452774048e-01,6.907578706741333008e-01,6.517361783203221570e-01,-2.299142909918999722e-01,6.911010254180547374e-01
2.924937307834625244e-01,6.421087384223937988e-01,-2.089532017707824707e-01,6.752518415451049805e-01,6.424107504270998303e-01,-2.091088963668910616e-01,6.755872281238661792e-01
2.927856445312500000e-01,6.323579549789428711e-01,-1.888219416141510010e-01,6.599472165107727051e-01,6.326625571574276963e-01,-1.889558234161660966e-01,6.602773768893318573e-01
2.930775582790374756e-01,6.222169995307922363e-01,-1.693458408117294312e-01,6.448503732681274414e-01,6.225214346365853801e-01,-1.694615080653931183e-01,6.451745029817822497e-01
2.933694720268249512e-01,6.117137670516967773e-01,-1.505270749330520630e-01,6.299619674682617188e-01,6.120154087270278653e-01,-1.506281710889988135e-01,6.302790702894454089e-01
2.936613857746124268e-01,6.008756160736083984e-01,-1.323659867048263550e-01,6.152822375297546387e-01,6.011728082171843290e-01,-1.324569345411041044e-01,6.155920604164432097e-01
2.939532995223999023e-01,5.897299647331237793e-01,-1.148632988333702087e-01,6.008119583129882812e-01,5.900209275478139892e-01,-1.149502196530096249e-01,6.011141721359245516e-01
2.942452132701873779e-01,5.783046483993530273e-01,-9.801930934190750122e-02,5.865526795387268066e-01,5.785879973529318709e-01,-9.810250618792190624e-02,5.868459528711325035e-01
2.945371270179748535e-01,5.666254758834838867e-01,-8.183112740516662598e-02,5.725039839744567871e-01,5.669003641948966443e-01,-8.191418810185921440e-02,5.727878814506232041e-01
2.948290109634399414e-01,5.547143220901489258e-01,-6.631512194871902466e-02,5.586641430854797363e-01,5.549856440172348249e-01,-6.638463848006456725e-02,5.589418442837803536e-01
2.951209247112274170e-01,5.425978302955627441e-01,-5.145196616649627686e-02,5.450318455696105957e-01,5.428674546101114329e-01,-5.150539018302554423e-02,5.453053075963657514e-01
2.954128384590148926e-01,5.303072333335876465e-01,-3.723459690809249878e-02,5.316128134727478027e-01,5.305723170738666505e-01,-3.727409225066893872e-02,5.318800067667923681e-01
2.957047522068023682e-01,5.178655385971069336e-01,-2.365591935813426971e-02,5.184055566787719727e-01,5.181249021694681600e-01,-2.368710456162340106e-02,5.186660709653507784e-01
2.959966659545898438e-01,5.052965283393859863e-01,-1.070959307253360748e-02,5.054100155830383301e-01,5.055494559537738741e-01,-1.073206432263411683e-02,5.056633560183908527e-01
2.962885797023773193e-01,4.926220774650573730e-01,1.612703432328999043e-03,4.926247298717498779e-01,4.928694278252770400e-01,1.590436919237754468e-03,4.928719939034982289e-01
2.965804934501647949e-01,4.798673391342163086e-01,1.331630721688270569e-02,4.800520539283752441e-01,4.801075916837669877e-01,1.329416868287998377e-02,4.802916140360515840e-01
2.968724071979522705e-01,4.670525491237640381e-01,2.440817654132843018e-02,4.676898717880249023e-01,4.672864347847314193e-01,2.438591657355897516e-02,4.679223066503216399e-01
2.971642911434173584e-01,4.542002379894256592e-01,3.487990796566009521e-02,4.555375576019287109e-01,4.544287223802556119e-01,3.487343338640306462e-02,4.557648736797377254e-01
2.974562048912048340e-01,4.413301348686218262e-01,4.476378113031387329e-02,4.435944855213165283e-01,4.415523626919372613e-01,4.477009065675770921e-02,4.438162345118150665e-01
2.977481186389923096e-01,4.284619688987731934e-01,5.407009273767471313e-02,4.318602085113525391e-01,4.286787674805155324e-01,5.408481823145349504e-02,4.320771380803933304e-01
2.980400323867797852e-01,4.156173467636108398e-01,6.280796974897384644e-02,4.203363060951232910e-01,4.158276944387132579e-01,6.282723805951209717e-02,4.205471832082607331e-01
2.983319461345672607e-01,4.028132259845733643e-01,7.098993659019470215e-02,4.090208411216735840e-01,4.030167092639468374e-01,7.101382046135934489e-02,4.092254032223058835e-01
2.986238598823547363e-01,3.900671303272247314e-01,7.862803339958190918e-02,3.979129791259765625e-01,3.902649682144400667e-01,7.865057221908253182e-02,3.981113637235277891e-01
2.989157736301422119e-01,3.773945271968841553e-01,8.573538810014724731e-02,3.870105445384979248e-01,3.775884734536884557e-01,8.575476006912162441e-02,3.872039955367188591e-01
2.992076873779296875e-01,3.648163080215454102e-01,9.231314063072204590e-02,3.763145804405212402e-01,3.650037810193104693e-01,9.233791975019846332e-02,3.765023925318228826e-01
2.994995713233947754e-01,3.523482382297515869e-01,9.837693721055984497e-02,3.658241629600524902e-01,3.525278477416930456e-01,9.841247449932226388e-02,3.660066919749830339e-01
2.997914850711822510e-01,3.400005996227264404e-01,1.039507463574409485e-01,3.555364608764648438e-01,3.401729536698551715e-01,1.039930998527127531e-01,3.557136534144418882e-01
3.000833988189697266e-01,3.277877569198608398e-01,1.090480312705039978e-01,3.454508781433105469e-01,3.279531744066631616e-01,1.090966645882014696e-01,3.456231572503176142e-01
3.003753125667572021e-01,3.157232105731964111e-01,1.136825755238533020e-01,3.355664908885955811e-01,3.158833479017225110e-01,1.137324078209184797e-01,3.357340466356433795e-01
3.006672263145446777e-01,3.038196861743927002e-01,1.178685650229454041e-01,3.258824944496154785e-01,3.039744301699505158e-01,1.179186630349974563e-01,3.260448823231356652e-01
3.009591400623321533e-01,2.920880019664764404e-01,1.216207519173622131e-01,3.163969218730926514e-01,2.922383940479230668e-01,1.216689094217416889e-01,3.165542646618192957e-01
3.012510538101196289e-01,2.805387377738952637e-01,1.249538138508796692e-01,3.071081936359405518e-01,2.806862557062468344e-01,1.249981707839617762e-01,3.072609914091423700e-01
3.015429377555847168e-01,2.691892981529235840e-01,1.278685331344604492e-01,2.980155050754547119e-01,2.693289429140883762e-01,1.279206584724291995e-01,2.981640058009017435e-01
3.018348515033721924e-01,2.580421268939971924e-01,1.303942948579788208e-01,2.891165912151336670e-01,2.581735015885143758e-01,1.304530200182452970e-01,2.892603452849272783e-01
3.021267652511596680e-01,2.471056729555130005e-01,1.325467228889465332e-01,2.804101407527923584e-01,2.472301207917213806e-01,1.326087107047657088e-01,2.805491093934703306e-01
3.024186789989471436e-01,2.363873720169067383e-01,1.343407928943634033e-01,2.718941569328308105e-01,2.365049942226059299e-01,1.344057406679599054e-01,2.720285194915006421e-01
3.027105927467346191e-01,2.258938252925872803e-01,1.357914954423904419e-01,2.635665833950042725e-01,2.260072861256957610e-01,1.358556242383300305e-01,2.636968790469247370e-01
3.030025064945220947e-01,2.156313657760620117e-01,1.369136571884155273e-01,2.554256021976470947e-01,2.157417761896716080e-01,1.369762026475581929e-01,2.555523314024336634e-01
3.032944202423095703e-01,2.056065350770950317e-01,1.377220600843429565e-01,2.474700212478637695e-01,2.057146304935710268e-01,1.377816603822395736e-01,2.475930030045139785e-01
3.035863339900970459e-01,1.958269178867340088e-01,1.382276415824890137e-01,2.396978586912155151e-01,1.959313564364366100e-01,1.382862368542857323e-01,2.398169713309330764e-01
3.038782179355621338e-01,1.863005906343460083e-01,1.384428292512893677e-01,2.321084439754486084e-01,1.863959480493306842e-01,1.385068747165807967e-01,2.322231766920851426e-01
3.041701316833496094e-01,1.770223081111907959e-01,1.383893787860870361e-01,2.246965020895004272e-01,1.771110387638972772e-01,1.384563926344356821e-01,2.248076793914472737e-01
3.044620454311370850e-01,1.679979562759399414e-01,1.380815654993057251e-01,2.174622565507888794e-01,1.680809563659406425e-01,1.381492272759539952e-01,2.175693381196726339e-01
3.047539591789245605e-01,1.592289209365844727e-01,1.375335007905960083e-01,2.104027271270751953e-01,1.593070923385437876e-01,1.376010481725097323e-01,2.105060524724518545e-01
3.050458729267120361e-01,1.507170200347900391e-01,1.367591023445129395e-01,2.035157680511474609e-01,1.507918184211629042e-01,1.368253679511059473e-01,2.036157013044831432e-01
3.053377866744995117e-01,1.424633562564849854e-01,1.357720196247100830e-01,1.967990100383758545e-01,1.425363282631905981e-01,1.358360019127554386e-01,1.968959732711517974e-01
3.056297004222869873e-01,1.344682127237319946e-01,1.345856040716171265e-01,1.902497857809066772e-01,1.345413905076391636e-01,1.346466347171831890e-01,1.903446925984321192e-01
3.059216141700744629e-01,1.267406642436981201e-01,1.332081854343414307e-01,1.838684678077697754e-01,1.268076710302633581e-01,1.332701515168406570e-01,1.839595572875765417e-01
3.062134981155395508e-01,1.192750409245491028e-01,1.316571831703186035e-01,1.776517629623413086e-01,1.193346925691054217e-01,1.317205992412381621e-01,1.777388115045044903e-01
3.065054118633270264e-01,1.120667606592178345e-01,1.299464702606201172e-01,1.715955883264541626e-01,1.121199049732265612e-01,1.300107565445041136e-01,1.716789734023350666e-01
3.067973256111145020e-01,1.051146537065505981e-01,1.280882060527801514e-01,1.656975597143173218e-01,1.051644396401126558e-01,1.281517795394998827e-01,1.657782795300985212e-01
3.070892393589019775e-01,9.841845184564590454e-02,1.260947585105895996e-01,1.599564999341964722e-01,9.846510743467545845e-02,1.261570632985425100e-01,1.600343150772191025e-01
3.073811531066894531e-01,9.197536110877990723e-02,1.239775121212005615e-01,1.543693393468856812e-01,9.202024615912975103e-02,1.240379487780472884e-01,1.544446128560407749e-01
3.076730668544769287e-01,8.578291535377502441e-02,1.217477321624755859e-01,1.489336043596267700e-01,8.582780574866007151e-02,1.218055331017304788e-01,1.490067117073136660e-01
3.079649806022644043e-01,7.983940094709396362e-02,1.194154992699623108e-01,1.436467617750167847e-01,7.988360024164585516e-02,1.194719925841434410e-01,1.437182890226317289e-01
3.082568943500518799e-01,7.414855808019638062e-02,1.169901266694068909e-01,1.385088413953781128e-01,7.418618380784547384e-02,1.170467117780315536e-01,1.385767751321303476e-01
3.085487782955169678e-01,6.869915127754211426e-02,1.144849807024002075e-01,1.335154920816421509e-01,6.873125518609697615e-02,1.145410008681472108e-01,1.335800371288063393e-01
3.088406920433044434e-01,6.348624825477600098e-02,1.119093298912048340e-01,1.286631375551223755e-01,6.351369966519541943e-02,1.119646229148366923e-01,1.287247716238883732e-01
3.091326057910919189e-01,5.850633978843688965e-02,1.092728450894355774e-01,1.239497736096382141e-01,5.853133549538607622e-02,1.093265143190224192e-01,1.240088866493883890e-01
3.094245195388793945e-01,5.375465005636215210e-02,1.065842956304550171e-01,1.193724200129508972e-01,5.377851249458172334e-02,1.066366182938509877e-01,1.194298822208175598e-01
3.097164332866668701e-01,4.922759532928466797e-02,1.038528904318809509e-01,1.149294450879096985e-01,4.925099566380249788e-02,1.039034398529256747e-01,1.149851528987392152e-01
3.100083470344543457e-01,4.491992294788360596e-02,1.010866537690162659e-01,1.106178611516952515e-01,4.494435432893271326e-02,1.011352717965786074e-01,1.106722105472393580e-01
3.103002607822418213e-01,4.083140194416046143e-02,9.829308092594146729e-02,1.064365208148956299e-01,4.085239785629016934e-02,9.834063893889694041e-02,1.064884955172112069e-01
3.105921745300292969e-01,3.695477917790412903e-02,9.548007696866989136e-02,1.023821309208869934e-01,3.697144617070394906e-02,9.552653894269452772e-02,1.024314769703307398e-01
3.108840584754943848e-01,3.328238800168037415e-02,9.265587478876113892e-02,9.845216572284698486e-02,3.329551572965448736e-02,9.270097018832165747e-02,9.849904183066843233e-02
3.111759722232818604e-01,2.980791404843330383e-02,8.982650935649871826e-02,9.464309364557266235e-02,2.981846533301861848e-02,8.987008248892761064e-02,9.468776373630907739e-02
3.114678859710693359e-01,2.652614749968051910e-02,8.699861168861389160e-02,9.095270931720733643e-02,2.653520977132384912e-02,8.704061258011068503e-02,9.099552514233369416e-02
3.117597997188568115e-01,2.343140542507171631e-02,8.417811244726181030e-02,8.737840503454208374e-02,2.344038773422237390e-02,8.421864117337786448e-02,8.741985642988014948e-02
3.120517134666442871e-01,2.051796577870845795e-02,8.137060701847076416e-02,8.391760289669036865e-02,2.052725423742455743e-02,8.141014411498864733e-02,8.395820228751378622e-02
3.123436272144317627e-01,1.778047345578670502e-02,7.858177274465560913e-02,8.056823909282684326e-02,1.779123791491062784e-02,7.862016817572060889e-02,8.060805785108300647e-02
3.126355409622192383e-01,1.521904487162828445e-02,7.581739872694015503e-02,7.732979208230972290e-02,1.522553792377131544e-02,7.585400929895089184e-02,7.736696796303657586e-02
3.129274249076843262e-01,1.282147318124771118e-02,7.308167219161987305e-02,7.419785857200622559e-02,1.282459358960070031e-02,7.311646496597681844e-02,7.423265891680927431e-02
3.132193386554718018e-01,1.058130711317062378e-02,7.037810236215591431e-02,7.116910070180892944e-02,1.058265808985409638e-02,7.041131820041644784e-02,7.120215153327215385e-02
3.135112524032592773e-01,8.493178524076938629e-03,6.771110743284225464e-02,6.824169307947158813e-02,8.493323136237674459e-03,6.774288767562459956e-02,6.827324050115712861e-02
3.138031661510467529e-01,6.551310420036315918e-03,6.508434563875198364e-02,6.541323661804199219e-02,6.550969107551265005e-03,6.511482231369773721e-02,6.544352742015453750e-02
3.140950798988342285e-01,4.749837797135114670e-03,6.250100582838058472e-02,6.268122792243957520e-02,4.749965996220966054e-03,6.253046845405452192e-02,6.271061841545466642e-02
3.143869936466217041e-01,3.083013463765382767e-03,5.996405333280563354e-02,6.004325672984123230e-02,3.083762032411241100e-03,5.999282948162236451e-02,6.007203323913349463e-02
3.146789073944091797e-01,1.546986866742372513e-03,5.747682973742485046e-02,5.749764665961265564e-02,1.547523118857594424e-03,5.750465921514363865e-02,5.752547834875606364e-02
3.149708211421966553e-01,1.368582888972014189e-04,5.504265055060386658e-02,5.504282191395759583e-02,1.348489654753748531e-04,5.506843722859924156e-02,5.506860233421277673e-02
3.152627050876617432e-01,-1.155790174379944801e-03,5.266256257891654968e-02,5.267524346709251404e-02,-1.159474366526942442e-03,5.268658520665552708e-02,5.269934194603197869e-02
3.155546188354492188e-01,-2.336685080081224442e-03,5.033793672919273376e-02,5.039213970303535461e-02,-2.341405355522275210e-03,5.036045005318794815e-02,5.041485008009551072e-02
3.158465325832366943e-01,-3.411160549148917198e-03,4.807040095329284668e-02,4.819127917289733887e-02,-3.416191605312924630e-03,4.809191898383743946e-02,4.821310025949580164e-02
3.161384463310241699e-01,-4.384269937872886658e-03,4.586179554462432861e-02,4.607088118791580200e-02,-4.389195339188257591e-03,4.588245014181955433e-02,4.609191107713054431e-02
3.164303600788116455e-01,-5.261296872049570084e-03,4.371304064989089966e-02,4.402853175997734070e-02,-5.265497258399842381e-03,4.373317906437061697e-02,4.404902283200525653e-02
3.167222738265991211e-01,-6.047297269105911255e-03,4.162506014108657837e-02,4.206204041838645935e-02,-6.050582251173778486e-03,4.164506121914670483e-02,4.208230827229770404e-02
3.170141875743865967e-01,-6.744670681655406952e-03,3.960052132606506348e-02,4.017078503966331482e-02,-6.749280482660967480e-03,3.961876761117626156e-02,4.018954508403917852e-02
3.173061013221740723e-01,-7.360662799328565598e-03,3.763823956251144409e-02,3.835122287273406982e-02,-7.366485685371342018e-03,3.765485605878828024e-02,3.836864991318883478e-02
3.175979852676391602e-01,-7.900325581431388855e-03,3.573871403932571411e-02,3.660151362419128418e-02,-7.906852079073350970e-03,3.575384173043168190e-02,3.661769392363621589e-02
3.178898990154266357e-01,-8.368382230401039124e-03,3.390149399638175964e-02,3.491906821727752686e-02,-8.375213669132956784e-03,3.391548288851026910e-02,3.493428378490769093e-02
3.181818127632141113e-01,-8.769178763031959534e-03,3.212675452232360840e-02,3.330205380916595459e-02,-8.775823512135757717e-03,3.214000560831534181e-02,3.331658804287582210e-02
3.184737265110015869e-01,-9.107017889618873596e-03,3.041414357721805573e-02,3.174835443496704102e-02,-9.113387390021428919e-03,3.042711262895875582e-02,3.176260399677492685e-02
3.187656402587890625e-01,-9.385964833199977875e-03,2.876368910074234009e-02,3.025634028017520905e-02,-9.391614698475981432e-03,2.877658110214641532e-02,3.027034929717594552e-02
3.190575540065765381e-01,-9.609583765268325806e-03,2.717530727386474609e-02,2.882432192564010620e-02,-9.614915416151297370e-03,2.718787057277246427e-02,2.883794210309693559e-02
3.193494677543640137e-01,-9.780907072126865387e-03,2.564958296716213226e-02,2.745117992162704468e-02,-9.787073445475594213e-03,2.566040925707169240e-02,2.746349231011132805e-02
3.196413815021514893e-01,-9.905212558805942535e-03,2.418391779065132141e-02,2.613379433751106262e-02,-9.911749515415044925e-03,2.419351518275715540e-02,2.614515166057813228e-02
3.199332654476165771e-01,-9.986016899347305298e-03,2.277780883014202118e-02,2.487064711749553680e-02,-9.992774441258142279e-03,2.278636205370739021e-02,2.488119443830014155e-02
3.202251791954040527e-01,-1.002674084156751633e-02,2.143002860248088837e-02,2.365970611572265625e-02,-1.003342730877254674e-02,2.143787978905131036e-02,2.366965047080833717e-02
3.205170929431915283e-01,-1.003062818199396133e-02,2.013967558741569519e-02,2.249933220446109772e-02,-1.003697654932208735e-02,2.014717335611841340e-02,2.250887586027185833e-02
3.208090066909790039e-01,-1.000079046934843063e-02,1.890567131340503693e-02,2.138785272836685181e-02,-1.000682017716600890e-02,1.891304741061002395e-02,2.139719169456869019e-02
3.211009204387664795e-01,-9.940188378095626831e-03,1.772673800587654114e-02,2.032349817454814911e-02,-9.945666645498877148e-03,1.773446112612133210e-02,2.033291411621308831e-02
3.213928341865539551e-01,-9.851046837866306305e-03,1.660319976508617401e-02,1.930568180978298187e-02,-9.856599428859478054e-03,1.661005930141000453e-02,1.931441488363937198e-02
3.216847479343414307e-01,-9.736511856317520142e-03,1.553296577185392380e-02,1.833228580653667450e-02,-9.742271848906160908e-03,1.553857972859249217e-02,1.834010143810047358e-02
3.219766616821289062e-01,-9.599486365914344788e-03,1.451399270445108414e-02,1.740132644772529602e-02,-9.605223553244177440e-03,1.451872670487602650e-02,1.740843889148814549e-02
3.222685456275939941e-01,-9.442383423447608948e-03,1.354495808482170105e-02,1.651134341955184937e-02,-9.448019229803759564e-03,1.354914948484740866e-02,1.651800590657002965e-02
3.225604593753814697e-01,-9.267452172935009003e-03,1.262431871145963669e-02,1.566074974834918976e-02,-9.272937401302333571e-03,1.262816244820976104e-02,1.566709465302507445e-02
3.228523731231689453e-01,-9.076858870685100555e-03,1.175077911466360092e-02,1.484823785722255707e-02,-9.082028558902622770e-03,1.175455390075843230e-02,1.485438588937819729e-02
3.231442868709564209e-01,-8.872617036104202271e-03,1.092284079641103745e-02,1.407237630337476730e-02,-8.877482734016247864e-03,1.092673871178797239e-02,1.407847003649340123e-02
3.234362006187438965e-01,-8.656601421535015106e-03,1.013913750648498535e-02,1.333187334239482880e-02,-8.661176496461623145e-03,1.014325373568852710e-02,1.333797490811174449e-02
3.237281143665313721e-01,-8.430309593677520752e-03,9.399456903338432312e-03,1.262615900486707687e-02,-8.434911657672603674e-03,9.402593769872201468e-03,1.263156776785766787e-02
3.240200281143188477e-01,-8.195858448743820190e-03,8.700891397893428802e-03,1.195314154028892517e-02,-8.200374925904673970e-03,8.703248523357588404e-03,1.195795483286051300e-02
3.243119120597839355e-01,-7.954788394272327423e-03,8.041940629482269287e-03,1.131156366318464279e-02,-7.959134882393369831e-03,8.043766481376130734e-03,1.131591831373137194e-02
3.246038258075714111e-01,-7.708480115979909897e-03,7.420983165502548218e-03,1.070007774978876114e-02,-7.712615358321729848e-03,7.422534003334433153e-03,1.070413222527057985e-02
3.248957395553588867e-01,-7.458278443664312363e-03,6.836591288447380066e-03,1.011755410581827164e-02,-7.462244610434758119e-03,6.838020280094059267e-03,1.012144337419027505e-02
3.251876533031463623e-01,-7.205409929156303406e-03,6.287302356213331223e-03,9.562849998474121094e-03,-7.209172708660072267e-03,6.288861663298313601e-03,9.566710624001984603e-03
3.254795670509338379e-01,-6.951034534722566605e-03,5.771717987954616547e-03,9.034911170601844788e-03,-6.954619924336156653e-03,5.773491695361745134e-03,9.038802168892983227e-03
3.257714807987213135e-01,-6.696182303130626678e-03,5.288919433951377869e-03,8.532967418432235718e-03,-6.699617177621470208e-03,5.290486554437232730e-03,8.536633898051492614e-03
3.260633945465087891e-01,-6.441860459744930267e-03,4.837468732148408890e-03,8.055971004068851471e-03,-6.445104276972932547e-03,4.838431801474436106e-03,8.059143343964911624e-03
3.263553082942962646e-01,-6.188909523189067841e-03,4.415294621139764786e-03,7.602461613714694977e-03,-6.192011601756630505e-03,4.415844958329743185e-03,7.605306987380254860e-03
3.266471922397613525e-01,-5.938183981925249100e-03,4.021164495497941971e-03,7.171596400439739227e-03,-5.941098846584533071e-03,4.021462919216011421e-03,7.174177270984976110e-03
3.269391059875488281e-01,-5.690308753401041031e-03,3.653620835393667221e-03,6.762288976460695267e-03,-5.693041417535871576e-03,3.653831925796417138e-03,6.764703121626846130e-03
3.272310197353363037e-01,-5.445939488708972931e-03,3.311405191197991371e-03,6.373669486492872238e-03,-5.448537010059002934e-03,3.311641945996523454e-03,6.376011914078136972e-03
3.275229334831237793e-01,-5.205613560974597931e-03,2.993218367919325829e-03,6.004812195897102356e-03,-5.208132840641473832e-03,2.993619979330763067e-03,6.007196373219086949e-03
3.278148472309112549e-01,-4.969876259565353394e-03,2.697888761758804321e-03,5.654933862388134003e-03,-4.972336827272640092e-03,2.698516000256926187e-03,5.657395348346656166e-03
3.281067609786987305e-01,-4.739321768283843994e-03,2.424865495413541794e-03,5.323640536516904831e-03,-4.741584354026271916e-03,2.425108371832819781e-03,5.325764996831944438e-03
3.283986747264862061e-01,-4.514194559305906296e-03,2.172301756218075752e-03,5.009675398468971252e-03,-4.516248153431304604e-03,2.172232779362074512e-03,5.011496047200551460e-03
3.286905884742736816e-01,-4.294791724532842636e-03,1.938980538398027420e-03,4.712205845862627029e-03,-4.296681613811261478e-03,1.938695362733941019e-03,4.713810836250202467e-03
3.289824724197387695e-01,-4.081381484866142273e-03,1.723815221339464188e-03,4.430486820638179779e-03,-4.083152868654952271e-03,1.723468840995599901e-03,4.431984002079416424e-03
3.292743861675262451e-01,-3.874185495078563690e-03,1.525757485069334507e-03,4.163802135735750198e-03,-3.875848302642719359e-03,1.525427742990133383e-03,4.165228668894713042e-03
3.295662999153137207e-01,-3.673382801935076714e-03,1.343796146102249622e-03,3.911461215466260910e-03,-3.674982644582075898e-03,1.343544812645984694e-03,3.912877470809353678e-03
3.298582136631011963e-01,-3.479111241176724434e-03,1.176958903670310974e-03,3.672798397019505501e-03,-3.480687450044640981e-03,1.176847071034087646e-03,3.674255591749133604e-03
3.301501274108886719e-01,-3.291530068963766098e-03,1.024446450173854828e-03,3.447268391028046608e-03,-3.293063080453939671e-03,1.024400081501025944e-03,3.448718599542168872e-03
3.304420411586761475e-01,-3.110846038907766342e-03,8.855493506416678429e-04,3.234433475881814957e-03,-3.112185449996810165e-03,8.852570938747493078e-04,3.235641883371429862e-03
3.307339549064636230e-01,-2.936896635219454765e-03,7.590209133923053741e-04,3.033393295481801033e-03,-2.938073505499929489e-03,7.585971179449432691e-04,3.034426718685923497e-03
3.310258686542510986e-01,-2.769683254882693291e-03,6.440441356971859932e-04,2.843578346073627472e-03,-2.770739389387931115e-03,6.435528801763047051e-04,2.844495926080581414e-03
3.313177525997161865e-01,-2.609191229566931725e-03,5.398452631197869778e-04,2.664453350007534027e-03,-2.610171880847891694e-03,5.393468404331407335e-04,2.665312788746234535e-03
3.316096663475036621e-01,-2.455346984788775444e-03,4.456640745047479868e-04,2.495465101674199104e-03,-2.456291006423389368e-03,4.452262988005438872e-04,2.496315678230631632e-03
3.319015800952911377e-01,-2.308108611032366753e-03,3.608103725127875805e-04,2.336139790713787079e-03,-2.309046581865121552e-03,3.604572845908895996e-04,2.337012103357113523e-03
3.321934938430786133e-01,-2.167379949241876602e-03,2.846060669980943203e-04,2.185986377298831940e-03,-2.168346178313918134e-03,2.843675199514112957e-04,2.186913358002984861e-03
3.324854075908660889e-01,-2.033225726336240768e-03,2.166107879020273685e-04,2.044731518253684044e-03,-2.034082194091345851e-03,2.163178898071641443e-04,2.045552199717740570e-03
3.327773213386535645e-01,-1.905406359583139420e-03,1.560589007567614317e-04,1.911786501295864582e-03,-1.906135384867402478e-03,1.556730983733377132e-04,1.912481691154389960e-03
3.330692350864410400e-01,-1.783735002391040325e-03,1.023028162308037281e-04,1.786666223779320717e-03,-1.784364699780643243e-03,1.018842929006166456e-04,1.787271045746314287e-03
3.333611488342285156e-01,-1.668060664087533951e-03,5.480343315866775811e-05,1.668960670940577984e-03,-1.668625876506333846e-03,5.438374748530267632e-05,1.669511877087754030e-03
3.336530327796936035e-01,-1.558236661367118359e-03,1.305748446611687541e-05,1.558291260153055191e-03,-1.558769186713479310e-03,1.267025717028605225e-05,1.558820680150274033e-03
3.339449465274810791e-01,-1.454074284993112087e-03,-2.342065999982878566e-05,1.454262877814471722e-03,-1.454609520775636960e-03,-2.375272918029816576e-05,1.454803440357026840e-03
3.342368602752685547e-01,-1.355413231067359447e-03,-5.507465539267286658e-05,1.356531633064150810e-03,-1.355984176456373133e-03,-5.532776518517886470e-05,1.357112467115549961e-03
3.345287740230560303e-01,-1.262113917618989944e-03,-8.230291132349520922e-05,1.264794613234698772e-03,-1.262714154721714457e-03,-8.249639109109882767e-05,1.265406136810482600e-03
3.348206877708435059e-01,-1.174128497950732708e-03,-1.054035674314945936e-04,1.178850186988711357e-03,-1.174615883041892593e-03,-1.056371744025752453e-04,1.179356470839095037e-03
3.351126015186309814e-01,-1.091096317395567894e-03,-1.248892367584630847e-04,1.098220585845410824e-03,-1.091505655154483608e-03,-1.251372890600862967e-04,1.098655513046526517e-03
3.354045152664184570e-01,-1.012824592180550098e-03,-1.411023695254698396e-04,1.022606156766414642e-03,-1.013192486475171343e-03,-1.413389318673001971e-04,1.023003278739188391e-03
3.356963992118835449e-01,-9.391510393470525742e-04,-1.543562539154663682e-04,9.517513099126517773e-04,-9.394998420150957753e-04,-1.545636633604900777e-04,9.521291294660639724e-04
3.359883129596710205e-01,-8.698667516000568867e-04,-1.649511832511052489e-04,8.853683248162269592e-04,-8.702189279413946989e-04,-1.651165721727067932e-04,8.857451467287499837e-04
3.362802267074584961e-01,-8.047944866120815277e-04,-1.731602824293076992e-04,8.232123800553381443e-04,-8.051721346398981296e-04,-1.732739502125379592e-04,8.236055052164399041e-04
3.365721404552459717e-01,-7.437504245899617672e-04,-1.792382099665701389e-04,7.650431361980736256e-04,-7.441726369604371701e-04,-1.792907237803345751e-04,7.654659216675337467e-04
3.368640542030334473e-01,-6.866222247481346130e-04,-1.833872083807364106e-04,7.106905104592442513e-04,-6.870342677146499231e-04,-1.834137633378573337e-04,7.110954180670558218e-04
3.371559679508209229e-01,-6.332215853035449982e-04,-1.858404866652563214e-04,6.599289481528103352e-04,-6.335783124940447307e-04,-1.858518548593022493e-04,6.602744808164591039e-04
3.374478816986083984e-01,-5.832993774674832821e-04,-1.868303515948355198e-04,6.124897627159953117e-04,-5.836243541544667473e-04,-1.868149551364508784e-04,6.127945938280237020e-04
3.377397954463958740e-01,-5.366838304325938225e-04,-1.865390222519636154e-04,5.681781331077218056e-04,-5.369978008311690606e-04,-1.864856463449815927e-04,5.684571526423232287e-04
3.380316793918609619e-01,-4.932072479277849197e-04,-1.851335837272927165e-04,5.268091335892677307e-04,-4.935333740376813541e-04,-1.850335122044971341e-04,5.270793032625637831e-04
3.383235931396484375e-01,-4.527062701527029276e-04,-1.827668893383815885e-04,4.882076755166053772e-04,-4.530557840924381179e-04,-1.826146825854653335e-04,4.884748363993831558e-04
3.386155068874359131e-01,-4.150220484007149935e-04,-1.795785356080159545e-04,4.522076633293181658e-04,-4.154082867987789847e-04,-1.793697537237817622e-04,4.524793401825400038e-04
3.389074206352233887e-01,-3.800005652010440826e-04,-1.756955171003937721e-04,4.186518199276179075e-04,-3.804353717609626571e-04,-1.754256291650192051e-04,4.189334355895273608e-04
3.391993343830108643e-01,-3.475742414593696594e-04,-1.712161465547978878e-04,3.874568501487374306e-04,-3.479832297418212214e-04,-1.709010084133922116e-04,3.876847725385451355e-04
3.394912481307983398e-01,-3.175144665874540806e-04,-1.662683789618313313e-04,3.584140213206410408e-04,-3.179078372370369460e-04,-1.658997095368973677e-04,3.585918384474991020e-04
3.397831618785858154e-01,-2.896755177062004805e-04,-1.609461032785475254e-04,3.313842753414064646e-04,-2.900686602109548502e-04,-1.605161929460217961e-04,3.315196462269813320e-04
3.400750756263732910e-01,-2.639243612065911293e-04,-1.553327456349506974e-04,3.062422620132565498e-04,-2.643297147277766878e-04,-1.548345429111964836e-04,3.063395726421693963e-04
3.403669595718383789e-01,-2.401359961368143559e-04,-1.495037286076694727e-04,2.828721480909734964e-04,-2.405645241765863281e-04,-1.489308794869515537e-04,2.829340862410612608e-04
3.406588733196258545e-01,-2.181815070798620582e-04,-1.435239246347919106e-04,2.611556847114115953e-04,-2.186446693979077801e-04,-1.428711714051054493e-04,2.611851126591777637e-04
3.409507870674133301e-01,-1.979512016987428069e-04,-1.374544517602771521e-04,2.409946027910336852e-04,-1.984521475192289051e-04,-1.367172318822513686e-04,2.409872534980617501e-04
3.412427008152008057e-01,-1.793516130419448018e-04,-1.313472603214904666e-04,2.223040937678888440e-04,-1.798764818337498031e-04,-1.305184713183613326e-04,2.222400055619357453e-04
3.415346145629882812e-01,-1.622876006877049804e-04,-1.252508081961423159e-04,2.050000766757875681e-04,-1.628083250042312272e-04,-1.243228338812580507e-04,2.048480356629036887e-04
3.418265283107757568e-01,-1.466184330638498068e-04,-1.192051568068563938e-04,1.889625127660110593e-04,-1.471458298185573759e-04,-1.181693060811038487e-04,1.887217002166986270e-04
3.421184420585632324e-01,-1.322507596341893077e-04,-1.132454053731635213e-04,1.741114101605489850e-04,-1.327920830391803345e-04,-1.120914207976320582e-04,1.737763618399130376e-04
3.424103558063507080e-01,-1.190941693494096398e-04,-1.074011597665958107e-04,1.603696582606062293e-04,-1.196541629514356463e-04,-1.061203400345279264e-04,1.599332525794824910e-04
3.427022397518157959e-01,-1.070640428224578500e-04,-1.016981768771074712e-04,1.476659381296485662e-04,-1.076473864236724738e-04,-1.002795134654001420e-04,1.471187976592550637e-04
3.429941534996032715e-01,-9.607720130588859320e-05,-9.615666203899309039e-05,1.359298912575468421e-04,-9.668667111665075282e-05,-9.458869727957474694e-05,1.352602455441598501e-04
3.432860672473907471e-01,-8.605849143350496888e-05,-9.079491428565233946e-05,1.250990753760561347e-04,-8.669497529084620538e-05,-8.906647449349315256e-05,1.242934254873543178e-04
3.435779809951782227e-01,-7.696183456573635340e-05,-8.563463052269071341e-05,1.151364995166659355e-04,-7.760061409457457804e-05,-8.372491066915751503e-05,1.141565415314141758e-04
3.438698947429656982e-01,-6.869804929010570049e-05,-8.068383613135665655e-05,1.059684145729988813e-04,-6.933398836494612848e-05,-7.857557167994348181e-05,1.047918050585083761e-04
3.441618084907531738e-01,-6.119671888882294297e-05,-7.595005445182323456e-05,9.753691119840368629e-05,-6.183110109186438336e-05,-7.362606848593028150e-05,9.614511439967841900e-05
3.444537222385406494e-01,-5.439906453830190003e-05,-7.144018309190869331e-05,8.979398262454196811e-05,-5.503175476104173354e-05,-6.888160122188268343e-05,8.816557729051575877e-05
3.447456359863281250e-01,-4.825093128602020442e-05,-6.715972995152696967e-05,8.269571844721212983e-05,-4.887871657084915463e-05,-6.434621998254962919e-05,8.080572355753071374e-05
3.450375199317932129e-01,-4.270225690561346710e-05,-6.311294418992474675e-05,7.620188262080773711e-05,-4.332052381089934430e-05,-6.002111956220061462e-05,7.402163586918812936e-05
3.453294336795806885e-01,-3.770434341276995838e-05,-5.930107727181166410e-05,7.027258106973022223e-05,-3.830675958551678156e-05,-5.590575729282228328e-05,6.777065388814345714e-05
3.456213474273681641e-01,-3.321711483295075595e-05,-5.572729060077108443e-05,6.487609789473935962e-05,-3.379160491759353050e-05,-5.199911597393063525e-05,6.201435821627939934e-05
3.459132611751556396e-01,-2.920928272942546755e-05,-5.239720485405996442e-05,5.998874621582217515e-05,-2.973273275363914360e-05,-4.829853873439524700e-05,5.671670160435287960e-05
3.462051749229431152e-01,-2.562894951552152634e-05,-4.930350041831843555e-05,5.556687756325118244e-05,-2.609042507259824031e-05,-4.480021821064202460e-05,5.184370581073466491e-05
3.464970886707305908e-01,-2.244185634481254965e-05,-4.644465661840513349e-05,5.158239218872040510e-05,-2.282792753449438406e-05,-4.149960052135766769e-05,4.736381655813218006e-05
3.467890024185180664e-01,-1.961714042408857495e-05,-4.381913095130585134e-05,4.800987881026230752e-05,-1.991133277957639306e-05,-3.839133441675729219e-05,4.324760954501793606e-05
3.470808863639831543e-01,-1.712677840259857476e-05,-4.142515899729914963e-05,4.482599979382939637e-05,-1.730911628845003687e-05,-3.546991449452807941e-05,3.946796600961619824e-05
3.473728001117706299e-01,-1.494550087954849005e-05,-3.926089630112983286e-05,4.200935291009955108e-05,-1.499164221488918617e-05,-3.272848787119309288e-05,3.599865628928503920e-05
3.476647138595581055e-01,-1.305071782553568482e-05,-3.732456389116123319e-05,3.954041312681511045e-05,-1.293281635078195063e-05,-3.016047953154822416e-05,3.281634142216332666e-05
3.479566276073455811e-01,-1.142797736974898726e-05,-3.561958510545082390e-05,3.740793545148335397e-05,-1.110757045717103379e-05,-2.775906057624898622e-05,2.989888903516114662e-05
3.482485413551330566e-01,-1.005722515401430428e-05,-3.414310049265623093e-05,3.559352262527681887e-05,-9.493331960986862116e-06,-2.551697962679630606e-05,2.722571580318563987e-05
3.485404551029205322e-01,-8.919618267100304365e-06,-3.289064625278115273e-05,3.407864642213098705e-05,-8.069399273013956977e-06,-2.342700810722734723e-05,2.477781090983248753e-05
3.488323688507080078e-01,-8.003290531632956117e-06,-3.186222966178320348e-05,3.285200727987103164e-05,-6.816424598245126409e-06,-2.148191232003476129e-05,2.253743998836652576e-05
3.491242825984954834e-01,-7.298496257135411724e-06,-3.105811265413649380e-05,3.190414281561970711e-05,-5.717303480485607596e-06,-1.967429141176010122e-05,2.048817467816081898e-05
3.494161665439605713e-01,-6.798158210585825145e-06,-3.047948848688974977e-05,3.122842099401168525e-05,-4.755983648275734476e-06,-1.799719943061487909e-05,1.861500920784060959e-05
3.497080802917480469e-01,-6.497587492049206048e-06,-3.012822708114981651e-05,3.082091279793530703e-05,-3.917755214125019052e-06,-1.644309545893091250e-05,1.690337818867335804e-05
3.499999940395355225e-01,-6.394923730113077909e-06,-3.000742253789212555e-05,3.068126898142509162e-05,-3.189529840329582163e-06,-1.500519914419967552e-05,1.534044008363004888e-05
