x_m,Pre_sim,Pim_sim,p_abs_sim,Pre_analytic,Pim_analytic,p_abs_analytic
0.000000000000000000e+00,1.129384851083159447e-03,1.108178347349166870e-01,1.108235791325569153e-01,1.129723497446448845e-03,5.655142116827019394e-02,5.656270424344791992e-02
2.919099351856857538e-04,1.122842542827129364e-03,4.908999204635620117e-01,4.909012019634246826e-01,1.123829236726053707e-03,4.955853036306491211e-01,4.955865778719557024e-01
5.838198703713715076e-04,1.103534130379557610e-03,9.242572784423828125e-01,9.242579340934753418e-01,1.102784334698604434e-03,9.289409104631966008e-01,9.289415650435076666e-01
8.757297764532268047e-04,1.071677543222904205e-03,1.347110629081726074e+00,1.347110986709594727e+00,1.072330761828443023e-03,1.351697202461735747e+00,1.351697627813315927e+00
1.167639740742743015e-03,1.027584308758378029e-03,1.754623770713806152e+00,1.754624009132385254e+00,1.024001254904483883e-03,1.758993647152161222e+00,1.758993945214204713e+00
1.459549646824598312e-03,9.716327767819166183e-04,2.141876220703125000e+00,2.141876459121704102e+00,9.703981034584875740e-04,2.146205041990608464e+00,2.146205261371425088e+00
1.751459552906453609e-03,9.046381455846130848e-04,2.504742622375488281e+00,2.504742622375488281e+00,8.971908965392745355e-04,2.508880000298891577e+00,2.508880160719373809e+00
2.043369458988308907e-03,8.273544372059404850e-04,2.839141368865966797e+00,2.839141368865966797e+00,8.229124741550310727e-04,2.842899499919187001e+00,2.842899619020289315e+00
2.335279481485486031e-03,7.405845099128782749e-04,3.141027688980102539e+00,3.141027688980102539e+00,7.399102838943876891e-04,3.144433852496885340e+00,3.144433939550269841e+00
2.627189271152019501e-03,6.453043315559625626e-04,3.406787157058715820e+00,3.406787157058715820e+00,6.495030754875054119e-04,3.410036331965256906e+00,3.410036393820058187e+00
2.919099293649196625e-03,5.426923162303864956e-04,3.633794784545898438e+00,3.633794784545898438e+00,5.383014833780847734e-04,3.636666225131720331e+00,3.636666264971571749e+00
3.211009083315730095e-03,4.339030710980296135e-04,3.819496393203735352e+00,3.819496393203735352e+00,4.346592329311939188e-04,3.821749477863683353e+00,3.821749502581243796e+00
3.502919105812907219e-03,3.201173094566911459e-04,3.961268663406372070e+00,3.961268663406372070e+00,3.114274263195385074e-04,3.963157561429512032e+00,3.963157573665593958e+00
3.794829128310084343e-03,2.026735310209915042e-04,4.057663440704345703e+00,4.057663440704345703e+00,1.993371802215729684e-04,4.059285120657850854e+00,4.059285125552223761e+00
4.086738917976617813e-03,8.292923303088173270e-05,4.107918262481689453e+00,4.107918262481689453e+00,6.995986061776536514e-05,4.109026660158657585e+00,4.109026660754222071e+00
4.378648940473794937e-03,-3.776851735892705619e-05,4.111464977264404297e+00,4.111464977264404297e+00,-4.512980150700796799e-05,4.111817299885829335e+00,4.111817300133493447e+00
4.670558962970972061e-03,-1.580327661940827966e-04,4.067534446716308594e+00,4.067534446716308594e+00,-1.595400277820228647e-04,4.067623458857783980e+00,4.067623461986516809e+00
4.962468519806861877e-03,-2.764829841908067465e-04,3.977204561233520508e+00,3.977204561233520508e+00,-2.720468165550330797e-04,3.976949165683343335e+00,3.976949174988147817e+00
5.254378542304039001e-03,-3.917884023394435644e-04,3.841652154922485352e+00,3.841652154922485352e+00,-3.969508609439669150e-04,3.840836357171083737e+00,3.840836377683541247e+00
5.546288564801216125e-03,-5.026486469432711601e-04,3.662376403808593750e+00,3.662376403808593750e+00,-5.095191024680292315e-04,3.660834857493095118e+00,3.660834892950814989e+00
5.838198587298393250e-03,-6.076880963519215584e-04,3.440693855285644531e+00,3.440693855285644531e+00,-6.093383546287017968e-04,3.438998168563802693e+00,3.438998222546563177e+00
6.130108609795570374e-03,-7.058068877086043358e-04,3.179913282394409180e+00,3.179913282394409180e+00,-7.027962360065872095e-04,3.177864866887303297e+00,3.177864944600259367e+00
6.422018166631460190e-03,-7.959016365930438042e-04,2.882970571517944336e+00,2.882970571517944336e+00,-8.000502980927972577e-04,2.880429783178833691e+00,2.880429894287334314e+00
6.713928189128637314e-03,-8.769137784838676453e-04,2.553074598312377930e+00,2.553074598312377930e+00,-8.819177184308248877e-04,2.550076476394969038e+00,2.550076628896050135e+00
7.005838211625814438e-03,-9.478084975853562355e-04,2.193737030029296875e+00,2.193737268447875977e+00,-9.490552978088253157e-04,2.190578466437267835e+00,2.190578672023584694e+00
7.297748234122991562e-03,-1.007920480333268642e-03,1.809486031532287598e+00,1.809486269950866699e+00,-1.006412138223129055e-03,1.806048760293331501e+00,1.806049040702514041e+00
7.589658256620168686e-03,-1.056573935784399509e-03,1.404643774032592773e+00,1.404644131660461426e+00,-1.058956256523529852e-03,1.400896140662178935e+00,1.400896540901768850e+00
7.881567813456058502e-03,-1.093116472475230694e-03,9.836699366569519043e-01,9.836705327033996582e-01,-1.095259664824362999e-03,9.797299798232843582e-01,9.797305920293938319e-01
8.173477835953235626e-03,-1.117096282541751862e-03,5.514141321182250977e-01,5.514152646064758301e-01,-1.117707295513693279e-03,5.473607191754927825e-01,5.473618603500897128e-01
8.465387858450412750e-03,-1.128372969105839729e-03,1.129140332341194153e-01,1.129196733236312866e-01,-1.128607074927602321e-03,1.087364249595847987e-01,1.087422818728804863e-01
8.757297880947589874e-03,-1.126819639466702938e-03,-3.269004225730895996e-01,3.269023597240447998e-01,-1.126710887119101653e-03,-3.311142841978850782e-01,3.311162011700741203e-01
9.049207903444766998e-03,-1.112296711653470993e-03,-7.629708647727966309e-01,7.629716992378234863e-01,-1.111019369067358037e-03,-7.671893145313863904e-01,7.671901190025697259e-01
9.341117925941944122e-03,-1.085043186321854591e-03,-1.190274477005004883e+00,1.190274953842163086e+00,-1.084691377685273288e-03,-1.194505681896618432e+00,1.194506174382824248e+00
9.633027948439121246e-03,-1.045453012920916080e-03,-1.604032158851623535e+00,1.604032516479492188e+00,-1.047031159025147784e-03,-1.608173025177023652e+00,1.608173366021607542e+00
9.924937039613723755e-03,-9.939711308106780052e-04,-1.999586462974548340e+00,1.999586701393127441e+00,-9.916313527493878389e-04,-2.003449061133100173e+00,2.003449306543052977e+00
1.021684706211090088e-02,-9.310041787102818489e-04,-2.372046709060668945e+00,2.372046709060668945e+00,-9.311481242510482757e-04,-2.375847590741040793e+00,2.375847773209983416e+00
1.050875708460807800e-02,-8.574280072934925556e-04,-2.717423915863037109e+00,2.717423915863037109e+00,-8.563424061689020681e-04,-2.721091542697642307e+00,2.721091677445460544e+00
1.080066710710525513e-02,-7.741024019196629524e-04,-3.031901597976684570e+00,3.031901597976684570e+00,-7.655398725390319967e-04,-3.035237532426919405e+00,3.035237628968175283e+00
1.109257712960243225e-02,-6.819561240263283253e-04,-3.311897754669189453e+00,3.311897754669189453e+00,-6.768902774433000835e-04,-3.314712406146266055e+00,3.314712475259418145e+00
1.138448715209960938e-02,-5.819184007123112679e-04,-3.553561925888061523e+00,3.553561925888061523e+00,-5.816037651376515689e-04,-3.556310451766952596e+00,3.556310499325081143e+00
1.167639717459678650e-02,-4.752740496769547462e-04,-3.754797458648681641e+00,3.754797458648681641e+00,-4.730323562481789806e-04,-3.757267503816474452e+00,3.757267533593380726e+00
1.196830719709396362e-02,-3.632233419921249151e-04,-3.913341760635375977e+00,3.913341760635375977e+00,-3.665318231999654605e-04,-3.915295087377325345e+00,3.915295104533832227e+00
1.226021721959114075e-02,-2.470128529239445925e-04,-4.027178764343261719e+00,4.027178764343261719e+00,-2.406870103602292571e-04,-4.028579849296582971e+00,4.028579856486491195e+00
1.255212631076574326e-02,-1.279582938877865672e-04,-4.094583034515380859e+00,4.094583034515380859e+00,-1.273717152792372995e-04,-4.095835363383677930e+00,4.095835365364171032e+00
1.284403633326292038e-02,-7.457618266926147044e-06,-4.115426063537597656e+00,4.115426063537597656e+00,-4.881147031279540123e-06,-4.116288497515796507e+00,4.116288497518690193e+00
1.313594635576009750e-02,1.131331664510071278e-04,-4.089473247528076172e+00,4.089473247528076172e+00,1.254442623399957830e-04,-4.089707896966111811e+00,4.089707898889997750e+00
1.342785637825727463e-02,2.324333036085590720e-04,-4.016606330871582031e+00,4.016606330871582031e+00,2.388484416363068714e-04,-4.016394925389410453e+00,4.016394932491373027e+00
1.371976640075445175e-02,3.490578092169016600e-04,-3.897613048553466797e+00,3.897613048553466797e+00,3.497126349780770244e-04,-3.897187099127072951e+00,3.897187114817739051e+00
1.401167642325162888e-02,4.617072991095483303e-04,-3.734308958053588867e+00,3.734308958053588867e+00,4.642297191466717679e-04,-3.733449673162590354e+00,3.733449702024534744e+00
1.430358644574880600e-02,5.691141122952103615e-04,-3.528531074523925781e+00,3.528531074523925781e+00,5.731965009605735802e-04,-3.527052602811514781e+00,3.527052649387830030e+00
1.459549646824598312e-02,6.699716905131936073e-04,-3.282110691070556641e+00,3.282110691070556641e+00,6.754423217153606796e-04,-3.280353763408343504e+00,3.280353832946929504e+00
1.488740649074316025e-02,7.631568005308508873e-04,-2.998160362243652344e+00,2.998160362243652344e+00,7.645626610054848202e-04,-2.996165976999314307e+00,2.996166074549993841e+00
1.517931651324033737e-02,8.476616349071264267e-04,-2.680128574371337891e+00,2.680128574371337891e+00,8.503430225157130760e-04,-2.677748131023077516e+00,2.677748266040114622e+00
1.547122560441493988e-02,9.225354879163205624e-04,-2.331590175628662109e+00,2.331590175628662109e+00,9.252571202657758212e-04,-2.328733841254422288e+00,2.328734025066906632e+00
1.576313562691211700e-02,9.867463959380984306e-04,-1.956092834472656250e+00,1.956093072891235352e+00,9.901929002936330285e-04,-1.953109630825021314e+00,1.953109881830366934e+00
1.605504564940929413e-02,1.039706054143607616e-03,-1.558340668678283691e+00,1.558341026306152344e+00,1.040321935472544347e-03,-1.555161097498569678e+00,1.555161445459179781e+00
1.634695567190647125e-02,1.080843270756304264e-03,-1.142869830131530762e+00,1.142870426177978516e+00,1.081842597837792685e-03,-1.139449546375419065e+00,1.139450059949340011e+00
1.663886569440364838e-02,1.109674223698675632e-03,-7.143425345420837402e-01,7.143433690071105957e-01,1.110923565980910131e-03,-7.107171060465162782e-01,7.107179742895943786e-01
1.693077571690082550e-02,1.125669106841087341e-03,-2.775544226169586182e-01,2.775567173957824707e-01,1.126524663728454417e-03,-2.738646078196185774e-01,2.738669247536318907e-01
1.722268573939800262e-02,1.128863426856696606e-03,1.623464375734329224e-01,1.623503714799880981e-01,1.129348130287384250e-03,1.661249676874304027e-01,1.661288064013859422e-01
1.751459576189517975e-02,1.119221677072346210e-03,6.004113554954528809e-01,6.004123687744140625e-01,1.120200509070341886e-03,6.042163438042572610e-01,6.042173822138561246e-01
1.780650578439235687e-02,1.096782274544239044e-03,1.031646609306335449e+00,1.031647086143493652e+00,1.095649709632263080e-03,1.035388020321829972e+00,1.035388600031043715e+00
1.809841580688953400e-02,1.061705523170530796e-03,1.450979351997375488e+00,1.450979709625244141e+00,1.059475581196846986e-03,1.454736787217131289e+00,1.454737173021755314e+00
1.839032582938671112e-02,1.014559646137058735e-03,1.853783011436462402e+00,1.853783249855041504e+00,1.014179516226581266e-03,1.857470213631177369e+00,1.857470490502377336e+00
1.868223585188388824e-02,9.558752062730491161e-04,2.235524177551269531e+00,2.235524415969848633e+00,9.586559245963633281e-04,2.238978353484239570e+00,2.238978558716491651e+00
1.897414587438106537e-02,8.862155955284833908e-04,2.591631650924682617e+00,2.591631650924682617e+00,8.823658711416415426e-04,2.594890733511296066e+00,2.594890883531005610e+00
1.926605589687824249e-02,8.063876884989440441e-04,2.917969942092895508e+00,2.917969942092895508e+00,8.006787296190423552e-04,2.921158415630326743e+00,2.921158525361865266e+00
1.955796405673027039e-02,7.173952180892229080e-04,3.211112022399902344e+00,3.211112022399902344e+00,7.173329799509731196e-04,3.214051334548864158e+00,3.214051414598393830e+00
1.984987407922744751e-02,6.202380172908306122e-04,3.467763900756835938e+00,3.467763900756835938e+00,6.116988544771303658e-04,3.470210956981280237e+00,3.470211010893778258e+00
2.014178410172462463e-02,5.159311695024371147e-04,3.684469223022460938e+00,3.684469223022460938e+00,5.112339820763434680e-04,3.686726890583578164e+00,3.686726926029678886e+00
2.043369412422180176e-02,4.057333280798047781e-04,3.859028339385986328e+00,3.859028339385986328e+00,3.989223437284728359e-04,3.861112236707084477e+00,3.861112257315011398e+00
2.072560414671897888e-02,2.909254399128258228e-04,3.989703655242919922e+00,3.989703655242919922e+00,2.895419345397031493e-04,3.991380251694493175e+00,3.991380262196440487e+00
2.101751416921615601e-02,1.727973431115970016e-04,4.075024127960205078e+00,4.075024127960205078e+00,1.771831690470064286e-04,4.076039571008083229e+00,4.076039574859110282e+00
2.130942419171333313e-02,5.266936932457610965e-05,4.113214492797851562e+00,4.113214492797851562e+00,4.728541551241424230e-05,4.114122282455650037e+00,4.114122282727386448e+00
2.160133421421051025e-02,-6.804642180213704705e-05,4.104551792144775391e+00,4.104551792144775391e+00,-6.758963921072230958e-05,4.105195426089761845e+00,4.105195426646173651e+00
2.189324423670768738e-02,-1.879886549431830645e-04,4.049217224121093750e+00,4.049217224121093750e+00,-1.904538163899049659e-04,4.049360299181650191e+00,4.049360303660463067e+00
2.218515425920486450e-02,-3.058003785554319620e-04,3.947732925415039062e+00,3.947732925415039062e+00,-3.176446142465419323e-04,3.947257879486175458e+00,3.947257892266959445e+00
2.247706428170204163e-02,-4.200746188871562481e-04,3.800611734390258789e+00,3.800611734390258789e+00,-4.260673669867369234e-04,3.800047973740924956e+00,3.800047997626597063e+00
2.276897430419921875e-02,-5.295618902891874313e-04,3.610290050506591797e+00,3.610290050506591797e+00,-5.301765827324733194e-04,3.609415113792095120e+00,3.609415152730149678e+00
2.306088432669639587e-02,-6.330307223834097385e-04,3.378911256790161133e+00,3.378911256790161133e+00,-6.353017178416918041e-04,3.377542720984041402e+00,3.377542780732844641e+00
2.335279434919357300e-02,-7.292659138329327106e-04,3.108859777450561523e+00,3.108859777450561523e+00,-7.269113600059278531e-04,3.107071988106143934e+00,3.107072073137987278e+00
2.364470437169075012e-02,-8.170985383912920952e-04,2.803015232086181641e+00,2.803015232086181641e+00,-8.217689878085877040e-04,2.801108571124912849e+00,2.801108691667233419e+00
2.393661439418792725e-02,-8.956343517638742924e-04,2.465321063995361328e+00,2.465321063995361328e+00,-8.962912104996556984e-04,2.463126730465853065e+00,2.463126893538645223e+00
2.422852441668510437e-02,-9.639898780733346939e-04,2.099575757980346680e+00,2.099575996398925781e+00,-9.656113854131407551e-04,2.097006409649950331e+00,2.097006631968130641e+00
2.452043443918228149e-02,-1.021278556436300278e-03,1.709701776504516602e+00,1.709702014923095703e+00,-1.026695327872541611e-03,1.706931568437620284e+00,1.706931877208991200e+00
2.481234446167945862e-02,-1.066847587935626507e-03,1.300234675407409668e+00,1.300235152244567871e+00,-1.069171083199296464e-03,1.297338154013253364e+00,1.297338594579426241e+00
2.510425262153148651e-02,-1.100283814594149590e-03,8.760046362876892090e-01,8.760052919387817383e-01,-1.100821652755744513e-03,8.729206085302972928e-01,8.729213026414326393e-01
2.539616264402866364e-02,-1.121211447753012180e-03,4.417782425880432129e-01,4.417796730995178223e-01,-1.121727664818349341e-03,4.385360374604126976e-01,4.385374720869751886e-01
2.568807266652584076e-02,-1.129214419052004814e-03,2.444991376250982285e-03,2.693159505724906921e-03,-1.129642632438698563e-03,-8.594800899649039389e-04,1.419435980264383912e-03
2.597998268902301788e-02,-1.124311937019228935e-03,-4.368797838687896729e-01,4.368812441825866699e-01,-1.124070915357815170e-03,-4.402451456752339287e-01,4.402465807090734651e-01
2.627189271152019501e-02,-1.106625422835350037e-03,-8.712280988693237305e-01,8.712288141250610352e-01,-1.106861182303326948e-03,-8.746081131922811558e-01,8.746088135866451063e-01
2.656380273401737213e-02,-1.076353597454726696e-03,-1.295710921287536621e+00,1.295711398124694824e+00,-1.075835916232754626e-03,-1.298969459040074215e+00,1.298969904555829835e+00
2.685571275651454926e-02,-1.033625681884586811e-03,-1.705205678939819336e+00,1.705205917358398438e+00,-1.032078539959856199e-03,-1.708488341309917002e+00,1.708488653043392036e+00
2.714762277901172638e-02,-9.791357442736625671e-04,-2.095246553421020508e+00,2.095246791839599609e+00,-9.762952918011004975e-04,-2.098485247970668599e+00,2.098485475075539952e+00
2.743953280150890350e-02,-9.135120781138539314e-04,-2.461464643478393555e+00,2.461464643478393555e+00,-9.136484921165485525e-04,-2.464510252738168816e+00,2.464510422093020736e+00
2.773144282400608063e-02,-8.374663884751498699e-04,-2.799652576446533203e+00,2.799652576446533203e+00,-8.361077030719955838e-04,-2.802367877831849263e+00,2.802368002561382632e+00
2.802335284650325775e-02,-7.517450139857828617e-04,-3.105484962463378906e+00,3.105484962463378906e+00,-7.487444913291415151e-04,-3.108204279714602780e+00,3.108204369898235342e+00
2.831526286900043488e-02,-6.574844010174274445e-04,-3.375978469848632812e+00,3.375978469848632812e+00,-6.525601945078174588e-04,-3.378525022157968571e+00,3.378525085178784249e+00
2.860717289149761200e-02,-5.557449185289442539e-04,-3.608092069625854492e+00,3.608092069625854492e+00,-5.555638402886551924e-04,-3.610245319498522232e+00,3.610245362245088074e+00
2.889908291399478912e-02,-4.476364410948008299e-04,-3.798925876617431641e+00,3.798925876617431641e+00,-4.528471110727478243e-04,-3.800711230561654830e+00,3.800711257539566290e+00
2.919099293649196625e-02,-3.343799035064876080e-04,-3.946023941040039062e+00,3.946023941040039062e+00,-3.304187382835778474e-04,-3.947743123609835258e+00,3.947743137437551120e+00
2.948290295898914337e-02,-2.173288958147168159e-04,-4.048244953155517578e+00,4.048244953155517578e+00,-2.092781556518170081e-04,-4.049669198734380693e+00,4.049669204141901346e+00
2.977481298148632050e-02,-9.780022810446098447e-05,-4.104438304901123047e+00,4.104438304901123047e+00,-9.548540562520514815e-05,-4.105322178204724004e+00,4.105322179315168185e+00
3.006672300398349762e-02,2.285845039295963943e-05,-4.113474369049072266e+00,4.113474369049072266e+00,1.931786218861108578e-05,-4.114064597699728765e+00,4.114064597745082708e+00
3.035863302648067474e-02,1.432465069228783250e-04,-4.075344562530517578e+00,4.075344562530517578e+00,1.494996144600645757e-04,-4.075797985911617793e+00,4.075797988653428128e+00
3.065054304897785187e-02,2.620015293359756470e-04,-3.990877389907836914e+00,3.990877389907836914e+00,2.700958675416528635e-04,-3.990959432357180869e+00,3.990959441496810367e+00
3.094245120882987976e-02,3.777860547415912151e-04,-3.861023426055908203e+00,3.861023426055908203e+00,3.782516895264873610e-04,-3.860515972854011491e+00,3.860515991384480206e+00
3.123436123132705688e-02,4.892172873951494694e-04,-3.686631679534912109e+00,3.686631679534912109e+00,4.984502400836014367e-04,-3.685965948869318609e+00,3.685965982571832722e+00
3.152627125382423401e-02,5.950508057139813900e-04,-3.470147132873535156e+00,3.470147132873535156e+00,5.988525256743245772e-04,-3.469291258216557594e+00,3.469291309902092557e+00
3.181818127632141113e-02,6.941166357137262821e-04,-3.214208364486694336e+00,3.214208364486694336e+00,6.992505937034972823e-04,-3.212978532483810046e+00,3.212978608573858974e+00
3.211009129881858826e-02,7.852998678572475910e-04,-2.921692848205566406e+00,2.921692848205566406e+00,7.856939721888686482e-04,-2.919947319834322208e+00,2.919947425540854180e+00
3.240200132131576538e-02,8.673914708197116852e-04,-2.595347404479980469e+00,2.595347404479980469e+00,8.640987791300018279e-04,-2.593550064227546414e+00,2.593550208174387972e+00
3.269391134381294250e-02,9.396055247634649277e-04,-2.239507675170898438e+00,2.239507675170898438e+00,9.421933664257149893e-04,-2.237530133776227004e+00,2.237530332148594869e+00
3.298582136631011963e-02,1.001136144623160362e-03,-1.858199834823608398e+00,1.858200073242187500e+00,1.001597795002553493e-03,-1.855928104564108061e+00,1.855928374832678251e+00
3.327773138880729675e-02,1.051250728778541088e-03,-1.455663323402404785e+00,1.455663681030273438e+00,1.052333463763424279e-03,-1.453127763596330224e+00,1.453128144638383690e+00
3.356964141130447388e-02,1.089224591851234436e-03,-1.036319375038146973e+00,1.036319851875305176e+00,1.092569496127834610e-03,-1.033730956928730960e+00,1.033731534307091637e+00
3.386155143380165100e-02,1.114809885621070862e-03,-6.052291393280029297e-01,6.052301526069641113e-01,1.116147138921505435e-03,-6.025071566930171318e-01,6.025081905258546922e-01
3.415346145629882812e-02,1.127719995565712452e-03,-1.672424674034118652e-01,1.672462522983551025e-01,1.128116934466407871e-03,-1.643985698592158318e-01,1.644024404307104226e-01
3.444537147879600525e-02,1.127716037444770336e-03,2.726903259754180908e-01,2.726926207542419434e-01,1.127890925383894394e-03,2.755806921052803560e-01,2.755830001998760825e-01
3.473728150129318237e-02,1.114738406613469124e-03,7.094653844833374023e-01,7.094662189483642578e-01,1.115585804591519813e-03,7.124188232537529419e-01,7.124196967083022969e-01
3.502919152379035950e-02,1.089086756110191345e-03,1.138145923614501953e+00,1.138146519660949707e+00,1.087674805279036658e-03,1.141101224509910583e+00,1.141101742884699677e+00
3.532110154628753662e-02,1.051049795933067799e-03,1.553908944129943848e+00,1.553909301757812500e+00,1.051258304754194763e-03,1.556759705776921354e+00,1.556760060726980033e+00
3.561301156878471375e-02,1.000927644781768322e-03,1.951829910278320312e+00,1.951830148696899414e+00,1.000090359300734267e-03,1.954622527699857226e+00,1.954622783549937681e+00
3.590492159128189087e-02,9.393381187692284584e-04,2.327355146408081055e+00,2.327355146408081055e+00,9.327833941643508611e-04,2.330144500951653708e+00,2.330144687653556534e+00
3.619683161377906799e-02,8.670703973621129990e-04,2.676403284072875977e+00,2.676403284072875977e+00,8.633401756225618333e-04,2.679054240377849005e+00,2.679054379485939386e+00
3.648874163627624512e-02,7.849370012991130352e-04,2.995046138763427734e+00,2.995046138763427734e+00,7.849864028577943197e-04,2.997350805858852496e+00,2.997350908650231016e+00
3.678065165877342224e-02,6.937430589459836483e-04,3.279134988784790039e+00,3.279134988784790039e+00,6.921582426730882309e-04,3.281392021531480907e+00,3.281392094531449199e+00
3.707256168127059937e-02,5.946372984908521175e-04,3.525764703750610352e+00,3.525764703750610352e+00,5.979947674229684016e-04,3.527942660393053043e+00,3.527942711073829063e+00
3.736447170376777649e-02,4.887725808657705784e-04,3.732298851013183594e+00,3.732298851013183594e+00,4.833168308380539737e-04,3.734173504954536593e+00,3.734173536232562984e+00
3.765638172626495361e-02,3.773377102334052324e-04,3.896415948867797852e+00,3.896415948867797852e+00,3.771517372444679428e-04,3.897742837590330023e+00,3.897742855837228237e+00
3.794829174876213074e-02,2.615312405396252871e-04,4.015397071838378906e+00,4.015397071838378906e+00,2.575202784012663019e-04,4.016771463393276953e+00,4.016771471648251435e+00
3.824020177125930786e-02,1.427633105777204037e-04,4.088703155517578125e+00,4.088703155517578125e+00,1.366830821989269108e-04,4.089902797769851439e+00,4.089902800053801357e+00
3.853211179375648499e-02,2.237066837551537901e-05,4.115518569946289062e+00,4.115518569946289062e+00,1.427072287535619142e-05,4.116300075881914822e+00,4.116300075906652367e+00
3.882402181625366211e-02,-9.828806651057675481e-05,4.095361232757568359e+00,4.095361232757568359e+00,-1.005112567188496021e-04,4.095662400565871053e+00,4.095662401799189389e+00
3.911592811346054077e-02,-2.178065042244270444e-04,4.027935504913330078e+00,4.027935504913330078e+00,-2.181405734888534605e-04,4.028226725736513636e+00,4.028226731642996938e+00
3.940783813595771790e-02,-3.348412574268877506e-04,3.914715290069580078e+00,3.914715290069580078e+00,-3.370859989290063961e-04,3.914762328480751563e+00,3.914762342993378219e+00
3.969974815845489502e-02,-4.480728821363300085e-04,3.756977081298828125e+00,3.756977081298828125e+00,-4.519951756919933549e-04,3.756566164539931307e+00,3.756566191732270354e+00
3.999165818095207214e-02,-5.561779835261404514e-04,3.556180238723754883e+00,3.556180238723754883e+00,-5.566062286827965118e-04,3.555440406589568170e+00,3.555440450158079635e+00
4.028356820344924927e-02,-6.578825414180755615e-04,3.314503192901611328e+00,3.314503192901611328e+00,-6.661213632052329124e-04,3.313697623086456101e+00,3.313697690038501342e+00
4.057547822594642639e-02,-7.521007792092859745e-04,3.035153865814208984e+00,3.035153865814208984e+00,-7.553258665439533965e-04,3.034081721037941826e+00,3.034081815056034692e+00
4.086738824844360352e-02,-8.377726771868765354e-04,2.721274375915527344e+00,2.721274375915527344e+00,-8.419768293065175860e-04,2.719801625823364599e+00,2.719801756149958560e+00
4.115929827094078064e-02,-9.138121968135237694e-04,2.376079320907592773e+00,2.376079320907592773e+00,-9.142630153308472802e-04,2.374437581576861689e+00,2.374437757592612996e+00
4.145120829343795776e-02,-9.793796343728899956e-04,2.003693580627441406e+00,2.003693819046020508e+00,-9.769971961379290970e-04,2.001940993755012776e+00,2.001941232154512917e+00
4.174311831593513489e-02,-1.033808803185820580e-03,1.608537673950195312e+00,1.608537912368774414e+00,-1.035837060688791621e-03,1.606583362138900739e+00,1.606583696064400657e+00
4.203502833843231201e-02,-1.076487125828862190e-03,1.195056319236755371e+00,1.195056796073913574e+00,-1.078543213507487464e-03,1.192861126667574601e+00,1.192861614257957115e+00
4.232693836092948914e-02,-1.106736948713660240e-03,7.677663564682006836e-01,7.677670717239379883e-01,-1.107082656359271522e-03,7.655009511660748611e-01,7.655017517081024181e-01
4.261884838342666626e-02,-1.124356524087488651e-03,3.317551016807556152e-01,3.317570090293884277e-01,-1.125646262745121562e-03,3.294091408887735994e-01,3.294110641441612142e-01
4.291075840592384338e-02,-1.129191368818283081e-03,-1.080241203308105469e-01,1.080300211906433105e-01,-1.129358102412523785e-03,-1.104621364323317562e-01,1.104679095254298832e-01
4.320266842842102051e-02,-1.121180830523371696e-03,-5.466159582138061523e-01,5.466170907020568848e-01,-1.120692918425675528e-03,-5.490634345649474390e-01,5.490645782864468361e-01
4.349457845091819763e-02,-1.100186142139136791e-03,-9.788820743560791016e-01,9.788826704025268555e-01,-1.100533358277534053e-03,-9.813985370092861427e-01,9.813991540742431630e-01
4.378648847341537476e-02,-1.066684490069746971e-03,-1.399971961975097656e+00,1.399972319602966309e+00,-1.068342995196595174e-03,-1.402521119968532570e+00,1.402521526863150347e+00
4.407839849591255188e-02,-1.021053176373243332e-03,-1.805149435997009277e+00,1.805149674415588379e+00,-1.019677194293043977e-03,-1.807599598048970524e+00,1.807599885651794303e+00
4.437030851840972900e-02,-9.637572220526635647e-04,-2.189746856689453125e+00,2.189747095108032227e+00,-9.597897216308321931e-04,-2.192034190372583513e+00,2.192034400496191360e+00
4.466221854090690613e-02,-8.953445940278470516e-04,-2.549070358276367188e+00,2.549070358276367188e+00,-8.954892939332970451e-04,-2.551424965097241149e+00,2.551425122244925348e+00
4.495412856340408325e-02,-8.167577907443046570e-04,-2.879379510879516602e+00,2.879379510879516602e+00,-8.087461708874087683e-04,-2.881652397847474845e+00,2.881652511336241673e+00
4.524603858590126038e-02,-7.288798806257545948e-04,-3.176963567733764648e+00,3.176963567733764648e+00,-7.259797200683487748e-04,-3.178961450796831123e+00,3.178961533692858055e+00
4.553794860839843750e-02,-6.326402071863412857e-04,-3.438145160675048828e+00,3.438145160675048828e+00,-6.328340363249081212e-04,-3.439947640737688772e+00,3.439947698947718902e+00
4.582985863089561462e-02,-5.291352281346917152e-04,-3.659801244735717773e+00,3.659801244735717773e+00,-5.291636229745671442e-04,-3.661620050426973805e+00,3.661620088663346984e+00
4.612176865339279175e-02,-4.196196096017956734e-04,-3.839831590652465820e+00,3.839831590652465820e+00,-4.232670492720974273e-04,-3.841457542226758282e+00,3.841457565545380870e+00
4.641367867588996887e-02,-3.053253458347171545e-04,-3.976210832595825195e+00,3.976210832595825195e+00,-3.014611097371296404e-04,-3.977394266968335756e+00,3.977394278392750060e+00
4.670558869838714600e-02,-1.875121524790301919e-04,-4.066836833953857422e+00,4.066836833953857422e+00,-1.874422429993197073e-04,-4.067888221569567975e+00,4.067888225888097509e+00
4.699749872088432312e-02,-6.756149377906695008e-05,-4.110898971557617188e+00,4.110898971557617188e+00,-6.745008329006821498e-05,-4.111898037895783453e+00,4.111898038448996040e+00
4.728940874338150024e-02,5.315385351423174143e-05,-4.108217239379882812e+00,4.108217239379882812e+00,6.506316436412086209e-05,-4.108924146262574517e+00,4.108924146777699349e+00
4.758131876587867737e-02,1.732756791170686483e-04,-4.058820247650146484e+00,4.058820247650146484e+00,1.811954678659924108e-04,-4.058998906550755237e+00,4.058998910595077447e+00
4.787322878837585449e-02,2.913984062615782022e-04,-3.962532281875610352e+00,3.962532281875610352e+00,2.916298405288031436e-04,-3.962692494880851513e+00,3.962692505611933758e+00
4.816513881087303162e-02,4.061870567966252565e-04,-3.821066379547119141e+00,3.821066379547119141e+00,4.101109104641650406e-04,-3.821106487951721142e+00,3.821106509959869335e+00
4.845704883337020874e-02,5.163563182577490807e-04,-3.636153697967529297e+00,3.636153697967529297e+00,5.131847397695962461e-04,-3.635857241959187469e+00,3.635857278176035212e+00
4.874895885586738586e-02,6.206597317941486835e-04,-3.409833669662475586e+00,3.409833669662475586e+00,6.273815232991487943e-04,-3.409067777727435189e+00,3.409067835456937257e+00
4.904086887836456299e-02,7.177774677984416485e-04,-3.144051313400268555e+00,3.144051313400268555e+00,7.180624866660061025e-04,-3.143318500810975191e+00,3.143318582828392049e+00
4.933277890086174011e-02,8.067251765169203281e-04,-2.842544317245483398e+00,2.842544317245483398e+00,8.097519380711504277e-04,-2.841654374206525890e+00,2.841654489579140463e+00
4.962468892335891724e-02,8.865013369359076023e-04,-2.508709669113159180e+00,2.508709669113159180e+00,8.891824876880032339e-04,-2.507523039920680485e+00,2.507523197575357798e+00
4.991659894585609436e-02,9.561547194607555866e-04,-2.146181821823120117e+00,2.146182060241699219e+00,9.604821235298469659e-04,-2.144736373345793812e+00,2.144736588413219902e+00
5.020850524306297302e-02,1.014780369587242603e-03,-1.758924722671508789e+00,1.758924961090087891e+00,1.015170016407358463e-03,-1.757439290299016355e+00,1.757439583501200220e+00
5.050041526556015015e-02,1.061863848008215427e-03,-1.351694107055664062e+00,1.351694464683532715e+00,1.062149751493679430e-03,-1.350067830992579987e+00,1.350068248809334959e+00
5.079232528805732727e-02,1.096875057555735111e-03,-9.290760755538940430e-01,9.290767312049865723e-01,1.098077940244966341e-03,-9.272660818925423376e-01,9.272667320698558813e-01
5.108423531055450439e-02,1.119307009503245354e-03,-4.957734346389770508e-01,4.957746863365173340e-01,1.120083093557514399e-03,-4.938729117350482700e-01,4.938741818842035114e-01
5.137614533305168152e-02,1.128881238400936127e-03,-5.680061131715774536e-02,5.681182444095611572e-02,1.129210746168212353e-03,-5.482477581169251796e-02,5.483640359935729874e-02
5.166805535554885864e-02,1.125619397498667240e-03,3.827947974205017090e-01,3.827964365482330322e-01,1.125215353511161255e-03,3.848303107240156895e-01,3.848319557437171468e-01
5.195996537804603577e-02,1.109557575546205044e-03,8.180677294731140137e-01,8.180683851242065430e-01,1.109068362857819475e-03,8.201076043465574950e-01,8.201083542677047866e-01
5.225187540054321289e-02,1.080719288438558578e-03,1.243939161300659180e+00,1.243939638137817383e+00,1.079805856783673610e-03,1.246002477406556563e+00,1.246002945295060060e+00
5.254378542304039001e-02,1.039517810568213463e-03,1.655545830726623535e+00,1.655546069145202637e+00,1.039908444705659862e-03,1.657670559067833560e+00,1.657670885251302462e+00
5.283569544553756714e-02,9.864980820566415787e-04,2.048313140869140625e+00,2.048313379287719727e+00,9.906205240343851116e-04,2.050393225933829111e+00,2.050393465236454826e+00
5.312760546803474426e-02,9.222553926520049572e-04,2.417827606201171875e+00,2.417827606201171875e+00,9.201463979947268517e-04,2.419677145037184118e+00,2.419677319992211917e+00
5.341951549053192139e-02,8.473516209051012993e-04,2.759402275085449219e+00,2.759402275085449219e+00,8.450304311840080729e-04,2.761316203818394044e+00,2.761316333118402078e+00
5.371142551302909851e-02,7.627975428476929665e-04,3.069494009017944336e+00,3.069494009017944336e+00,7.631101081796513299e-04,3.071411377391468633e+00,3.071411472191050152e+00
5.400333553552627563e-02,6.695701158605515957e-04,3.344682455062866211e+00,3.344682455062866211e+00,6.601089787340870107e-04,3.346400993023196602e+00,3.346401058129539141e+00
5.429524555802345276e-02,5.687078810296952724e-04,3.581808328628540039e+00,3.581808328628540039e+00,5.654552259729796670e-04,3.583159293741616125e+00,3.583159338358612445e+00
5.458715558052062988e-02,4.612678894773125648e-04,3.777495145797729492e+00,3.777495145797729492e+00,4.542144833756618020e-04,3.778972431045310554e+00,3.778972458342519047e+00
5.487906560301780701e-02,3.485945344436913729e-04,3.930210828781127930e+00,3.930210828781127930e+00,3.486569450229445324e-04,3.931606409606205776e+00,3.931606425065746979e+00
5.517097562551498413e-02,2.319538616575300694e-04,4.038241863250732422e+00,4.038241863250732422e+00,2.281480845626163883e-04,4.039313959529486020e+00,4.039313965972603171e+00
5.546288564801216125e-02,1.126520364778116345e-04,4.100114345550537109e+00,4.100114345550537109e+00,1.087621990232560867e-04,4.100865684567389202e+00,4.100865686009671940e+00
5.575479567050933838e-02,-7.943646778585389256e-06,4.114734172821044922e+00,4.114734172821044922e+00,-1.580544093177291740e-05,4.115559268716520336e+00,4.115559268746869392e+00
5.604670569300651550e-02,-1.284400204895064235e-04,4.082566738128662109e+00,4.082566738128662109e+00,-1.285017443471162739e-04,4.083226067676946514e+00,4.083226069698961957e+00
5.633861571550369263e-02,-2.474815992172807455e-04,4.003976345062255859e+00,4.003976345062255859e+00,-2.513700681776208303e-04,4.004235498628744949e+00,4.004235506518753596e+00
5.663052573800086975e-02,-3.636902256403118372e-04,3.879428625106811523e+00,3.879428625106811523e+00,-3.674962524720210792e-04,3.879491580317373955e+00,3.879491597723455865e+00
5.692243576049804688e-02,-4.757166898343712091e-04,3.710353612899780273e+00,3.710353612899780273e+00,-4.758597462687103735e-04,3.710414528480875163e+00,3.710414558995322132e+00
5.721434578299522400e-02,-5.823287647217512131e-04,3.499098539352416992e+00,3.499098539352416992e+00,-5.825215726318316162e-04,3.498944454825686723e+00,3.498944503316222310e+00
5.750625580549240112e-02,-6.823267904110252857e-04,3.248039484024047852e+00,3.248039484024047852e+00,-6.856292987300653067e-04,3.247492436020062989e+00,3.247492508397064714e+00
5.779816582798957825e-02,-7.744678878225386143e-04,2.959551572799682617e+00,2.959551572799682617e+00,-7.775588490164021295e-04,2.958934998107270342e+00,2.958935100272027885e+00
5.809007585048675537e-02,-8.577452390454709530e-04,2.637242078781127930e+00,2.637242078781127930e+00,-8.580569470296328270e-04,2.636558835782057297e+00,2.636558975407559569e+00
5.838198587298393250e-02,-9.312675101682543755e-04,2.284953594207763672e+00,2.284953594207763672e+00,-9.315640037740233713e-04,2.284064665627168367e+00,2.284064855598028299e+00
5.867389589548110962e-02,-9.942064061760902405e-04,1.906652212142944336e+00,1.906652450561523438e+00,-9.961769853959196851e-04,1.905468626707843782e+00,1.905468887107963916e+00
5.896580591797828674e-02,-1.045649405568838120e-03,1.506292581558227539e+00,1.506292939186096191e+00,-1.048768958534203885e-03,1.505099467166975957e+00,1.505099832563489226e+00
5.925771594047546387e-02,-1.085175899788737297e-03,1.088814020156860352e+00,1.088814496994018555e+00,-1.085611557783199184e-03,1.087528408146336556e+00,1.087528949995244743e+00
5.954962596297264099e-02,-1.112363184802234173e-03,6.589545607566833496e-01,6.589555144309997559e-01,-1.113319057985456264e-03,6.575345260187721586e-01,6.575354685384326991e-01
5.984153598546981812e-02,-1.126878429204225540e-03,2.215442657470703125e-01,2.215471118688583374e-01,-1.127342909464217838e-03,2.200311186990210888e-01,2.200340066852808640e-01
6.013344600796699524e-02,-1.128363888710737228e-03,-2.184205055236816406e-01,2.184234261512756348e-01,-1.128378090973155634e-03,-2.199903653155233230e-01,2.199932591439419383e-01
6.042535603046417236e-02,-1.117019564844667912e-03,-6.558594107627868652e-01,6.558603644371032715e-01,-1.117499380854444216e-03,-6.575019579898212507e-01,6.575029076478026147e-01
6.071726605296134949e-02,-1.092973747290670872e-03,-1.085850954055786133e+00,1.085851430892944336e+00,-1.092423088937606980e-03,-1.087496784790884297e+00,1.087497333476600492e+00
6.100917607545852661e-02,-1.056423876434564590e-03,-1.503457665443420410e+00,1.503458023071289062e+00,-1.055351591146096646e-03,-1.505061461636831188e+00,1.505061831643927928e+00
6.130108609795570374e-02,-1.007707323879003525e-03,-1.903730869293212891e+00,1.903731107711791992e+00,-1.004339521577351547e-03,-1.905432418231078229e+00,1.905432682921075926e+00
6.159299239516258240e-02,-9.475374245084822178e-04,-2.282325029373168945e+00,2.282325029373168945e+00,-9.478720350821647064e-04,-2.284033949879100689e+00,2.284034146562113232e+00
6.188490241765975952e-02,-8.765892707742750645e-04,-2.634990930557250977e+00,2.634990930557250977e+00,-8.767750451464948261e-04,-2.636530665827547359e+00,2.636530811612777470e+00
6.217681244015693665e-02,-7.955714827403426170e-04,-2.957420825958251953e+00,2.957420825958251953e+00,-7.931090850670750869e-04,-2.958903857634990420e+00,2.958903963928070535e+00
6.246872246265411377e-02,-7.054302259348332882e-04,-3.245899200439453125e+00,3.245899200439453125e+00,-7.026282599613150161e-04,-3.247464753213825883e+00,3.247464829224884664e+00
6.276063621044158936e-02,-6.072707474231719971e-04,-3.497459411621093750e+00,3.497459411621093750e+00,-6.075434091716906638e-04,-3.498925260541944748e+00,3.498925313287997163e+00
6.305254250764846802e-02,-5.022010300308465958e-04,-3.709262609481811523e+00,3.709262609481811523e+00,-5.024650527937162383e-04,-3.710398388993723540e+00,3.710398423015828673e+00
6.334445625543594360e-02,-3.913369728252291679e-04,-3.878321647644042969e+00,3.878321647644042969e+00,-3.878839140935413650e-04,-3.879476672021253680e+00,3.879476691412262479e+00
6.363636255264282227e-02,-2.760123461484909058e-04,-4.003036022186279297e+00,4.003036022186279297e+00,-2.724006437048183513e-04,-4.004225041911197991e+00,4.004225051176674377e+00
6.392827630043029785e-02,-1.575487549416720867e-04,-4.082233905792236328e+00,4.082233905792236328e+00,-1.538070200127635543e-04,-4.083221835437808700e+00,4.083221838334614162e+00
6.422018259763717651e-02,-3.728477167896926403e-05,-4.115018844604492188e+00,4.115018844604492188e+00,-3.740270030120904977e-05,-4.115558091342802705e+00,4.115558091512762751e+00
6.451209634542465210e-02,8.341547800227999687e-05,-4.100190639495849609e+00,4.100190639495849609e+00,9.115766926308675787e-05,-4.100869140254900458e+00,4.100869141268066009e+00
6.480400264263153076e-02,2.031506301136687398e-04,-4.038683414459228516e+00,4.038683414459228516e+00,2.069641490942124729e-04,-4.039322771697329451e+00,4.039322776999475728e+00
6.509591639041900635e-02,3.205793036613613367e-04,-3.931251049041748047e+00,3.931251049041748047e+00,3.243088982878243186e-04,-3.931616248177801420e+00,3.931616261553503744e+00
6.538782268762588501e-02,4.343615437392145395e-04,-3.778992652893066406e+00,3.778992652893066406e+00,4.343648992824949507e-04,-3.778990280318891060e+00,3.778990305282287299e+00
6.567973643541336060e-02,5.431250901892781258e-04,-3.583061695098876953e+00,3.583061695098876953e+00,5.501282173612521411e-04,-3.583179511091629799e+00,3.583179553322427324e+00
6.597164273262023926e-02,6.457004346884787083e-04,-3.346414089202880859e+00,3.346414089202880859e+00,6.523115647315087719e-04,-3.346429240456295418e+00,3.346429304033072594e+00
6.626355648040771484e-02,7.409390527755022049e-04,-3.071701288223266602e+00,3.071701288223266602e+00,7.439904977439310702e-04,-3.071433611324835056e+00,3.071433701432895624e+00
6.655546277761459351e-02,8.277006563730537891e-04,-2.761828660964965820e+00,2.761828660964965820e+00,8.304742793111090631e-04,-2.761349482204937811e+00,2.761349607087267177e+00
6.684737652540206909e-02,9.049346554093062878e-04,-2.420159101486206055e+00,2.420159101486206055e+00,9.051124752766220036e-04,-2.419703834373786222e+00,2.419704003656603319e+00
6.713928282260894775e-02,9.718721266835927963e-04,-2.051003694534301758e+00,2.051003932952880859e+00,9.760919815667664550e-04,-2.050425366685675321e+00,2.050425599016858058e+00
6.743118911981582642e-02,1.027762307785451412e-03,-1.658506512641906738e+00,1.658506751060485840e+00,1.029570129147157429e-03,-1.657715122924242612e+00,1.657715442645808279e+00
6.772310286760330200e-02,1.071849139407277107e-03,-1.246924281120300293e+00,1.246924757957458496e+00,1.073343056400740238e-03,-1.246045057129291145e+00,1.246045519417992686e+00
6.801500916481018066e-02,1.103640533983707428e-03,-8.210794925689697266e-01,8.210801482200622559e-01,1.104846247414470245e-03,-8.201514365304112264e-01,8.201521807129014130e-01
6.830692291259765625e-02,1.122882240451872349e-03,-3.859058022499084473e-01,3.859074115753173828e-01,1.123316834433632071e-03,-3.848748302353843243e-01,3.848764695190216578e-01
6.859882920980453491e-02,1.129356562159955502e-03,5.367947369813919067e-02,5.369134992361068726e-02,1.129510156306590303e-03,5.478004963837961733e-02,5.479169308915846082e-02
6.889074295759201050e-02,1.122806570492684841e-03,4.926677346229553223e-01,4.926690161228179932e-01,1.122556790842055502e-03,4.938285200008415421e-01,4.938297958811013744e-01
6.918264925479888916e-02,1.103431452065706253e-03,9.259788990020751953e-01,9.259795546531677246e-01,1.102947323851830941e-03,9.272225497207486899e-01,9.272232057080136425e-01
6.947456300258636475e-02,1.071509555913507938e-03,1.348764657974243164e+00,1.348765015602111816e+00,1.071995154541682685e-03,1.350032980955704121e+00,1.350033406565095184e+00
6.976646929979324341e-02,1.027400721795856953e-03,1.756246805191040039e+00,1.756247043609619141e+00,1.024430226514477316e-03,1.757398848089895882e+00,1.757399146672429024e+00
7.005838304758071899e-02,9.713963372632861137e-04,2.143412113189697266e+00,2.143412351608276367e+00,9.698183889110132067e-04,2.144701585683662870e+00,2.144701804956046676e+00
7.035028934478759766e-02,9.043457102961838245e-04,2.506136894226074219e+00,2.506136894226074219e+00,9.023263078787153134e-04,2.507487538483195610e+00,2.507487700835496103e+00
7.064220309257507324e-02,8.270096732303500175e-04,2.840376853942871094e+00,2.840376853942871094e+00,8.274507455156199145e-04,2.841630826456973402e+00,2.841630946929118107e+00
7.093410938978195190e-02,7.402350311167538166e-04,3.142240524291992188e+00,3.142240524291992188e+00,7.405797971570249588e-04,3.143294885674967176e+00,3.143294972917565655e+00
7.122602313756942749e-02,6.449099746532738209e-04,3.407812118530273438e+00,3.407812118530273438e+00,6.420118222678940223e-04,3.409045141033995474e+00,3.409045201487753030e+00
7.151792943477630615e-02,5.422632093541324139e-04,3.634605884552001953e+00,3.634605884552001953e+00,5.391587559469066112e-04,3.635839733890696923e+00,3.635839773866628821e+00
7.180984318256378174e-02,4.334443074185401201e-04,3.820083379745483398e+00,3.820083379745483398e+00,4.337793388262851935e-04,3.821094226589724752e+00,3.821094251211535120e+00
7.210174947977066040e-02,3.196574107278138399e-04,3.961827039718627930e+00,3.961827039718627930e+00,3.199794387514883951e-04,3.962682290583512401e+00,3.962682303502392589e+00
7.239366322755813599e-02,2.021970867644995451e-04,4.057981967926025391e+00,4.057981967926025391e+00,1.986116115718601432e-04,4.058991720010419080e+00,4.058991724869577489e+00
7.268556952476501465e-02,8.244562923209741712e-05,4.107991218566894531e+00,4.107991218566894531e+00,7.877840083134284553e-05,4.108921351466685579e+00,4.108921352221875267e+00
7.297748327255249023e-02,-3.825330713880248368e-05,4.111290931701660156e+00,4.111290931701660156e+00,-3.803924838118403486e-05,4.111899928317645170e+00,4.111899928493595979e+00
7.326938956975936890e-02,-1.585154968779534101e-04,4.067333698272705078e+00,4.067333698272705078e+00,-1.583173951659817467e-04,4.067893967547935752e+00,4.067893970628693623e+00
7.356130331754684448e-02,-2.769558632280677557e-04,3.976758956909179688e+00,3.976758956909179688e+00,-2.806190654797823133e-04,3.977405830988671731e+00,3.977405840887970889e+00
7.385320961475372314e-02,-3.922395408153533936e-04,3.840973377227783203e+00,3.840973377227783203e+00,-3.957859741934085119e-04,3.841470860335867599e+00,3.841470880724742187e+00
7.414512336254119873e-02,-5.030753673054277897e-04,3.661495685577392578e+00,3.661495685577392578e+00,-5.029855105236930458e-04,3.661636643236886535e+00,3.661636677783517868e+00
7.443702965974807739e-02,-6.081058527342975140e-04,3.439770221710205078e+00,3.439770221710205078e+00,-6.081739391184311791e-04,3.439967804979837229e+00,3.439967858741319162e+00
7.472894340753555298e-02,-7.061868091113865376e-04,3.178786277770996094e+00,3.178786277770996094e+00,-7.091707808810639819e-04,3.178989920663311430e+00,3.178989999764410435e+00
7.502084970474243164e-02,-7.962342351675033569e-04,2.881668806076049805e+00,2.881668806076049805e+00,-7.990782164339596712e-04,2.881690183815041717e+00,2.881690294605228075e+00
7.531276345252990723e-02,-8.772393921390175819e-04,2.551742792129516602e+00,2.551742792129516602e+00,-8.772743089658603189e-04,2.551453806674374825e+00,2.551453957492349378e+00
7.560466974973678589e-02,-9.480823646299540997e-04,2.192266702651977539e+00,2.192266941070556641e+00,-9.483445521598971766e-04,2.192072383383672829e+00,2.192072588522278931e+00
7.589658349752426147e-02,-1.008136780001223087e-03,1.807887554168701172e+00,1.807887792587280273e+00,-1.011894689097705925e-03,1.807636214805679487e+00,1.807636498029364880e+00
7.618848979473114014e-02,-1.056727371178567410e-03,1.402956962585449219e+00,1.402957320213317871e+00,-1.058189504505182600e-03,1.402555836039172110e+00,1.402556235226441350e+00
7.648040354251861572e-02,-1.093263155780732632e-03,9.819675683975219727e-01,9.819681644439697266e-01,-1.094318055582461317e-03,9.814304660626365084e-01,9.814310761576334752e-01
7.677230983972549438e-02,-1.117176492698490620e-03,5.496630072593688965e-01,5.496641397476196289e-01,-1.117553637431123372e-03,5.491096159805145538e-01,5.491107532077665887e-01
7.706422358751296997e-02,-1.128385658375918865e-03,1.111347004771232605e-01,1.111404225230216980e-01,-1.128940258426227184e-03,1.105029140458794329e-01,1.105086807392890308e-01
7.735612988471984863e-02,-1.126764458604156971e-03,-3.286620080471038818e-01,3.286639153957366943e-01,-1.126948006197652213e-03,-3.293547782196116214e-01,3.293567062440025950e-01
7.764804363250732422e-02,-1.112233730964362621e-03,-7.647337317466735840e-01,7.647345662117004395e-01,-1.111829026015099739e-03,-7.654685773813714178e-01,7.654693848365482500e-01
7.793994992971420288e-02,-1.084913965314626694e-03,-1.191977977752685547e+00,1.191978454589843750e+00,-1.084280047529613458e-03,-1.192820111004159411e+00,1.192820603812323688e+00
7.823185622692108154e-02,-1.045261044055223465e-03,-1.605639815330505371e+00,1.605640172958374023e+00,-1.045794206268488681e-03,-1.606538607416389652e+00,1.606538947802048867e+00
7.852376997470855713e-02,-9.937180439010262489e-04,-2.001086235046386719e+00,2.001086473464965820e+00,-9.904250500033708743e-04,-2.001910770984119736e+00,2.001911015985478937e+00
7.881567627191543579e-02,-9.307455038651823997e-04,-2.373526811599731445e+00,2.373526811599731445e+00,-9.289691689004639027e-04,-2.374398020023231304e+00,2.374398201750068438e+00
7.910759001970291138e-02,-8.571135113015770912e-04,-2.718760967254638672e+00,2.718760967254638672e+00,-8.549857919197625684e-04,-2.719769596295221081e+00,2.719769730681731001e+00
7.939949631690979004e-02,-7.737403502687811852e-04,-3.033060550689697266e+00,3.033060550689697266e+00,-7.742604930014047046e-04,-3.034048585101795759e+00,3.034048683893769915e+00
7.969141006469726562e-02,-6.815593224018812180e-04,-3.312905073165893555e+00,3.312905073165893555e+00,-6.756584696071897111e-04,-3.313667632166688914e+00,3.313667701050236669e+00
7.998331636190414429e-02,-5.815100739710032940e-04,-3.554502248764038086e+00,3.554502248764038086e+00,-5.752115295594489777e-04,-3.555417788412358338e+00,3.555417834942516286e+00
8.027523010969161987e-02,-4.748328938148915768e-04,-3.755520105361938477e+00,3.755520105361938477e+00,-4.716912726541928912e-04,-3.756547604846237398e+00,3.756547634460217555e+00
8.056713640689849854e-02,-3.627600381150841713e-04,-3.913830280303955078e+00,3.913830280303955078e+00,-3.594467636661646749e-04,-3.914747804511327534e+00,3.914747821013280671e+00
8.085905015468597412e-02,-2.465458819642663002e-04,-4.027642250061035156e+00,4.027642250061035156e+00,-2.469656522499052141e-04,-4.028218802619274008e+00,4.028218810189869714e+00
8.115095645189285278e-02,-1.274786627618595958e-04,-4.094803810119628906e+00,4.094803810119628906e+00,-1.200468555335272504e-04,-4.095658274245878694e+00,4.095658276005210041e+00
8.144287019968032837e-02,-6.971698894631117582e-06,-4.115400791168212891e+00,4.115400791168212891e+00,-3.401969767453237924e-06,-4.116300403648511796e+00,4.116300403649917783e+00
8.173477649688720703e-02,1.136132050305604935e-04,-4.089202404022216797e+00,4.089202404022216797e+00,1.171799119948328810e-04,-4.089906943677434015e+00,4.089906945356093892e+00
8.202669024467468262e-02,2.329144044779241085e-04,-4.016306400299072266e+00,4.016306400299072266e+00,2.326425750772194868e-04,-4.016778565278744217e+00,4.016778572015805793e+00
8.231859654188156128e-02,3.495220735203474760e-04,-3.897074937820434570e+00,3.897074937820434570e+00,3.492854638962557875e-04,-3.897754565507169922e+00,3.897754581157248488e+00
8.261051028966903687e-02,4.621488624252378941e-04,-3.733539104461669922e+00,3.733539104461669922e+00,4.655822998465467097e-04,-3.734191479801927116e+00,3.734191508826533834e+00
8.290241658687591553e-02,5.695222644135355949e-04,-3.527547359466552734e+00,3.527547359466552734e+00,5.728019018866798741e-04,-3.527961880814185491e+00,3.527961927314407387e+00
8.319433033466339111e-02,6.703766994178295135e-04,-3.281100749969482422e+00,3.281100749969482422e+00,6.702335902950072154e-04,-3.281412903754838517e+00,3.281412972202955025e+00
8.348623663187026978e-02,7.635182701051235199e-04,-2.996963024139404297e+00,2.996963024139404297e+00,7.635072297935679292e-04,-2.997375810630478199e+00,2.997375907872752432e+00
8.377815037965774536e-02,8.479753741994500160e-04,-2.678757905960083008e+00,2.678757905960083008e+00,8.504383937985297197e-04,-2.679086515982886940e+00,2.679086650962746674e+00
8.407005667686462402e-02,9.227934060618281364e-04,-2.330081462860107422e+00,2.330081462860107422e+00,9.251008957095860265e-04,-2.330187677710494398e+00,2.330187861346268097e+00
8.436197042465209961e-02,9.869985515251755714e-04,-1.954564929008483887e+00,1.954565167427062988e+00,9.870983988997934604e-04,-1.954653313812694693e+00,1.954653563054639553e+00
8.465387672185897827e-02,1.039897208102047443e-03,-1.556707501411437988e+00,1.556707859039306641e+00,1.040043935672505014e-03,-1.556793832384118614e+00,1.556794179794046995e+00
8.494579046964645386e-02,1.080971211194992065e-03,-1.141151785850524902e+00,1.141152381896972656e+00,1.082268988813788173e-03,-1.141142380895853181e+00,1.141142894112223249e+00
8.523769676685333252e-02,1.109755830839276314e-03,-7.125932574272155762e-01,7.125940918922424316e-01,1.110620860020440593e-03,-7.124551518289233831e-01,7.124560174819698499e-01
8.552961051464080811e-02,1.125722890719771385e-03,-2.757840156555175781e-01,2.757863104343414307e-01,1.126031052952370564e-03,-2.756155666068783039e-01,2.756178668046808111e-01
8.582151681184768677e-02,1.128849340602755547e-03,1.641184091567993164e-01,1.641222834587097168e-01,1.129268460009718146e-03,1.643617303420235043e-01,1.643656096885197648e-01
8.611343055963516235e-02,1.119140069931745529e-03,6.021543741226196289e-01,6.021553874015808105e-01,1.119101001141298811e-03,6.024648101880965001e-01,6.024658495732599928e-01
8.640533685684204102e-02,1.096693566069006920e-03,1.033377885818481445e+00,1.033378362655639648e+00,1.095916139101591738e-03,1.033680037012115305e+00,1.033680617961637127e+00
8.669725060462951660e-02,1.061550923623144627e-03,1.452650427818298340e+00,1.452650785446166992e+00,1.062143104933067645e-03,1.453095147952973676e+00,1.453095536140845079e+00
8.698915690183639526e-02,1.014342997223138809e-03,1.855351805686950684e+00,1.855352044105529785e+00,1.014951439898392500e-03,1.855895217187397472e+00,1.855895494715551708e+00
8.728107064962387085e-02,9.555988945066928864e-04,2.236973524093627930e+00,2.236973762512207031e+00,9.518985043858166004e-04,2.237495802874133410e+00,2.237496005357356488e+00
8.757297694683074951e-02,8.859337540343403816e-04,2.593060731887817383e+00,2.593060731887817383e+00,8.815189641727167900e-04,2.593522996540391645e+00,2.593523146351220721e+00
8.786489069461822510e-02,8.060524123720824718e-04,2.919243335723876953e+00,2.919243335723876953e+00,8.066323989143701217e-04,2.919921008909974525e+00,2.919921120326655739e+00
8.815679699182510376e-02,7.170144235715270042e-04,3.212199926376342773e+00,3.212199926376342773e+00,7.176214423276633132e-04,3.212949334489296760e+00,3.212949414630698719e+00
8.844871073961257935e-02,6.198171176947653294e-04,3.468649864196777344e+00,3.468649864196777344e+00,6.137065258566730885e-04,3.469269510559581882e+00,3.469269564841281905e+00
8.874061703681945801e-02,5.155078251846134663e-04,3.685327529907226562e+00,3.685327529907226562e+00,5.090497009247306080e-04,3.685943292785898606e+00,3.685943327937225789e+00
8.903253078460693359e-02,4.052799777127802372e-04,3.859662771224975586e+00,3.859662771224975586e+00,4.058768575738325320e-04,3.860503367673032482e+00,3.860503389009112940e+00
8.932443708181381226e-02,2.904527646023780107e-04,3.990099668502807617e+00,3.990099668502807617e+00,2.909622534999757007e-04,3.990948533697371570e+00,3.990948544303751344e+00
8.961634337902069092e-02,1.723150926409289241e-04,4.075175285339355469e+00,4.075175285339355469e+00,1.727982578058567624e-04,4.075791440608239391e+00,4.075791444271238184e+00
8.990825712680816650e-02,5.218520891503430903e-05,4.113337993621826172e+00,4.113337993621826172e+00,4.482328053871240581e-05,4.114063570499937761e+00,4.114063570744114884e+00
9.020016342401504517e-02,-6.900105625391006470e-02,4.115305423736572266e+00,4.115883827209472656e+00,-6.901145167795677549e-02,4.115809925507708300e+00,4.116388456325577039e+00
9.049207717180252075e-02,-1.696120351552963257e-01,4.112390995025634766e+00,4.115887165069580078e+00,-1.696371425600421423e-01,4.112892097659598178e+00,4.116388971796362206e+00
9.078398346900939941e-02,-2.701199948787689209e-01,4.107029438018798828e+00,4.115902900695800781e+00,-2.701456931225681424e-01,4.107514736516383103e+00,4.116388709319362071e+00
9.107589721679687500e-02,-3.704672157764434814e-01,4.099183559417724609e+00,4.115890026092529297e+00,-3.705083456692181976e-01,4.099680145321162428e+00,4.116388432613118376e+00
9.136780351400375366e-02,-4.705904126167297363e-01,4.088892936706542969e+00,4.115884304046630859e+00,-4.706494544938791824e-01,4.089394133711208745e+00,4.116388622305604983e+00
9.165971726179122925e-02,-5.704360604286193848e-01,4.076168537139892578e+00,4.115890026092529297e+00,-5.705090467617005556e-01,4.076662296043785716e+00,4.116388714446429731e+00
9.195162355899810791e-02,-6.699373126029968262e-01,4.061016082763671875e+00,4.115903854370117188e+00,-6.700119754354647572e-01,4.061494728628691320e+00,4.116388645148266079e+00
9.224353730678558350e-02,-7.690379023551940918e-01,4.043403625488281250e+00,4.115888118743896484e+00,-7.691297410185496952e-01,4.043896116452529554e+00,4.116388752192765565e+00
9.253544360399246216e-02,-8.676778674125671387e-01,4.023386001586914062e+00,4.115884304046630859e+00,-8.677874909744731635e-01,4.023878460011956371e+00,4.116388343006519790e+00
9.282735735177993774e-02,-9.658041000366210938e-01,4.000973701477050781e+00,4.115892410278320312e+00,-9.659109748713340382e-01,4.001458522113399141e+00,4.116388503964468981e+00
9.311926364898681641e-02,-1.063350677490234375e+00,3.976168632507324219e+00,4.115900039672851562e+00,-1.063472126938421303e+00,3.976642174430918608e+00,4.116388702277470557e+00
9.341117739677429199e-02,-1.160257935523986816e+00,3.948964357376098633e+00,4.115885734558105469e+00,-1.160397425298985263e+00,3.949447123879662680e+00,4.116388559035923933e+00
9.370308369398117065e-02,-1.256471991539001465e+00,3.919411420822143555e+00,4.115884780883789062e+00,-1.256628485259577488e+00,3.919890392394880241e+00,4.116388688930562090e+00
9.399499744176864624e-02,-1.351941227912902832e+00,3.887525081634521484e+00,4.115895748138427734e+00,-1.352093218466299041e+00,3.887994199252254646e+00,4.116388582828609977e+00
9.428690373897552490e-02,-1.446595907211303711e+00,3.853305339813232422e+00,4.115896224975585938e+00,-1.446764446254926950e+00,3.853768220404842904e+00,4.116388812970615874e+00
9.457881748676300049e-02,-1.540383338928222656e+00,3.816769123077392578e+00,4.115884780883789062e+00,-1.540570113029336774e+00,3.817237059968462631e+00,4.116388592584026007e+00
9.487072378396987915e-02,-1.633251547813415527e+00,3.777963161468505859e+00,4.115885734558105469e+00,-1.633440245995737561e+00,3.778429348443055336e+00,4.116388633063504443e+00
9.516263753175735474e-02,-1.725150585174560547e+00,3.736907958984375000e+00,4.115899085998535156e+00,-1.725347921352807345e+00,3.737355950925965953e+00,4.116388581467763430e+00
9.545454382896423340e-02,-1.816007971763610840e+00,3.693601131439208984e+00,4.115892887115478516e+00,-1.816223669481002334e+00,3.694047399237686768e+00,4.116388539168497118e+00
9.574645757675170898e-02,-1.905780553817749023e+00,3.648082256317138672e+00,4.115884304046630859e+00,-1.906013224773647652e+00,3.648529722836706402e+00,4.116388654079560894e+00
9.603836387395858765e-02,-1.994416713714599609e+00,3.600393533706665039e+00,4.115887641906738281e+00,-1.994649319655539044e+00,3.600837478289749871e+00,4.116388763644462934e+00
9.633027762174606323e-02,-2.081868410110473633e+00,3.550561189651489258e+00,4.115903377532958984e+00,-2.082106262054752577e+00,3.550984376123436981e+00,4.116388772450966016e+00
9.662218391895294189e-02,-2.168058633804321289e+00,3.498581647872924805e+00,4.115890026092529297e+00,-2.168318012849705489e+00,3.499007579849752858e+00,4.116388835945229197e+00
9.691409766674041748e-02,-2.252957820892333984e+00,3.444514751434326172e+00,4.115883827209472656e+00,-2.253232518305393839e+00,3.444937859125458246e+00,4.116388421272312748e+00
9.720600396394729614e-02,-2.336513996124267578e+00,3.388399839401245117e+00,4.115890026092529297e+00,-2.336786905107961054e+00,3.388817104557702020e+00,4.116388515194707942e+00
9.749791771173477173e-02,-2.418679714202880859e+00,3.330262899398803711e+00,4.115903377532958984e+00,-2.418957057537791222e+00,3.330660913252656563e+00,4.116388631468232973e+00
9.778982400894165039e-02,-2.499377727508544922e+00,3.270113468170166016e+00,4.115887641906738281e+00,-2.499680360419705760e+00,3.270512603445773436e+00,4.116388537731300978e+00
9.808173775672912598e-02,-2.578592300415039062e+00,3.208015680313110352e+00,4.115884304046630859e+00,-2.578908654381578902e+00,3.208408615997698554e+00,4.116388671499870533e+00
9.837364405393600464e-02,-2.656270265579223633e+00,3.144010543823242188e+00,4.115892887115478516e+00,-2.656582473677071121e+00,3.144395803818976098e+00,4.116388636963542957e+00
9.866555780172348022e-02,-2.732360839843750000e+00,3.078121423721313477e+00,4.115899562835693359e+00,-2.732679888252018241e+00,3.078492596341944942e+00,4.116388713106335473e+00
9.895746409893035889e-02,-2.806802034378051758e+00,3.010378837585449219e+00,4.115886211395263672e+00,-2.807142892746159468e+00,3.010747973178607761e+00,4.116388535876366106e+00
9.924937784671783447e-02,-2.879574537277221680e+00,2.940843343734741211e+00,4.115884780883789062e+00,-2.879915912500254027e+00,2.941214219959381371e+00,4.116388799756825811e+00
9.954128414392471313e-02,-2.950632095336914062e+00,2.869559288024902344e+00,4.115896224975585938e+00,-2.950977977947748077e+00,2.869910229981520011e+00,4.116388678743197360e+00
9.983319789171218872e-02,-3.019918680191040039e+00,2.796549320220947266e+00,4.115895271301269531e+00,-3.020275206747938146e+00,2.796889935333092492e+00,4.116388664213311621e+00
1.001251041889190674e-01,-3.087389230728149414e+00,2.721862554550170898e+00,4.115884780883789062e+00,-3.087765741662152674e+00,2.722197084708945169e+00,4.116388495195795194e+00
1.004170104861259460e-01,-3.153022766113281250e+00,2.645556211471557617e+00,4.115886211395263672e+00,-3.153399790611472131e+00,2.645888177833077837e+00,4.116388525033238821e+00
1.007089242339134216e-01,-3.216782093048095703e+00,2.567673444747924805e+00,4.115900039672851562e+00,-3.217158572970571395e+00,2.567985178812921543e+00,4.116388849737215416e+00
1.010008305311203003e-01,-3.278599739074707031e+00,2.488243341445922852e+00,4.115892410278320312e+00,-3.278992793283221907e+00,2.488546011725001783e+00,4.116388585990846671e+00
1.012927442789077759e-01,-3.338457584381103516e+00,2.407322883605957031e+00,4.115884304046630859e+00,-3.338866138407059037e+00,2.407618642633525763e+00,4.116388540766987347e+00
1.015846505761146545e-01,-3.396327257156372070e+00,2.324972152709960938e+00,4.115888118743896484e+00,-3.396733654734761298e+00,2.325264513911224906e+00,4.116388536188313907e+00
1.018765643239021301e-01,-3.452177762985229492e+00,2.241235256195068359e+00,4.115904331207275391e+00,-3.452579201344039284e+00,2.241506746052046140e+00,4.116388664126636954e+00
1.021684706211090088e-01,-3.505936622619628906e+00,2.156143903732299805e+00,4.115890026092529297e+00,-3.506359520221886683e+00,2.156408666370387195e+00,4.116388638290604085e+00
1.024603843688964844e-01,-3.557607650756835938e+00,2.069765567779541016e+00,4.115884304046630859e+00,-3.558034943718608289e+00,2.070034506980035882e+00,4.116388650359773749e+00
1.027522906661033630e-01,-3.607160091400146484e+00,1.982157826423645020e+00,4.115890026092529297e+00,-3.607590778194884162e+00,1.982408561140341474e+00,4.116388578134879239e+00
1.030442044138908386e-01,-3.654562473297119141e+00,1.893365383148193359e+00,4.115903377532958984e+00,-3.654989056509001522e+00,1.893597303632778006e+00,4.116388678383746225e+00
1.033361107110977173e-01,-3.699752569198608398e+00,1.803430318832397461e+00,4.115887641906738281e+00,-3.700201401006591340e+00,1.803653362101163671e+00,4.116388691393218835e+00
1.036280244588851929e-01,-3.742741823196411133e+00,1.712421417236328125e+00,4.115884304046630859e+00,-3.743194165102293969e+00,1.712645179477091384e+00,4.116388716878178755e+00
1.039199307560920715e-01,-3.783503770828247070e+00,1.620394110679626465e+00,4.115893363952636719e+00,-3.783955061289478117e+00,1.620598566408222974e+00,4.116388662323158698e+00
1.042118445038795471e-01,-3.822000980377197266e+00,1.527393698692321777e+00,4.115898609161376953e+00,-3.822452837650250679e+00,1.527582648520416697e+00,4.116388519578916494e+00
1.045037508010864258e-01,-3.858194351196289062e+00,1.433475613594055176e+00,4.115885734558105469e+00,-3.858664644247661535e+00,1.433653078406782688e+00,4.116388463931966335e+00
1.047956645488739014e-01,-3.892092943191528320e+00,1.338702321052551270e+00,4.115885257720947266e+00,-3.892563789842072186e+00,1.338881065809528037e+00,4.116388631600876202e+00
1.050875708460807800e-01,-3.923674345016479492e+00,1.243134737014770508e+00,4.115896701812744141e+00,-3.924140149661861976e+00,1.243293584314383748e+00,4.116388568998987196e+00
1.053794845938682556e-01,-3.952898263931274414e+00,1.146817088127136230e+00,4.115895271301269531e+00,-3.953369663980983884e+00,1.146962403840037448e+00,4.116388521010575730e+00
1.056713908910751343e-01,-3.979748249053955078e+00,1.049814820289611816e+00,4.115884780883789062e+00,-3.980230916052204915e+00,1.049960689175704953e+00,4.116388659239078152e+00
1.059633046388626099e-01,-4.004230976104736328e+00,9.521852731704711914e-01,4.115886211395263672e+00,-4.004715932373692056e+00,9.523157421511398990e-01,4.116388583668524781e+00
1.062552109360694885e-01,-4.026330471038818359e+00,8.539912700653076172e-01,4.115900516510009766e+00,-4.026806166195817660e+00,8.541012844562616557e-01,4.116388818396835347e+00
1.065471246838569641e-01,-4.046000480651855469e+00,7.552787661552429199e-01,4.115891456604003906e+00,-4.046487873378199929e+00,7.553760041178128049e-01,4.116388832094681760e+00
1.068390309810638428e-01,-4.063251495361328125e+00,6.561173796653747559e-01,4.115884304046630859e+00,-4.063746812986565260e+00,6.562145177977709576e-01,4.116388666468099977e+00
1.071309447288513184e-01,-4.078084468841552734e+00,5.565631985664367676e-01,4.115888118743896484e+00,-4.078578126552252492e+00,5.566451579188430587e-01,4.116388388651509800e+00
1.074228510260581970e-01,-4.090491294860839844e+00,4.566798508167266846e-01,4.115905284881591797e+00,-4.090970916011901437e+00,4.567427933871373580e-01,4.116388831848412977e+00
1.077147647738456726e-01,-4.100419521331787109e+00,3.565172255039215088e-01,4.115889549255371094e+00,-4.100916462587244737e+00,3.565672954791399007e-01,4.116388716985361462e+00
1.080066710710525513e-01,-4.107906341552734375e+00,2.561453878879547119e-01,4.115884780883789062e+00,-4.108408171163966394e+00,2.561942193995058736e-01,4.116388365902878377e+00
1.082985848188400269e-01,-4.112947940826416016e+00,1.556185632944107056e-01,4.115890502929687500e+00,-4.113444527986945154e+00,1.556522839623310783e-01,4.116388407126862603e+00
1.085904911160469055e-01,-4.115534782409667969e+00,5.500099807977676392e-02,4.115902423858642578e+00,-4.116020849396853976e+00,5.501727900794023407e-02,4.116388530454703876e+00
1.088824048638343811e-01,-4.115633964538574219e+00,-4.565169662237167358e-02,4.115887165069580078e+00,-4.116135576177459399e+00,-4.565065541870499954e-02,4.116388716316025764e+00
1.091743111610412598e-01,-4.113284111022949219e+00,-1.462741941213607788e-01,4.115883827209472656e+00,-4.113788797241602957e+00,-1.462755844561623442e-01,4.116388564618080892e+00
1.094662249088287354e-01,-4.108487129211425781e+00,-2.468119561672210693e-01,4.115893840789794922e+00,-4.108981861742781128e+00,-2.468287484839432888e-01,4.116388753654023347e+00
1.097581312060356140e-01,-4.101228237152099609e+00,-3.472007215023040771e-01,4.115898609161376953e+00,-4.101717243382786648e+00,-3.472342491246935836e-01,4.116388704730018055e+00
1.100500449538230896e-01,-4.091498851776123047e+00,-4.473828077316284180e-01,4.115885734558105469e+00,-4.092001228152709835e+00,-4.474164919396075857e-01,4.116388656147865532e+00
1.103419512510299683e-01,-4.079335689544677734e+00,-5.472957491874694824e-01,4.115885257720947266e+00,-4.079836595009670219e+00,-5.473468170785854570e-01,4.116388608980711794e+00
1.106338649988174438e-01,-4.064744472503662109e+00,-6.468858718872070312e-01,4.115897178649902344e+00,-4.065232013044633774e+00,-6.469497895552288602e-01,4.116388629622873552e+00
1.109257712960243225e-01,-4.047708511352539062e+00,-7.460845708847045898e-01,4.115894317626953125e+00,-4.048196410886861329e+00,-7.461658103110915263e-01,4.116388902617739376e+00
1.112176850438117981e-01,-4.028244495391845703e+00,-8.448379635810852051e-01,4.115884780883789062e+00,-4.028742262725257817e+00,-8.449202718452600847e-01,4.116388524573901364e+00
1.115095913410186768e-01,-4.006384372711181641e+00,-9.430841803550720215e-01,4.115886688232421875e+00,-4.006876636748674336e+00,-9.431848266608943154e-01,4.116388951419157394e+00
1.118014976382255554e-01,-3.982140064239501953e+00,-1.040770649909973145e+00,4.115901470184326172e+00,-3.982613910104457755e+00,-1.040885251189321403e+00,4.116388667643153809e+00
1.120934113860130310e-01,-3.955490350723266602e+00,-1.137832045555114746e+00,4.115891933441162109e+00,-3.955973935244934570e+00,-1.137948112656791633e+00,4.116388670113215298e+00
1.123853176832199097e-01,-3.926477670669555664e+00,-1.234210491180419922e+00,4.115884304046630859e+00,-3.926964012291412232e+00,-1.234345543810270396e+00,4.116388620545458288e+00
1.126772314310073853e-01,-3.895127773284912109e+00,-1.329856991767883301e+00,4.115888595581054688e+00,-3.895605415591909981e+00,-1.330004787361710017e+00,4.116388500663425987e+00
1.129691377282142639e-01,-3.861460685729980469e+00,-1.424710273742675781e+00,4.115905284881591797e+00,-3.861917297877853983e+00,-1.424868620898725347e+00,4.116388684571711032e+00
1.132610514760017395e-01,-3.825452327728271484e+00,-1.518702387809753418e+00,4.115888595581054688e+00,-3.825924968889772071e+00,-1.518865714104565390e+00,4.116388577996078268e+00
1.135529577732086182e-01,-3.787168025970458984e+00,-1.611787557601928711e+00,4.115884304046630859e+00,-3.787639293725009182e+00,-1.611969143177908403e+00,4.116388701025136321e+00
1.138448715209960938e-01,-3.746628999710083008e+00,-1.703916192054748535e+00,4.115890979766845703e+00,-3.747088193983019622e+00,-1.704108448529603415e+00,4.116388652427866113e+00
1.141367778182029724e-01,-3.703853607177734375e+00,-1.795025110244750977e+00,4.115901947021484375e+00,-3.704296279683432669e+00,-1.795228510204263106e+00,4.116388748833951006e+00
1.144286915659904480e-01,-3.658839702606201172e+00,-1.885051369667053223e+00,4.115887165069580078e+00,-3.659295974139960883e+00,-1.885261077208631342e+00,4.116388751757392050e+00
1.147205978631973267e-01,-3.611649751663208008e+00,-1.973953008651733398e+00,4.115884304046630859e+00,-3.612100275702961216e+00,-1.974180209159438482e+00,4.116388696414638559e+00
1.150125116109848022e-01,-3.562309503555297852e+00,-2.061682701110839844e+00,4.115893840789794922e+00,-3.562744217907185540e+00,-2.061918645033034903e+00,4.116388570211266362e+00
1.153044179081916809e-01,-3.510834693908691406e+00,-2.148174762725830078e+00,4.115898132324218750e+00,-3.511265676440883166e+00,-2.148410594019183772e+00,4.116388554430414182e+00
1.155963316559791565e-01,-3.457245349884033203e+00,-2.233376026153564453e+00,4.115885734558105469e+00,-3.457679544423408302e+00,-2.233631095876888573e+00,4.116388672658628067e+00
1.158882379531860352e-01,-3.401600122451782227e+00,-2.317245721817016602e+00,4.115885257720947266e+00,-3.402025105516648384e+00,-2.317516048838672127e+00,4.116388642389148700e+00
1.161801517009735107e-01,-3.343929529190063477e+00,-2.399739265441894531e+00,4.115898132324218750e+00,-3.344336213290651116e+00,-2.400014634174707506e+00,4.116388581242058642e+00
1.164720579981803894e-01,-3.284247875213623047e+00,-2.480786800384521484e+00,4.115894317626953125e+00,-3.284656649845785648e+00,-2.481065197197424688e+00,4.116388443784240181e+00
1.167639717459678650e-01,-3.222595214843750000e+00,-2.560348510742187500e+00,4.115884304046630859e+00,-3.223003423537641243e+00,-2.560645072745954653e+00,4.116388496815320153e+00
1.170558780431747437e-01,-3.159027099609375000e+00,-2.638384580612182617e+00,4.115886688232421875e+00,-3.159422926687625477e+00,-2.638693596102334560e+00,4.116388845066858870e+00
1.173477917909622192e-01,-3.093578815460205078e+00,-2.714851140975952148e+00,4.115901470184326172e+00,-3.093952544265102578e+00,-2.715163336449589515e+00,4.116388500829891939e+00
1.176396980881690979e-01,-3.026261568069458008e+00,-2.789677619934082031e+00,4.115890979766845703e+00,-3.026642418820145952e+00,-2.789998451162467585e+00,4.116388670775688041e+00
1.179316118359565735e-01,-2.957135677337646484e+00,-2.862839460372924805e+00,4.115883827209472656e+00,-2.957511943548479572e+00,-2.863176307837874912e+00,4.116388643701664130e+00
1.182235181331634521e-01,-2.886251688003540039e+00,-2.934295892715454102e+00,4.115888595581054688e+00,-2.886612682076924230e+00,-2.934641798957265735e+00,4.116388619228567691e+00
1.185154318809509277e-01,-2.813647747039794922e+00,-3.004008293151855469e+00,4.115905761718750000e+00,-2.813986958747801914e+00,-3.004352570659276633e+00,4.116388826730257300e+00
1.188073381781578064e-01,-2.739340066909790039e+00,-3.071897745132446289e+00,4.115888595581054688e+00,-2.739689888241914950e+00,-3.072255472434132884e+00,4.116388510774521059e+00
1.190992519259452820e-01,-2.663400888442993164e+00,-3.137960433959960938e+00,4.115883827209472656e+00,-2.663742954422890996e+00,-3.138331955588968381e+00,4.116388464504834310e+00
1.193911582231521606e-01,-2.585878610610961914e+00,-3.202154636383056641e+00,4.115891456604003906e+00,-2.586203143810089422e+00,-3.202531519144375949e+00,4.116388566713105490e+00
1.196830719709396362e-01,-2.506809473037719727e+00,-3.264436960220336914e+00,4.115901470184326172e+00,-2.507116302317814682e+00,-3.264815912603886261e+00,4.116388598825347245e+00
1.199749782681465149e-01,-2.426228523254394531e+00,-3.324746370315551758e+00,4.115886688232421875e+00,-2.426542706104952707e+00,-3.325138258109181066e+00,4.116388458356731839e+00
1.202668920159339905e-01,-2.344202518463134766e+00,-3.383078336715698242e+00,4.115884304046630859e+00,-2.344505723976795242e+00,-3.383481702561708548e+00,4.116388650422823758e+00
1.205587983131408691e-01,-2.260783433914184570e+00,-3.439396381378173828e+00,4.115894794464111328e+00,-2.261066318062270764e+00,-3.439801524286606238e+00,4.116388638255641830e+00
1.208507120609283447e-01,-2.176005601882934570e+00,-3.493652820587158203e+00,4.115897178649902344e+00,-2.176287796021110665e+00,-3.494055896174946163e+00,4.116388608562768781e+00
1.211426183581352234e-01,-2.089920997619628906e+00,-3.545806169509887695e+00,4.115885257720947266e+00,-2.090194944459578874e+00,-3.546228938718896995e+00,4.116388537498827382e+00
1.214345321059226990e-01,-2.002590656280517578e+00,-3.595851182937622070e+00,4.115885734558105469e+00,-2.002851992215686217e+00,-3.596281222752776952e+00,4.116388555013551276e+00
1.217264384031295776e-01,-1.914070606231689453e+00,-3.643754720687866211e+00,4.115897655487060547e+00,-1.914324927275547594e+00,-3.644175490035359566e+00,4.116388578519159402e+00
1.220183521509170532e-01,-1.824395656585693359e+00,-3.689466476440429688e+00,4.115893840789794922e+00,-1.824639344733253621e+00,-3.689897780396140359e+00,4.116388510347506191e+00
1.223102584481239319e-01,-1.733630061149597168e+00,-3.732965469360351562e+00,4.115884304046630859e+00,-1.733862388961432854e+00,-3.733413475296928130e+00,4.116388582408581520e+00
1.226021721959114075e-01,-1.641830682754516602e+00,-3.774244308471679688e+00,4.115887165069580078e+00,-1.642048569269791480e+00,-3.774696131161684232e+00,4.116388512573607272e+00
1.228940784931182861e-01,-1.549056291580200195e+00,-3.813276290893554688e+00,4.115901947021484375e+00,-1.549267236665090808e+00,-3.813715453284346246e+00,4.116388529915964156e+00
1.231859847903251648e-01,-1.455347895622253418e+00,-3.850002527236938477e+00,4.115890979766845703e+00,-1.455545020110152521e+00,-3.850460358043572118e+00,4.116388741898959758e+00
1.234778985381126404e-01,-1.360766410827636719e+00,-3.884432315826416016e+00,4.115883827209472656e+00,-1.360952201617349644e+00,-3.884902233224505341e+00,4.116388739757198323e+00
1.237698048353195190e-01,-1.265377640724182129e+00,-3.916549921035766602e+00,4.115889072418212891e+00,-1.265545354958070634e+00,-3.917020626833441543e+00,4.116388664411391396e+00
1.240617185831069946e-01,-1.169232368469238281e+00,-3.946336030960083008e+00,4.115905284881591797e+00,-1.169396720467475559e+00,-3.946791962663916742e+00,4.116388646178660515e+00
1.243536248803138733e-01,-1.072381258010864258e+00,-3.973730564117431641e+00,4.115888118743896484e+00,-1.072533848286663982e+00,-3.974207555037834183e+00,4.116388531982908106e+00
1.246455386281013489e-01,-9.748899936676025391e-01,-3.998761177062988281e+00,4.115884304046630859e+00,-9.750295389272763957e-01,-3.999246459262321363e+00,4.116388568114403235e+00
1.249374449253082275e-01,-8.768210411071777344e-01,-4.021411418914794922e+00,4.115891933441162109e+00,-8.769573948372250127e-01,-4.021890126949863919e+00,4.116388522189868837e+00
1.252293586730957031e-01,-7.782275080680847168e-01,-4.041657924652099609e+00,4.115900516510009766e+00,-7.783455328856458966e-01,-4.042132026967929725e+00,4.116388355342933458e+00
1.255212724208831787e-01,-6.791593432426452637e-01,-4.059465885162353516e+00,4.115886211395263672e+00,-6.792681654906027600e-01,-4.059956958713581088e+00,4.116388677865076673e+00
1.258131712675094604e-01,-5.796976089477539062e-01,-4.074856281280517578e+00,4.115884304046630859e+00,-5.797844877858714385e-01,-4.075353331773056809e+00,4.116388566580040376e+00
1.261050850152969360e-01,-4.798805415630340576e-01,-4.087823867797851562e+00,4.115894794464111328e+00,-4.799697794730289901e-01,-4.088310730783629943e+00,4.116388662486569316e+00
1.263969987630844116e-01,-3.797802627086639404e-01,-4.098338127136230469e+00,4.115897178649902344e+00,-3.798523300611705289e-01,-4.098825250803225906e+00,4.116388736413876259e+00
1.266889125108718872e-01,-2.794468104839324951e-01,-4.106387615203857422e+00,4.115885257720947266e+00,-2.795077805821749029e-01,-4.106888389664364425e+00,4.116388811150609506e+00
1.269808113574981689e-01,-1.789575666189193726e-01,-4.111993312835693359e+00,4.115885734558105469e+00,-1.789960393315922493e-01,-4.112495245561412105e+00,4.116388796853573950e+00
1.272727251052856445e-01,-7.835591584444046021e-02,-4.115152359008789062e+00,4.115898132324218750e+00,-7.839296502551704182e-02,-4.115642089897146860e+00,4.116388619785363190e+00
1.275646388530731201e-01,2.229736559092998505e-02,-4.115832805633544922e+00,4.115893363952636719e+00,2.227268073037462146e-02,-4.116328363620257669e+00,4.116388619828252438e+00
1.278565526008605957e-01,1.229322254657745361e-01,-4.114048004150390625e+00,4.115884304046630859e+00,1.229250086304476686e-01,-4.114552723843789117e+00,4.116388547627294336e+00
1.281484514474868774e-01,2.234937846660614014e-01,-4.109815120697021484e+00,4.115887165069580078e+00,2.234881528720762955e-01,-4.110317166764075658e+00,4.116388485780907658e+00
1.284403651952743530e-01,3.239228427410125732e-01,-4.103136539459228516e+00,4.115902900695800781e+00,3.239333333400520876e-01,-4.103623041816122807e+00,4.116388571766884219e+00
1.287322789430618286e-01,4.241612255573272705e-01,-4.093976020812988281e+00,4.115890026092529297e+00,4.241847356210880493e-01,-4.094474729780482214e+00,4.116388708898236715e+00
1.290241926908493042e-01,5.241408944129943848e-01,-4.082373619079589844e+00,4.115883350372314453e+00,5.241825144760364763e-01,-4.082877346203766855e+00,4.116388554622405493e+00
1.293160915374755859e-01,6.238086819648742676e-01,-4.068342685699462891e+00,4.115890026092529297e+00,6.238511884006059383e-01,-4.068840514931940433e+00,4.116388397760889717e+00
1.296080052852630615e-01,7.231053113937377930e-01,-4.051887035369873047e+00,4.115904331207275391e+00,7.231623705886259801e-01,-4.052368442345692046e+00,4.116388442160750394e+00
1.298999190330505371e-01,8.219676613807678223e-01,-4.032977104187011719e+00,4.115888118743896484e+00,8.220411488826110391e-01,-4.033473129760622555e+00,4.116388846909046606e+00
1.301918327808380127e-01,9.203382134437561035e-01,-4.011667728424072266e+00,4.115883827209472656e+00,9.204281525522919338e-01,-4.012164933843767045e+00,4.116388640589756953e+00
1.304837316274642944e-01,1.018155694007873535e+00,-3.987972974777221680e+00,4.115892410278320312e+00,1.018249555064346445e+00,-3.988461088636968022e+00,4.116388467086157021e+00
1.307756453752517700e-01,1.115372776985168457e+00,-3.961890459060668945e+00,4.115900039672851562e+00,1.115477307026951026e+00,-3.962368658234355578e+00,4.116388587858296866e+00
1.310675591230392456e-01,1.211912751197814941e+00,-3.933419227600097656e+00,4.115886211395263672e+00,1.212037780424459088e+00,-3.933906305125019820e+00,4.116388514059215353e+00
1.313594728708267212e-01,1.307736158370971680e+00,-3.902606010437011719e+00,4.115885257720947266e+00,1.307873488154251307e+00,-3.903091277444056928e+00,4.116388536214317106e+00
1.316513717174530029e-01,1.402771830558776855e+00,-3.869473934173583984e+00,4.115895748138427734e+00,1.402912126308856866e+00,-3.869947467131023888e+00,4.116388688219111636e+00
1.319432854652404785e-01,1.496975302696228027e+00,-3.834014654159545898e+00,4.115896224975585938e+00,1.497126748156511811e+00,-3.834484069895170766e+00,4.116388779297397882e+00
1.322351992130279541e-01,1.590273976325988770e+00,-3.796252965927124023e+00,4.115884780883789062e+00,1.590445913965790714e+00,-3.796727112566954165e+00,4.116388583765079545e+00
1.325271129608154297e-01,1.682630896568298340e+00,-3.756230831146240234e+00,4.115885734558105469e+00,1.682814007158614178e+00,-3.756699780813477219e+00,4.116388735998248727e+00
1.328190118074417114e-01,1.773977518081665039e+00,-3.713977813720703125e+00,4.115899085998535156e+00,1.774161313079869462e+00,-3.714432132762982786e+00,4.116388518316929535e+00
1.331109255552291870e-01,1.864259839057922363e+00,-3.669483661651611328e+00,4.115892887115478516e+00,1.864462007312515768e+00,-3.669936926643925457e+00,4.116388662681948141e+00
1.334028393030166626e-01,1.953430294990539551e+00,-3.622790813446044922e+00,4.115884304046630859e+00,1.953647603655061404e+00,-3.623246827529809977e+00,4.116388773241905774e+00
1.336947530508041382e-01,2.041433811187744141e+00,-3.573944568634033203e+00,4.115887641906738281e+00,2.041664694125321589e+00,-3.574389522801996399e+00,4.116388609443297320e+00
1.339866518974304199e-01,2.128222703933715820e+00,-3.522971630096435547e+00,4.115903377532958984e+00,2.128447365395274016e+00,-3.523402651302610877e+00,4.116388517920089640e+00
1.342785656452178955e-01,2.213724374771118164e+00,-3.469866991043090820e+00,4.115890026092529297e+00,2.213970773190152563e+00,-3.470300866029103926e+00,4.116388548874189368e+00
1.345704793930053711e-01,2.297909736633300781e+00,-3.414690494537353516e+00,4.115883827209472656e+00,2.298170222808223251e+00,-3.415123697316821083e+00,4.116388737835302791e+00
1.348623782396316528e-01,2.380718946456909180e+00,-3.357488393783569336e+00,4.115890026092529297e+00,2.380981883723797043e+00,-3.357912810392006620e+00,4.116388365158912599e+00
1.351542919874191284e-01,2.462118148803710938e+00,-3.298278331756591797e+00,4.115904331207275391e+00,2.462382855567768480e+00,-3.298685455370041542e+00,4.116388594492013553e+00
1.354462057352066040e-01,2.542022705078125000e+00,-3.237074851989746094e+00,4.115887641906738281e+00,2.542311477101013129e+00,-3.237484937383266814e+00,4.116388753067798945e+00
1.357381194829940796e-01,2.620416402816772461e+00,-3.173943996429443359e+00,4.115884304046630859e+00,2.620719353743169222e+00,-3.174347939052117429e+00,4.116388559070734310e+00
1.360300183296203613e-01,2.697247028350830078e+00,-3.108927726745605469e+00,4.115892887115478516e+00,2.697547999890171244e+00,-3.109323208056138821e+00,4.116388711463967454e+00
1.363219320774078369e-01,2.772465467453002930e+00,-3.042049169540405273e+00,4.115899562835693359e+00,2.772775478936300608e+00,-3.042428696859640347e+00,4.116388736752820243e+00
1.366138458251953125e-01,2.846016407012939453e+00,-2.973333120346069336e+00,4.115886688232421875e+00,2.846344517352223935e+00,-2.973714567667360864e+00,4.116388640716294844e+00
1.369057595729827881e-01,2.917869806289672852e+00,-2.902851343154907227e+00,4.115885257720947266e+00,2.918200255930742060e+00,-2.903233096282384018e+00,4.116388604719389832e+00
1.371976584196090698e-01,2.987986564636230469e+00,-2.830642223358154297e+00,4.115895748138427734e+00,2.988321979968200814e+00,-2.831004365146254198e+00,4.116388462164159989e+00
1.374895721673965454e-01,3.056308984756469727e+00,-2.756732463836669922e+00,4.115895748138427734e+00,3.056656529127493194e+00,-2.757082773487734784e+00,4.116388533280179729e+00
1.377814859151840210e-01,3.122798919677734375e+00,-2.681163311004638672e+00,4.115884780883789062e+00,3.123163003381780101e+00,-2.681512295382574962e+00,4.116388627909253195e+00
1.380733996629714966e-01,3.187427043914794922e+00,-2.604002475738525391e+00,4.115886211395263672e+00,3.187791855687709397e+00,-2.604349904247023950e+00,4.116388628268761174e+00
1.383652985095977783e-01,3.250158786773681641e+00,-2.525292158126831055e+00,4.115900039672851562e+00,3.250524550455524242e+00,-2.525618037880763556e+00,4.116388748209134363e+00
1.386572122573852539e-01,3.310930252075195312e+00,-2.445058822631835938e+00,4.115892410278320312e+00,3.311312762543938693e+00,-2.445375799677276252e+00,4.116388588682274197e+00
1.389491260051727295e-01,3.369720697402954102e+00,-2.363362789154052734e+00,4.115884304046630859e+00,3.370120894262628397e+00,-2.363671145873435187e+00,4.116388724085734196e+00
1.392410397529602051e-01,3.426509141921997070e+00,-2.280256509780883789e+00,4.115888118743896484e+00,3.426904472248076150e+00,-2.280565750774431688e+00,4.116388514890111594e+00
1.395329385995864868e-01,3.481253147125244141e+00,-2.195801258087158203e+00,4.115904331207275391e+00,3.481647845649130435e+00,-2.196083682258711089e+00,4.116388618752632844e+00
1.398248523473739624e-01,3.533895015716552734e+00,-2.110008239746093750e+00,4.115889549255371094e+00,3.534308948872851630e+00,-2.110288251261783099e+00,4.116388738870059072e+00
1.401167660951614380e-01,3.584428071975708008e+00,-2.022962331771850586e+00,4.115883827209472656e+00,3.584848362580890679e+00,-2.023244402073699710e+00,4.116388671301757896e+00
1.404086798429489136e-01,3.632830381393432617e+00,-1.934708356857299805e+00,4.115890502929687500e+00,3.633251878291399173e+00,-1.934977017612287797e+00,4.116388619870058108e+00
1.407005786895751953e-01,3.679061651229858398e+00,-1.845309019088745117e+00,4.115903377532958984e+00,3.679482718006954034e+00,-1.845552317796120834e+00,4.116388760774967182e+00
1.409924924373626709e-01,3.723071098327636719e+00,-1.754785537719726562e+00,4.115887641906738281e+00,3.723512517176296388e+00,-1.755023884205070495e+00,4.116388502036561370e+00
1.412844061851501465e-01,3.764864206314086914e+00,-1.663220167160034180e+00,4.115884304046630859e+00,3.765309538724063376e+00,-1.663460252806516992e+00,4.116388700678489165e+00
1.415763199329376221e-01,3.804416656494140625e+00,-1.570665597915649414e+00,4.115893363952636719e+00,3.804861019813485346e+00,-1.570887360041683056e+00,4.116388523698272017e+00
1.418682187795639038e-01,3.841690540313720703e+00,-1.477172017097473145e+00,4.115898609161376953e+00,3.842137150895970965e+00,-1.477375146575809373e+00,4.116388612608740338e+00
1.421601325273513794e-01,3.876650094985961914e+00,-1.382787704467773438e+00,4.115886211395263672e+00,3.877115322156474253e+00,-1.382979380968235583e+00,4.116388610114912971e+00
1.424520462751388550e-01,3.909304141998291016e+00,-1.287575840950012207e+00,4.115885257720947266e+00,3.909769797929298463e+00,-1.287771379100064895e+00,4.116388586811186023e+00
1.427439600229263306e-01,3.939630508422851562e+00,-1.191602349281311035e+00,4.115896701812744141e+00,3.940091412292542561e+00,-1.191778459179938521e+00,4.116388736864723619e+00
1.430358588695526123e-01,3.967588901519775391e+00,-1.094912528991699219e+00,4.115895271301269531e+00,3.968056347279951712e+00,-1.095072626334780530e+00,4.116388615295750952e+00
1.433277726173400879e-01,3.993165493011474609e+00,-9.975657463073730469e-01,4.115885257720947266e+00,3.993644381840137925e+00,-9.977272674589321433e-01,4.116388605177403015e+00
1.436196863651275635e-01,4.016366958618164062e+00,-8.996205329895019531e-01,4.115886211395263672e+00,4.016848022715071131e+00,-8.997699163146055668e-01,4.116388458332712830e+00
1.439116001129150391e-01,4.037177562713623047e+00,-8.011446595191955566e-01,4.115900039672851562e+00,4.037649680366958371e+00,-8.012745199726234446e-01,4.116388683995324094e+00
1.442034989595413208e-01,4.055552005767822266e+00,-7.021861076354980469e-01,4.115891933441162109e+00,4.056033439559763920e+00,-7.023153602993854605e-01,4.116388481197986948e+00
1.444954127073287964e-01,4.071501731872558594e+00,-6.028062105178833008e-01,4.115884304046630859e+00,4.071994919611800157e+00,-6.029208227870466175e-01,4.116388726043074264e+00
1.447873264551162720e-01,4.085029125213623047e+00,-5.030687451362609863e-01,4.115889072418212891e+00,4.085520834343792096e+00,-5.031655706154776198e-01,4.116388718198270347e+00
1.450792253017425537e-01,4.096124649047851562e+00,-4.030313193798065186e-01,4.115904331207275391e+00,4.096602942354972576e+00,-4.031094983201107262e-01,4.116388336266066261e+00
1.453711390495300293e-01,4.104739665985107422e+00,-3.027497529983520508e-01,4.115889549255371094e+00,4.105235862414845727e+00,-3.028123418850409698e-01,4.116388805792628780e+00
1.456630527973175049e-01,4.110910415649414062e+00,-2.022832930088043213e-01,4.115883827209472656e+00,4.111412046291987643e+00,-2.023497292390373514e-01,4.116388517537913572e+00
1.459549665451049805e-01,4.114634037017822266e+00,-1.017015725374221802e-01,4.115890502929687500e+00,4.115130935191008810e+00,-1.017504406193395494e-01,4.116388680133625577e+00
1.462468653917312622e-01,4.115902423858642578e+00,-1.058646943420171738e-03,4.115902423858642578e+00,4.116388323137189609e+00,-1.090311483095263287e-03,4.116388467533079520e+00
1.465387791395187378e-01,4.114682674407958984e+00,9.958481788635253906e-02,4.115887641906738281e+00,4.115184775269231210e+00,9.955478389134260475e-02,4.116388816621107338e+00
1.468306928873062134e-01,4.111013889312744141e+00,2.001707702875137329e-01,4.115884304046630859e+00,4.111519733201215665e+00,2.001560354562326172e-01,4.116388824568513627e+00
1.471226066350936890e-01,4.104898929595947266e+00,3.006384372711181641e-01,4.115893363952636719e+00,4.105395670353428450e+00,3.006375653289404815e-01,4.116388776080751377e+00
1.474145054817199707e-01,4.096325397491455078e+00,4.009183943271636963e-01,4.115898132324218750e+00,4.096817919702212762e+00,4.009236988939215429e-01,4.116388815397296064e+00
1.477064192295074463e-01,4.085284233093261719e+00,5.009669065475463867e-01,4.115885734558105469e+00,4.085788784260343753e+00,5.009856952232666361e-01,4.116388788295629375e+00
1.479983329772949219e-01,4.071812152862548828e+00,6.007118225097656250e-01,4.115884780883789062e+00,4.072315980411151060e+00,6.007480167959623474e-01,4.116388662893278649e+00
1.482902467250823975e-01,4.055917263031005859e+00,7.001046538352966309e-01,4.115897178649902344e+00,4.056407958587450402e+00,7.001511474335123664e-01,4.116388848948075996e+00
1.485821455717086792e-01,4.037583827972412109e+00,7.990666031837463379e-01,4.115895271301269531e+00,4.038076244365232270e+00,7.991200789953709638e-01,4.116388302378723552e+00
1.488740593194961548e-01,4.016826152801513672e+00,8.975589275360107422e-01,4.115884304046630859e+00,4.017327904295458829e+00,8.976265832267050770e-01,4.116388826817286350e+00
1.491659730672836304e-01,3.993680000305175781e+00,9.955118894577026367e-01,4.115886688232421875e+00,3.994175887078228460e+00,9.955962380411662593e-01,4.116388330335085222e+00
1.494578868150711060e-01,3.968155622482299805e+00,1.092877864837646484e+00,4.115900993347167969e+00,3.968635787020486472e+00,1.092970400606628090e+00,4.116388502877483369e+00
1.497497856616973877e-01,3.940238237380981445e+00,1.189574241638183594e+00,4.115891456604003906e+00,3.940726736208852277e+00,1.189675986048028822e+00,4.116388728151244791e+00
1.500416994094848633e-01,3.909964323043823242e+00,1.285566926002502441e+00,4.115883827209472656e+00,3.910456272429702285e+00,1.285685190009114409e+00,4.116388546577397278e+00
1.503336131572723389e-01,3.877363443374633789e+00,1.380794048309326172e+00,4.115888595581054688e+00,3.877847338600205696e+00,1.380925337753283966e+00,4.116388559154458449e+00
1.506255269050598145e-01,3.842456102371215820e+00,1.475197911262512207e+00,4.115905284881591797e+00,3.842919319384247689e+00,1.475339687111956621e+00,4.116388719213030178e+00
1.509174257516860962e-01,3.805220127105712891e+00,1.568707704544067383e+00,4.115889072418212891e+00,3.805698715304534741e+00,1.568857043389275452e+00,4.116388603407448166e+00
1.512093394994735718e-01,3.765718936920166016e+00,1.661283254623413086e+00,4.115883827209472656e+00,3.766196623390869913e+00,1.661450963027723438e+00,4.116388746047503489e+00
1.515012532472610474e-01,3.723974943161010742e+00,1.752874732017517090e+00,4.115890979766845703e+00,3.724441677418970809e+00,1.753051234749495757e+00,4.116388519096826570e+00
1.517931669950485229e-01,3.680009126663208008e+00,1.843415498733520508e+00,4.115901947021484375e+00,3.680459916674658327e+00,1.843602877495877257e+00,4.116388801869900860e+00
1.520850658416748047e-01,3.633819818496704102e+00,1.932842254638671875e+00,4.115886688232421875e+00,3.634283756282202127e+00,1.933038236483645367e+00,4.116388616844195880e+00
1.523769795894622803e-01,3.585468530654907227e+00,2.021118640899658203e+00,4.115884304046630859e+00,3.585927387012026291e+00,2.021331387708418248e+00,4.116388684740319270e+00
1.526688933372497559e-01,3.534983396530151367e+00,2.108192920684814453e+00,4.115893840789794922e+00,3.535426074331341262e+00,2.108415550390350557e+00,4.116388424358149223e+00
1.529608070850372314e-01,3.482377052307128906e+00,2.194006919860839844e+00,4.115898132324218750e+00,3.482810821467254403e+00,2.194239031796238582e+00,4.116388726394472286e+00
1.532527059316635132e-01,3.427679538726806641e+00,2.278491973876953125e+00,4.115885257720947266e+00,3.428120923546874810e+00,2.278736895464556600e+00,4.116388575585561149e+00
1.535446196794509888e-01,3.370937108993530273e+00,2.361629724502563477e+00,4.115885257720947266e+00,3.371372448092847307e+00,2.361885509195271293e+00,4.116388628677589701e+00
1.538365334272384644e-01,3.312191486358642578e+00,2.443358182907104492e+00,4.115897178649902344e+00,3.312607772507680348e+00,2.443621290774038890e+00,4.116388619555067407e+00
1.541284471750259399e-01,3.251449584960937500e+00,2.523620843887329102e+00,4.115894794464111328e+00,3.251861910023714053e+00,2.523895822690056523e+00,4.116388709251762812e+00
1.544203460216522217e-01,3.188764572143554688e+00,2.602361440658569336e+00,4.115884304046630859e+00,3.189181014478342124e+00,2.602648436949583477e+00,4.116388517798728941e+00
1.547122597694396973e-01,3.124176025390625000e+00,2.679561853408813477e+00,4.115887165069580078e+00,3.124583276819888678e+00,2.679857200222677704e+00,4.116388619575153562e+00
1.550041735172271729e-01,3.057731151580810547e+00,2.755163669586181641e+00,4.115901947021484375e+00,3.058116739103190262e+00,2.755462901625902017e+00,4.116388440395265746e+00
1.552960872650146484e-01,2.989435911178588867e+00,2.829104661941528320e+00,4.115890979766845703e+00,2.989832020846346250e+00,2.829409705085558446e+00,4.116388561847689864e+00
1.555879861116409302e-01,2.919361829757690430e+00,2.901349306106567383e+00,4.115883827209472656e+00,2.919748743901762200e+00,2.901675696926371728e+00,4.116388535797982584e+00
1.558798998594284058e-01,2.847546577453613281e+00,2.971871614456176758e+00,4.115889072418212891e+00,2.847919419280758646e+00,2.972206259700932218e+00,4.116388595470775513e+00
1.561718136072158813e-01,2.774034261703491211e+00,3.040627479553222656e+00,4.115905761718750000e+00,2.774398201176528467e+00,3.040948706764382781e+00,4.116388516146590959e+00
1.564637124538421631e-01,2.698847055435180664e+00,3.107533454895019531e+00,4.115888595581054688e+00,2.699206586555810805e+00,3.107883535487801829e+00,4.116388741003748741e+00
1.567556262016296387e-01,2.622046470642089844e+00,3.172597169876098633e+00,4.115883827209472656e+00,2.622400382621007164e+00,3.172959274576842237e+00,4.116388505096913342e+00
1.570475399494171143e-01,2.543689727783203125e+00,3.235769510269165039e+00,4.115891456604003906e+00,2.544026154014239260e+00,3.236137444878353087e+00,4.116388542697625219e+00
1.573394536972045898e-01,2.463808774948120117e+00,3.297012329101562500e+00,4.115901470184326172e+00,2.464129975306494913e+00,3.297380514623681425e+00,4.116388562007227137e+00
1.576313525438308716e-01,2.382448196411132812e+00,3.356257677078247070e+00,4.115886688232421875e+00,2.382773305249392681e+00,3.356642337785438190e+00,4.116388758125598457e+00
1.579232662916183472e-01,2.299661874771118164e+00,3.413511514663696289e+00,4.115884780883789062e+00,2.299978800471963680e+00,3.413905812953725416e+00,4.116388633540289277e+00
1.582151800394058228e-01,2.215511322021484375e+00,3.468731164932250977e+00,4.115894317626953125e+00,2.215808834352550161e+00,3.469127669012425752e+00,4.116388656857171924e+00
1.585070937871932983e-01,2.130031585693359375e+00,3.521871328353881836e+00,4.115897655487060547e+00,2.130327184967355958e+00,3.522266562372194709e+00,4.116388666223850912e+00
1.587989926338195801e-01,2.043270587921142578e+00,3.572891950607299805e+00,4.115885257720947266e+00,2.043558152127286753e+00,3.573307322425685939e+00,4.116388604301945087e+00
1.590909063816070557e-01,1.955294251441955566e+00,3.621786832809448242e+00,4.115885734558105469e+00,1.955566670295060705e+00,3.622211245286591108e+00,4.116388624443707123e+00
1.593828201293945312e-01,1.866149544715881348e+00,3.668528556823730469e+00,4.115897655487060547e+00,1.866419790807519741e+00,3.668941802906722227e+00,4.116388804356850173e+00
1.596747338771820068e-01,1.775885462760925293e+00,3.713059902191162109e+00,4.115894317626953125e+00,1.776142989516748427e+00,3.713485033477687214e+00,4.116388588686966443e+00
1.599666327238082886e-01,1.684557557106018066e+00,3.755365371704101562e+00,4.115884304046630859e+00,1.684803748866730677e+00,3.755807754279041788e+00,4.116388655034649346e+00
1.602585464715957642e-01,1.592227458953857422e+00,3.795436382293701172e+00,4.115886688232421875e+00,1.592456926065860090e+00,3.795884242100453942e+00,4.116388737813966969e+00
1.605504602193832397e-01,1.498944640159606934e+00,3.833251237869262695e+00,4.115901947021484375e+00,1.499172465055154113e+00,3.833684448909318476e+00,4.116388530470452167e+00
1.608423739671707153e-01,1.404760599136352539e+00,3.868747234344482422e+00,4.115890979766845703e+00,1.404976862452318009e+00,3.869198243382458990e+00,4.116388590818445437e+00
1.611342728137969971e-01,1.309740781784057617e+00,3.901932716369628906e+00,4.115883827209472656e+00,1.309940980100869901e+00,3.902398213914529901e+00,4.116388853268230896e+00
1.614261865615844727e-01,1.213936805725097656e+00,3.932797908782958984e+00,4.115889072418212891e+00,1.214121630256212780e+00,3.933263911787605149e+00,4.116388748991855806e+00
1.617181003093719482e-01,1.117412090301513672e+00,3.961321353912353516e+00,4.115905284881591797e+00,1.117591272082854248e+00,3.961773194975079182e+00,4.116388842159936168e+00
1.620100140571594238e-01,1.020205140113830566e+00,3.987445354461669922e+00,4.115888595581054688e+00,1.020377455721894533e+00,3.987917377798854357e+00,4.116388607055410098e+00
1.623019129037857056e-01,9.224016070365905762e-01,4.011193752288818359e+00,4.115883827209472656e+00,9.225534986193389964e-01,4.011676953840638937e+00,4.116388822717175877e+00
1.625938266515731812e-01,8.240392804145812988e-01,4.032557964324951172e+00,4.115891456604003906e+00,8.241931191893289155e-01,4.033033614834821812e+00,4.116388518605436531e+00
1.628857403993606567e-01,7.251888513565063477e-01,4.051510334014892578e+00,4.115900516510009766e+00,7.253244775431163527e-01,4.051982022887883339e+00,4.116388454887339066e+00
1.631776541471481323e-01,6.258957982063293457e-01,4.068018913269042969e+00,4.115887165069580078e+00,6.260220809280041543e-01,4.068507219975619371e+00,4.116388543954903945e+00
1.634695529937744141e-01,5.262408852577209473e-01,4.082104682922363281e+00,4.115884780883789062e+00,5.263452836861129969e-01,4.082599049045182227e+00,4.116388508501504617e+00
1.637614667415618896e-01,4.262624382972717285e-01,4.093762397766113281e+00,4.115894794464111328e+00,4.263693291569634614e-01,4.094247571292402910e+00,4.116388463189485591e+00
1.640533804893493652e-01,3.260329961776733398e-01,4.102963447570800781e+00,4.115897178649902344e+00,3.261227984031122018e-01,4.103449362837952030e+00,4.116388314167344298e+00
1.643452942371368408e-01,2.256077229976654053e-01,4.109697341918945312e+00,4.115884780883789062e+00,2.256811935597662910e-01,4.110197350780545378e+00,4.116388497638430621e+00
1.646371930837631226e-01,1.250485181808471680e-01,4.113985538482666016e+00,4.115885257720947266e+00,1.251046399496834605e-01,4.114487113353615833e+00,4.116388632878327236e+00
1.649291068315505981e-01,2.441456541419029236e-02,4.115826129913330078e+00,4.115898132324218750e+00,2.446896082797160241e-02,4.116315875588891338e+00,4.116388601391897772e+00
1.652210205793380737e-01,-7.623945176601409912e-02,4.115187168121337891e+00,4.115892887115478516e+00,-7.619704217233924659e-02,4.115683556042889713e+00,4.116388844936500924e+00
1.655129343271255493e-01,-1.768422722816467285e-01,4.112083435058593750e+00,4.115884304046630859e+00,-1.768174769813873337e-01,4.112589288924640485e+00,4.116388596760970131e+00
1.658048331737518311e-01,-2.773397266864776611e-01,4.106532573699951172e+00,4.115887165069580078e+00,-2.773164769564921972e-01,4.107036501616071256e+00,4.116388375019822909e+00
1.660967469215393066e-01,-3.776726126670837402e-01,4.098538875579833984e+00,4.115903377532958984e+00,-3.776653523760363229e-01,4.099027019368576497e+00,4.116388419950060218e+00
1.663886606693267822e-01,-4.777811765670776367e-01,4.088065624237060547e+00,4.115890502929687500e+00,-4.777883168350939846e-01,4.088566176694024001e+00,4.116388594011806568e+00
1.666805744171142578e-01,-5.776013731956481934e-01,4.075153350830078125e+00,4.115883827209472656e+00,-5.776255083871256746e-01,4.075660043484552020e+00,4.116388710750721103e+00
1.669724732637405396e-01,-6.770728826522827148e-01,4.059817314147949219e+00,4.115889549255371094e+00,-6.771018396159171893e-01,4.060318715231016284e+00,4.116388583511827015e+00
1.672643870115280151e-01,-7.761490941047668457e-01,4.042061805725097656e+00,4.115904331207275391e+00,-7.761887215933412909e-01,4.042546878148434608e+00,4.116388489143894880e+00
1.675563007593154907e-01,-8.747515678405761719e-01,4.021858692169189453e+00,4.115888595581054688e+00,-8.748113745070292824e-01,4.022357485850574399e+00,4.116388548830761884e+00
1.678481996059417725e-01,-9.728329777717590332e-01,3.999262094497680664e+00,4.115883827209472656e+00,-9.729108646284007067e-01,3.999762320175941355e+00,4.116388486089622489e+00
1.681401133537292480e-01,-1.070335507392883301e+00,3.974286079406738281e+00,4.115892410278320312e+00,-1.070413256009459246e+00,3.974779332256308084e+00,4.116388620960449884e+00
1.684320271015167236e-01,-1.167203426361083984e+00,3.946931838989257812e+00,4.115900516510009766e+00,-1.167290910053850217e+00,3.947415103485165222e+00,4.116388473883040078e+00
1.687239408493041992e-01,-1.263361930847167969e+00,3.917197465896606445e+00,4.115886688232421875e+00,-1.263470287848927898e+00,3.917690441888781017e+00,4.116388655939057450e+00
1.690158396959304810e-01,-1.358768224716186523e+00,3.885132551193237305e+00,4.115884780883789062e+00,-1.358879185074563845e+00,3.885627806864742517e+00,4.116388719874426450e+00
1.693077534437179565e-01,-1.453366398811340332e+00,3.850755691528320312e+00,4.115895271301269531e+00,-1.453490293997194982e+00,3.851236160551952725e+00,4.116388465522538453e+00
1.695996671915054321e-01,-1.547096490859985352e+00,3.814065456390380859e+00,4.115896224975585938e+00,-1.547232174885396772e+00,3.814541529780869134e+00,4.116388524595748777e+00
1.698915809392929077e-01,-1.639892816543579102e+00,3.775084018707275391e+00,4.115884780883789062e+00,-1.640048830504626354e+00,3.775565435744165033e+00,4.116388529527506002e+00
1.701834797859191895e-01,-1.731707930564880371e+00,3.733859300613403320e+00,4.115885734558105469e+00,-1.731870191749528498e+00,3.734338179967763960e+00,4.116388708982121614e+00
1.704753935337066650e-01,-1.822502255439758301e+00,3.690407991409301758e+00,4.115899085998535156e+00,-1.822670292030613259e+00,3.690870852929914570e+00,4.116388544155975993e+00
1.707673072814941406e-01,-1.912193655967712402e+00,3.644734859466552734e+00,4.115892887115478516e+00,-1.912380290696145790e+00,3.645196363101801396e+00,4.116388575172862829e+00
1.710592210292816162e-01,-2.000744342803955078e+00,3.596876859664916992e+00,4.115884304046630859e+00,-2.000946534728372583e+00,3.597341924172535954e+00,4.116388703007873850e+00
1.713511198759078979e-01,-2.088095664978027344e+00,3.546884298324584961e+00,4.115887641906738281e+00,-2.088302614176579031e+00,3.547343750631716475e+00,4.116388647045202021e+00
1.716430336236953735e-01,-2.174213647842407227e+00,3.494775533676147461e+00,4.115902900695800781e+00,-2.174423327039979537e+00,3.495216500390461167e+00,4.116388610150572447e+00
1.719349473714828491e-01,-2.259011983871459961e+00,3.440554857254028320e+00,4.115890502929687500e+00,-2.259243730305492637e+00,3.440998991607852275e+00,4.116388744175035974e+00
1.722268611192703247e-01,-2.342464447021484375e+00,3.384281396865844727e+00,4.115883827209472656e+00,-2.342712982312849856e+00,3.384723408465842631e+00,4.116388789863488995e+00
1.725187599658966064e-01,-2.424519300460815430e+00,3.325996875762939453e+00,4.115889549255371094e+00,-2.424768464611093854e+00,3.326432830715871258e+00,4.116388888848677041e+00
1.728106737136840820e-01,-2.505131244659423828e+00,3.265728473663330078e+00,4.115903854370117188e+00,-2.505386548275969627e+00,3.266143564364596408e+00,4.116388652608308441e+00
1.731025874614715576e-01,-2.584231138229370117e+00,3.203480005264282227e+00,4.115888118743896484e+00,-2.584506081794153864e+00,3.203901292832940229e+00,4.116388609090200212e+00
1.733945012092590332e-01,-2.661788463592529297e+00,3.139328718185424805e+00,4.115884304046630859e+00,-2.662080101489367578e+00,3.139742679086672705e+00,4.116388533365624269e+00
1.736864000558853149e-01,-2.737762212753295898e+00,3.073309183120727539e+00,4.115892410278320312e+00,-2.738050366793111756e+00,3.073716944497586923e+00,4.116388667993764017e+00
1.739783138036727905e-01,-2.812098026275634766e+00,3.005450963973999023e+00,4.115899562835693359e+00,-2.812395189411015295e+00,3.005842753706257309e+00,4.116388873931936310e+00
1.742702275514602661e-01,-2.884741783142089844e+00,2.935776472091674805e+00,4.115886211395263672e+00,-2.885057779333326966e+00,2.936170739333892943e+00,4.116388830104887653e+00
1.745621412992477417e-01,-2.955665111541748047e+00,2.864358901977539062e+00,4.115884780883789062e+00,-2.955983764148206294e+00,2.864753886084063783e+00,4.116388567876160032e+00
1.748540401458740234e-01,-3.024829626083374023e+00,2.791237354278564453e+00,4.115896224975585938e+00,-3.025153392915386874e+00,2.791612978747244789e+00,4.116388717526266561e+00
1.751459538936614990e-01,-3.092177629470825195e+00,2.716438293457031250e+00,4.115895748138427734e+00,-3.092513740505996811e+00,2.716802174792408042e+00,4.116388622588391222e+00
1.754378676414489746e-01,-3.157670021057128906e+00,2.640005588531494141e+00,4.115884780883789062e+00,-3.158024638724124866e+00,2.640366630888037580e+00,4.116388655641700645e+00
1.757297813892364502e-01,-3.221282243728637695e+00,2.562003135681152344e+00,4.115886211395263672e+00,-3.221636792113543812e+00,2.562364271110659342e+00,4.116388499420834179e+00
1.760216802358627319e-01,-3.282973766326904297e+00,2.482481241226196289e+00,4.115900039672851562e+00,-3.283332380536536643e+00,2.482817523432622409e+00,4.116388511273422424e+00
1.763135939836502075e-01,-3.342691898345947266e+00,2.401454210281372070e+00,4.115892887115478516e+00,-3.343064513031676288e+00,2.401785710076757230e+00,4.116388579254955715e+00
1.766055077314376831e-01,-3.400406599044799805e+00,2.318994760513305664e+00,4.115884304046630859e+00,-3.400796889559707825e+00,2.319317751043324272e+00,4.116388503815407773e+00
1.768974214792251587e-01,-3.456100702285766602e+00,2.235151290893554688e+00,4.115888118743896484e+00,-3.456487189664790627e+00,2.235475768123543538e+00,4.116388660243873510e+00
1.771893203258514404e-01,-3.509733200073242188e+00,2.149985790252685547e+00,4.115903854370117188e+00,-3.510119047043732898e+00,2.150283839023193089e+00,4.116388746557293921e+00
1.774812340736389160e-01,-3.561246395111083984e+00,2.063510179519653320e+00,4.115890026092529297e+00,-3.561651595075217003e+00,2.063805735266922348e+00,4.116388732569177478e+00
1.777731478214263916e-01,-3.610634088516235352e+00,1.975809454917907715e+00,4.115883827209472656e+00,-3.611046139700267776e+00,1.976107106769490640e+00,4.116388407386880388e+00
1.780650615692138672e-01,-3.657873868942260742e+00,1.886932015419006348e+00,4.115890502929687500e+00,-3.658289431286756432e+00,1.887213181071635493e+00,4.116388605789655486e+00
1.783569604158401489e-01,-3.702931165695190430e+00,1.796931028366088867e+00,4.115903377532958984e+00,-3.703344459904801766e+00,1.797190658335734215e+00,4.116388520428655440e+00
1.786488741636276245e-01,-3.745748996734619141e+00,1.705841898918151855e+00,4.115887641906738281e+00,-3.746184768875254534e+00,1.706093093935439065e+00,4.116388461713391678e+00
1.789407879114151001e-01,-3.786339759826660156e+00,1.613733410835266113e+00,4.115884304046630859e+00,-3.786778630950081492e+00,1.613989739290169645e+00,4.116388620909609664e+00
1.792326867580413818e-01,-3.824673414230346680e+00,1.520673871040344238e+00,4.115892887115478516e+00,-3.825114002020333359e+00,1.520906759497830718e+00,4.116388526310193363e+00
1.795246005058288574e-01,-3.860721349716186523e+00,1.426694273948669434e+00,4.115899085998535156e+00,-3.861161789627347574e+00,1.426914204638336736e+00,4.116388527954682353e+00
1.798165142536163330e-01,-3.894440650939941406e+00,1.331859707832336426e+00,4.115886211395263672e+00,-3.894900344443686269e+00,1.332068307135944041e+00,4.116388546775385571e+00
1.801084280014038086e-01,-3.925843954086303711e+00,1.236227989196777344e+00,4.115884780883789062e+00,-3.926304888015486050e+00,1.236440608252659334e+00,4.116388641927595238e+00
1.804003268480300903e-01,-3.954908132553100586e+00,1.139870405197143555e+00,4.115896224975585938e+00,-3.955366257696621979e+00,1.140058664681137701e+00,4.116388707525022284e+00
1.806922405958175659e-01,-3.981598377227783203e+00,1.042818188667297363e+00,4.115895271301269531e+00,-3.982061832854572714e+00,1.042994822895435103e+00,4.116388543524990951e+00
1.809841543436050415e-01,-4.005897045135498047e+00,9.451438188552856445e-01,4.115885257720947266e+00,-4.006372348011893791e+00,9.453225759287896546e-01,4.116388485490038995e+00
1.812760680913925171e-01,-4.027812004089355469e+00,8.469061851501464844e-01,4.115886211395263672e+00,-4.028291028638375515e+00,8.470696862000945959e-01,4.116388667835867210e+00
1.815679669380187988e-01,-4.047329902648925781e+00,7.481676936149597168e-01,4.115900516510009766e+00,-4.047800525318122844e+00,7.483102167464015242e-01,4.116388863221344785e+00
1.818598806858062744e-01,-4.064406394958496094e+00,6.489759683609008789e-01,4.115891933441162109e+00,-4.064886357813905171e+00,6.491187278844621211e-01,4.116388735874193294e+00
1.821517944335937500e-01,-4.079052925109863281e+00,5.493914484977722168e-01,4.115884304046630859e+00,-4.079544144625092628e+00,5.495235454854278112e-01,4.116388775976797199e+00
1.824437081813812256e-01,-4.091270923614501953e+00,4.494852125644683838e-01,4.115888118743896484e+00,-4.091762036209098063e+00,4.495997304215278434e-01,4.116388766693099832e+00
1.827356070280075073e-01,-4.101055145263671875e+00,3.493109941482543945e-01,4.115904808044433594e+00,-4.101532743872794207e+00,3.494070746935791227e-01,4.116388727137734627e+00
1.830275207757949829e-01,-4.108355522155761719e+00,2.489251494407653809e-01,4.115890026092529297e+00,-4.108850410236601469e+00,2.490053804582352814e-01,4.116388632429965888e+00
1.833194345235824585e-01,-4.113208293914794922e+00,1.483864486217498779e-01,4.115883827209472656e+00,-4.113710352357771605e+00,1.484704897241990729e-01,4.116388751006693880e+00
1.836113482713699341e-01,-4.115613460540771484e+00,4.776454716920852661e-02,4.115890502929687500e+00,-4.116110579513154732e+00,4.783112785712125004e-02,4.116388480157358032e+00
1.839032471179962158e-01,-4.115562915802001953e+00,-5.288121849298477173e-02,4.115902423858642578e+00,-4.116049271457487890e+00,-5.283683769894246401e-02,4.116388385038970199e+00
1.841951608657836914e-01,-4.113023757934570312e+00,-1.535051912069320679e-01,4.115887165069580078e+00,-4.113527470495838223e+00,-1.534575247777325291e-01,4.116388886200476271e+00
1.844870746135711670e-01,-4.108037471771240234e+00,-2.540321946144104004e-01,4.115884304046630859e+00,-4.108544618248684444e+00,-2.540021228657183827e-01,4.116388703531351112e+00
1.847789883613586426e-01,-4.100606441497802734e+00,-3.544133305549621582e-01,4.115893840789794922e+00,-4.101104618765278431e+00,-3.543947937638617374e-01,4.116388558421669508e+00
1.850708872079849243e-01,-4.090719699859619141e+00,-4.545722901821136475e-01,4.115899085998535156e+00,-4.091213757729604161e+00,-4.545599653912333338e-01,4.116388559595955066e+00
1.853628009557723999e-01,-4.078367710113525391e+00,-5.544674396514892578e-01,4.115886211395263672e+00,-4.078874815122460973e+00,-5.544689033714788051e-01,4.116388650534137383e+00
1.856547147035598755e-01,-4.063589572906494141e+00,-6.540272831916809082e-01,4.115885257720947266e+00,-4.064095983066789763e+00,-6.540461661666451265e-01,4.116388289150684443e+00
1.859466284513473511e-01,-4.046392440795898438e+00,-7.532032132148742676e-01,4.115896701812744141e+00,-4.046887142080542787e+00,-7.532323168739043506e-01,4.116388521983809667e+00
1.862385272979736328e-01,-4.026764392852783203e+00,-8.519164919853210449e-01,4.115895271301269531e+00,-4.027257694075757399e+00,-8.519680312808808331e-01,4.116388473020617056e+00
1.865304410457611084e-01,-4.004718303680419922e+00,-9.501261115074157715e-01,4.115885257720947266e+00,-4.005223451198586027e+00,-9.501788073685494274e-01,4.116388545801213716e+00
1.868223547935485840e-01,-3.980289459228515625e+00,-1.047769427299499512e+00,4.115887165069580078e+00,-3.980790520331322302e+00,-1.047836821125990747e+00,4.116388607805043343e+00
1.871142685413360596e-01,-3.953492164611816406e+00,-1.144787788391113281e+00,4.115900516510009766e+00,-3.953976614940671652e+00,-1.144868073708427136e+00,4.116388462924088110e+00
1.874061673879623413e-01,-3.924309015274047852e+00,-1.241114735603332520e+00,4.115891933441162109e+00,-3.924803011012540921e+00,-1.241199688585805427e+00,4.116388628664524596e+00
1.876980811357498169e-01,-3.892780065536499023e+00,-1.336699604988098145e+00,4.115883827209472656e+00,-3.893277722482390679e+00,-1.336803927574428785e+00,4.116388728625624438e+00
1.879899948835372925e-01,-3.858932971954345703e+00,-1.431493878364562988e+00,4.115888595581054688e+00,-3.859423682440056069e+00,-1.431608831389737713e+00,4.116388587912012120e+00
1.882819086313247681e-01,-3.822791337966918945e+00,-1.525432109832763672e+00,4.115905284881591797e+00,-3.823261708091392652e+00,-1.525557558275809633e+00,4.116388702755166662e+00
1.885738074779510498e-01,-3.784333229064941406e+00,-1.618445992469787598e+00,4.115889549255371094e+00,-3.784819247343605753e+00,-1.618579403607924849e+00,4.116388711096949038e+00
1.888657212257385254e-01,-3.743621826171875000e+00,-1.710495710372924805e+00,4.115883827209472656e+00,-3.744107400502275862e+00,-1.710647685344552471e+00,4.116388675753369419e+00
1.891576349735260010e-01,-3.700680971145629883e+00,-1.801532387733459473e+00,4.115890979766845703e+00,-3.701156220781980810e+00,-1.801693046556600786e+00,4.116388611956305787e+00
1.894495487213134766e-01,-3.655532598495483398e+00,-1.891489148139953613e+00,4.115901947021484375e+00,-3.655991504070861708e+00,-1.891660860635596908e+00,4.116388549383904305e+00
1.897414475679397583e-01,-3.608177661895751953e+00,-1.980298280715942383e+00,4.115887165069580078e+00,-3.608648050333322477e+00,-1.980483505556093871e+00,4.116388668111192750e+00
1.900333613157272339e-01,-3.558670759201049805e+00,-2.067937612533569336e+00,4.115884304046630859e+00,-3.559139086576401212e+00,-2.068135759662639739e+00,4.116388776341620925e+00
1.903252750635147095e-01,-3.507048845291137695e+00,-2.154342174530029297e+00,4.115893840789794922e+00,-3.507501309171388915e+00,-2.154550861830055286e+00,4.116388568885551713e+00
1.906171739101409912e-01,-3.453325033187866211e+00,-2.239455938339233398e+00,4.115898132324218750e+00,-3.453774485299755614e+00,-2.239664239874391338e+00,4.116388478105501569e+00
1.909090876579284668e-01,-3.397522211074829102e+00,-2.323221206665039062e+00,4.115885734558105469e+00,-3.397973735099647730e+00,-2.323451771524475795e+00,4.116388421787632979e+00
1.912010014057159424e-01,-3.339694976806640625e+00,-2.405607938766479492e+00,4.115885257720947266e+00,-3.340141200765336382e+00,-2.405849632806175808e+00,4.116388671727162496e+00
1.914929151535034180e-01,-3.279883146286010742e+00,-2.486559391021728516e+00,4.115897655487060547e+00,-3.280310471176636877e+00,-2.486808909585994432e+00,4.116388628410511785e+00
1.917848140001296997e-01,-3.218098163604736328e+00,-2.566014289855957031e+00,4.115893840789794922e+00,-3.218528190242079479e+00,-2.566267986485693431e+00,4.116388598012131972e+00
1.920767277479171753e-01,-3.154382944107055664e+00,-2.643931150436401367e+00,4.115884304046630859e+00,-3.154811111454352890e+00,-2.644205387488692161e+00,4.116388621131401138e+00
1.923686414957046509e-01,-3.088789939880371094e+00,-2.720275640487670898e+00,4.115886688232421875e+00,-3.089207525179639369e+00,-2.720561189535289692e+00,4.116388747389170710e+00
1.926605552434921265e-01,-3.021357536315917969e+00,-2.795002937316894531e+00,4.115900993347167969e+00,-3.021756224360942156e+00,-2.795289650851270125e+00,4.116388576364033547e+00
1.929524540901184082e-01,-2.952106475830078125e+00,-2.868036031723022461e+00,4.115891456604003906e+00,-2.952508775900859916e+00,-2.868335425434074715e+00,4.116388730983951305e+00
1.932443678379058838e-01,-2.881084442138671875e+00,-2.939362525939941406e+00,4.115883827209472656e+00,-2.881484556616229931e+00,-2.939677073300676735e+00,4.116388531869588085e+00
1.935362815856933594e-01,-2.808352231979370117e+00,-3.008936405181884766e+00,4.115888595581054688e+00,-2.808737263386884564e+00,-3.009260470350581418e+00,4.116388416215438717e+00
1.938281953334808350e-01,-2.733944177627563477e+00,-3.076723814010620117e+00,4.115905761718750000e+00,-2.734321987963183709e+00,-3.077034135462109354e+00,4.116388684837473555e+00
1.941200941801071167e-01,-2.657886743545532227e+00,-3.142639160156250000e+00,4.115889072418212891e+00,-2.658259760171171937e+00,-3.142977844002743382e+00,4.116388548283243409e+00
1.944120079278945923e-01,-2.580239772796630859e+00,-3.206690311431884766e+00,4.115883827209472656e+00,-2.580607795186887987e+00,-3.207041813720896695e+00,4.116388439826050849e+00
1.947039216756820679e-01,-2.501061916351318359e+00,-3.268830299377441406e+00,4.115891456604003906e+00,-2.501412412616886627e+00,-3.269188039155666470e+00,4.116388525558819289e+00
1.949958354234695435e-01,-2.420385360717773438e+00,-3.329020738601684570e+00,4.115901470184326172e+00,-2.420721117936235789e+00,-3.329379008193066536e+00,4.116388624877284741e+00
1.952877342700958252e-01,-2.338254928588867188e+00,-3.387194871902465820e+00,4.115886688232421875e+00,-2.338595115033653027e+00,-3.387569763949996648e+00,4.116388710713251520e+00
1.955796480178833008e-01,-2.254729509353637695e+00,-3.443355798721313477e+00,4.115884304046630859e+00,-2.255057289194850156e+00,-3.443743923744377433e+00,4.116388658748970641e+00
1.958715617656707764e-01,-2.169857978820800781e+00,-3.497470855712890625e+00,4.115894317626953125e+00,-2.170170964458446150e+00,-3.497858468047215119e+00,4.116388693681406252e+00
1.961634755134582520e-01,-2.083689451217651367e+00,-3.549485921859741211e+00,4.115897655487060547e+00,-2.084000382765562875e+00,-3.549873013756774665e+00,4.116388709678134639e+00
1.964553743600845337e-01,-1.996267318725585938e+00,-3.599364995956420898e+00,4.115885257720947266e+00,-1.996570317619353441e+00,-3.599772635301278001e+00,4.116388715738900750e+00
1.967472881078720093e-01,-1.907657504081726074e+00,-3.647102594375610352e+00,4.115885734558105469e+00,-1.907945809621433453e+00,-3.647519584368359435e+00,4.116388748746007131e+00
1.970392018556594849e-01,-1.817907571792602539e+00,-3.692672014236450195e+00,4.115897655487060547e+00,-1.818194499767123773e+00,-3.693077818067301621e+00,4.116388588226840284e+00
1.973311156034469604e-01,-1.727067947387695312e+00,-3.736016511917114258e+00,4.115893840789794922e+00,-1.727341725011836804e+00,-3.736434803855905429e+00,4.116388523746585371e+00
1.976230144500732422e-01,-1.635195374488830566e+00,-3.777120590209960938e+00,4.115884780883789062e+00,-1.635455921735610385e+00,-3.777557372116836287e+00,4.116388680818944934e+00
1.979149281978607178e-01,-1.542345881462097168e+00,-3.815978765487670898e+00,4.115887165069580078e+00,-1.542606689256552865e+00,-3.816414515967769816e+00,4.116388605978372084e+00
1.982068419456481934e-01,-1.448580026626586914e+00,-3.852565765380859375e+00,4.115901947021484375e+00,-1.448805666116424140e+00,-3.853001147635619628e+00,4.116388672350129063e+00
1.984987556934356689e-01,-1.353934407234191895e+00,-3.886826515197753906e+00,4.115890979766845703e+00,-1.354167486450302604e+00,-3.887272328559412848e+00,4.116388676709580530e+00
1.987906545400619507e-01,-1.258490204811096191e+00,-3.918762922286987305e+00,4.115883827209472656e+00,-1.258704845599121880e+00,-3.919224178127129754e+00,4.116388714243466751e+00
1.990825682878494263e-01,-1.162287473678588867e+00,-3.948370695114135742e+00,4.115889072418212891e+00,-1.162489284824888447e+00,-3.948831917884905174e+00,4.116388569248444540e+00
1.993744820356369019e-01,-1.065397262573242188e+00,-3.975626230239868164e+00,4.115905284881591797e+00,-1.065593849674811633e+00,-3.976074129447618954e+00,4.116388676416188552e+00
1.996663957834243774e-01,-9.678562283515930176e-01,-4.000473976135253906e+00,4.115888595581054688e+00,-9.680458452544223880e-01,-4.000942600829422879e+00,4.116388520735871026e+00
1.999582946300506592e-01,-8.697499036788940430e-01,-4.022938251495361328e+00,4.115883350372314453e+00,-8.699189998051952699e-01,-4.023418308312664671e+00,4.116388459546501011e+00
2.002502083778381348e-01,-7.711158394813537598e-01,-4.043011665344238281e+00,4.115891456604003906e+00,-7.712873036400678117e-01,-4.043484855598558525e+00,4.116388451326145059e+00
2.005421221256256104e-01,-6.720256209373474121e-01,-4.060667514801025391e+00,4.115900993347167969e+00,-6.721789201460696139e-01,-4.061136666309574927e+00,4.116388650641820135e+00
2.008340209722518921e-01,-5.725314617156982422e-01,-4.075871467590332031e+00,4.115886211395263672e+00,-5.726685256061814222e-01,-4.076359500330381636e+00,4.116388710526948991e+00
2.011259347200393677e-01,-4.726937413215637207e-01,-4.088650703430175781e+00,4.115884304046630859e+00,-4.728312870315287686e-01,-4.089142463692341245e+00,4.116388649577170433e+00
2.014178484678268433e-01,-3.725761771202087402e-01,-4.098996639251708984e+00,4.115894317626953125e+00,-3.726800632926507428e-01,-4.099483103689583352e+00,4.116388240558971567e+00
2.017097622156143188e-01,-2.722295820713043213e-01,-4.106883525848388672e+00,4.115896224975585938e+00,-2.723371959527614017e-01,-4.107369264446650625e+00,4.116387958249371870e+00
2.020016610622406006e-01,-1.717298328876495361e-01,-4.112299442291259766e+00,4.115883350372314453e+00,-1.718158141475344125e-01,-4.112799449348346847e+00,4.116386763236813628e+00
2.022935748100280762e-01,-7.111793756484985352e-02,-4.115268230438232422e+00,4.115882396697998047e+00,-7.119169761265400909e-02,-4.115770173295609347e+00,4.116385839203942076e+00
2.025854885578155518e-01,2.953140623867511749e-02,-4.115787982940673828e+00,4.115893840789794922e+00,2.945920443752665305e-02,-4.116278419099575814e+00,4.116383833933734415e+00
2.028774023056030273e-01,1.301682144403457642e-01,-4.113827705383300781e+00,4.115886211395263672e+00,1.301080932736275175e-01,-4.114324816456704781e+00,4.116381519155725144e+00
2.031693011522293091e-01,2.307162284851074219e-01,-4.109402179718017578e+00,4.115873813629150391e+00,2.306790054183908145e-01,-4.109909936438025824e+00,4.116378564851978616e+00
2.034612149000167847e-01,3.311332464218139648e-01,-4.102530479431152344e+00,4.115872383117675781e+00,3.310960494286364630e-01,-4.103036969273680334e+00,4.116374249891984860e+00
2.037531286478042603e-01,4.313553869724273682e-01,-4.093216419219970703e+00,4.115881919860839844e+00,4.313304437158794746e-01,-4.093707741211262352e+00,4.116368426432352123e+00
2.040450423955917358e-01,5.313127636909484863e-01,-4.081426143646240234e+00,4.115863323211669922e+00,5.313064139817317288e-01,-4.081929280103381075e+00,4.116361640247784948e+00
2.043369412422180176e-01,6.309519410133361816e-01,-4.067198276519775391e+00,4.115847587585449219e+00,6.309484209466547089e-01,-4.067710026114736976e+00,4.116352847661316261e+00
2.046288549900054932e-01,7.302149534225463867e-01,-4.050549030303955078e+00,4.115842819213867188e+00,7.302279675399691028e-01,-4.051054221197387228e+00,4.116342209736542301e+00
2.049207687377929688e-01,8.290476799011230469e-01,-4.031483650207519531e+00,4.115845203399658203e+00,8.290698479041185287e-01,-4.031973434547148294e+00,4.116329261562744257e+00
2.052126824855804443e-01,9.273718595504760742e-01,-4.009974956512451172e+00,4.115813255310058594e+00,9.274145920560522560e-01,-4.010478543866430101e+00,4.116313396277243797e+00
2.055045813322067261e-01,1.025142192840576172e+00,-3.986077785491943359e+00,4.115790843963623047e+00,1.025203323358293339e+00,-3.986583308894765310e+00,4.116295462303845021e+00
2.057964950799942017e-01,1.122300982475280762e+00,-3.959805965423583984e+00,4.115777492523193359e+00,1.122362097392501479e+00,-3.960305041607169230e+00,4.116274128413031086e+00
2.060884088277816772e-01,1.218791723251342773e+00,-3.931161403656005859e+00,4.115760326385498047e+00,1.218862689719762082e+00,-3.931650909717515407e+00,4.116248915247164852e+00
2.063803225755691528e-01,1.314540266990661621e+00,-3.900143384933471680e+00,4.115717887878417969e+00,1.314632042788951516e+00,-3.900642546067232264e+00,4.116220314817625514e+00
2.066722214221954346e-01,1.409500122070312500e+00,-3.866801977157592773e+00,4.115683078765869141e+00,1.409597391155342105e+00,-3.867302573056921489e+00,4.116186827237634738e+00
2.069641351699829102e-01,1.503623962402343750e+00,-3.831153869628906250e+00,4.115656375885009766e+00,1.503731675540865842e+00,-3.831641527842419848e+00,4.116149383818757279e+00
2.072560489177703857e-01,1.596839070320129395e+00,-3.793202877044677734e+00,4.115614414215087891e+00,1.596962887915558182e+00,-3.793685156558405325e+00,4.116107084670074023e+00
2.075479626655578613e-01,1.689094543457031250e+00,-3.752965927124023438e+00,4.115554809570312500e+00,1.689234877237424826e+00,-3.753455256515280336e+00,4.116058895732363609e+00
2.078398615121841431e-01,1.780330657958984375e+00,-3.710495710372924805e+00,4.115501880645751953e+00,1.780477324479482926e+00,-3.710982622816265231e+00,4.116004316060650758e+00
2.081317752599716187e-01,1.870511770248413086e+00,-3.665808439254760742e+00,4.115454673767089844e+00,1.870664495605655064e+00,-3.666280247739387654e+00,4.115944182090367498e+00
2.084236890077590942e-01,1.959555268287658691e+00,-3.618909358978271484e+00,4.115381240844726562e+00,1.959726660692778788e+00,-3.619380280168841946e+00,4.115876844258724354e+00
2.087156027555465698e-01,2.047423124313354492e+00,-3.569836854934692383e+00,4.115297794342041016e+00,2.047610231579871876e+00,-3.570310520937758803e+00,4.115801850962874653e+00
2.090075016021728516e-01,2.134056329727172852e+00,-3.518640041351318359e+00,4.115218639373779297e+00,2.134248657970564622e+00,-3.519109252515349340e+00,4.115719531890905891e+00
2.092994153499603271e-01,2.219416856765747070e+00,-3.465341567993164062e+00,4.115143299102783203e+00,2.219616158156644925e+00,-3.465790233126610165e+00,4.115628485369623668e+00
2.095913290977478027e-01,2.303429841995239258e+00,-3.409939050674438477e+00,4.115030288696289062e+00,2.303647328675002548e+00,-3.410393290093586049e+00,4.115528326719041452e+00
2.098832428455352783e-01,2.386054992675781250e+00,-3.352500677108764648e+00,4.114914417266845703e+00,2.386291466388112514e+00,-3.352951861289489077e+00,4.115418951538393877e+00
2.101751416921615601e-01,2.467249631881713867e+00,-3.293062448501586914e+00,4.114799976348876953e+00,2.467485176973212013e+00,-3.293509494104126301e+00,4.115299246268312672e+00
2.104670554399490356e-01,2.546963214874267578e+00,-3.231656789779663086e+00,4.114684104919433594e+00,2.547204533354875622e+00,-3.232083194587282993e+00,4.115168612763900668e+00
2.107589691877365112e-01,2.625126600265502930e+00,-3.168286323547363281e+00,4.114526271820068359e+00,2.625388715790284877e+00,-3.168719338344991421e+00,4.115027114637335615e+00
2.110508829355239868e-01,2.701709985733032227e+00,-3.103029489517211914e+00,4.114368438720703125e+00,2.701989042342756164e+00,-3.103455795179332011e+00,4.114873346480120375e+00
2.113427817821502686e-01,2.776671648025512695e+00,-3.035921573638916016e+00,4.114210128784179688e+00,2.776947882248347987e+00,-3.036341941386308196e+00,4.114706784905233228e+00
2.116346955299377441e-01,2.849957466125488281e+00,-2.966993093490600586e+00,4.114037513732910156e+00,2.850242082815287681e+00,-2.967397709694953090e+00,4.114526594658744152e+00
2.119266092777252197e-01,2.921510219573974609e+00,-2.896269321441650391e+00,4.113830089569091797e+00,2.921815645640256864e+00,-2.896675385343456366e+00,4.114332868784786434e+00
2.122185081243515015e-01,2.991302251815795898e+00,-2.823823928833007812e+00,4.113620281219482422e+00,2.991613160199534160e+00,-2.824228103052393468e+00,4.114123682918388702e+00
2.125104218721389771e-01,3.059298753738403320e+00,-2.749691963195800781e+00,4.113406658172607422e+00,3.059614751130339982e+00,-2.750078504112599909e+00,4.113900120824102835e+00
2.128023356199264526e-01,3.125440835952758789e+00,-2.673903226852416992e+00,4.113166332244873047e+00,3.125766182220049316e+00,-2.674280650359917910e+00,4.113659103863611222e+00
2.130942493677139282e-01,3.189681291580200195e+00,-2.596509695053100586e+00,4.112897872924804688e+00,3.190017546927021108e+00,-2.596894611410599740e+00,4.113401703271357235e+00
2.133861482143402100e-01,3.252001523971557617e+00,-2.517570495605468750e+00,4.112623691558837891e+00,3.252349203931601096e+00,-2.517942169991593815e+00,4.113126318961830563e+00
2.136780619621276855e-01,3.312364101409912109e+00,-2.437132358551025391e+00,4.112343311309814453e+00,3.312712756606677189e+00,-2.437483659483048459e+00,4.112832648921115997e+00
2.139699757099151611e-01,3.370707750320434570e+00,-2.355221033096313477e+00,4.112023830413818359e+00,3.371070557488080155e+00,-2.355567316247114018e+00,4.112519189612934944e+00
2.142618894577026367e-01,3.427005529403686523e+00,-2.271906137466430664e+00,4.111681461334228516e+00,3.427386634501722096e+00,-2.272244134219586709e+00,4.112185860081759792e+00
2.145537883043289185e-01,3.481236934661865234e+00,-2.187241792678833008e+00,4.111330509185791016e+00,3.481617691250052715e+00,-2.187577118315464642e+00,4.111831148843875461e+00
2.148457020521163940e-01,3.533369541168212891e+00,-2.101278781890869141e+00,4.110970020294189453e+00,3.533747064500010193e+00,-2.101592711018078319e+00,4.111454759433302186e+00
2.151376157999038696e-01,3.583333969116210938e+00,-2.014049053192138672e+00,4.110556602478027344e+00,3.583733377456849389e+00,-2.014355457600930599e+00,4.111054953447463411e+00
2.154295295476913452e-01,3.631134033203125000e+00,-1.925620436668395996e+00,4.110127449035644531e+00,3.631538737499054648e+00,-1.925933584496842599e+00,4.110631797406462340e+00
2.157214283943176270e-01,3.676736831665039062e+00,-1.836062312126159668e+00,4.109685897827148438e+00,3.677148613010893907e+00,-1.836353604935036854e+00,4.110184483028206159e+00
2.160133421421051025e-01,3.720119476318359375e+00,-1.745408177375793457e+00,4.109226226806640625e+00,3.720525811192202159e+00,-1.745684029625661937e+00,4.109711065639223726e+00
2.163052558898925781e-01,3.761214256286621094e+00,-1.653713107109069824e+00,4.108710289001464844e+00,3.761637448321364374e+00,-1.653994844792708641e+00,4.109211023933246665e+00
2.165971696376800537e-01,3.800037622451782227e+00,-1.561041712760925293e+00,4.108179569244384766e+00,3.800476590733697257e+00,-1.561299588305644859e+00,4.108683331817895024e+00
2.168890684843063354e-01,3.836559534072875977e+00,-1.467464327812194824e+00,4.107632160186767578e+00,3.836994878352745886e+00,-1.467713696748310648e+00,4.108127699101841834e+00
2.171809822320938110e-01,3.870751380920410156e+00,-1.373014569282531738e+00,4.107053279876708984e+00,3.871186272365346515e+00,-1.373250629873108197e+00,4.107541898483422216e+00
2.174728959798812866e-01,3.902569293975830078e+00,-1.277758955955505371e+00,4.106423854827880859e+00,3.903024132484728792e+00,-1.277984037654838589e+00,4.106925928143668969e+00
2.177648097276687622e-01,3.932026147842407227e+00,-1.181761384010314941e+00,4.105774879455566406e+00,3.932483850770781331e+00,-1.181987548406742139e+00,4.106278582994774773e+00
2.180567085742950439e-01,3.959101915359497070e+00,-1.085085749626159668e+00,4.105106353759765625e+00,3.959555752668683315e+00,-1.085290956756822078e+00,4.105598399662319764e+00
2.183486223220825195e-01,3.983757257461547852e+00,-9.877799153327941895e-01,4.104391574859619141e+00,3.984217313009232875e+00,-9.879689937321345372e-01,4.104883716971602148e+00
2.186405360698699951e-01,4.005980014801025391e+00,-8.899028301239013672e-01,4.103632926940917969e+00,4.006451598184516349e+00,-8.900982141905722234e-01,4.104135626353071054e+00
2.189324498176574707e-01,4.025773525238037109e+00,-7.915300726890563965e-01,4.102849483489990234e+00,4.026249708995615961e+00,-7.917086178001051522e-01,4.103350978735091026e+00
2.192243486642837524e-01,4.043128967285156250e+00,-6.927171945571899414e-01,4.102042198181152344e+00,4.043596598075247073e+00,-6.928768337467164917e-01,4.102529921244766342e+00
2.195162624120712280e-01,4.058000564575195312e+00,-5.935206413269042969e-01,4.101174831390380859e+00,4.058477338252292732e+00,-5.936802597840739049e-01,4.101669727801678711e+00
2.198081761598587036e-01,4.070400238037109375e+00,-4.940013289451599121e-01,4.100267410278320312e+00,4.070888875727421308e+00,-4.941501197436416470e-01,4.100770729919428703e+00
2.201000899076461792e-01,4.080331802368164062e+00,-3.942327797412872314e-01,4.099332809448242188e+00,4.080821061335892175e+00,-3.943641565434014007e-01,4.099832145662647420e+00
2.203919887542724609e-01,4.087790012359619141e+00,-2.942716181278228760e-01,4.098368167877197266e+00,4.088265803576096147e+00,-2.943850768630704717e-01,4.098851040739267759e+00
2.206839025020599365e-01,4.092726230621337891e+00,-1.941786408424377441e-01,4.097330093383789062e+00,4.093219931192217054e+00,-1.942757371367083707e-01,4.097827774217607022e+00
2.209758162498474121e-01,4.095177173614501953e+00,-9.401932358741760254e-02,4.096256732940673828e+00,4.095678481827588868e+00,-9.411484894906478604e-02,4.096759674584078859e+00
2.212677299976348877e-01,4.095145702362060547e+00,6.149066612124443054e-03,4.095149993896484375e+00,4.095641947356062573e+00,6.065670607207964034e-03,4.095646439001110473e+00
2.215596288442611694e-01,4.092624664306640625e+00,1.062486097216606140e-01,4.094003677368164062e+00,4.093110706854025338e+00,1.061869447530654348e-01,4.094487871004022672e+00
2.218515425920486450e-01,4.087582111358642578e+00,2.062342613935470581e-01,4.092781543731689453e+00,4.088084981435582854e+00,2.061699940784660623e-01,4.093280454830512838e+00
2.221434563398361206e-01,4.080060958862304688e+00,3.060293197631835938e-01,4.091522216796875000e+00,4.080568412875758000e+00,3.059827733622305646e-01,4.092024441490278441e+00
2.224353700876235962e-01,4.070066928863525391e+00,4.055815637111663818e-01,4.090225219726562500e+00,4.070565645957549883e+00,4.055462838821859428e-01,4.090717842435537044e+00
2.227272689342498779e-01,4.057590961456298828e+00,5.048111677169799805e-01,4.088872432708740234e+00,4.058086504267508943e+00,5.047818981460762133e-01,4.089360688520156550e+00
2.230191826820373535e-01,4.042625904083251953e+00,6.036704778671264648e-01,4.087449073791503906e+00,4.043133455743925353e+00,6.036573486444829495e-01,4.087949404717272195e+00
2.233110964298248291e-01,4.025211334228515625e+00,7.020915746688842773e-01,4.085982799530029297e+00,4.025720045064364427e+00,7.020943308724829635e-01,4.086484837935447700e+00
2.236029952764511108e-01,4.005362033843994141e+00,8.000080585479736328e-01,4.084475040435791016e+00,4.005859473520535730e+00,8.000146334687281424e-01,4.084964324857479845e+00
2.238949090242385864e-01,3.983061075210571289e+00,8.973666429519653320e-01,4.082896232604980469e+00,3.983556292638189777e+00,8.974015665510175488e-01,4.083387112222589543e+00
2.241868227720260620e-01,3.958331108093261719e+00,9.940923452377319336e-01,4.081250190734863281e+00,3.958837542365557738e+00,9.941319247234398082e-01,4.081751213706844794e+00
2.244787365198135376e-01,3.931206703186035156e+00,1.090138077735900879e+00,4.079557418823242188e+00,3.931710314401766659e+00,1.090189546486635352e+00,4.080056279469926217e+00
2.247706353664398193e-01,3.901710033416748047e+00,1.185428738594055176e+00,4.077815532684326172e+00,3.902195283826082495e+00,1.185497510588257253e+00,4.078300182763092252e+00
2.250625491142272949e-01,3.869820594787597656e+00,1.279910922050476074e+00,4.075988292694091797e+00,3.870317112717266639e+00,1.279979899555438783e+00,4.076481705620433438e+00
2.253544628620147705e-01,3.835587263107299805e+00,1.373516917228698730e+00,4.074098587036132812e+00,3.836087551328445588e+00,1.373605682519357662e+00,4.074599400248636094e+00
2.256463766098022461e-01,3.799040079116821289e+00,1.466200709342956543e+00,4.072155475616455078e+00,3.799533832043845205e+00,1.466299765595110438e+00,4.072651758182875170e+00
2.259382754564285278e-01,3.760208845138549805e+00,1.557889342308044434e+00,4.070158481597900391e+00,3.760686226796427167e+00,1.557988232333377798e+00,4.070637324609701402e+00
2.262301892042160034e-01,3.719070911407470703e+00,1.648522019386291504e+00,4.068059921264648438e+00,3.719559534264783363e+00,1.648640751807198601e+00,4.068554959375559221e+00
2.265221029520034790e-01,3.675698041915893555e+00,1.738047957420349121e+00,4.065902709960937500e+00,3.676186834677119375e+00,1.738184641914741091e+00,4.066403262447251699e+00
2.268140166997909546e-01,3.630120277404785156e+00,1.826412320137023926e+00,4.063687324523925781e+00,3.630597011501067506e+00,1.826561766571916712e+00,4.064180427469086254e+00
2.271059155464172363e-01,3.582360267639160156e+00,1.913555622100830078e+00,4.061403751373291016e+00,3.582828042916467837e+00,1.913701582948535096e+00,4.061885096071573997e+00
2.273978292942047119e-01,3.532423496246337891e+00,1.999405264854431152e+00,4.059019088745117188e+00,3.532897378937920330e+00,1.999575176419595257e+00,4.059515337606188545e+00
2.276897430419921875e-01,3.480374574661254883e+00,2.083930253982543945e+00,4.056571960449218750e+00,3.480846505877875252e+00,2.084113087448192569e+00,4.057070341854458029e+00
2.279816567897796631e-01,3.426253557205200195e+00,2.167068004608154297e+00,4.054059028625488281e+00,3.426709722482799148e+00,2.167260954939430828e+00,4.054548010440019112e+00
2.282735556364059448e-01,3.370079517364501953e+00,2.248759508132934570e+00,4.051463603973388672e+00,3.370533154471993420e+00,2.248951946189666540e+00,4.051947507269216153e+00
2.285654693841934204e-01,3.311882019042968750e+00,2.328943729400634766e+00,4.048770427703857422e+00,3.312337790942221805e+00,2.329159290016634465e+00,4.049267173153037191e+00
2.288573831319808960e-01,3.251722574234008789e+00,2.407588481903076172e+00,4.046008110046386719e+00,3.252170570285008999e+00,2.407817580062089124e+00,4.046504530713388448e+00
2.291492968797683716e-01,3.189641714096069336e+00,2.484642744064331055e+00,4.043174743652343750e+00,3.190074016911490062e+00,2.484876472667975733e+00,4.043659644158079658e+00
2.294411957263946533e-01,3.125667572021484375e+00,2.560032129287719727e+00,4.040242671966552734e+00,3.126098905455152455e+00,2.560273706626457813e+00,4.040729614751608523e+00
2.297331094741821289e-01,3.059837818145751953e+00,2.633725881576538086e+00,4.037216663360595703e+00,3.060270053544435154e+00,2.633984864787847879e+00,4.037713346505954704e+00
2.300250232219696045e-01,2.992221355438232422e+00,2.705678462982177734e+00,4.034115314483642578e+00,2.992642278217207963e+00,2.705949887124954323e+00,4.034609348747984825e+00
2.303169369697570801e-01,2.922857761383056641e+00,2.775851726531982422e+00,4.030936717987060547e+00,2.923261323163109271e+00,2.776122135545953995e+00,4.031415492723313676e+00
2.306088358163833618e-01,2.851779460906982422e+00,2.844162464141845703e+00,4.027642726898193359e+00,2.852186494457003896e+00,2.844446354744635919e+00,4.028131435812761119e+00
2.309007495641708374e-01,2.779039859771728516e+00,2.910600185394287109e+00,4.024258613586425781e+00,2.779444598635113284e+00,2.910899853788682545e+00,4.024754680184728706e+00
2.311926633119583130e-01,2.704706668853759766e+00,2.975119590759277344e+00,4.020792484283447266e+00,2.705096582689638929e+00,2.975427985880001014e+00,4.021283280351818590e+00
2.314845770597457886e-01,2.628821849822998047e+00,3.037686824798583984e+00,4.017243385314941406e+00,2.629205166431177965e+00,3.037980477614205199e+00,4.017716414775118317e+00
2.317764759063720703e-01,2.551422119140625000e+00,3.098214149475097656e+00,4.013562679290771484e+00,2.551800038923593750e+00,3.098537150052038669e+00,4.014052305202694626e+00
2.320683896541595459e-01,2.472575902938842773e+00,3.156711339950561523e+00,4.009795188903808594e+00,2.472946435836423262e+00,3.157049341707768075e+00,4.010289842454473508e+00
2.323603034019470215e-01,2.392342567443847656e+00,3.213136911392211914e+00,4.005939483642578125e+00,2.392698292258801818e+00,3.213478509284146689e+00,4.006425994250892408e+00
2.326522171497344971e-01,2.310774326324462891e+00,3.267446279525756836e+00,4.001985073089599609e+00,2.311111686860345849e+00,3.267789774969530381e+00,4.002460148775735860e+00
2.329441159963607788e-01,2.227911949157714844e+00,3.319581508636474609e+00,3.997900724411010742e+00,2.228256746164027025e+00,3.319940903158159262e+00,3.998391642559307346e+00
2.332360297441482544e-01,2.143832445144653320e+00,3.369542598724365234e+00,3.993724346160888672e+00,2.144164602065287362e+00,3.369914542858764239e+00,3.994216552331731673e+00
2.335279434919357300e-01,2.058589220046997070e+00,3.417301416397094727e+00,3.989453315734863281e+00,2.058907692011974433e+00,3.417671876645791862e+00,3.989935079752757296e+00
2.338198572397232056e-01,1.972241640090942383e+00,3.462805747985839844e+00,3.985067367553710938e+00,1.972558106229385322e+00,3.463175181402117442e+00,3.985544858552070746e+00
2.341117560863494873e-01,1.884842634201049805e+00,3.506021738052368164e+00,3.980555534362792969e+00,1.885150463896848594e+00,3.506412363770339713e+00,3.981045080921843393e+00
2.344036698341369629e-01,1.796465158462524414e+00,3.546948432922363281e+00,3.975943803787231445e+00,1.796758480493996224e+00,3.547348335373351702e+00,3.976433232144503283e+00
2.346955835819244385e-01,1.707169651985168457e+00,3.585561752319335938e+00,3.971231698989868164e+00,1.707457761703946364e+00,3.585951399689563779e+00,3.971707372017555304e+00
2.349874824285507202e-01,1.617009997367858887e+00,3.621810913085937500e+00,3.966388225555419922e+00,1.617284591949849304e+00,3.622213170563857165e+00,3.966867492665297146e+00
2.352793961763381958e-01,1.526052713394165039e+00,3.655684471130371094e+00,3.961422204971313477e+00,1.526315399684290641e+00,3.656104463205802180e+00,3.961910971385753211e+00
2.355713099241256714e-01,1.434362649917602539e+00,3.687181949615478516e+00,3.956350088119506836e+00,1.434628028623706530e+00,3.687599969517863840e+00,3.956835998079891503e+00
2.358632236719131470e-01,1.342013001441955566e+00,3.716282367706298828e+00,3.951171398162841797e+00,1.342245376074903795e+00,3.716697923314195684e+00,3.951640937985448243e+00
2.361551225185394287e-01,1.249055027961730957e+00,3.742933988571166992e+00,3.945844888687133789e+00,1.249288847807838554e+00,3.743361923842049244e+00,3.946325014254082220e+00
2.364470362663269043e-01,1.155561804771423340e+00,3.767150878906250000e+00,3.940399408340454102e+00,1.155781529788453055e+00,3.767592479154586282e+00,3.940886199014421720e+00
2.367389500141143799e-01,1.061595916748046875e+00,3.788930416107177734e+00,3.934841632843017578e+00,1.061803577841731627e+00,3.789371643443248949e+00,3.935322641162893209e+00
2.370308637619018555e-01,9.672321081161499023e-01,3.808258771896362305e+00,3.929169416427612305e+00,9.674362585754752164e-01,3.808685447233175925e+00,3.929633284464631782e+00
2.373227626085281372e-01,8.725280165672302246e-01,3.825083255767822266e+00,3.923336267471313477e+00,8.727170823858044768e-01,3.825532758767945296e+00,3.923816508744347509e+00
2.376146763563156128e-01,7.775530815124511719e-01,3.839442968368530273e+00,3.917385578155517578e+00,7.777276876659723337e-01,3.839901213112375977e+00,3.917869533639954494e+00
2.379065901041030884e-01,6.823765635490417480e-01,3.851332664489746094e+00,3.911317348480224609e+00,6.825501679800697330e-01,3.851785429440317543e+00,3.911793159953418808e+00
2.381985038518905640e-01,5.870614647865295410e-01,3.860738515853881836e+00,3.905117750167846680e+00,5.872224884049436211e-01,3.861185461761010629e+00,3.905583621048598797e+00
2.384904026985168457e-01,4.916868507862091064e-01,3.867632865905761719e+00,3.898761272430419922e+00,4.918270038142104617e-01,3.868098276027366555e+00,3.899240704892011244e+00
2.387823164463043213e-01,3.963028490543365479e-01,3.872053623199462891e+00,3.892281770706176758e+00,3.964461107646877758e-01,3.872522210552952870e+00,3.892762231368154691e+00
2.390742301940917969e-01,3.009907305240631104e-01,3.874001979827880859e+00,3.885677099227905273e+00,3.011030964351905093e-01,3.874464045227149267e+00,3.886146511962819350e+00
2.393661439418792725e-01,2.058089226484298706e-01,3.873462677001953125e+00,3.878926515579223633e+00,2.059248579781634836e-01,3.873924357288394571e+00,3.879393634722522410e+00
2.396580427885055542e-01,1.108409985899925232e-01,3.870435714721679688e+00,3.872022390365600586e+00,1.109344558891064980e-01,3.870911153038225638e+00,3.872500433598315528e+00
2.399499565362930298e-01,1.613246090710163116e-02,3.864955186843872070e+00,3.864988803863525391e+00,1.621412977159500737e-02,3.865431139293102891e+00,3.865465145441234540e+00
2.402418702840805054e-01,-7.823606580495834351e-02,3.857031583786010742e+00,3.857824802398681641e+00,-7.815425459074624992e-02,3.857496399084594518e+00,3.858288034408686507e+00
2.405337840318679810e-01,-1.721978932619094849e-01,3.846647739410400391e+00,3.850500106811523438e+00,-1.721332369966980524e-01,3.847117319976012251e+00,3.850966310543157523e+00
2.408256828784942627e-01,-2.656877040863037109e-01,3.833829402923583984e+00,3.843024253845214844e+00,-2.656415280377061316e-01,3.834308998730734164e+00,3.843499826872077918e+00
2.411175966262817383e-01,-3.586431741714477539e-01,3.818609952926635742e+00,3.835414648056030273e+00,-3.585982971008311315e-01,3.819087061162202978e+00,3.835885649940593112e+00
2.414095103740692139e-01,-4.510041773319244385e-01,3.801004648208618164e+00,3.827667713165283203e+00,-4.509670280046125246e-01,3.801468106431578509e+00,3.828123695044845842e+00
2.417014241218566895e-01,-5.426854491233825684e-01,3.780998229980468750e+00,3.819745779037475586e+00,-5.426678149023644870e-01,3.781471683553080609e+00,3.820211571476725965e+00
2.419933229684829712e-01,-6.336349844932556152e-01,3.758641481399536133e+00,3.811676740646362305e+00,-6.336215651415372241e-01,3.759122674905034600e+00,3.812148944204252210e+00
2.422852367162704468e-01,-7.237917780876159668e-01,3.733964920043945312e+00,3.803467750549316406e+00,-7.237929273952488085e-01,3.734438959857355744e+00,3.803933562333584817e+00
2.425771504640579224e-01,-8.130970597267150879e-01,3.706989288330078125e+00,3.795114994049072266e+00,-8.131041401922245448e-01,3.707448352391677027e+00,3.795564731163136862e+00
2.428690642118453979e-01,-9.014629721641540527e-01,3.677706003189086914e+00,3.786575794219970703e+00,-9.014923697259631385e-01,3.678177719590184136e+00,3.787041038801108428e+00
2.431609630584716797e-01,-9.888460040092468262e-01,3.646184206008911133e+00,3.777893304824829102e+00,-9.888957652807865983e-01,3.646655945604435178e+00,3.778361340608180630e+00
2.434528768062591553e-01,-1.075193285942077637e+00,3.612451314926147461e+00,3.769064426422119141e+00,-1.075239067479689448e+00,3.612916643128118999e+00,3.769523275220190150e+00
2.437447905540466309e-01,-1.160432577133178711e+00,3.576531648635864258e+00,3.760077476501464844e+00,-1.160489965971647663e+00,3.576985803236159001e+00,3.760527143589566634e+00
2.440367043018341064e-01,-1.244500160217285156e+00,3.538436889648437500e+00,3.750908613204956055e+00,-1.244575740418078169e+00,3.538901041925897939e+00,3.751371663562731662e+00
2.443286031484603882e-01,-1.327341198921203613e+00,3.498239040374755859e+00,3.741592168807983398e+00,-1.327424088898287557e+00,3.498702693067804237e+00,3.742054949658991436e+00
2.446205168962478638e-01,-1.408916234970092773e+00,3.455966472625732422e+00,3.732124328613281250e+00,-1.409004663405186930e+00,3.456418398107721224e+00,3.732575824316916702e+00
2.449124306440353394e-01,-1.489145517349243164e+00,3.411647081375122070e+00,3.722484350204467773e+00,-1.489248163173267692e+00,3.412092831855688235e+00,3.722934002197181513e+00
2.452043443918228149e-01,-1.567979335784912109e+00,3.365314722061157227e+00,3.712667942047119141e+00,-1.568099313064165834e+00,3.365766024113651333e+00,3.713127574526644992e+00
2.454962432384490967e-01,-1.645366430282592773e+00,3.317039489746093750e+00,3.702699184417724609e+00,-1.645492323585648897e+00,3.317487806601604028e+00,3.703156806554324110e+00
2.457881569862365723e-01,-1.721270918846130371e+00,3.266854286193847656e+00,3.692574977874755859e+00,-1.721399340079954765e+00,3.267288417726999850e+00,3.693018994351465523e+00
2.460800707340240479e-01,-1.795610308647155762e+00,3.214788436889648438e+00,3.682265996932983398e+00,-1.795756611447440365e+00,3.215220495850337645e+00,3.682714303946653445e+00
2.463719695806503296e-01,-1.868344426155090332e+00,3.160902261734008789e+00,3.671786308288574219e+00,-1.868514588800519682e+00,3.161330505707677041e+00,3.672241459228727578e+00
2.466638833284378052e-01,-1.939446330070495605e+00,3.105246305465698242e+00,3.661148309707641602e+00,-1.939612711568108994e+00,3.105674705105955891e+00,3.661599765787019400e+00
2.469557970762252808e-01,-2.008858680725097656e+00,3.047878265380859375e+00,3.650352716445922852e+00,-2.009027623911302296e+00,3.048287868893785113e+00,3.650787712985199995e+00
2.472477108240127563e-01,-2.076514482498168945e+00,2.988815784454345703e+00,3.639358758926391602e+00,-2.076702200051862679e+00,2.989228652249672713e+00,3.639804934763763100e+00
2.475396096706390381e-01,-2.142383575439453125e+00,2.928144931793212891e+00,3.628200531005859375e+00,-2.142581978451674196e+00,2.928558700284245919e+00,3.628651760006248228e+00
2.478315234184265137e-01,-2.206441879272460938e+00,2.865910053253173828e+00,3.616880655288696289e+00,-2.206645256538681821e+00,2.866314042796015205e+00,3.617324906631183890e+00
2.481234371662139893e-01,-2.268636941909790039e+00,2.802172660827636719e+00,3.605396509170532227e+00,-2.268841912832965768e+00,2.802558939475868538e+00,3.605825874146400878e+00
2.484153509140014648e-01,-2.328904151916503906e+00,2.736960887908935547e+00,3.593709468841552734e+00,-2.329131397975246820e+00,2.737349321283496728e+00,3.594152803619421466e+00
2.487072497606277466e-01,-2.387232542037963867e+00,2.670364618301391602e+00,3.581860780715942383e+00,-2.387467701700106026e+00,2.670752365138541862e+00,3.582306550611532803e+00
2.489991635084152222e-01,-2.443594694137573242e+00,2.602433681488037109e+00,3.569848060607910156e+00,-2.443834053964175190e+00,2.602807162181030254e+00,3.570284303359585465e+00
2.492910772562026978e-01,-2.497945070266723633e+00,2.533221006393432617e+00,3.557659149169921875e+00,-2.498187433630824739e+00,2.533583263135815944e+00,3.558087211521507420e+00
2.495829910039901733e-01,-2.550230741500854492e+00,2.462782621383666992e+00,3.545275211334228516e+00,-2.550495552647848108e+00,2.463140690212476169e+00,3.545714261450976679e+00
2.498748898506164551e-01,-2.600451231002807617e+00,2.391193151473999023e+00,3.532725811004638672e+00,-2.600719084485711541e+00,2.391551119683656523e+00,3.533165226035763773e+00
2.501668035984039307e-01,-2.648579359054565430e+00,2.318514108657836914e+00,3.520011425018310547e+00,-2.648848070271332400e+00,2.318856644218387775e+00,3.520439210640616157e+00
2.504587173461914062e-01,-2.694568872451782227e+00,2.244799375534057617e+00,3.507110834121704102e+00,-2.694846676337420810e+00,2.245130049758165658e+00,3.507535822952339899e+00
2.507506310939788818e-01,-2.738396644592285156e+00,2.170106887817382812e+00,3.494020462036132812e+00,-2.738682648302915634e+00,2.170446039686205530e+00,3.494455416700148032e+00
2.510425448417663574e-01,-2.780054569244384766e+00,2.094522476196289062e+00,3.480765342712402344e+00,-2.780357378128463175e+00,2.094837389429934138e+00,3.481196753742454408e+00
2.513344585895538330e-01,-2.819530248641967773e+00,2.018096208572387695e+00,3.467342376708984375e+00,-2.819819353869343459e+00,2.018411866439961067e+00,3.467761187141030099e+00
2.516263425350189209e-01,-2.856765508651733398e+00,1.940905451774597168e+00,3.453726053237915039e+00,-2.857066379020188673e+00,1.941214011382447424e+00,3.454148249875078402e+00
2.519182562828063965e-01,-2.891769886016845703e+00,1.863001108169555664e+00,3.439928531646728516e+00,-2.892087922803571853e+00,1.863298364431870580e+00,3.440356572816364977e+00
2.522101700305938721e-01,-2.924541234970092773e+00,1.784454345703125000e+00,3.425962209701538086e+00,-2.924862123523500834e+00,1.784742663682184149e+00,3.426386553964654524e+00
2.525020837783813477e-01,-2.955063343048095703e+00,1.705340147018432617e+00,3.411830186843872070e+00,-2.955376784924836464e+00,1.705613452640508676e+00,3.412238149763427320e+00
2.527939975261688232e-01,-2.983289003372192383e+00,1.625714302062988281e+00,3.397493362426757812e+00,-2.983621728495534864e+00,1.625978325844719574e+00,3.397911731470887098e+00
2.530859112739562988e-01,-3.009244203567504883e+00,1.545652031898498535e+00,3.382985591888427734e+00,-3.009583002296846832e+00,1.545916329512372345e+00,3.383407623324022229e+00
2.533778250217437744e-01,-3.032927274703979492e+00,1.465218782424926758e+00,3.368310451507568359e+00,-3.033265973027439610e+00,1.465471844221966080e+00,3.368725306304066969e+00
2.536697387695312500e-01,-3.054328680038452148e+00,1.384486675262451172e+00,3.353464841842651367e+00,-3.054661274938922144e+00,1.384724253081556888e+00,3.353865942712045634e+00
2.539616227149963379e-01,-3.073412656784057617e+00,1.303517103195190430e+00,3.338416337966918945e+00,-3.073762099768037714e+00,1.303753367672375374e+00,3.338830077989516365e+00
2.542535364627838135e-01,-3.090218782424926758e+00,1.222380876541137695e+00,3.323201417922973633e+00,-3.090577204901886699e+00,1.222602607636152028e+00,3.323616192591718921e+00
2.545454502105712891e-01,-3.104749202728271484e+00,1.141144990921020508e+00,3.307820796966552734e+00,-3.105104660743979395e+00,1.141351393035935580e+00,3.308225801930553267e+00
2.548373639583587646e-01,-3.116995811462402344e+00,1.059867501258850098e+00,3.292260885238647461e+00,-3.117348483454192021e+00,1.060067515570237928e+00,3.292659214808208556e+00
2.551292777061462402e-01,-3.126946210861206055e+00,9.786331653594970703e-01,3.276509523391723633e+00,-3.127315379874421097e+00,9.788180444340366382e-01,3.276917186824953809e+00
2.554211914539337158e-01,-3.134640693664550781e+00,8.974950313568115234e-01,3.260593414306640625e+00,-3.135010222047536654e+00,8.976815962246519343e-01,3.261000052214502176e+00
2.557131052017211914e-01,-3.140088081359863281e+00,8.165262937545776367e-01,3.244513511657714844e+00,-3.140451156308245562e+00,8.167010488701264004e-01,3.244908946085138357e+00
2.560050189495086670e-01,-3.143280029296875000e+00,7.357920408248901367e-01,3.228250265121459961e+00,-3.143646280633222378e+00,7.359539801706697082e-01,3.228643708845579940e+00
2.562969028949737549e-01,-3.144232273101806641e+00,6.553666591644287109e-01,3.211806535720825195e+00,-3.144610067809311627e+00,6.555183295715792946e-01,3.212207458893649559e+00
2.565888166427612305e-01,-3.142982482910156250e+00,5.752927064895629883e-01,3.195199489593505859e+00,-3.143360755213620905e+00,5.754343851045138347e-01,3.195597216324008727e+00
2.568807303905487061e-01,-3.139548778533935547e+00,4.956493377685546875e-01,3.178432941436767578e+00,-3.139916586131574316e+00,4.957785870693847130e-01,3.178816222316205753e+00
2.571726441383361816e-01,-3.133921384811401367e+00,4.164937138557434082e-01,3.161476135253906250e+00,-3.134296438481264602e+00,4.166265253975972582e-01,3.161865244747349202e+00
2.574645578861236572e-01,-3.126142501831054688e+00,3.379011452198028564e-01,3.144351243972778320e+00,-3.126526214826944372e+00,3.380169984499020730e-01,3.144745087163851593e+00
2.577564716339111328e-01,-3.116247653961181641e+00,2.599219381809234619e-01,3.127068758010864258e+00,-3.116628151688119797e+00,2.600236944547265616e-01,3.127456371809651525e+00
2.580483853816986084e-01,-3.104261159896850586e+00,1.826082915067672729e-01,3.109627246856689453e+00,-3.104629446829084927e+00,1.827077582893983643e-01,3.110000985057304934e+00
2.583402693271636963e-01,-3.090179443359375000e+00,1.060563847422599792e-01,3.091998815536499023e+00,-3.090559866761522390e+00,1.061409042953345844e-01,3.092381959202586739e+00
2.586321830749511719e-01,-3.074061632156372070e+00,3.028658591210842133e-02,3.074210882186889648e+00,-3.074446833964007197e+00,3.035829025522930602e-02,3.074596715125176960e+00
2.589240968227386475e-01,-3.055944204330444336e+00,-4.463165998458862305e-02,3.056269884109497070e+00,-3.056323307092274177e+00,-4.457032881534732371e-02,3.056648274120881137e+00
2.592160105705261230e-01,-3.035855054855346680e+00,-1.186420470476150513e-01,3.038172721862792969e+00,-3.036222889675200598e+00,-1.185882526140658172e-01,3.038537906534273247e+00
2.595079243183135986e-01,-3.013802766799926758e+00,-1.916753500699996948e-01,3.019891738891601562e+00,-3.014182653589472238e+00,-1.916285751136797555e-01,3.020267964932875415e+00
2.597998380661010742e-01,-2.989856243133544922e+00,-2.636963427066802979e-01,3.001462221145629883e+00,-2.990237658582377112e+00,-2.636602052213742886e-01,3.001839096057880685e+00
2.600917518138885498e-01,-2.964055538177490234e+00,-3.346447348594665527e-01,2.982886552810668945e+00,-2.964427469953939021e+00,-3.346186677311476787e-01,2.983253237224704701e+00
2.603836655616760254e-01,-2.936427831649780273e+00,-4.044681191444396973e-01,2.964153051376342773e+00,-2.936793155183937021e+00,-4.044527176965106996e-01,2.964512782429402638e+00
2.606755495071411133e-01,-2.907004594802856445e+00,-4.731069803237915039e-01,2.945251464843750000e+00,-2.907379427251899351e+00,-4.731013832897701388e-01,2.945620486905649482e+00
2.609674632549285889e-01,-2.875851392745971680e+00,-5.405294895172119141e-01,2.926208019256591797e+00,-2.876222448748050997e+00,-5.405379822630487219e-01,2.926574257549471980e+00
2.612593770027160645e-01,-2.843008995056152344e+00,-6.066946387290954590e-01,2.907022237777709961e+00,-2.843373668088024164e+00,-6.066937831095171596e-01,2.907378744305613161e+00
2.615512907505035400e-01,-2.808512687683105469e+00,-6.715328097343444824e-01,2.887680768966674805e+00,-2.808871935565209643e+00,-6.715558994486104938e-01,2.888035470088634149e+00
2.618432044982910156e-01,-2.772408723831176758e+00,-7.350088357925415039e-01,2.868185281753540039e+00,-2.772774341695011913e+00,-7.350374540837902870e-01,2.868546253569599358e+00
2.621351182460784912e-01,-2.734762191772460938e+00,-7.970897555351257324e-01,2.848556995391845703e+00,-2.735122429833672708e+00,-7.971287080599861463e-01,2.848913632139914220e+00
2.624270319938659668e-01,-2.695620775222778320e+00,-8.577373027801513672e-01,2.828795671463012695e+00,-2.695968635089323495e+00,-8.577785483338791206e-01,2.829139607613446294e+00
2.627189457416534424e-01,-2.655016422271728516e+00,-9.168907999992370605e-01,2.808878898620605469e+00,-2.655363832816221237e+00,-9.169483539720191256e-01,2.809226115584227301e+00
2.630108296871185303e-01,-2.613015651702880859e+00,-9.745256304740905762e-01,2.788825988769531250e+00,-2.613366192747145877e+00,-9.745919718510299701e-01,2.789177722733026776e+00
2.633027434349060059e-01,-2.569676637649536133e+00,-1.030617833137512207e+00,2.768647909164428711e+00,-2.570018096881330649e+00,-1.030693370695731081e+00,2.768992929332551256e+00
2.635946571826934814e-01,-2.525052547454833984e+00,-1.085133910179138184e+00,2.748346090316772461e+00,-2.525383437727479752e+00,-1.085200446182503775e+00,2.748676320693829833e+00
2.638865709304809570e-01,-2.479172706604003906e+00,-1.138018369674682617e+00,2.727889776229858398e+00,-2.479508938370787341e+00,-1.138101292091627803e+00,2.728230035484775939e+00
2.641784846782684326e-01,-2.432123184204101562e+00,-1.189259171485900879e+00,2.707316160202026367e+00,-2.432454759616673012e+00,-1.189356980311082834e+00,2.707656954674373839e+00
2.644703984260559082e-01,-2.383952140808105469e+00,-1.238839983940124512e+00,2.686624765396118164e+00,-2.384277291546655242e+00,-1.238940048246097714e+00,2.686959368158196693e+00
2.647623121738433838e-01,-2.334720611572265625e+00,-1.286723732948303223e+00,2.665816783905029297e+00,-2.335034150621319249e+00,-1.286825213981257710e+00,2.666140209348663248e+00
2.650542259216308594e-01,-2.284470081329345703e+00,-1.332868456840515137e+00,2.644870758056640625e+00,-2.284788510050675292e+00,-1.332980483971647478e+00,2.645202356400899735e+00
2.653461098670959473e-01,-2.233281373977661133e+00,-1.377274513244628906e+00,2.623819828033447266e+00,-2.233590510564009257e+00,-1.377403198623162961e+00,2.624150555981671129e+00
2.656380236148834229e-01,-2.181200742721557617e+00,-1.419933080673217773e+00,2.602661609649658203e+00,-2.181500511846357071e+00,-1.420062696375283151e+00,2.602983393113094124e+00
2.659299373626708984e-01,-2.128289699554443359e+00,-1.460808157920837402e+00,2.581390857696533203e+00,-2.128585845514266328e+00,-1.460935374686084476e+00,2.581706774738923738e+00
2.662218511104583740e-01,-2.074601650238037109e+00,-1.499877214431762695e+00,2.560000658035278320e+00,-2.074894328544920175e+00,-1.500021712045455313e+00,2.560322559998184033e+00
2.665137648582458496e-01,-2.020204782485961914e+00,-1.537149190902709961e+00,2.538514137268066406e+00,-2.020491723325648525e+00,-1.537300230859631744e+00,2.538834142638807023e+00
2.668056786060333252e-01,-1.965163707733154297e+00,-1.572609424591064453e+00,2.516936540603637695e+00,-1.965438788053954999e+00,-1.572760234569125171e+00,2.517245396267302482e+00
2.670975923538208008e-01,-1.909523010253906250e+00,-1.606234908103942871e+00,2.495249271392822266e+00,-1.909794849090252322e+00,-1.606392028280286377e+00,2.495558397259842298e+00
2.673895061016082764e-01,-1.853356719017028809e+00,-1.638016700744628906e+00,2.473465204238891602e+00,-1.853627276602852980e+00,-1.638182115452389676e+00,2.473777420050998543e+00
2.676813900470733643e-01,-1.796725034713745117e+00,-1.667967200279235840e+00,2.451598644256591797e+00,-1.796991697749743766e+00,-1.668134189444133941e+00,2.451907591197911351e+00
2.679733037948608398e-01,-1.739682078361511230e+00,-1.696086287498474121e+00,2.429650545120239258e+00,-1.739938483058577789e+00,-1.696249098880393547e+00,2.429947927483371739e+00
2.682652175426483154e-01,-1.682287096977233887e+00,-1.722343444824218750e+00,2.407603979110717773e+00,-1.682535260966603552e+00,-1.722520002244100290e+00,2.407903665541246685e+00
2.685571312904357910e-01,-1.624600648880004883e+00,-1.746760845184326172e+00,2.385477066040039062e+00,-1.624842251494708067e+00,-1.746948485175628063e+00,2.385778982240352786e+00
2.688490450382232666e-01,-1.566684365272521973e+00,-1.769348263740539551e+00,2.363280057907104492e+00,-1.566918560785460102e+00,-1.769537359354354855e+00,2.363577001556065316e+00
2.691409587860107422e-01,-1.508599996566772461e+00,-1.790109634399414062e+00,2.341018199920654297e+00,-1.508830188404585160e+00,-1.790286257340475862e+00,2.341301650933340639e+00
2.694328725337982178e-01,-1.450399637222290039e+00,-1.809019446372985840e+00,2.318665742874145508e+00,-1.450621725476668455e+00,-1.809213328998132031e+00,2.318955855606011696e+00
2.697247564792633057e-01,-1.392148137092590332e+00,-1.826118946075439453e+00,2.296254873275756836e+00,-1.392359515091039501e+00,-1.826324081978400571e+00,2.296546248539053980e+00
2.700166702270507812e-01,-1.333897233009338379e+00,-1.841421127319335938e+00,2.273788213729858398e+00,-1.334105109411629186e+00,-1.841620242718499334e+00,2.274071582283363480e+00
2.703085839748382568e-01,-1.275698900222778320e+00,-1.854932665824890137e+00,2.251262426376342773e+00,-1.275902840593236443e+00,-1.855127223827950811e+00,2.251538379690981362e+00
2.706004977226257324e-01,-1.217622756958007812e+00,-1.866644740104675293e+00,2.228669404983520508e+00,-1.217815553732512601e+00,-1.866854460358119416e+00,2.228950492736846645e+00
2.708924114704132080e-01,-1.159712910652160645e+00,-1.876603126525878906e+00,2.206031084060668945e+00,-1.159898199240180894e+00,-1.876817860727274745e+00,2.206311200838521280e+00
2.711843252182006836e-01,-1.102028012275695801e+00,-1.884824991226196289e+00,2.183353185653686523e+00,-1.102205436460965249e+00,-1.885036072083476677e+00,2.183624925947679873e+00
2.714762389659881592e-01,-1.044621944427490234e+00,-1.891317367553710938e+00,2.160628795623779297e+00,-1.044797353172354448e+00,-1.891525178367529536e+00,2.160895418476857177e+00
2.717681527137756348e-01,-9.875468611717224121e-01,-1.896095871925354004e+00,2.137856006622314453e+00,-9.877123058088591590e-01,-1.896314802351665163e+00,2.138126616611908837e+00
2.720600366592407227e-01,-9.308580756187438965e-01,-1.899202823638916016e+00,2.115057229995727539e+00,-9.310169635446422509e-01,-1.899423053055321331e+00,2.115325157247907484e+00
2.723519504070281982e-01,-8.745920062065124512e-01,-1.900663375854492188e+00,2.092231512069702148e+00,-8.747449659085149154e-01,-1.900877749030074337e+00,2.092490136688804458e+00
2.726438641548156738e-01,-8.188107609748840332e-01,-1.900485157966613770e+00,2.069370746612548828e+00,-8.189533350357176555e-01,-1.900703572177357525e+00,2.069627655945361688e+00
2.729357779026031494e-01,-7.635556459426879883e-01,-1.898702740669250488e+00,2.046482086181640625e+00,-7.636904633714880486e-01,-1.898929085641346548e+00,2.046742484080310120e+00
2.732276916503906250e-01,-7.088776826858520508e-01,-1.895357966423034668e+00,2.023583412170410156e+00,-7.090098029163737214e-01,-1.895580982538132009e+00,2.023838472307448288e+00
2.735196053981781006e-01,-6.548113822937011719e-01,-1.890480399131774902e+00,2.000673294067382812e+00,-6.549351450933648122e-01,-1.890698672458359875e+00,2.000920166901785979e+00
2.738115191459655762e-01,-6.014208793640136719e-01,-1.884080529212951660e+00,1.977742671966552734e+00,-6.015391811509698261e-01,-1.884303659276463039e+00,1.977991321220204268e+00
2.741034328937530518e-01,-5.487367510795593262e-01,-1.876209378242492676e+00,1.954807877540588379e+00,-5.488427557252124611e-01,-1.876437016227449517e+00,1.955056072439002701e+00
2.743953168392181396e-01,-4.967980384826660156e-01,-1.866907000541687012e+00,1.931877255439758301e+00,-4.969019204098190645e-01,-1.867132181351645270e+00,1.932121657956848093e+00
2.746872305870056152e-01,-4.456397891044616699e-01,-1.856207847595214844e+00,1.908953309059143066e+00,-4.457405653907103305e-01,-1.856423718764744324e+00,1.909186652799341521e+00
2.749791443347930908e-01,-3.953181207180023193e-01,-1.844124674797058105e+00,1.886020302772521973e+00,-3.954047634002437195e-01,-1.844349449082375969e+00,1.886258152334951976e+00
2.752710580825805664e-01,-3.458544015884399414e-01,-1.830721259117126465e+00,1.863103747367858887e+00,-3.459308677896597017e-01,-1.830947901558212854e+00,1.863340651494012290e+00
2.755629718303680420e-01,-2.972819507122039795e-01,-1.816035985946655273e+00,1.840207338333129883e+00,-2.973608776714366519e-01,-1.816257116376711167e+00,1.840438372877117645e+00
2.758548855781555176e-01,-2.496405243873596191e-01,-1.800104379653930664e+00,1.817332267761230469e+00,-2.497140503785687249e-01,-1.800319455140976910e+00,1.817555294211313344e+00
2.761467993259429932e-01,-2.029661089181900024e-01,-1.782953023910522461e+00,1.794468522071838379e+00,-2.030291306088306547e-01,-1.783175273452286103e+00,1.794696320753851992e+00
2.764387130737304688e-01,-1.572832018136978149e-01,-1.764644622802734375e+00,1.771640181541442871e+00,-1.573360601068419240e-01,-1.764866014873346156e+00,1.771865312676127013e+00
2.767305970191955566e-01,-1.126157641410827637e-01,-1.745219945907592773e+00,1.748849511146545410e+00,-1.126700102479035598e-01,-1.745436891362593945e+00,1.749069602085285169e+00
2.770225107669830322e-01,-6.899655610322952271e-02,-1.724712491035461426e+00,1.726092100143432617e+00,-6.904376509384073379e-02,-1.724926591956081445e+00,1.726307848888938956e+00
2.773144245147705078e-01,-2.645591273903846741e-02,-1.703164577484130859e+00,1.703370094299316406e+00,-2.648919659289951031e-02,-1.703381032443090470e+00,1.703586986104034029e+00
2.776063382625579834e-01,1.499812863767147064e-02,-1.680629849433898926e+00,1.680696725845336914e+00,1.497054516206244683e-02,-1.680844689692462035e+00,1.680911356404554358e+00
2.778982520103454590e-01,5.534015223383903503e-02,-1.657155036926269531e+00,1.658078789710998535e+00,5.530771352959207993e-02,-1.657362967135546539e+00,1.658285544774546594e+00
2.781901657581329346e-01,9.453866630792617798e-02,-1.632773399353027344e+00,1.635508060455322266e+00,9.451536391678762306e-02,-1.632980238004376305e+00,1.635713181376598380e+00
2.784820795059204102e-01,1.325810849666595459e-01,-1.607535719871520996e+00,1.612993836402893066e+00,1.325692003481885872e-01,-1.607743245075047289e+00,1.613199595513649109e+00
2.787739634513854980e-01,1.694569289684295654e-01,-1.581495404243469238e+00,1.590548157691955566e+00,1.694472405013969785e-01,-1.581699790622778989e+00,1.590750324522890446e+00
2.790658771991729736e-01,2.051562666893005371e-01,-1.554694771766662598e+00,1.568172454833984375e+00,2.051468292646135561e-01,-1.554891096097683834e+00,1.568365882784109822e+00
2.793577909469604492e-01,2.396493703126907349e-01,-1.527166962623596191e+00,1.545855879783630371e+00,2.396493473411431818e-01,-1.527365502890434490e+00,1.546052130136880587e+00
2.796497046947479248e-01,2.729333341121673584e-01,-1.498973488807678223e+00,1.523618817329406738e+00,2.729381844895306108e-01,-1.499170576003143296e+00,1.523813528128044048e+00
2.799416184425354004e-01,3.050065040588378906e-01,-1.470159292221069336e+00,1.501465082168579102e+00,3.050157476230281328e-01,-1.470350801675093022e+00,1.501654449693611504e+00
2.802335321903228760e-01,3.358635902404785156e-01,-1.440766096115112305e+00,1.479395508766174316e+00,3.358686223952537797e-01,-1.440953027684818810e+00,1.479578777728219441e+00
2.805254459381103516e-01,3.654712140560150146e-01,-1.410837411880493164e+00,1.457405686378479004e+00,3.654911485729281928e-01,-1.411023363356807003e+00,1.457590721575818149e+00
2.808173596858978271e-01,3.938522934913635254e-01,-1.380423903465270996e+00,1.435510277748107910e+00,3.938793001234442426e-01,-1.380607813001332396e+00,1.435694548428061657e+00
2.811092436313629150e-01,4.209993779659271240e-01,-1.349576234817504883e+00,1.413717150688171387e+00,4.210258404486767470e-01,-1.349754855330502101e+00,1.413895656621725117e+00
2.814011573791503906e-01,4.469122886657714844e-01,-1.318330049514770508e+00,1.392021894454956055e+00,4.469396370113653538e-01,-1.318503469902213787e+00,1.392194828059646339e+00
2.816930711269378662e-01,4.715772271156311035e-01,-1.286730527877807617e+00,1.370423436164855957e+00,4.716166252762969413e-01,-1.286901642077560526e+00,1.370597708161999329e+00
2.819849848747253418e-01,4.950152337551116943e-01,-1.254825472831726074e+00,1.348935484886169434e+00,4.950546124589936814e-01,-1.254995720224718392e+00,1.349108345204077519e+00
2.822768986225128174e-01,5.172277092933654785e-01,-1.222661733627319336e+00,1.327564001083374023e+00,5.172671069513384845e-01,-1.222825670520631958e+00,1.327730349287098432e+00
2.825688123703002930e-01,5.382133722305297852e-01,-1.190274834632873535e+00,1.306303143501281738e+00,5.382549930195199561e-01,-1.190436978752000607e+00,1.306468001097093490e+00
2.828607261180877686e-01,5.579730272293090820e-01,-1.157714605331420898e+00,1.285160303115844727e+00,5.580251301168377420e-01,-1.157872007926951774e+00,1.285324718731692517e+00
2.831526398658752441e-01,5.765298008918762207e-01,-1.125021219253540039e+00,1.264143705368041992e+00,5.765860910457636379e-01,-1.125173046876668748e+00,1.264304514666130697e+00
2.834445238113403320e-01,5.938934087753295898e-01,-1.092235684394836426e+00,1.243257045745849609e+00,5.939449046089370077e-01,-1.092385804504822922e+00,1.243413565791594788e+00
2.837364375591278076e-01,6.100607514381408691e-01,-1.059396505355834961e+00,1.222495555877685547e+00,6.101149246913736279e-01,-1.059544145877348686e+00,1.222650407268619288e+00
2.840283513069152832e-01,6.250520348548889160e-01,-1.026544094085693359e+00,1.201866388320922852e+00,6.251177170514766734e-01,-1.026685175101649028e+00,1.202021051789507355e+00
2.843202650547027588e-01,6.388877034187316895e-01,-9.937185049057006836e-01,1.181378006935119629e+00,6.389513468700493970e-01,-9.938571718567744684e-01,1.181529052422409132e+00
2.846121788024902344e-01,6.515831351280212402e-01,-9.609563946723937988e-01,1.161033034324645996e+00,6.516427427999308408e-01,-9.610909900431185982e-01,1.161177917196963616e+00
2.849040925502777100e-01,6.631362438201904297e-01,-9.282968044281005859e-01,1.140826344490051270e+00,6.632045150740745187e-01,-9.284260129601893397e-01,1.140971117231190934e+00
2.851960062980651855e-01,6.735808253288269043e-01,-8.957726359367370605e-01,1.120767474174499512e+00,6.736508430916067214e-01,-8.959008347957547747e-01,1.120912023392452772e+00
2.854879200458526611e-01,6.829369068145751953e-01,-8.634222149848937988e-01,1.100863575935363770e+00,6.830106261625873421e-01,-8.635424927928070371e-01,1.101003702223487091e+00
2.857798039913177490e-01,6.912224888801574707e-01,-8.312798738479614258e-01,1.081117391586303711e+00,6.912912110664691800e-01,-8.313968255859837120e-01,1.081251228943669762e+00
2.860717177391052246e-01,6.984438300132751465e-01,-7.993730902671813965e-01,1.061518311500549316e+00,6.985181849456498782e-01,-7.994887099629055527e-01,1.061654299693603587e+00
2.863636314868927002e-01,7.046387195587158203e-01,-7.677388787269592285e-01,1.042083859443664551e+00,7.047197498556919681e-01,-7.678454867877667622e-01,1.042217164230666349e+00
2.866555452346801758e-01,7.098307609558105469e-01,-7.364015579223632812e-01,1.022813320159912109e+00,7.099072134259417632e-01,-7.365090002482422848e-01,1.022943673483956317e+00
2.869474589824676514e-01,7.140371203422546387e-01,-7.053964734077453613e-01,1.003709673881530762e+00,7.141123035698490051e-01,-7.055000152396213586e-01,1.003835969475562306e+00
2.872393727302551270e-01,7.172746062278747559e-01,-6.747527122497558594e-01,9.847711324691772461e-01,7.173566693086191881e-01,-6.748496625011675132e-01,9.848972829587334665e-01
2.875312864780426025e-01,7.195812463760375977e-01,-6.444929242134094238e-01,9.660063982009887695e-01,7.196627622758259291e-01,-6.445876603986483433e-01,9.661302931513301440e-01
2.878232002258300781e-01,7.209823131561279297e-01,-6.146417856216430664e-01,9.474174976348876953e-01,7.210634912839886113e-01,-6.147313219517763772e-01,9.475374170191028789e-01
2.881150841712951660e-01,7.214959859848022461e-01,-5.852318406105041504e-01,9.290063381195068359e-01,7.215771109173352293e-01,-5.853173704548155776e-01,9.291232163475133810e-01
2.884069979190826416e-01,7.211489677429199219e-01,-5.562778115272521973e-01,9.107694029808044434e-01,7.212327069571975446e-01,-5.563612353065785499e-01,9.108866239750526006e-01
2.886989116668701172e-01,7.199768424034118652e-01,-5.278050303459167480e-01,8.927176594734191895e-01,7.200609685557435302e-01,-5.278832558540766939e-01,8.928317480066085832e-01
2.889908254146575928e-01,7.180071473121643066e-01,-4.998310804367065430e-01,8.748516440391540527e-01,7.180874828166937673e-01,-4.999068797318408364e-01,8.749608684856944318e-01
2.892827391624450684e-01,7.152575254440307617e-01,-4.723793566226959229e-01,8.571671843528747559e-01,7.153389429194643157e-01,-4.724542368756310950e-01,8.572763902026413474e-01
2.895746529102325439e-01,7.117632031440734863e-01,-4.454700648784637451e-01,8.396728038787841797e-01,7.118491096890791070e-01,-4.455351618713260797e-01,8.397801708952428168e-01
2.898665666580200195e-01,7.075564861297607422e-01,-4.191120564937591553e-01,8.223692178726196289e-01,7.076402353544872792e-01,-4.191776122969282370e-01,8.224746642562967835e-01
2.901584506034851074e-01,7.026670575141906738e-01,-3.933261930942535400e-01,8.052617311477661133e-01,7.027464049773400889e-01,-3.933923918022955157e-01,8.053633239951434319e-01
2.904503643512725830e-01,6.971121430397033691e-01,-3.681303262710571289e-01,7.883433699607849121e-01,6.971966384424101992e-01,-3.681865315758548474e-01,7.884443383582984133e-01
2.907422780990600586e-01,6.909316778182983398e-01,-3.435315191745758057e-01,7.716220021247863770e-01,6.910159324170364048e-01,-3.435846595528305181e-01,7.717210876568170175e-01
2.910341918468475342e-01,6.841558218002319336e-01,-3.195394873619079590e-01,7.550991177558898926e-01,6.842386101999157200e-01,-3.195907981337410830e-01,7.551958381374156426e-01
2.913261055946350098e-01,6.768131852149963379e-01,-2.961675226688385010e-01,7.387768626213073730e-01,6.768924194594480026e-01,-2.962178770504811376e-01,7.388696625291630848e-01
2.916180193424224854e-01,6.689249873161315918e-01,-2.734327912330627441e-01,7.226521372795104980e-01,6.690060938550511649e-01,-2.734777872353294503e-01,7.227442519496959372e-01
2.919099330902099609e-01,6.605296134948730469e-01,-2.513321638107299805e-01,7.067299485206604004e-01,6.606123107883116186e-01,-2.513709786257530832e-01,7.068210481163824666e-01
2.922018468379974365e-01,6.516571044921875000e-01,-2.298749685287475586e-01,6.910133361816406250e-01,6.517361783203221570e-01,-2.299142909918999722e-01,6.911010254180547374e-01
2.924937307834625244e-01,6.423332095146179199e-01,-2.090689837932586670e-01,6.755011677742004395e-01,6.424107504270998303e-01,-2.091088963668910616e-01,6.755872281238661792e-01
2.927856445312500000e-01,6.325840950012207031e-01,-1.889235377311706543e-01,6.601929664611816406e-01,6.326625571574276963e-01,-1.889558234161660966e-01,6.602773768893318573e-01
2.930775582790374756e-01,6.224433183670043945e-01,-1.694322377443313599e-01,6.450914740562438965e-01,6.225214346365853801e-01,-1.694615080653931183e-01,6.451745029817822497e-01
2.933694720268249512e-01,6.119400262832641602e-01,-1.505991965532302856e-01,6.301989555358886719e-01,6.120154087270278653e-01,-1.506281710889988135e-01,6.302790702894454089e-01
2.936613857746124268e-01,6.010985970497131348e-01,-1.324314922094345093e-01,6.155140995979309082e-01,6.011728082171843290e-01,-1.324569345411041044e-01,6.155920604164432097e-01
2.939532995223999023e-01,5.899468064308166504e-01,-1.149282455444335938e-01,6.010372042655944824e-01,5.900209275478139892e-01,-1.149502196530096249e-01,6.011141721359245516e-01
2.942452132701873779e-01,5.785149335861206055e-01,-9.808259457349777222e-02,5.867705941200256348e-01,5.785879973529318709e-01,-9.810250618792190624e-02,5.868459528711325035e-01
2.945371270179748535e-01,5.668302774429321289e-01,-8.189396560192108154e-02,5.727156400680541992e-01,5.669003641948966443e-01,-8.191418810185921440e-02,5.727878814506232041e-01
2.948290109634399414e-01,5.549164414405822754e-01,-6.636855751276016235e-02,5.588712096214294434e-01,5.549856440172348249e-01,-6.638463848006456725e-02,5.589418442837803536e-01
2.951209247112274170e-01,5.427984595298767090e-01,-5.149338021874427795e-02,5.452355146408081055e-01,5.428674546101114329e-01,-5.150539018302554423e-02,5.453053075963657514e-01
2.954128384590148926e-01,5.305054187774658203e-01,-3.726401180028915405e-02,5.318125486373901367e-01,5.305723170738666505e-01,-3.727409225066893872e-02,5.318800067667923681e-01
2.957047522068023682e-01,5.180594921112060547e-01,-2.367237210273742676e-02,5.186000466346740723e-01,5.181249021694681600e-01,-2.368710456162340106e-02,5.186660709653507784e-01
2.959966659545898438e-01,5.054851174354553223e-01,-1.072574034333229065e-02,5.055989027023315430e-01,5.055494559537738741e-01,-1.073206432263411683e-02,5.056633560183908527e-01
2.962885797023773193e-01,4.928061962127685547e-01,1.595201785676181316e-03,4.928087890148162842e-01,4.928694278252770400e-01,1.590436919237754468e-03,4.928719939034982289e-01
2.965804934501647949e-01,4.800463020801544189e-01,1.329833362251520157e-02,4.802304506301879883e-01,4.801075916837669877e-01,1.329416868287998377e-02,4.802916140360515840e-01
2.968724071979522705e-01,4.672269523143768311e-01,2.439106255769729614e-02,4.678632020950317383e-01,4.672864347847314193e-01,2.438591657355897516e-02,4.679223066503216399e-01
2.971642911434173584e-01,4.543704688549041748e-01,3.487339988350868225e-02,4.557067751884460449e-01,4.544287223802556119e-01,3.487343338640306462e-02,4.557648736797377254e-01
2.974562048912048340e-01,4.414957761764526367e-01,4.476737976074218750e-02,4.437596797943115234e-01,4.415523626919372613e-01,4.477009065675770921e-02,4.438162345118150665e-01
2.977481186389923096e-01,4.286236763000488281e-01,5.408256500959396362e-02,4.320222139358520508e-01,4.286787674805155324e-01,5.408481823145349504e-02,4.320771380803933304e-01
2.980400323867797852e-01,4.157741069793701172e-01,6.282599270343780518e-02,4.204939901828765869e-01,4.158276944387132579e-01,6.282723805951209717e-02,4.205471832082607331e-01
2.983319461345672607e-01,4.029646515846252441e-01,7.100699096918106079e-02,4.091729223728179932e-01,4.030167092639468374e-01,7.101382046135934489e-02,4.092254032223058835e-01
2.986238598823547363e-01,3.902147412300109863e-01,7.864336669445037842e-02,3.980607092380523682e-01,3.902649682144400667e-01,7.865057221908253182e-02,3.981113637235277891e-01
2.989157736301422119e-01,3.775388300418853760e-01,8.574897050857543945e-02,3.871543109416961670e-01,3.775884734536884557e-01,8.575476006912162441e-02,3.872039955367188591e-01
2.992076873779296875e-01,3.649561703205108643e-01,9.233036637306213379e-02,3.764543831348419189e-01,3.650037810193104693e-01,9.233791975019846332e-02,3.765023925318228826e-01
2.994995713233947754e-01,3.524827361106872559e-01,9.840182960033416748e-02,3.659603595733642578e-01,3.525278477416930456e-01,9.841247449932226388e-02,3.660066919749830339e-01
2.997914850711822510e-01,3.401286303997039795e-01,1.039831712841987610e-01,3.556683659553527832e-01,3.401729536698551715e-01,1.039930998527127531e-01,3.557136534144418882e-01
3.000833988189697266e-01,3.279100954532623291e-01,1.090870201587677002e-01,3.455792069435119629e-01,3.279531744066631616e-01,1.090966645882014696e-01,3.456231572503176142e-01
3.003753125667572021e-01,3.158420920372009277e-01,1.137213185429573059e-01,3.356914818286895752e-01,3.158833479017225110e-01,1.137324078209184797e-01,3.357340466356433795e-01
3.006672263145446777e-01,3.039354681968688965e-01,1.179051697254180908e-01,3.260036706924438477e-01,3.039744301699505158e-01,1.179186630349974563e-01,3.260448823231356652e-01
3.009591400623321533e-01,2.922005951404571533e-01,1.216554269194602966e-01,3.165141940116882324e-01,2.922383940479230668e-01,1.216689094217416889e-01,3.165542646618192957e-01
3.012510538101196289e-01,2.806490659713745117e-01,1.249864846467971802e-01,3.072222769260406494e-01,2.806862557062468344e-01,1.249981707839617762e-01,3.072609914091423700e-01
3.015429377555847168e-01,2.692937850952148438e-01,1.279063522815704346e-01,2.981261014938354492e-01,2.693289429140883762e-01,1.279206584724291995e-01,2.981640058009017435e-01
3.018348515033721924e-01,2.581407427787780762e-01,1.304371356964111328e-01,2.892239391803741455e-01,2.581735015885143758e-01,1.304530200182452970e-01,2.892603452849272783e-01
3.021267652511596680e-01,2.471973001956939697e-01,1.325943022966384888e-01,2.805133759975433350e-01,2.472301207917213806e-01,1.326087107047657088e-01,2.805491093934703306e-01
3.024186789989471436e-01,2.364732772111892700e-01,1.343915015459060669e-01,2.719939053058624268e-01,2.365049942226059299e-01,1.344057406679599054e-01,2.720285194915006421e-01
3.027105927467346191e-01,2.259782999753952026e-01,1.358396261930465698e-01,2.636637985706329346e-01,2.260072861256957610e-01,1.358556242383300305e-01,2.636968790469247370e-01
3.030025064945220947e-01,2.157143205404281616e-01,1.369594633579254150e-01,2.555201947689056396e-01,2.157417761896716080e-01,1.369762026475581929e-01,2.555523314024336634e-01
3.032944202423095703e-01,2.056877762079238892e-01,1.377657204866409302e-01,2.475618273019790649e-01,2.057146304935710268e-01,1.377816603822395736e-01,2.475930030045139785e-01
3.035863339900970459e-01,1.959049701690673828e-01,1.382712721824645996e-01,2.397867888212203979e-01,1.959313564364366100e-01,1.382862368542857323e-01,2.398169713309330764e-01
3.038782179355621338e-01,1.863724887371063232e-01,1.384896188974380493e-01,2.321940511465072632e-01,1.863959480493306842e-01,1.385068747165807967e-01,2.322231766920851426e-01
3.041701316833496094e-01,1.770886927843093872e-01,1.384389251470565796e-01,2.247793078422546387e-01,1.771110387638972772e-01,1.384563926344356821e-01,2.248076793914472737e-01
3.044620454311370850e-01,1.680584996938705444e-01,1.381334662437438965e-01,2.175419628620147705e-01,1.680809563659406425e-01,1.381492272759539952e-01,2.175693381196726339e-01
3.047539591789245605e-01,1.592855751514434814e-01,1.375848799943923950e-01,2.104791849851608276e-01,1.593070923385437876e-01,1.376010481725097323e-01,2.105060524724518545e-01
3.050458729267120361e-01,1.507729142904281616e-01,1.368081867694854736e-01,2.035901546478271484e-01,1.507918184211629042e-01,1.368253679511059473e-01,2.036157013044831432e-01
3.053377866744995117e-01,1.425187140703201294e-01,1.358190476894378662e-01,1.968715339899063110e-01,1.425363282631905981e-01,1.358360019127554386e-01,1.968959732711517974e-01
3.056297004222869873e-01,1.345229446887969971e-01,1.346307098865509033e-01,1.903203874826431274e-01,1.345413905076391636e-01,1.346466347171831890e-01,1.903446925984321192e-01
3.059216141700744629e-01,1.267910599708557129e-01,1.332540810108184814e-01,1.839364618062973022e-01,1.268076710302633581e-01,1.332701515168406570e-01,1.839595572875765417e-01
3.062134981155395508e-01,1.193197891116142273e-01,1.317042559385299683e-01,1.777166873216629028e-01,1.193346925691054217e-01,1.317205992412381621e-01,1.777388115045044903e-01
3.065054118633270264e-01,1.121061518788337708e-01,1.299944072961807251e-01,1.716576218605041504e-01,1.121199049732265612e-01,1.300107565445041136e-01,1.716789734023350666e-01
3.067973256111145020e-01,1.051495149731636047e-01,1.281369179487228394e-01,1.657573133707046509e-01,1.051644396401126558e-01,1.281517795394998827e-01,1.657782795300985212e-01
3.070892393589019775e-01,9.845292568206787109e-02,1.261414438486099243e-01,1.600145101547241211e-01,9.846510743467545845e-02,1.261570632985425100e-01,1.600343150772191025e-01
3.073811531066894531e-01,9.200929105281829834e-02,1.240222007036209106e-01,1.544254422187805176e-01,9.202024615912975103e-02,1.240379487780472884e-01,1.544446128560407749e-01
3.076730668544769287e-01,8.581683784723281860e-02,1.217907592654228210e-01,1.489883214235305786e-01,8.582780574866007151e-02,1.218055331017304788e-01,1.490067117073136660e-01
3.079649806022644043e-01,7.987248152494430542e-02,1.194573268294334412e-01,1.436999291181564331e-01,7.988360024164585516e-02,1.194719925841434410e-01,1.437182890226317289e-01
3.082568943500518799e-01,7.417713850736618042e-02,1.170320957899093628e-01,1.385595798492431641e-01,7.418618380784547384e-02,1.170467117780315536e-01,1.385767751321303476e-01
3.085487782955169678e-01,6.872337311506271362e-02,1.145268455147743225e-01,1.335638463497161865e-01,6.873125518609697615e-02,1.145410008681472108e-01,1.335800371288063393e-01
3.088406920433044434e-01,6.350584328174591064e-02,1.119506210088729858e-01,1.287087202072143555e-01,6.351369966519541943e-02,1.119646229148366923e-01,1.287247716238883732e-01
3.091326057910919189e-01,5.852356180548667908e-02,1.093131527304649353e-01,1.239934414625167847e-01,5.853133549538607622e-02,1.093265143190224192e-01,1.240088866493883890e-01
3.094245195388793945e-01,5.377257615327835083e-02,1.066232845187187195e-01,1.194153055548667908e-01,5.377851249458172334e-02,1.066366182938509877e-01,1.194298822208175598e-01
3.097164332866668701e-01,4.924577847123146057e-02,1.038904637098312378e-01,1.149711981415748596e-01,4.925099566380249788e-02,1.039034398529256747e-01,1.149851528987392152e-01
3.100083470344543457e-01,4.493831843137741089e-02,1.011229306459426880e-01,1.106584742665290833e-01,4.494435432893271326e-02,1.011352717965786074e-01,1.106722105472393580e-01
3.103002607822418213e-01,4.084772989153862000e-02,9.832847118377685547e-02,1.064754649996757507e-01,4.085239785629016934e-02,9.834063893889694041e-02,1.064884955172112069e-01
3.105921745300292969e-01,3.696762025356292725e-02,9.551464766263961792e-02,1.024190112948417664e-01,3.697144617070394906e-02,9.552653894269452772e-02,1.024314769703307398e-01
3.108840584754943848e-01,3.329202532768249512e-02,9.268953651189804077e-02,9.848710894584655762e-02,3.329551572965448736e-02,9.270097018832165747e-02,9.849904183066843233e-02
3.111759722232818604e-01,2.981445752084255219e-02,8.985907584428787231e-02,9.467605501413345337e-02,2.981846533301861848e-02,8.987008248892761064e-02,9.468776373630907739e-02
3.114678859710693359e-01,2.653230167925357819e-02,8.702979236841201782e-02,9.098432958126068115e-02,2.653520977132384912e-02,8.704061258011068503e-02,9.099552514233369416e-02
3.117597997188568115e-01,2.343828044831752777e-02,8.420839160680770874e-02,8.740941435098648071e-02,2.344038773422237390e-02,8.421864117337786448e-02,8.741985642988014948e-02
3.120517134666442871e-01,2.052542194724082947e-02,8.140002936124801636e-02,8.394795656204223633e-02,2.052725423742455743e-02,8.141014411498864733e-02,8.395820228751378622e-02
3.123436272144317627e-01,1.778837293386459351e-02,7.861034572124481201e-02,8.059784024953842163e-02,1.779123791491062784e-02,7.862016817572060889e-02,8.060805785108300647e-02
3.126355409622192383e-01,1.522426307201385498e-02,7.584471255540847778e-02,7.735759764909744263e-02,1.522553792377131544e-02,7.585400929895089184e-02,7.736696796303657586e-02
3.129274249076843262e-01,1.282420009374618530e-02,7.310763001441955566e-02,7.422389090061187744e-02,1.282459358960070031e-02,7.311646496597681844e-02,7.423265891680927431e-02
3.132193386554718018e-01,1.058182120323181152e-02,7.040272653102874756e-02,7.119353115558624268e-02,1.058265808985409638e-02,7.041131820041644784e-02,7.120215153327215385e-02
3.135112524032592773e-01,8.492284454405307770e-03,6.773457676172256470e-02,6.826486438512802124e-02,8.493323136237674459e-03,6.774288767562459956e-02,6.827324050115712861e-02
3.138031661510467529e-01,6.550964899361133575e-03,6.510693579912185669e-02,6.543568521738052368e-02,6.550969107551265005e-03,6.511482231369773721e-02,6.544352742015453750e-02
3.140950798988342285e-01,4.750171676278114319e-03,6.252305954694747925e-02,6.270324438810348511e-02,4.749965996220966054e-03,6.253046845405452192e-02,6.271061841545466642e-02
3.143869936466217041e-01,3.083973191678524017e-03,5.998565629124641418e-02,6.006488204002380371e-02,3.083762032411241100e-03,5.999282948162236451e-02,6.007203323913349463e-02
3.146789073944091797e-01,1.547508873045444489e-03,5.749760195612907410e-02,5.751842632889747620e-02,1.547523118857594424e-03,5.750465921514363865e-02,5.752547834875606364e-02
3.149708211421966553e-01,1.356924185529351234e-04,5.506204068660736084e-02,5.506220459938049316e-02,1.348489654753748531e-04,5.506843722859924156e-02,5.506860233421277673e-02
3.152627050876617432e-01,-1.158567261882126331e-03,5.268038809299468994e-02,5.269312486052513123e-02,-1.159474366526942442e-03,5.268658520665552708e-02,5.269934194603197869e-02
3.155546188354492188e-01,-2.340860897675156593e-03,5.035428330302238464e-02,5.040866881608963013e-02,-2.341405355522275210e-03,5.036045005318794815e-02,5.041485008009551072e-02
3.158465325832366943e-01,-3.415281884372234344e-03,4.808618873357772827e-02,4.820731654763221741e-02,-3.416191605312924630e-03,4.809191898383743946e-02,4.821310025949580164e-02
3.161384463310241699e-01,-4.387754946947097778e-03,4.587725549936294556e-02,4.608660191297531128e-02,-4.389195339188257591e-03,4.588245014181955433e-02,4.609191107713054431e-02
3.164303600788116455e-01,-5.264234729111194611e-03,4.372815415263175964e-02,4.404388368129730225e-02,-5.265497258399842381e-03,4.373317906437061697e-02,4.404902283200525653e-02
3.167222738265991211e-01,-6.049701943993568420e-03,4.163998737931251526e-02,4.207716137170791626e-02,-6.050582251173778486e-03,4.164506121914670483e-02,4.208230827229770404e-02
3.170141875743865967e-01,-6.747891195118427277e-03,3.961428254842758179e-02,4.018488898873329163e-02,-6.749280482660967480e-03,3.961876761117626156e-02,4.018954508403917852e-02
3.173061013221740723e-01,-7.364818360656499863e-03,3.765073418617248535e-02,3.836428746581077576e-02,-7.366485685371342018e-03,3.765485605878828024e-02,3.836864991318883478e-02
3.175979852676391602e-01,-7.905309088528156281e-03,3.574991598725318909e-02,3.661352768540382385e-02,-7.906852079073350970e-03,3.575384173043168190e-02,3.661769392363621589e-02
3.178898990154266357e-01,-8.374073542654514313e-03,3.391128033399581909e-02,3.492993116378784180e-02,-8.375213669132956784e-03,3.391548288851026910e-02,3.493428378490769093e-02
3.181818127632141113e-01,-8.774277754127979279e-03,3.213649243116378784e-02,3.331279009580612183e-02,-8.775823512135757717e-03,3.214000560831534181e-02,3.331658804287582210e-02
3.184737265110015869e-01,-9.111575782299041748e-03,3.042393177747726440e-02,3.175903484225273132e-02,-9.113387390021428919e-03,3.042711262895875582e-02,3.176260399677492685e-02
3.187656402587890625e-01,-9.390065446496009827e-03,2.877341769635677338e-02,3.026686236262321472e-02,-9.391614698475981432e-03,2.877658110214641532e-02,3.027034929717594552e-02
3.190575540065765381e-01,-9.613512083888053894e-03,2.718472294509410858e-02,2.883450686931610107e-02,-9.614915416151297370e-03,2.718787057277246427e-02,2.883794210309693559e-02
3.193494677543640137e-01,-9.785357862710952759e-03,2.565781585872173309e-02,2.746045961976051331e-02,-9.787073445475594213e-03,2.566040925707169240e-02,2.746349231011132805e-02
3.196413815021514893e-01,-9.910085238516330719e-03,2.419106662273406982e-02,2.614225447177886963e-02,-9.911749515415044925e-03,2.419351518275715540e-02,2.614515166057813228e-02
3.199332654476165771e-01,-9.991225786507129669e-03,2.278394624590873718e-02,2.487836033105850220e-02,-9.992774441258142279e-03,2.278636205370739021e-02,2.488119443830014155e-02
3.202251791954040527e-01,-1.003189664334058762e-02,2.143562771379947662e-02,2.366696111857891083e-02,-1.003342730877254674e-02,2.143787978905131036e-02,2.366965047080833717e-02
3.205170929431915283e-01,-1.003536395728588104e-02,2.014525793492794037e-02,2.250644192099571228e-02,-1.003697654932208735e-02,2.014717335611841340e-02,2.250887586027185833e-02
3.208090066909790039e-01,-1.000515371561050415e-02,1.891135051846504211e-02,2.139491215348243713e-02,-1.000682017716600890e-02,1.891304741061002395e-02,2.139719169456869019e-02
3.211009204387664795e-01,-9.944231249392032623e-03,1.773252338171005249e-02,2.033052220940589905e-02,-9.945666645498877148e-03,1.773446112612133210e-02,2.033291411621308831e-02
3.213928341865539551e-01,-9.855120442807674408e-03,1.660841703414916992e-02,1.931224763393402100e-02,-9.856599428859478054e-03,1.661005930141000453e-02,1.931441488363937198e-02
3.216847479343414307e-01,-9.740729816257953644e-03,1.553726568818092346e-02,1.833816990256309509e-02,-9.742271848906160908e-03,1.553857972859249217e-02,1.834010143810047358e-02
3.219766616821289062e-01,-9.603793732821941376e-03,1.451744511723518372e-02,1.740658096969127655e-02,-9.605223553244177440e-03,1.451872670487602650e-02,1.740843889148814549e-02
3.222685456275939941e-01,-9.446734562516212463e-03,1.354765985161066055e-02,1.651604846119880676e-02,-9.448019229803759564e-03,1.354914948484740866e-02,1.651800590657002965e-02
3.225604593753814697e-01,-9.271546266973018646e-03,1.262708380818367004e-02,1.566540263593196869e-02,-9.272937401302333571e-03,1.262816244820976104e-02,1.566709465302507445e-02
3.228523731231689453e-01,-9.080681949853897095e-03,1.175368018448352814e-02,1.485287118703126907e-02,-9.082028558902622770e-03,1.175455390075843230e-02,1.485438588937819729e-02
3.231442868709564209e-01,-8.876197971403598785e-03,1.092584803700447083e-02,1.407696865499019623e-02,-8.877482734016247864e-03,1.092673871178797239e-02,1.407847003649340123e-02
3.234362006187438965e-01,-8.659996092319488525e-03,1.014222763478755951e-02,1.333642750978469849e-02,-8.661176496461623145e-03,1.014325373568852710e-02,1.333797490811174449e-02
3.237281143665313721e-01,-8.433688431978225708e-03,9.401894174516201019e-03,1.263022981584072113e-02,-8.434911657672603674e-03,9.402593769872201468e-03,1.263156776785766787e-02
3.240200281143188477e-01,-8.199186995625495911e-03,8.702721446752548218e-03,1.195675693452358246e-02,-8.200374925904673970e-03,8.703248523357588404e-03,1.195795483286051300e-02
3.243119120597839355e-01,-7.958015426993370056e-03,8.043155074119567871e-03,1.131469663232564926e-02,-7.959134882393369831e-03,8.043766481376130734e-03,1.131591831373137194e-02
3.246038258075714111e-01,-7.711573038250207901e-03,7.421856746077537537e-03,1.070291176438331604e-02,-7.712615358321729848e-03,7.422534003334433153e-03,1.070413222527057985e-02
3.248957395553588867e-01,-7.461206521838903427e-03,6.837669294327497482e-03,1.012044120579957962e-02,-7.462244610434758119e-03,6.838020280094059267e-03,1.012144337419027505e-02
3.251876533031463623e-01,-7.208192255347967148e-03,6.288549397140741348e-03,9.565765969455242157e-03,-7.209172708660072267e-03,6.288861663298313601e-03,9.566710624001984603e-03
3.254795670509338379e-01,-6.953681819140911102e-03,5.773092620074748993e-03,9.037825278937816620e-03,-6.954619924336156653e-03,5.773491695361745134e-03,9.038802168892983227e-03
3.257714807987213135e-01,-6.698717828840017319e-03,5.290144123136997223e-03,8.535715751349925995e-03,-6.699617177621470208e-03,5.290486554437232730e-03,8.536633898051492614e-03
3.260633945465087891e-01,-6.444267928600311279e-03,4.838256631046533585e-03,8.058369159698486328e-03,-6.445104276972932547e-03,4.838431801474436106e-03,8.059143343964911624e-03
3.263553082942962646e-01,-6.191190332174301147e-03,4.415714181959629059e-03,7.604562211781740189e-03,-6.192011601756630505e-03,4.415844958329743185e-03,7.605306987380254860e-03
3.266471922397613525e-01,-5.940315313637256622e-03,4.021234344691038132e-03,7.173399906605482101e-03,-5.941098846584533071e-03,4.021462919216011421e-03,7.174177270984976110e-03
3.269391059875488281e-01,-5.692302715033292770e-03,3.653667867183685303e-03,6.763993296772241592e-03,-5.693041417535871576e-03,3.653831925796417138e-03,6.764703121626846130e-03
3.272310197353363037e-01,-5.447854287922382355e-03,3.311611479148268700e-03,6.375412922352552414e-03,-5.448537010059002934e-03,3.311641945996523454e-03,6.376011914078136972e-03
3.275229334831237793e-01,-5.207470618188381195e-03,2.993574831634759903e-03,6.006599869579076767e-03,-5.208132840641473832e-03,2.993619979330763067e-03,6.007196373219086949e-03
3.278148472309112549e-01,-4.971675109118223190e-03,2.698360942304134369e-03,5.656739696860313416e-03,-4.972336827272640092e-03,2.698516000256926187e-03,5.657395348346656166e-03
3.281067609786987305e-01,-4.740986973047256470e-03,2.425103681161999702e-03,5.325231235474348068e-03,-4.741584354026271916e-03,2.425108371832819781e-03,5.325764996831944438e-03
3.283986747264862061e-01,-4.515700507909059525e-03,2.172278240323066711e-03,5.011022090911865234e-03,-4.516248153431304604e-03,2.172232779362074512e-03,5.011496047200551460e-03
3.286905884742736816e-01,-4.296142142266035080e-03,1.938731176778674126e-03,4.713334143161773682e-03,-4.296681613811261478e-03,1.938695362733941019e-03,4.713810836250202467e-03
3.289824724197387695e-01,-4.082607105374336243e-03,1.723419409245252609e-03,4.431462381035089493e-03,-4.083152868654952271e-03,1.723468840995599901e-03,4.431984002079416424e-03
3.292743861675262451e-01,-3.875377122312784195e-03,1.525490544736385345e-03,4.164813086390495300e-03,-3.875848302642719359e-03,1.525427742990133383e-03,4.165228668894713042e-03
3.295662999153137207e-01,-3.674538340419530869e-03,1.343635376542806625e-03,3.912491258233785629e-03,-3.674982644582075898e-03,1.343544812645984694e-03,3.912877470809353678e-03
3.298582136631011963e-01,-3.480252111330628395e-03,1.176903257146477699e-03,3.673861268907785416e-03,-3.480687450044640981e-03,1.176847071034087646e-03,3.674255591749133604e-03
3.301501274108886719e-01,-3.292622044682502747e-03,1.024406403303146362e-03,3.448299365118145943e-03,-3.293063080453939671e-03,1.024400081501025944e-03,3.448718599542168872e-03
3.304420411586761475e-01,-3.111804369837045670e-03,8.853595936670899391e-04,3.235303331166505814e-03,-3.112185449996810165e-03,8.852570938747493078e-04,3.235641883371429862e-03
3.307339549064636230e-01,-2.937723184004426003e-03,7.587017607875168324e-04,3.034113673493266106e-03,-2.938073505499929489e-03,7.585971179449432691e-04,3.034426718685923497e-03
3.310258686542510986e-01,-2.770367544144392014e-03,6.436051917262375355e-04,2.844145521521568298e-03,-2.770739389387931115e-03,6.435528801763047051e-04,2.844495926080581414e-03
3.313177525997161865e-01,-2.609821502119302750e-03,5.394135368987917900e-04,2.664983039721846581e-03,-2.610171880847891694e-03,5.393468404331407335e-04,2.665312788746234535e-03
3.316096663475036621e-01,-2.455986337736248970e-03,4.453267029020935297e-04,2.496033674106001854e-03,-2.456291006423389368e-03,4.452262988005438872e-04,2.496315678230631632e-03
3.319015800952911377e-01,-2.308752387762069702e-03,3.605514939408749342e-04,2.336735837161540985e-03,-2.309046581865121552e-03,3.604572845908895996e-04,2.337012103357113523e-03
3.321934938430786133e-01,-2.168028615415096283e-03,2.844145055860280991e-04,2.186604542657732964e-03,-2.168346178313918134e-03,2.843675199514112957e-04,2.186913358002984861e-03
3.324854075908660889e-01,-2.033797092735767365e-03,2.163790195481851697e-04,2.045274944975972176e-03,-2.034082194091345851e-03,2.163178898071641443e-04,2.045552199717740570e-03
3.327773213386535645e-01,-1.905872952193021774e-03,1.557581708766520023e-04,1.912227016873657703e-03,-1.906135384867402478e-03,1.556730983733377132e-04,1.912481691154389960e-03
3.330692350864410400e-01,-1.784105668775737286e-03,1.019472765619866550e-04,1.787016051821410656e-03,-1.784364699780643243e-03,1.018842929006166456e-04,1.787271045746314287e-03
3.333611488342285156e-01,-1.668327488005161285e-03,5.439902452053502202e-05,1.669214107096195221e-03,-1.668625876506333846e-03,5.438374748530267632e-05,1.669511877087754030e-03
3.336530327796936035e-01,-1.558515243232250214e-03,1.271037672267993912e-05,1.558567048050463200e-03,-1.558769186713479310e-03,1.267025717028605225e-05,1.558820680150274033e-03
3.339449465274810791e-01,-1.454376149922609329e-03,-2.370910624449606985e-05,1.454569282941520214e-03,-1.454609520775636960e-03,-2.375272918029816576e-05,1.454803440357026840e-03
3.342368602752685547e-01,-1.355734304524958134e-03,-5.531365968636237085e-05,1.356862252578139305e-03,-1.355984176456373133e-03,-5.532776518517886470e-05,1.357112467115549961e-03
3.345287740230560303e-01,-1.262438949197530746e-03,-8.250942482845857739e-05,1.265132334083318710e-03,-1.262714154721714457e-03,-8.249639109109882767e-05,1.265406136810482600e-03
3.348206877708435059e-01,-1.174374017864465714e-03,-1.056424371199682355e-04,1.179116079583764076e-03,-1.174615883041892593e-03,-1.056371744025752453e-04,1.179356470839095037e-03
3.351126015186309814e-01,-1.091268612071871758e-03,-1.251522917300462723e-04,1.098421751521527767e-03,-1.091505655154483608e-03,-1.251372890600862967e-04,1.098655513046526517e-03
3.354045152664184570e-01,-1.012936118058860302e-03,-1.413812133250758052e-04,1.022755168378353119e-03,-1.013192486475171343e-03,-1.413389318673001971e-04,1.023003278739188391e-03
3.356963992118835449e-01,-9.392295032739639282e-04,-1.546295097796246409e-04,9.518730221316218376e-04,-9.394998420150957753e-04,-1.545636633604900777e-04,9.521291294660639724e-04
3.359883129596710205e-01,-8.699629688635468483e-04,-1.651877537369728088e-04,8.855068590492010117e-04,-8.702189279413946989e-04,-1.651165721727067932e-04,8.857451467287499837e-04
3.362802267074584961e-01,-8.049131138250231743e-04,-1.733646204229444265e-04,8.233713451772928238e-04,-8.051721346398981296e-04,-1.732739502125379592e-04,8.236055052164399041e-04
3.365721404552459717e-01,-7.438894826918840408e-04,-1.794152194634079933e-04,7.652197964489459991e-04,-7.441726369604371701e-04,-1.792907237803345751e-04,7.654659216675337467e-04
3.368640542030334473e-01,-6.867418414913117886e-04,-1.835581206250935793e-04,7.108501740731298923e-04,-6.870342677146499231e-04,-1.834137633378573337e-04,7.110954180670558218e-04
3.371559679508209229e-01,-6.332931807264685631e-04,-1.860177144408226013e-04,6.600475753657519817e-04,-6.335783124940447307e-04,-1.858518548593022493e-04,6.602744808164591039e-04
3.374478816986083984e-01,-5.833243485540151596e-04,-1.870101259555667639e-04,6.125684012658894062e-04,-5.836243541544667473e-04,-1.868149551364508784e-04,6.127945938280237020e-04
3.377397954463958740e-01,-5.366691038943827152e-04,-1.867179526016116142e-04,5.682229530066251755e-04,-5.369978008311690606e-04,-1.864856463449815927e-04,5.684571526423232287e-04
3.380316793918609619e-01,-4.932031733915209770e-04,-1.852958084782585502e-04,5.268623353913426399e-04,-4.935333740376813541e-04,-1.850335122044971341e-04,5.270793032625637831e-04
3.383235931396484375e-01,-4.527216078713536263e-04,-1.829102111514657736e-04,4.882755456492304802e-04,-4.530557840924381179e-04,-1.826146825854653335e-04,4.884748363993831558e-04
3.386155068874359131e-01,-4.150536551605910063e-04,-1.797058503143489361e-04,4.522872332017868757e-04,-4.154082867987789847e-04,-1.793697537237817622e-04,4.524793401825400038e-04
3.389074206352233887e-01,-3.800484118983149529e-04,-1.758096623234450817e-04,4.187431768514215946e-04,-3.804353717609626571e-04,-1.754256291650192051e-04,4.189334355895273608e-04
3.391993343830108643e-01,-3.475936537142843008e-04,-1.713276869850233197e-04,3.875235852319747210e-04,-3.479832297418212214e-04,-1.709010084133922116e-04,3.876847725385451355e-04
3.394912481307983398e-01,-3.175072197336703539e-04,-1.663762814132496715e-04,3.584576770663261414e-04,-3.179078372370369460e-04,-1.658997095368973677e-04,3.585918384474991020e-04
3.397831618785858154e-01,-2.896446094382554293e-04,-1.610488689038902521e-04,3.314072091598063707e-04,-2.900686602109548502e-04,-1.605161929460217961e-04,3.315196462269813320e-04
3.400750756263732910e-01,-2.638759906403720379e-04,-1.554280315758660436e-04,3.062489267904311419e-04,-2.643297147277766878e-04,-1.548345429111964836e-04,3.063395726421693963e-04
3.403669595718383789e-01,-2.401046367594972253e-04,-1.495893084211274981e-04,2.828907745424658060e-04,-2.405645241765863281e-04,-1.489308794869515537e-04,2.829340862410612608e-04
3.406588733196258545e-01,-2.181660092901438475e-04,-1.436018064850941300e-04,2.611855161376297474e-04,-2.186446693979077801e-04,-1.428711714051054493e-04,2.611851126591777637e-04
3.409507870674133301e-01,-1.979481749003753066e-04,-1.375257124891504645e-04,2.410327870165929198e-04,-1.984521475192289051e-04,-1.367172318822513686e-04,2.409872534980617501e-04
3.412427008152008057e-01,-1.793492847355082631e-04,-1.314130495302379131e-04,2.223410701844841242e-04,-1.798764818337498031e-04,-1.305184713183613326e-04,2.222400055619357453e-04
3.415346145629882812e-01,-1.622688869247213006e-04,-1.253109512617811561e-04,2.050220209639519453e-04,-1.628083250042312272e-04,-1.243228338812580507e-04,2.048480356629036887e-04
3.418265283107757568e-01,-1.465862442273646593e-04,-1.192593990708701313e-04,1.889717823360115290e-04,-1.471458298185573759e-04,-1.181693060811038487e-04,1.887217002166986270e-04
3.421184420585632324e-01,-1.322075695497915149e-04,-1.132936085923574865e-04,1.741099840728566051e-04,-1.327920830391803345e-04,-1.120914207976320582e-04,1.737763618399130376e-04
3.424103558063507080e-01,-1.190531766042113304e-04,-1.074443935067392886e-04,1.603681885171681643e-04,-1.196541629514356463e-04,-1.061203400345279264e-04,1.599332525794824910e-04
3.427022397518157959e-01,-1.070330108632333577e-04,-1.017378526739776134e-04,1.476707693655043840e-04,-1.076473864236724738e-04,-1.002795134654001420e-04,1.471187976592550637e-04
3.429941534996032715e-01,-9.605591185390949249e-05,-9.619408228900283575e-05,1.359412999590858817e-04,-9.668667111665075282e-05,-9.458869727957474694e-05,1.352602455441598501e-04
3.432860672473907471e-01,-8.604533650213852525e-05,-9.083053009817376733e-05,1.251158828381448984e-04,-8.669497529084620538e-05,-8.906647449349315256e-05,1.242934254873543178e-04
3.435779809951782227e-01,-7.694370287936180830e-05,-8.566592441638931632e-05,1.151476608356460929e-04,-7.760061409457457804e-05,-8.372491066915751503e-05,1.141565415314141758e-04
3.438698947429656982e-01,-6.867213232908397913e-05,-8.070974581642076373e-05,1.059713322320021689e-04,-6.933398836494612848e-05,-7.857557167994348181e-05,1.047918050585083761e-04
3.441618084907531738e-01,-6.116455188021063805e-05,-7.597076910315081477e-05,9.753286576597020030e-05,-6.183110109186438336e-05,-7.362606848593028150e-05,9.614511439967841900e-05
3.444537222385406494e-01,-5.436220089904963970e-05,-7.145605923142284155e-05,8.978428377304226160e-05,-5.503175476104173354e-05,-6.888160122188268343e-05,8.816557729051575877e-05
3.447456359863281250e-01,-4.822132541448809206e-05,-6.717523501720279455e-05,8.269104728242382407e-05,-4.887871657084915463e-05,-6.434621998254962919e-05,8.080572355753071374e-05
3.450375199317932129e-01,-4.267868644092231989e-05,-6.312808545771986246e-05,7.620121323270723224e-05,-4.332052381089934430e-05,-6.002111956220061462e-05,7.402163586918812936e-05
3.453294336795806885e-01,-3.768632814171724021e-05,-5.931639680056832731e-05,7.027584069874137640e-05,-3.830675958551678156e-05,-5.590575729282228328e-05,6.777065388814345714e-05
3.456213474273681641e-01,-3.320224641356617212e-05,-5.574214446824043989e-05,6.488124927273020148e-05,-3.379160491759353050e-05,-5.199911597393063525e-05,6.201435821627939934e-05
3.459132611751556396e-01,-2.919053622463252395e-05,-5.240810787654481828e-05,5.998913911753334105e-05,-2.973273275363914360e-05,-4.829853873439524700e-05,5.671670160435287960e-05
3.462051749229431152e-01,-2.560702705522999167e-05,-4.931060539092868567e-05,5.556307587539777160e-05,-2.609042507259824031e-05,-4.480021821064202460e-05,5.184370581073466491e-05
3.464970886707305908e-01,-2.241713082185015082e-05,-4.644790533347986639e-05,5.157456325832754374e-05,-2.282792753449438406e-05,-4.149960052135766769e-05,4.736381655813218006e-05
3.467890024185180664e-01,-1.959278961294330657e-05,-4.382058978080749512e-05,4.800126771442592144e-05,-1.991133277957639306e-05,-3.839133441675729219e-05,4.324760954501793606e-05
3.470808863639831543e-01,-1.710661854303907603e-05,-4.142785473959520459e-05,4.482079020817764103e-05,-1.730911628845003687e-05,-3.546991449452807941e-05,3.946796600961619824e-05
3.473728001117706299e-01,-1.492874434916302562e-05,-3.926469071302562952e-05,4.200694456812925637e-05,-1.499164221488918617e-05,-3.272848787119309288e-05,3.599865628928503920e-05
3.476647138595581055e-01,-1.303688441112171859e-05,-3.732951881829649210e-05,3.954052590415813029e-05,-1.293281635078195063e-05,-3.016047953154822416e-05,3.281634142216332666e-05
3.479566276073455811e-01,-1.141395296144764870e-05,-3.562332858564332128e-05,3.740721513167954981e-05,-1.110757045717103379e-05,-2.775906057624898622e-05,2.989888903516114662e-05
3.482485413551330566e-01,-1.004122714221011847e-05,-3.414397360756993294e-05,3.558984826668165624e-05,-9.493331960986862116e-06,-2.551697962679630606e-05,2.722571580318563987e-05
3.485404551029205322e-01,-8.901944056560751051e-06,-3.288886000518687069e-05,3.407230178709141910e-05,-8.069399273013956977e-06,-2.342700810722734723e-05,2.477781090983248753e-05
3.488323688507080078e-01,-7.984005605976562947e-06,-3.185779496561735868e-05,3.284301419625990093e-05,-6.816424598245126409e-06,-2.148191232003476129e-05,2.253743998836652576e-05
3.491242825984954834e-01,-7.280644240381661803e-06,-3.105440191575326025e-05,3.189645212842151523e-05,-5.717303480485607596e-06,-1.967429141176010122e-05,2.048817467816081898e-05
3.494161665439605713e-01,-6.782406671845819801e-06,-3.047756945306900889e-05,3.122312045888975263e-05,-4.755983648275734476e-06,-1.799719943061487909e-05,1.861500920784060959e-05
3.497080802917480469e-01,-6.483773631771327928e-06,-3.012822162418160588e-05,3.081799877691082656e-05,-3.917755214125019052e-06,-1.644309545893091250e-05,1.690337818867335804e-05
3.499999940395355225e-01,-6.382962965290062129e-06,-3.000947617692872882e-05,3.068079240620136261e-05,-3.189529840329582163e-06,-1.500519914419967552e-05,1.534044008363004888e-05
