x_m,Pre_sim,Pim_sim,p_abs_sim,Pre_analytic,Pim_analytic,p_abs_analytic
0.000000000000000000e+00,1.118865096941590309e-03,2.308452725410461426e-01,2.308479696512222290e-01,1.129723497446448845e-03,5.655142116827019394e-02,5.656270424344791992e-02
2.919099351856857538e-04,1.105165574699640274e-03,4.481136798858642578e-01,4.481150209903717041e-01,1.123829236726053707e-03,4.955853036306491211e-01,4.955865778719557024e-01
5.838198703713715076e-04,1.091465936042368412e-03,6.653820872306823730e-01,6.653829813003540039e-01,1.102784334698604434e-03,9.289409104631966008e-01,9.289415650435076666e-01
8.757297764532268047e-04,1.054849242791533470e-03,1.057056069374084473e+00,1.057056546211242676e+00,1.072330761828443023e-03,1.351697202461735747e+00,1.351697627813315927e+00
1.167639740742743015e-03,1.014468725770711899e-03,1.477374672889709473e+00,1.477375030517578125e+00,1.024001254904483883e-03,1.758993647152161222e+00,1.758993945214204713e+00
1.459549646824598312e-03,9.564549545757472515e-04,1.869637489318847656e+00,1.869637727737426758e+00,9.703981034584875740e-04,2.146205041990608464e+00,2.146205261371425088e+00
1.751459552906453609e-03,8.915106882341206074e-04,2.250873565673828125e+00,2.250873565673828125e+00,8.971908965392745355e-04,2.508880000298891577e+00,2.508880160719373809e+00
2.043369458988308907e-03,8.143624872900545597e-04,2.598037958145141602e+00,2.598037958145141602e+00,8.229124741550310727e-04,2.842899499919187001e+00,2.842899619020289315e+00
2.335279481485486031e-03,7.282596197910606861e-04,2.920202732086181641e+00,2.920202732086181641e+00,7.399102838943876891e-04,3.144433852496885340e+00,3.144433939550269841e+00
2.627189271152019501e-03,6.349047180265188217e-04,3.209269046783447266e+00,3.209269046783447266e+00,6.495030754875054119e-04,3.410036331965256906e+00,3.410036393820058187e+00
2.919099293649196625e-03,5.321577773429453373e-04,3.455470800399780273e+00,3.455470800399780273e+00,5.383014833780847734e-04,3.636666225131720331e+00,3.636666264971571749e+00
3.211009083315730095e-03,4.260941059328615665e-04,3.675487041473388672e+00,3.675487041473388672e+00,4.346592329311939188e-04,3.821749477863683353e+00,3.821749502581243796e+00
3.502919105812907219e-03,3.120901819784194231e-04,3.832817077636718750e+00,3.832817077636718750e+00,3.114274263195385074e-04,3.963157561429512032e+00,3.963157573665593958e+00
3.794829128310084343e-03,1.972754398593679070e-04,3.975232124328613281e+00,3.975232124328613281e+00,1.993371802215729684e-04,4.059285120657850854e+00,4.059285125552223761e+00
4.086738917976617813e-03,7.799208106007426977e-05,4.035441398620605469e+00,4.035441398620605469e+00,6.995986061776536514e-05,4.109026660158657585e+00,4.109026660754222071e+00
4.378648940473794937e-03,-4.127919237362220883e-05,4.094397544860839844e+00,4.094397544860839844e+00,-4.512980150700796799e-05,4.111817299885829335e+00,4.111817300133493447e+00
4.670558962970972061e-03,-1.595880457898601890e-04,4.054329395294189453e+00,4.054329395294189453e+00,-1.595400277820228647e-04,4.067623458857783980e+00,4.067623461986516809e+00
4.962468519806861877e-03,-2.778967027552425861e-04,4.014261722564697266e+00,4.014261722564697266e+00,-2.720468165550330797e-04,3.976949165683343335e+00,3.976949174988147817e+00
5.254378542304039001e-03,-3.899506118614226580e-04,3.888639688491821289e+00,3.888639688491821289e+00,-3.969508609439669150e-04,3.840836357171083737e+00,3.840836377683541247e+00
5.546288564801216125e-03,-5.010816385038197041e-04,3.750394821166992188e+00,3.750394821166992188e+00,-5.095191024680292315e-04,3.660834857493095118e+00,3.660834892950814989e+00
5.838198587298393250e-03,-6.027147755958139896e-04,3.545740127563476562e+00,3.545740127563476562e+00,-6.093383546287017968e-04,3.438998168563802693e+00,3.438998222546563177e+00
6.130108609795570374e-03,-7.008414249867200851e-04,3.316566944122314453e+00,3.316566944122314453e+00,-7.027962360065872095e-04,3.177864866887303297e+00,3.177864944600259367e+00
6.422018166631460190e-03,-7.882726495154201984e-04,3.040892362594604492e+00,3.040892362594604492e+00,-8.000502980927972577e-04,2.880429783178833691e+00,2.880429894287334314e+00
6.713928189128637314e-03,-8.682498591952025890e-04,2.732806682586669922e+00,2.732806682586669922e+00,-8.819177184308248877e-04,2.550076476394969038e+00,2.550076628896050135e+00
7.005838211625814438e-03,-9.382126736454665661e-04,2.396591424942016602e+00,2.396591424942016602e+00,-9.490552978088253157e-04,2.190578466437267835e+00,2.190578672023584694e+00
7.297748234122991562e-03,-9.958471637219190598e-04,2.025746822357177734e+00,2.025747060775756836e+00,-1.006412138223129055e-03,1.806048760293331501e+00,1.806049040702514041e+00
7.589658256620168686e-03,-1.045690965838730335e-03,1.641597867012023926e+00,1.641598105430603027e+00,-1.058956256523529852e-03,1.400896140662178935e+00,1.400896540901768850e+00
7.881567813456058502e-03,-1.077960827387869358e-03,1.227438569068908691e+00,1.227439045906066895e+00,-1.095259664824362999e-03,9.797299798232843582e-01,9.797305920293938319e-01
8.173477835953235626e-03,-1.105737290345132351e-03,8.096914291381835938e-01,8.096922039985656738e-01,-1.117707295513693279e-03,5.473607191754927825e-01,5.473618603500897128e-01
8.465387858450412750e-03,-1.110950601287186146e-03,3.739315867424011230e-01,3.739332258701324463e-01,-1.128607074927602321e-03,1.087364249595847987e-01,1.087422818728804863e-01
8.757297880947589874e-03,-1.115480554290115833e-03,-6.179710477590560913e-02,6.180716678500175476e-02,-1.126710887119101653e-03,-3.311142841978850782e-01,3.311162011700741203e-01
9.049207903444766998e-03,-1.093363971449434757e-03,-4.963096976280212402e-01,4.963108897209167480e-01,-1.111019369067358037e-03,-7.671893145313863904e-01,7.671901190025697259e-01
9.341117925941944122e-03,-1.071247388608753681e-03,-9.308223128318786621e-01,9.308228492736816406e-01,-1.084691377685273288e-03,-1.194505681896618432e+00,1.194506174382824248e+00
9.633027948439121246e-03,-1.025998149998486042e-03,-1.344095110893249512e+00,1.344095468521118164e+00,-1.047031159025147784e-03,-1.608173025177023652e+00,1.608173366021607542e+00
9.924937039613723755e-03,-9.777114028111100197e-04,-1.754577636718750000e+00,1.754577875137329102e+00,-9.916313527493878389e-04,-2.003449061133100173e+00,2.003449306543052977e+00
1.021684706211090088e-02,-9.118645684793591499e-04,-2.131222724914550781e+00,2.131222963333129883e+00,-9.311481242510482757e-04,-2.375847590741040793e+00,2.375847773209983416e+00
1.050875708460807800e-02,-8.399392245337367058e-04,-2.496154308319091797e+00,2.496154308319091797e+00,-8.563424061689020681e-04,-2.721091542697642307e+00,2.721091677445460544e+00
1.080066710710525513e-02,-7.560579688288271427e-04,-2.822159051895141602e+00,2.822159051895141602e+00,-7.655398725390319967e-04,-3.035237532426919405e+00,3.035237628968175283e+00
1.109257712960243225e-02,-6.642652442678809166e-04,-3.122405052185058594e+00,3.122405052185058594e+00,-6.768902774433000835e-04,-3.314712406146266055e+00,3.314712475259418145e+00
1.138448715209960938e-02,-5.655366112478077412e-04,-3.385597229003906250e+00,3.385597229003906250e+00,-5.816037651376515689e-04,-3.556310451766952596e+00,3.556310499325081143e+00
1.167639717459678650e-02,-4.586891736835241318e-04,-3.605415821075439453e+00,3.605415821075439453e+00,-4.730323562481789806e-04,-3.757267503816474452e+00,3.757267533593380726e+00
1.196830719709396362e-02,-3.488204092718660831e-04,-3.795841932296752930e+00,3.795841932296752930e+00,-3.665318231999654605e-04,-3.915295087377325345e+00,3.915295104533832227e+00
1.226021721959114075e-02,-2.325207315152511001e-04,-3.923707008361816406e+00,3.923707008361816406e+00,-2.406870103602292571e-04,-4.028579849296582971e+00,4.028579856486491195e+00
1.255212631076574326e-02,-1.156223806901834905e-04,-4.033954620361328125e+00,4.033954620361328125e+00,-1.273717152792372995e-04,-4.095835363383677930e+00,4.095835365364171032e+00
1.284403633326292038e-02,4.032104698126204312e-06,-4.063162326812744141e+00,4.063162326812744141e+00,-4.881147031279540123e-06,-4.116288497515796507e+00,4.116288497518690193e+00
1.313594635576009750e-02,1.235771196661517024e-04,-4.088613033294677734e+00,4.088613033294677734e+00,1.254442623399957830e-04,-4.089707896966111811e+00,4.089707898889997750e+00
1.342785637825727463e-02,2.403124090051278472e-04,-4.017632007598876953e+00,4.017632007598876953e+00,2.388484416363068714e-04,-4.016394925389410453e+00,4.016394932491373027e+00
1.371976640075445175e-02,3.570477128960192204e-04,-3.946650981903076172e+00,3.946650981903076172e+00,3.497126349780770244e-04,-3.897187099127072951e+00,3.897187114817739051e+00
1.401167642325162888e-02,4.656796518247574568e-04,-3.789194107055664062e+00,3.789194107055664062e+00,4.642297191466717679e-04,-3.733449673162590354e+00,3.733449702024534744e+00
1.430358644574880600e-02,5.733753787353634834e-04,-3.621746063232421875e+00,3.621746063232421875e+00,5.731965009605735802e-04,-3.527052602811514781e+00,3.527052649387830030e+00
1.459549646824598312e-02,6.699778023175895214e-04,-3.388062238693237305e+00,3.388062238693237305e+00,6.754423217153606796e-04,-3.280353763408343504e+00,3.280353832946929504e+00
1.488740649074316025e-02,7.629874744452536106e-04,-3.132925987243652344e+00,3.132925987243652344e+00,7.645626610054848202e-04,-2.996165976999314307e+00,2.996166074549993841e+00
1.517931651324033737e-02,8.439797675237059593e-04,-2.832142114639282227e+00,2.832142114639282227e+00,8.503430225157130760e-04,-2.677748131023077516e+00,2.677748266040114622e+00
1.547122560441493988e-02,9.174261358566582203e-04,-2.502697229385375977e+00,2.502697229385375977e+00,9.252571202657758212e-04,-2.328733841254422288e+00,2.328734025066906632e+00
1.576313562691211700e-02,9.797930251806974411e-04,-2.146260023117065430e+00,2.146260261535644531e+00,9.901929002936330285e-04,-1.953109630825021314e+00,1.953109881830366934e+00
1.605504564940929413e-02,1.029825885780155659e-03,-1.759776234626770020e+00,1.759776473045349121e+00,1.040321935472544347e-03,-1.555161097498569678e+00,1.555161445459179781e+00
1.634695567190647125e-02,1.071210717782378197e-03,-1.361078739166259766e+00,1.361079096794128418e+00,1.081842597837792685e-03,-1.139449546375419065e+00,1.139450059949340011e+00
1.663886569440364838e-02,1.095206476747989655e-03,-9.378228783607482910e-01,9.378234148025512695e-01,1.110923565980910131e-03,-7.107171060465162782e-01,7.107179742895943786e-01
1.693077571690082550e-02,1.113987062126398087e-03,-5.117806792259216309e-01,5.117818713188171387e-01,1.126524663728454417e-03,-2.738646078196185774e-01,2.738669247536318907e-01
1.722268573939800262e-02,1.110687619075179100e-03,-7.394216209650039673e-02,7.395049929618835449e-02,1.129348130287384250e-03,1.661249676874304027e-01,1.661288064013859422e-01
1.751459576189517975e-02,1.106032170355319977e-03,3.634775876998901367e-01,3.634792864322662354e-01,1.120200509070341886e-03,6.042163438042572610e-01,6.042173822138561246e-01
1.780650578439235687e-02,1.075610518455505371e-03,7.929409146308898926e-01,7.929415702819824219e-01,1.095649709632263080e-03,1.035388020321829972e+00,1.035388600031043715e+00
1.809841580688953400e-02,1.045188866555690765e-03,1.222404241561889648e+00,1.222404718399047852e+00,1.059475581196846986e-03,1.454736787217131289e+00,1.454737173021755314e+00
1.839032582938671112e-02,9.915648261085152626e-04,1.623787403106689453e+00,1.623787641525268555e+00,1.014179516226581266e-03,1.857470213631177369e+00,1.857470490502377336e+00
1.868223585188388824e-02,9.356162045150995255e-04,2.022356986999511719e+00,2.022357225418090820e+00,9.586559245963633281e-04,2.238978353484239570e+00,2.238978558716491651e+00
1.897414587438106537e-02,8.623186731711030006e-04,2.381160259246826172e+00,2.381160259246826172e+00,8.823658711416415426e-04,2.594890733511296066e+00,2.594890883531005610e+00
1.926605589687824249e-02,7.837761077098548412e-04,2.727940797805786133e+00,2.727940797805786133e+00,8.006787296190423552e-04,2.921158415630326743e+00,2.921158525361865266e+00
1.955796405673027039e-02,6.936538848094642162e-04,3.030861854553222656e+00,3.030861854553222656e+00,7.173329799509731196e-04,3.214051334548864158e+00,3.214051414598393830e+00
1.984987407922744751e-02,5.966357421129941940e-04,3.307670354843139648e+00,3.307670354843139648e+00,6.116988544771303658e-04,3.470210956981280237e+00,3.470211010893778258e+00
2.014178410172462463e-02,4.931145813316106796e-04,3.543442487716674805e+00,3.543442487716674805e+00,5.112339820763434680e-04,3.686726890583578164e+00,3.686726926029678886e+00
2.043369412422180176e-02,3.827079490292817354e-04,3.735764503479003906e+00,3.735764503479003906e+00,3.989223437284728359e-04,3.861112236707084477e+00,3.861112257315011398e+00
2.072560414671897888e-02,2.696819137781858444e-04,3.895494461059570312e+00,3.895494461059570312e+00,2.895419345397031493e-04,3.991380251694493175e+00,3.991380262196440487e+00
2.101751416921615601e-02,1.516749180154874921e-04,3.993247270584106445e+00,3.993247270584106445e+00,1.771831690470064286e-04,4.076039571008083229e+00,4.076039574859110282e+00
2.130942419171333313e-02,3.338032547617331147e-05,4.070705413818359375e+00,4.070705413818359375e+00,4.728541551241424230e-05,4.114122282455650037e+00,4.114122282727386448e+00
2.160133421421051025e-02,-8.603942114859819412e-05,4.068763732910156250e+00,4.068763732910156250e+00,-6.758963921072230958e-05,4.105195426089761845e+00,4.105195426646173651e+00
2.189324423670768738e-02,-2.051561023108661175e-04,4.060597419738769531e+00,4.060597419738769531e+00,-1.904538163899049659e-04,4.049360299181650191e+00,4.049360303660463067e+00
2.218515425920486450e-02,-3.197269106749445200e-04,3.959062814712524414e+00,3.959062814712524414e+00,-3.176446142465419323e-04,3.947257879486175458e+00,3.947257892266959445e+00
2.247706428170204163e-02,-4.342977481428533792e-04,3.857528209686279297e+00,3.857528209686279297e+00,-4.260673669867369234e-04,3.800047973740924956e+00,3.800047997626597063e+00
2.276897430419921875e-02,-5.388660938479006290e-04,3.669131040573120117e+00,3.669131040573120117e+00,-5.301765827324733194e-04,3.609415113792095120e+00,3.609415152730149678e+00
2.306088432669639587e-02,-6.425814935937523842e-04,3.473326921463012695e+00,3.473326921463012695e+00,-6.353017178416918041e-04,3.377542720984041402e+00,3.377542780732844641e+00
2.335279434919357300e-02,-7.335820700973272324e-04,3.211969852447509766e+00,3.211969852447509766e+00,-7.269113600059278531e-04,3.107071988106143934e+00,3.107072073137987278e+00
2.364470437169075012e-02,-8.210038649849593639e-04,2.932162284851074219e+00,2.932162284851074219e+00,-8.217689878085877040e-04,2.801108571124912849e+00,2.801108691667233419e+00
2.393661439418792725e-02,-8.950790506787598133e-04,2.608031511306762695e+00,2.608031511306762695e+00,-8.962912104996556984e-04,2.463126730465853065e+00,2.463126893538645223e+00
2.422852441668510437e-02,-9.616235038265585899e-04,2.258891582489013672e+00,2.258891820907592773e+00,-9.656113854131407551e-04,2.097006409649950331e+00,2.097006631968130641e+00
2.452043443918228149e-02,-1.016028109006583691e-03,1.884329915046691895e+00,1.884330153465270996e+00,-1.026695327872541611e-03,1.706931568437620284e+00,1.706931877208991200e+00
2.481234446167945862e-02,-1.058206078596413136e-03,1.484164595603942871e+00,1.484164953231811523e+00,-1.069171083199296464e-03,1.297338154013253364e+00,1.297338594579426241e+00
2.510425262153148651e-02,-1.090892008505761623e-03,1.073271155357360840e+00,1.073271632194519043e+00,-1.100821652755744513e-03,8.729206085302972928e-01,8.729213026414326393e-01
2.539616264402866364e-02,-1.106492243707180023e-03,6.430594325065612793e-01,6.430603265762329102e-01,-1.121727664818349341e-03,4.385360374604126976e-01,4.385374720869751886e-01
2.568807266652584076e-02,-1.116173109039664268e-03,2.112296670675277710e-01,2.112326174974441528e-01,-1.129642632438698563e-03,-8.594800899649039389e-04,1.419435980264383912e-03
2.597998268902301788e-02,-1.104377792216837406e-03,-2.264707088470458984e-01,2.264733761548995972e-01,-1.124070915357815170e-03,-4.402451456752339287e-01,4.402465807090734651e-01
2.627189271152019501e-02,-1.090573961846530437e-03,-6.630114316940307617e-01,6.630123257637023926e-01,-1.106861182303326948e-03,-8.746081131922811558e-01,8.746088135866451063e-01
2.656380273401737213e-02,-1.052001491189002991e-03,-1.085249900817871094e+00,1.085250377655029297e+00,-1.075835916232754626e-03,-1.298969459040074215e+00,1.298969904555829835e+00
2.685571275651454926e-02,-1.013428904116153717e-03,-1.507488369941711426e+00,1.507488727569580078e+00,-1.032078539959856199e-03,-1.708488341309917002e+00,1.708488653043392036e+00
2.714762277901172638e-02,-9.517369326204061508e-04,-1.894613146781921387e+00,1.894613385200500488e+00,-9.762952918011004975e-04,-2.098485247970668599e+00,2.098485475075539952e+00
2.743953280150890350e-02,-8.884093840606510639e-04,-2.279253721237182617e+00,2.279253721237182617e+00,-9.136484921165485525e-04,-2.464510252738168816e+00,2.464510422093020736e+00
2.773144282400608063e-02,-8.080872939899563789e-04,-2.618093490600585938e+00,2.618093490600585938e+00,-8.361077030719955838e-04,-2.802367877831849263e+00,2.802368002561382632e+00
2.802335284650325775e-02,-7.233251817524433136e-04,-2.944967508316040039e+00,2.944967508316040039e+00,-7.487444913291415151e-04,-3.108204279714602780e+00,3.108204369898235342e+00
2.831526286900043488e-02,-6.274891784414649010e-04,-3.223018884658813477e+00,3.223018884658813477e+00,-6.525601945078174588e-04,-3.378525022157968571e+00,3.378525085178784249e+00
2.860717289149761200e-02,-5.257371230982244015e-04,-3.474987268447875977e+00,3.474987268447875977e+00,-5.555638402886551924e-04,-3.610245319498522232e+00,3.610245362245088074e+00
2.889908291399478912e-02,-4.180323448963463306e-04,-3.681954145431518555e+00,3.681954145431518555e+00,-4.528471110727478243e-04,-3.800711230561654830e+00,3.800711257539566290e+00
2.919099293649196625e-02,-3.046246420126408339e-04,-3.845807313919067383e+00,3.845807313919067383e+00,-3.304187382835778474e-04,-3.947743123609835258e+00,3.947743137437551120e+00
2.948290295898914337e-02,-1.891065767267718911e-04,-3.973913192749023438e+00,3.973913192749023438e+00,-2.092781556518170081e-04,-4.049669198734380693e+00,4.049669204141901346e+00
2.977481298148632050e-02,-6.998970638960599899e-05,-4.041059017181396484e+00,4.041059017181396484e+00,-9.548540562520514815e-05,-4.105322178204724004e+00,4.105322179315168185e+00
3.006672300398349762e-02,4.900450585409998894e-05,-4.085295677185058594e+00,4.085295677185058594e+00,1.931786218861108578e-05,-4.114064597699728765e+00,4.114064597745082708e+00
3.035863302648067474e-02,1.675847306614741683e-04,-4.052214145660400391e+00,4.052214145660400391e+00,1.494996144600645757e-04,-4.075797985911617793e+00,4.075797988653428128e+00
3.065054304897785187e-02,2.855740312952548265e-04,-4.010514259338378906e+00,4.010514259338378906e+00,2.700958675416528635e-04,-3.990959432357180869e+00,3.990959441496810367e+00
3.094245120882987976e-02,3.974002611357718706e-04,-3.878940105438232422e+00,3.878940105438232422e+00,3.782516895264873610e-04,-3.860515972854011491e+00,3.860515991384480206e+00
3.123436123132705688e-02,5.092271603643894196e-04,-3.747365474700927734e+00,3.747365474700927734e+00,4.984502400836014367e-04,-3.685965948869318609e+00,3.685965982571832722e+00
3.152627125382423401e-02,6.091131363064050674e-04,-3.529103279113769531e+00,3.529103279113769531e+00,5.988525256743245772e-04,-3.469291258216557594e+00,3.469291309902092557e+00
3.181818127632141113e-02,7.083232048898935318e-04,-3.305933952331542969e+00,3.305933952331542969e+00,6.992505937034972823e-04,-3.212978532483810046e+00,3.212978608573858974e+00
3.211009129881858826e-02,7.931829313747584820e-04,-3.018422126770019531e+00,3.018422126770019531e+00,7.856939721888686482e-04,-2.919947319834322208e+00,2.919947425540854180e+00
3.240200132131576538e-02,8.745744125917553902e-04,-2.715359449386596680e+00,2.715359449386596680e+00,8.640987791300018279e-04,-2.593550064227546414e+00,2.593550208174387972e+00
3.269391134381294250e-02,9.412943618372082710e-04,-2.369780063629150391e+00,2.369780063629150391e+00,9.421933664257149893e-04,-2.237530133776227004e+00,2.237530332148594869e+00
3.298582136631011963e-02,1.000599702820181847e-03,-2.002713918685913086e+00,2.002714157104492188e+00,1.001597795002553493e-03,-1.855928104564108061e+00,1.855928374832678251e+00
3.327773138880729675e-02,1.046722172759473324e-03,-1.612231135368347168e+00,1.612231492996215820e+00,1.052333463763424279e-03,-1.453127763596330224e+00,1.453128144638383690e+00
3.356964141130447388e-02,1.080831745639443398e-03,-1.200410008430480957e+00,1.200410485267639160e+00,1.092569496127834610e-03,-1.033730956928730960e+00,1.033731534307091637e+00
3.386155143380165100e-02,1.104629831388592720e-03,-7.797356247901916504e-01,7.797363400459289551e-01,1.116147138921505435e-03,-6.025071566930171318e-01,6.025081905258546922e-01
3.415346145629882812e-02,1.111755729652941227e-03,-3.447469174861907959e-01,3.447486758232116699e-01,1.128116934466407871e-03,-1.643985698592158318e-01,1.644024404307104226e-01
3.444537147879600525e-02,1.112286583520472050e-03,9.032815694808959961e-02,9.033500403165817261e-02,1.127890925383894394e-03,2.755806921052803560e-01,2.755830001998760825e-01
3.473728150129318237e-02,1.092054764740169048e-03,5.256749391555786133e-01,5.256760716438293457e-01,1.115585804591519813e-03,7.124188232537529419e-01,7.124196967083022969e-01
3.502919152379035950e-02,1.069193356670439243e-03,9.587749242782592773e-01,9.587755203247070312e-01,1.087674805279036658e-03,1.141101224509910583e+00,1.141101742884699677e+00
3.532110154628753662e-02,1.022664830088615417e-03,1.371653795242309570e+00,1.371654152870178223e+00,1.051258304754194763e-03,1.556759705776921354e+00,1.556760060726980033e+00
3.561301156878471375e-02,9.761362452991306782e-04,1.784532785415649414e+00,1.784533023834228516e+00,1.000090359300734267e-03,1.954622527699857226e+00,1.954622783549937681e+00
3.590492159128189087e-02,9.067302453331649303e-04,2.155107736587524414e+00,2.155107736587524414e+00,9.327833941643508611e-04,2.330144500951653708e+00,2.330144687653556534e+00
3.619683161377906799e-02,8.363444358110427856e-04,2.523871183395385742e+00,2.523871183395385742e+00,8.633401756225618333e-04,2.679054240377849005e+00,2.679054379485939386e+00
3.648874163627624512e-02,7.494649617001414299e-04,2.840740680694580078e+00,2.840740680694580078e+00,7.849864028577943197e-04,2.997350805858852496e+00,2.997350908650231016e+00
3.678065165877342224e-02,6.589123513549566269e-04,3.146053791046142578e+00,3.146053791046142578e+00,6.921582426730882309e-04,3.281392021531480907e+00,3.281392094531449199e+00
3.707256168127059937e-02,5.579246208071708679e-04,3.397588729858398438e+00,3.397588729858398438e+00,5.979947674229684016e-04,3.527942660393053043e+00,3.527942711073829063e+00
3.736447170376777649e-02,4.519536742009222507e-04,3.623441934585571289e+00,3.623441934585571289e+00,4.833168308380539737e-04,3.734173504954536593e+00,3.734173536232562984e+00
3.765638172626495361e-02,3.406987234484404325e-04,3.800384998321533203e+00,3.800384998321533203e+00,3.771517372444679428e-04,3.897742837590330023e+00,3.897742855837228237e+00
3.794829174876213074e-02,2.248642995255067945e-04,3.934939146041870117e+00,3.934939146041870117e+00,2.575202784012663019e-04,4.016771463393276953e+00,4.016771471648251435e+00
3.824020177125930786e-02,1.075344116543419659e-04,4.030677795410156250e+00,4.030677795410156250e+00,1.366830821989269108e-04,4.089902797769851439e+00,4.089902800053801357e+00
3.853211179375648499e-02,-1.208942921948619187e-05,4.066876888275146484e+00,4.066876888275146484e+00,1.427072287535619142e-05,4.116300075881914822e+00,4.116300075906652367e+00
3.882402181625366211e-02,-1.310837251367047429e-04,4.077654361724853516e+00,4.077654361724853516e+00,-1.005112567188496021e-04,4.095662400565871053e+00,4.095662401799189389e+00
3.911592811346054077e-02,-2.482234558556228876e-04,4.013601303100585938e+00,4.013601303100585938e+00,-2.181405734888534605e-04,4.028226725736513636e+00,4.028226731642996938e+00
3.940783813595771790e-02,-3.643944510258734226e-04,3.938647270202636719e+00,3.938647270202636719e+00,-3.370859989290063961e-04,3.914762328480751563e+00,3.914762342993378219e+00
3.969974815845489502e-02,-4.729111387860029936e-04,3.777698755264282227e+00,3.777698755264282227e+00,-4.519951756919933549e-04,3.756566164539931307e+00,3.756566191732270354e+00
3.999165818095207214e-02,-5.814278265461325645e-04,3.616750001907348633e+00,3.616750001907348633e+00,-5.566062286827965118e-04,3.555440406589568170e+00,3.555440450158079635e+00
4.028356820344924927e-02,-6.760393735021352768e-04,3.369873046875000000e+00,3.369873046875000000e+00,-6.661213632052329124e-04,3.313697623086456101e+00,3.313697690038501342e+00
4.057547822594642639e-02,-7.702418952248990536e-04,3.120468378067016602e+00,3.120468378067016602e+00,-7.553258665439533965e-04,3.034081721037941826e+00,3.034081815056034692e+00
4.086738824844360352e-02,-8.484568679705262184e-04,2.808473587036132812e+00,2.808473587036132812e+00,-8.419768293065175860e-04,2.719801625823364599e+00,2.719801756149958560e+00
4.115929827094078064e-02,-9.234055760316550732e-04,2.483691692352294922e+00,2.483691692352294922e+00,-9.142630153308472802e-04,2.374437581576861689e+00,2.374437757592612996e+00
4.145120829343795776e-02,-9.823751170188188553e-04,2.118689060211181641e+00,2.118689298629760742e+00,-9.769971961379290970e-04,2.001940993755012776e+00,2.001941232154512917e+00
4.174311831593513489e-02,-1.034141285344958305e-03,1.735554695129394531e+00,1.735554933547973633e+00,-1.035837060688791621e-03,1.606583362138900739e+00,1.606583696064400657e+00
4.203502833843231201e-02,-1.071710255928337574e-03,1.331444859504699707e+00,1.331445217132568359e+00,-1.078543213507487464e-03,1.192861126667574601e+00,1.192861614257957115e+00
4.232693836092948914e-02,-1.097579137422144413e-03,9.100485444068908691e-01,9.100492000579833984e-01,-1.107082656359271522e-03,7.655009511660748611e-01,7.655017517081024181e-01
4.261884838342666626e-02,-1.112352008931338787e-03,4.820697009563446045e-01,4.820709526538848877e-01,-1.125646262745121562e-03,3.294091408887735994e-01,3.294110641441612142e-01
4.291075840592384338e-02,-1.110967365093529224e-03,4.450559616088867188e-02,4.451945796608924866e-02,-1.129358102412523785e-03,-1.104621364323317562e-01,1.104679095254298832e-01
4.320266842842102051e-02,-1.102350768633186817e-03,-3.912560343742370605e-01,3.912575840950012207e-01,-1.120692918425675528e-03,-5.490634345649474390e-01,5.490645782864468361e-01
4.349457845091819763e-02,-1.073785126209259033e-03,-8.220457434654235840e-01,8.220464587211608887e-01,-1.100533358277534053e-03,-9.813985370092861427e-01,9.813991540742431630e-01
4.378648847341537476e-02,-1.042009098455309868e-03,-1.249165296554565430e+00,1.249165773391723633e+00,-1.068342995196595174e-03,-1.402521119968532570e+00,1.402521526863150347e+00
4.407839849591255188e-02,-9.877602569758892059e-04,-1.650593638420104980e+00,1.650593876838684082e+00,-1.019677194293043977e-03,-1.807599598048970524e+00,1.807599885651794303e+00
4.437030851840972900e-02,-9.335113572888076305e-04,-2.052022218704223633e+00,2.052022457122802734e+00,-9.597897216308321931e-04,-2.192034190372583513e+00,2.192034400496191360e+00
4.466221854090690613e-02,-8.567910408601164818e-04,-2.403849601745605469e+00,2.403849601745605469e+00,-8.954892939332970451e-04,-2.551424965097241149e+00,2.551425122244925348e+00
4.495412856340408325e-02,-7.797037833370268345e-04,-2.754867076873779297e+00,2.754867076873779297e+00,-8.087461708874087683e-04,-2.881652397847474845e+00,2.881652511336241673e+00
4.524603858590126038e-02,-6.867729825899004936e-04,-3.047887325286865234e+00,3.047887325286865234e+00,-7.259797200683487748e-04,-3.178961450796831123e+00,3.178961533692858055e+00
4.553794860839843750e-02,-5.908882012590765953e-04,-3.330093860626220703e+00,3.330093860626220703e+00,-6.328340363249081212e-04,-3.439947640737688772e+00,3.439947698947718902e+00
4.582985863089561462e-02,-4.853400459978729486e-04,-3.553624391555786133e+00,3.553624391555786133e+00,-5.291636229745671442e-04,-3.661620050426973805e+00,3.661620088663346984e+00
4.612176865339279175e-02,-3.756855730898678303e-04,-3.752221107482910156e+00,3.752221107482910156e+00,-4.232670492720974273e-04,-3.841457542226758282e+00,3.841457565545380870e+00
4.641367867588996887e-02,-2.615339762996882200e-04,-3.898098230361938477e+00,3.898098230361938477e+00,-3.014611097371296404e-04,-3.977394266968335756e+00,3.977394278392750060e+00
4.670558869838714600e-02,-1.438591280020773411e-04,-4.002672672271728516e+00,4.002672672271728516e+00,-1.874422429993197073e-04,-4.067888221569567975e+00,4.067888225888097509e+00
4.699749872088432312e-02,-2.540774039516691118e-05,-4.065490245819091797e+00,4.065490245819091797e+00,-6.745008329006821498e-05,-4.111898037895783453e+00,4.111898038448996040e+00
4.728940874338150024e-02,9.411758219357579947e-05,-4.070559024810791016e+00,4.070559024810791016e+00,6.506316436412086209e-05,-4.108924146262574517e+00,4.108924146777699349e+00
4.758131876587867737e-02,2.124126040143892169e-04,-4.047833919525146484e+00,4.047833919525146484e+00,1.811954678659924108e-04,-4.058998906550755237e+00,4.058998910595077447e+00
4.787322878837585449e-02,3.275215567555278540e-04,-3.953132152557373047e+00,3.953132152557373047e+00,2.916298405288031436e-04,-3.962692494880851513e+00,3.962692505611933758e+00
4.816513881087303162e-02,4.411933186929672956e-04,-3.845393419265747070e+00,3.845393419265747070e+00,4.101109104641650406e-04,-3.821106487951721142e+00,3.821106509959869335e+00
4.845704883337020874e-02,5.458505474962294102e-04,-3.655885696411132812e+00,3.655885696411132812e+00,5.131847397695962461e-04,-3.635857241959187469e+00,3.635857278176035212e+00
4.874895885586738586e-02,6.505077471956610680e-04,-3.466377735137939453e+00,3.466377735137939453e+00,6.273815232991487943e-04,-3.409067777727435189e+00,3.409067835456937257e+00
4.904086887836456299e-02,7.392821717076003551e-04,-3.192304134368896484e+00,3.192304134368896484e+00,7.180624866660061025e-04,-3.143318500810975191e+00,3.143318582828392049e+00
4.933277890086174011e-02,8.279998437501490116e-04,-2.917928218841552734e+00,2.917928218841552734e+00,8.097519380711504277e-04,-2.841654374206525890e+00,2.841654489579140463e+00
4.962468892335891724e-02,8.991055656224489212e-04,-2.583262205123901367e+00,2.583262205123901367e+00,8.891824876880032339e-04,-2.507523039920680485e+00,2.507523197575357798e+00
4.991659894585609436e-02,9.672330925241112709e-04,-2.238400936126708984e+00,2.238401174545288086e+00,9.604821235298469659e-04,-2.144736373345793812e+00,2.144736588413219902e+00
5.020850524306297302e-02,1.018100883811712265e-03,-1.856114625930786133e+00,1.856114864349365234e+00,1.015170016407358463e-03,-1.757439290299016355e+00,1.757439583501200220e+00
5.050041526556015015e-02,1.062065828591585159e-03,-1.458851456642150879e+00,1.458851814270019531e+00,1.062149751493679430e-03,-1.350067830992579987e+00,1.350068248809334959e+00
5.079232528805732727e-02,1.090859062969684601e-03,-1.043490409851074219e+00,1.043490886688232422e+00,1.098077940244966341e-03,-9.272660818925423376e-01,9.272667320698558813e-01
5.108423531055450439e-02,1.108356053009629250e-03,-6.146541237831115723e-01,6.146550774574279785e-01,1.120083093557514399e-03,-4.938729117350482700e-01,4.938741818842035114e-01
5.137614533305168152e-02,1.114018843509256840e-03,-1.818904131650924683e-01,1.818938106298446655e-01,1.129210746168212353e-03,-5.482477581169251796e-02,5.483640359935729874e-02
5.166805535554885864e-02,1.104130642488598824e-03,2.560343146324157715e-01,2.560366988182067871e-01,1.125215353511161255e-03,3.848303107240156895e-01,3.848319557437171468e-01
5.195996537804603577e-02,1.086422358639538288e-03,6.899211406707763672e-01,6.899219751358032227e-01,1.109068362857819475e-03,8.201076043465574950e-01,8.201083542677047866e-01
5.225187540054321289e-02,1.049667363986372948e-03,1.113973379135131836e+00,1.113973736763000488e+00,1.079805856783673610e-03,1.246002477406556563e+00,1.246002945295060060e+00
5.254378542304039001e-02,1.009171595796942711e-03,1.532609224319458008e+00,1.532609581947326660e+00,1.039908444705659862e-03,1.657670559067833560e+00,1.657670885251302462e+00
5.283569544553756714e-02,9.474772959947586060e-04,1.920552968978881836e+00,1.920553207397460938e+00,9.906205240343851116e-04,2.050393225933829111e+00,2.050393465236454826e+00
5.312760546803474426e-02,8.855894557200372219e-04,2.307993173599243164e+00,2.307993173599243164e+00,9.201463979947268517e-04,2.419677145037184118e+00,2.419677319992211917e+00
5.341951549053192139e-02,8.021899848245084286e-04,2.639492750167846680e+00,2.639492750167846680e+00,8.450304311840080729e-04,2.761316203818394044e+00,2.761316333118402078e+00
5.371142551302909851e-02,7.187905139289796352e-04,2.970992088317871094e+00,2.970992088317871094e+00,7.631101081796513299e-04,3.071411377391468633e+00,3.071411472191050152e+00
5.400333553552627563e-02,6.203492521308362484e-04,3.238419771194458008e+00,3.238419771194458008e+00,6.601089787340870107e-04,3.346400993023196602e+00,3.346401058129539141e+00
5.429524555802345276e-02,5.196175188757479191e-04,3.496091365814208984e+00,3.496091365814208984e+00,5.654552259729796670e-04,3.583159293741616125e+00,3.583159338358612445e+00
5.458715558052062988e-02,4.101276572328060865e-04,3.690287351608276367e+00,3.690287351608276367e+00,4.542144833756618020e-04,3.778972431045310554e+00,3.778972458342519047e+00
5.487906560301780701e-02,2.973453374579548836e-04,3.860621213912963867e+00,3.860621213912963867e+00,3.486569450229445324e-04,3.931606409606205776e+00,3.931606425065746979e+00
5.517097562551498413e-02,1.809683017199859023e-04,3.974569320678710938e+00,3.974569320678710938e+00,2.281480845626163883e-04,4.039313959529486020e+00,4.039313965972603171e+00
5.546288564801216125e-02,6.204866804182529449e-05,4.048634529113769531e+00,4.048634529113769531e+00,1.087621990232560867e-04,4.100865684567389202e+00,4.100865686009671940e+00
5.575479567050933838e-02,-5.682748815161176026e-05,4.078167438507080078e+00,4.078167438507080078e+00,-1.580544093177291740e-05,4.115559268716520336e+00,4.115559268746869392e+00
5.604670569300651550e-02,-1.756493293214589357e-04,4.052081108093261719e+00,4.052081108093261719e+00,-1.285017443471162739e-04,4.083226067676946514e+00,4.083226069698961957e+00
5.633861571550369263e-02,-2.925499866250902414e-04,3.996006011962890625e+00,3.996006011962890625e+00,-2.513700681776208303e-04,4.004235498628744949e+00,4.004235506518753596e+00
5.663052573800086975e-02,-4.050433344673365355e-04,3.871135711669921875e+00,3.871135711669921875e+00,-3.674962524720210792e-04,3.879491580317373955e+00,3.879491597723455865e+00
5.692243576049804688e-02,-5.155501421540975571e-04,3.731277465820312500e+00,3.731277465820312500e+00,-4.758597462687103735e-04,3.710414528480875163e+00,3.710414558995322132e+00
5.721434578299522400e-02,-6.158181349746882915e-04,3.514169454574584961e+00,3.514169454574584961e+00,-5.825215726318316162e-04,3.498944454825686723e+00,3.498944503316222310e+00
5.750625580549240112e-02,-7.157115614973008633e-04,3.295329093933105469e+00,3.295329093933105469e+00,-6.856292987300653067e-04,3.247492436020062989e+00,3.247492508397064714e+00
5.779816582798957825e-02,-7.984963594935834408e-04,2.997367143630981445e+00,2.997367143630981445e+00,-7.775588490164021295e-04,2.958934998107270342e+00,2.958935100272027885e+00
5.809007585048675537e-02,-8.812812156975269318e-04,2.699405431747436523e+00,2.699405431747436523e+00,-8.580569470296328270e-04,2.636558835782057297e+00,2.636558975407559569e+00
5.838198587298393250e-02,-9.448532946407794952e-04,2.344016790390014648e+00,2.344016790390014648e+00,-9.315640037740233713e-04,2.284064665627168367e+00,2.284064855598028299e+00
5.867389589548110962e-02,-1.005814410746097565e-03,1.980823874473571777e+00,1.980824112892150879e+00,-9.961769853959196851e-04,1.905468626707843782e+00,1.905468887107963916e+00
5.896580591797828674e-02,-1.048278412781655788e-03,1.583484172821044922e+00,1.583484530448913574e+00,-1.048768958534203885e-03,1.505099467166975957e+00,1.505099832563489226e+00
5.925771594047546387e-02,-1.084219431504607201e-03,1.174102783203125000e+00,1.174103260040283203e+00,-1.085611557783199184e-03,1.087528408146336556e+00,1.087528949995244743e+00
5.954962596297264099e-02,-1.104065682739019394e-03,7.499307990074157715e-01,7.499315738677978516e-01,-1.113319057985456264e-03,6.575345260187721586e-01,6.575354685384326991e-01
5.984153598546981812e-02,-1.113102305680513382e-03,3.158253133296966553e-01,3.158272802829742432e-01,-1.127342909464217838e-03,2.200311186990210888e-01,2.200340066852808640e-01
6.013344600796699524e-02,-1.109622884541749954e-03,-1.191765218973159790e-01,1.191816776990890503e-01,-1.128378090973155634e-03,-2.199903653155233230e-01,2.199932591439419383e-01
6.042535603046417236e-02,-1.091281417757272720e-03,-5.552427172660827637e-01,5.552437901496887207e-01,-1.117499380854444216e-03,-6.575019579898212507e-01,6.575029076478026147e-01
6.071726605296134949e-02,-1.064590294845402241e-03,-9.847037792205810547e-01,9.847043752670288086e-01,-1.092423088937606980e-03,-1.087496784790884297e+00,1.087497333476600492e+00
6.100917607545852661e-02,-1.019832096062600613e-03,-1.399872183799743652e+00,1.399872541427612305e+00,-1.055351591146096646e-03,-1.505061461636831188e+00,1.505061831643927928e+00
6.130108609795570374e-02,-9.708615834824740887e-04,-1.807573556900024414e+00,1.807573795318603516e+00,-1.004339521577351547e-03,-1.905432418231078229e+00,1.905432682921075926e+00
6.159299239516258240e-02,-9.020344004966318607e-04,-2.180068969726562500e+00,2.180068969726562500e+00,-9.478720350821647064e-04,-2.284033949879100689e+00,2.284034146562113232e+00
6.188490241765975952e-02,-8.325122180394828320e-04,-2.550459384918212891e+00,2.550459384918212891e+00,-8.767750451464948261e-04,-2.636530665827547359e+00,2.636530811612777470e+00
6.217681244015693665e-02,-7.432230631820857525e-04,-2.860760450363159180e+00,2.860760450363159180e+00,-7.931090850670750869e-04,-2.958903857634990420e+00,2.958903963928070535e+00
6.246872246265411377e-02,-6.539339083246886730e-04,-3.171061277389526367e+00,3.171061277389526367e+00,-7.026282599613150161e-04,-3.247464753213825883e+00,3.247464829224884664e+00
6.276063621044158936e-02,-5.505546578206121922e-04,-3.411304712295532227e+00,3.411304712295532227e+00,-6.075434091716906638e-04,-3.498925260541944748e+00,3.498925313287997163e+00
6.305254250764846802e-02,-4.454873269423842430e-04,-3.643134355545043945e+00,3.643134355545043945e+00,-5.024650527937162383e-04,-3.710398388993723540e+00,3.710398423015828673e+00
6.334445625543594360e-02,-3.326958685647696257e-04,-3.806839466094970703e+00,3.806839466094970703e+00,-3.878839140935413650e-04,-3.879476672021253680e+00,3.879476691412262479e+00
6.363636255264282227e-02,-2.173580287490040064e-04,-3.948046445846557617e+00,3.948046445846557617e+00,-2.724006437048183513e-04,-4.004225041911197991e+00,4.004225051176674377e+00
6.392827630043029785e-02,-9.943799523171037436e-05,-4.029388904571533203e+00,4.029388904571533203e+00,-1.538070200127635543e-04,-4.083221835437808700e+00,4.083221838334614162e+00
6.422018259763717651e-02,2.012301956710871309e-05,-4.072569370269775391e+00,4.072569370269775391e+00,-3.740270030120904977e-05,-4.115558091342802705e+00,4.115558091512762751e+00
6.451209634542465210e-02,1.387263619108125567e-04,-4.068648338317871094e+00,4.068648338317871094e+00,9.115766926308675787e-05,-4.100869140254900458e+00,4.100869141268066009e+00
6.480400264263153076e-02,2.562417939770966768e-04,-4.011538982391357422e+00,4.011538982391357422e+00,2.069641490942124729e-04,-4.039322771697329451e+00,4.039322776999475728e+00
6.509591639041900635e-02,3.710634482558816671e-04,-3.922456741333007812e+00,3.922456741333007812e+00,3.243088982878243186e-04,-3.931616248177801420e+00,3.931616261553503744e+00
6.538782268762588501e-02,4.803717893082648516e-04,-3.768051147460937500e+00,3.768051147460937500e+00,4.343648992824949507e-04,-3.778990280318891060e+00,3.778990305282287299e+00
6.567973643541336060e-02,5.870691966265439987e-04,-3.596914291381835938e+00,3.596914291381835938e+00,5.501282173612521411e-04,-3.583179511091629799e+00,3.583179553322427324e+00
6.597164273262023926e-02,6.824393058195710182e-04,-3.353308200836181641e+00,3.353308200836181641e+00,6.523115647315087719e-04,-3.346429240456295418e+00,3.346429304033072594e+00
6.626355648040771484e-02,7.769319927319884300e-04,-3.106145620346069336e+00,3.106145620346069336e+00,7.439904977439310702e-04,-3.071433611324835056e+00,3.071433701432895624e+00
6.655546277761459351e-02,8.533625514246523380e-04,-2.786115646362304688e+00,2.786115646362304688e+00,8.304742793111090631e-04,-2.761349482204937811e+00,2.761349607087267177e+00
6.684737652540206909e-02,9.297950309701263905e-04,-2.466077566146850586e+00,2.466077566146850586e+00,9.051124752766220036e-04,-2.419703834373786222e+00,2.419704003656603319e+00
6.713928282260894775e-02,9.854519739747047424e-04,-2.092041492462158203e+00,2.092041730880737305e+00,9.760919815667664550e-04,-2.050425366685675321e+00,2.050425599016858058e+00
6.743118911981582642e-02,1.038937247358262539e-03,-1.712359905242919922e+00,1.712360143661499023e+00,1.029570129147157429e-03,-1.657715122924242612e+00,1.657715442645808279e+00
6.772310286760330200e-02,1.072743325494229794e-03,-1.302295327186584473e+00,1.302295804023742676e+00,1.073343056400740238e-03,-1.246045057129291145e+00,1.246045519417992686e+00
6.801500916481018066e-02,1.100478344596922398e-03,-8.828729987144470215e-01,8.828736543655395508e-01,1.104846247414470245e-03,-8.201514365304112264e-01,8.201521807129014130e-01
6.830692291259765625e-02,1.111259683966636658e-03,-4.523780941963195801e-01,4.523794353008270264e-01,1.123316834433632071e-03,-3.848748302353843243e-01,3.848764695190216578e-01
6.859882920980453491e-02,1.111790188588202000e-03,-1.520607154816389084e-02,1.524666137993335724e-02,1.129510156306590303e-03,5.478004963837961733e-02,5.479169308915846082e-02
6.889074295759201050e-02,1.099190558306872845e-03,4.194835722446441650e-01,4.194850325584411621e-01,1.122556790842055502e-03,4.938285200008415421e-01,4.938297958811013744e-01
6.918264925479888916e-02,1.072488725185394287e-03,8.514838218688964844e-01,8.514844179153442383e-01,1.102947323851830941e-03,9.272225497207486899e-01,9.272232057080136425e-01
6.947456300258636475e-02,1.036975299939513206e-03,1.274005651473999023e+00,1.274006128311157227e+00,1.071995154541682685e-03,1.350032980955704121e+00,1.350033406565095184e+00
6.976646929979324341e-02,9.844410233199596405e-04,1.678183555603027344e+00,1.678183794021606445e+00,1.024430226514477316e-03,1.757398848089895882e+00,1.757399146672429024e+00
7.005838304758071899e-02,9.272896568290889263e-04,2.072568893432617188e+00,2.072569131851196289e+00,9.698183889110132067e-04,2.144701585683662870e+00,2.144701804956046676e+00
7.035028934478759766e-02,8.516774396412074566e-04,2.427733182907104492e+00,2.427733182907104492e+00,9.023263078787153134e-04,2.507487538483195610e+00,2.507487700835496103e+00
7.064220309257507324e-02,7.749368087388575077e-04,2.778920412063598633e+00,2.778920412063598633e+00,8.274507455156199145e-04,2.841630826456973402e+00,2.841630946929118107e+00
7.093410938978195190e-02,6.802111747674643993e-04,3.066449165344238281e+00,3.066449165344238281e+00,7.405797971570249588e-04,3.143294885674967176e+00,3.143294972917565655e+00
7.122602313756942749e-02,5.854831542819738388e-04,3.353985309600830078e+00,3.353985309600830078e+00,6.420118222678940223e-04,3.409045141033995474e+00,3.409045201487753030e+00
7.151792943477630615e-02,4.777725844178348780e-04,3.565596342086791992e+00,3.565596342086791992e+00,5.391587559469066112e-04,3.635839733890696923e+00,3.635839773866628821e+00
7.180984318256378174e-02,3.688972792588174343e-04,3.770419120788574219e+00,3.770419120788574219e+00,4.337793388262851935e-04,3.821094226589724752e+00,3.821094251211535120e+00
7.210174947977066040e-02,2.534697996452450752e-04,3.902645349502563477e+00,3.902645349502563477e+00,3.199794387514883951e-04,3.962682290583512401e+00,3.962682303502392589e+00
7.239366322755813599e-02,1.361557806376367807e-04,4.014015674591064453e+00,4.014015674591064453e+00,1.986116115718601432e-04,4.058991720010419080e+00,4.058991724869577489e+00
7.268556952476501465e-02,1.739039362291805446e-05,4.062263011932373047e+00,4.062263011932373047e+00,7.877840083134284553e-05,4.108921351466685579e+00,4.108921352221875267e+00
7.297748327255249023e-02,-1.022114083752967417e-04,4.074341773986816406e+00,4.074341773986816406e+00,-3.803924838118403486e-05,4.111899928317645170e+00,4.111899928493595979e+00
7.326938956975936890e-02,-2.198399597546085715e-04,4.036993026733398438e+00,4.036993026733398438e+00,-1.583173951659817467e-04,4.067893967547935752e+00,4.067893970628693623e+00
7.356130331754684448e-02,-3.354586660861968994e-04,3.949146986007690430e+00,3.949146986007690430e+00,-2.806190654797823133e-04,3.977405830988671731e+00,3.977405840887970889e+00
7.385320961475372314e-02,-4.475222667679190636e-04,3.827601432800292969e+00,3.827601432800292969e+00,-3.957859741934085119e-04,3.841470860335867599e+00,3.841470880724742187e+00
7.414512336254119873e-02,-5.530945491045713425e-04,3.644438505172729492e+00,3.644438505172729492e+00,-5.029855105236930458e-04,3.661636643236886535e+00,3.661636677783517868e+00
7.443702965974807739e-02,-6.553538842126727104e-04,3.443066835403442383e+00,3.443066835403442383e+00,-6.081739391184311791e-04,3.439967804979837229e+00,3.439967858741319162e+00
7.472894340753555298e-02,-7.453468861058354378e-04,3.174185991287231445e+00,3.174185991287231445e+00,-7.091707808810639819e-04,3.178989920663311430e+00,3.178989999764410435e+00
7.502084970474243164e-02,-8.338879561051726341e-04,2.900197505950927734e+00,2.900197505950927734e+00,-7.990782164339596712e-04,2.881690183815041717e+00,2.881690294605228075e+00
7.531276345252990723e-02,-9.035820839926600456e-04,2.559699058532714844e+00,2.559699058532714844e+00,-8.772743089658603189e-04,2.551453806674374825e+00,2.551453957492349378e+00
7.560466974973678589e-02,-9.732743492349982262e-04,2.219209432601928711e+00,2.219209671020507812e+00,-9.483445521598971766e-04,2.192072383383672829e+00,2.192072588522278931e+00
7.589658349752426147e-02,-1.020683674141764641e-03,1.828691124916076660e+00,1.828691363334655762e+00,-1.011894689097705925e-03,1.807636214805679487e+00,1.807636498029364880e+00
7.618848979473114014e-02,-1.066423370502889156e-03,1.434437990188598633e+00,1.434438347816467285e+00,-1.058189504505182600e-03,1.402555836039172110e+00,1.402556235226441350e+00
7.648040354251861572e-02,-1.091365586034953594e-03,1.014055013656616211e+00,1.014055609703063965e+00,-1.094318055582461317e-03,9.814304660626365084e-01,9.814310761576334752e-01
7.677230983972549438e-02,-1.110754557885229588e-03,5.867094993591308594e-01,5.867105722427368164e-01,-1.117553637431123372e-03,5.491096159805145538e-01,5.491107532077665887e-01
7.706422358751296997e-02,-1.112403813749551773e-03,1.524262428283691406e-01,1.524302959442138672e-01,-1.128940258426227184e-03,1.105029140458794329e-01,1.105086807392890308e-01
7.735612988471984863e-02,-1.104425522498786449e-03,-2.856051027774810791e-01,2.856072187423706055e-01,-1.126948006197652213e-03,-3.293547782196116214e-01,3.293567062440025950e-01
7.764804363250732422e-02,-1.082779490388929844e-03,-7.174193859100341797e-01,7.174201607704162598e-01,-1.111829026015099739e-03,-7.654685773813714178e-01,7.654693848365482500e-01
7.793994992971420288e-02,-1.047852216288447380e-03,-1.143169999122619629e+00,1.143170356750488281e+00,-1.084280047529613458e-03,-1.192820111004159411e+00,1.192820603812323688e+00
7.823185622692108154e-02,-1.003730227239429951e-03,-1.556253552436828613e+00,1.556253790855407715e+00,-1.045794206268488681e-03,-1.606538607416389652e+00,1.606538947802048867e+00
7.852376997470855713e-02,-9.436836699023842812e-04,-1.947410821914672852e+00,1.947411060333251953e+00,-9.904250500033708743e-04,-2.001910770984119736e+00,2.001911015985478937e+00
7.881567627191543579e-02,-8.786956313997507095e-04,-2.326158285140991211e+00,2.326158285140991211e+00,-9.289691689004639027e-04,-2.374398020023231304e+00,2.374398201750068438e+00
7.910759001970291138e-02,-7.966790581122040749e-04,-2.662202358245849609e+00,2.662202358245849609e+00,-8.549857919197625684e-04,-2.719769596295221081e+00,2.719769730681731001e+00
7.939949631690979004e-02,-7.131816819310188293e-04,-2.992134094238281250e+00,2.992134094238281250e+00,-7.742604930014047046e-04,-3.034048585101795759e+00,3.034048683893769915e+00
7.969141006469726562e-02,-6.134953000582754612e-04,-3.255445718765258789e+00,3.255445718765258789e+00,-6.756584696071897111e-04,-3.313667632166688914e+00,3.313667701050236669e+00
7.998331636190414429e-02,-5.138114211149513721e-04,-3.518750429153442383e+00,3.518750429153442383e+00,-5.752115295594489777e-04,-3.555417788412358338e+00,3.555417834942516286e+00
8.027523010969161987e-02,-4.023930232506245375e-04,-3.700469017028808594e+00,3.700469017028808594e+00,-4.716912726541928912e-04,-3.756547604846237398e+00,3.756547634460217555e+00
8.056713640689849854e-02,-2.902664127759635448e-04,-3.877237796783447266e+00,3.877237796783447266e+00,-3.594467636661646749e-04,-3.914747804511327534e+00,3.914747821013280671e+00
8.085905015468597412e-02,-1.728740026010200381e-04,-3.977194547653198242e+00,3.977194547653198242e+00,-2.469656522499052141e-04,-4.028218802619274008e+00,4.028218810189869714e+00
8.115095645189285278e-02,-5.418355794972740114e-05,-4.058159351348876953e+00,4.058159351348876953e+00,-1.200468555335272504e-04,-4.095658274245878694e+00,4.095658276005210041e+00
8.144287019968032837e-02,6.473503162851557136e-05,-4.073019504547119141e+00,4.073019504547119141e+00,-3.401969767453237924e-06,-4.116300403648511796e+00,4.116300403649917783e+00
8.173477649688720703e-02,1.837661693571135402e-04,-4.053934574127197266e+00,4.053934574127197266e+00,1.171799119948328810e-04,-4.089906943677434015e+00,4.089906945356093892e+00
8.202669024467468262e-02,2.997335104737430811e-04,-3.983377695083618164e+00,3.983377695083618164e+00,2.326425750772194868e-04,-4.016778565278744217e+00,4.016778572015805793e+00
8.231859654188156128e-02,4.128630389459431171e-04,-3.865245342254638672e+00,3.865245342254638672e+00,3.492854638962557875e-04,-3.897754565507169922e+00,3.897754581157248488e+00
8.261051028966903687e-02,5.215167766436934471e-04,-3.711957693099975586e+00,3.711957693099975586e+00,4.655822998465467097e-04,-3.734191479801927116e+00,3.734191508826533834e+00
8.290241658687591553e-02,6.228158017620444298e-04,-3.500969409942626953e+00,3.500969409942626953e+00,5.728019018866798741e-04,-3.527961880814185491e+00,3.527961927314407387e+00
8.319433033466339111e-02,7.200458785519003868e-04,-3.270550012588500977e+00,3.270550012588500977e+00,6.702335902950072154e-04,-3.281412903754838517e+00,3.281412972202955025e+00
8.348623663187026978e-02,8.042017580009996891e-04,-2.977769136428833008e+00,2.977769136428833008e+00,7.635072297935679292e-04,-2.997375810630478199e+00,2.997375907872752432e+00
8.377815037965774536e-02,8.862811955623328686e-04,-2.678573846817016602e+00,2.678573846817016602e+00,8.504383937985297197e-04,-2.679086515982886940e+00,2.679086650962746674e+00
8.407005667686462402e-02,9.488815558142960072e-04,-2.319351673126220703e+00,2.319351673126220703e+00,9.251008957095860265e-04,-2.330187677710494398e+00,2.330187861346268097e+00
8.436197042465209961e-02,1.011483487673103809e-03,-1.960120081901550293e+00,1.960120320320129395e+00,9.870983988997934604e-04,-1.954653313812694693e+00,1.954653563054639553e+00
8.465387672185897827e-02,1.050354912877082825e-03,-1.555416107177734375e+00,1.555416464805603027e+00,1.040043935672505014e-03,-1.556793832384118614e+00,1.556794179794046995e+00
8.494579046964645386e-02,1.088118413463234901e-03,-1.148576498031616211e+00,1.148577094078063965e+00,1.082268988813788173e-03,-1.141142380895853181e+00,1.141142894112223249e+00
8.523769676685333252e-02,1.104043680243194103e-03,-7.203507423400878906e-01,7.203515768051147461e-01,1.110620860020440593e-03,-7.124551518289233831e-01,7.124560174819698499e-01
8.552961051464080811e-02,1.114988815970718861e-03,-2.872340977191925049e-01,2.872362434864044189e-01,1.126031052952370564e-03,-2.756155666068783039e-01,2.756178668046808111e-01
8.582151681184768677e-02,1.107493299059569836e-03,1.482735276222229004e-01,1.482776701450347900e-01,1.129268460009718146e-03,1.643617303420235043e-01,1.643656096885197648e-01
8.611343055963516235e-02,1.091046142391860485e-03,5.849582552909851074e-01,5.849592089653015137e-01,1.119101001141298811e-03,6.024648101880965001e-01,6.024658495732599928e-01
8.640533685684204102e-02,1.060481998138129711e-03,1.011346817016601562e+00,1.011347293853759766e+00,1.095916139101591738e-03,1.033680037012115305e+00,1.033680617961637127e+00
8.669725060462951660e-02,1.017504953779280186e-03,1.428703665733337402e+00,1.428704023361206055e+00,1.062143104933067645e-03,1.453095147952973676e+00,1.453095536140845079e+00
8.698915690183639526e-02,9.650352876633405685e-04,1.829933762550354004e+00,1.829934000968933105e+00,1.014951439898392500e-03,1.855895217187397472e+00,1.855895494715551708e+00
8.728107064962387085e-02,8.977816905826330185e-04,2.206079959869384766e+00,2.206079959869384766e+00,9.518985043858166004e-04,2.237495802874133410e+00,2.237496005357356488e+00
8.757297694683074951e-02,8.253422565758228302e-04,2.566983699798583984e+00,2.566983699798583984e+00,8.815189641727167900e-04,2.593522996540391645e+00,2.593523146351220721e+00
8.786489069461822510e-02,7.373383268713951111e-04,2.882197380065917969e+00,2.882197380065917969e+00,8.066323989143701217e-04,2.919921008909974525e+00,2.919921120326655739e+00
8.815679699182510376e-02,6.475788541138172150e-04,3.188965320587158203e+00,3.188965320587158203e+00,7.176214423276633132e-04,3.212949334489296760e+00,3.212949414630698719e+00
8.844871073961257935e-02,5.434387130662798882e-04,3.426719665527343750e+00,3.426719665527343750e+00,6.137065258566730885e-04,3.469269510559581882e+00,3.469269564841281905e+00
8.874061703681945801e-02,4.393012204673141241e-04,3.664468050003051758e+00,3.664468050003051758e+00,5.090497009247306080e-04,3.685943292785898606e+00,3.685943327937225789e+00
8.903253078460693359e-02,3.248281427659094334e-04,3.815186738967895508e+00,3.815186738967895508e+00,4.058768575738325320e-04,3.860503367673032482e+00,3.860503389009112940e+00
8.932443708181381226e-02,2.100149431498721242e-04,3.963011980056762695e+00,3.963011980056762695e+00,2.909622534999757007e-04,3.990948533697371570e+00,3.990948544303751344e+00
8.961634337902069092e-02,-2.059496566653251648e-02,4.030080318450927734e+00,4.030132770538330078e+00,1.727982578058567624e-04,4.075791440608239391e+00,4.075791444271238184e+00
8.990825712680816650e-02,-4.573496431112289429e-02,4.080232620239257812e+00,4.080489158630371094e+00,4.482328053871240581e-05,4.114063570499937761e+00,4.114063570744114884e+00
9.020016342401504517e-02,-1.051405668258666992e-01,4.094195842742919922e+00,4.095545768737792969e+00,-6.901145167795677549e-02,4.115809925507708300e+00,4.116388456325577039e+00
9.049207717180252075e-02,-1.802545636892318726e-01,4.091572284698486328e+00,4.095541000366210938e+00,-1.696371425600421423e-01,4.112892097659598178e+00,4.116388971796362206e+00
9.078398346900939941e-02,-2.688437998294830322e-01,4.086096286773681641e+00,4.094930648803710938e+00,-2.701456931225681424e-01,4.107514736516383103e+00,4.116388709319362071e+00
9.107589721679687500e-02,-3.687039911746978760e-01,4.078234195709228516e+00,4.094867229461669922e+00,-3.705083456692181976e-01,4.099680145321162428e+00,4.116388432613118376e+00
9.136780351400375366e-02,-4.683403670787811279e-01,4.068267822265625000e+00,4.095137119293212891e+00,-4.706494544938791824e-01,4.089394133711208745e+00,4.116388622305604983e+00
9.165971726179122925e-02,-5.676522254943847656e-01,4.055190086364746094e+00,4.094727516174316406e+00,-5.705090467617005556e-01,4.076662296043785716e+00,4.116388714446429731e+00
9.195162355899810791e-02,-6.667460799217224121e-01,4.040753364562988281e+00,4.095392704010009766e+00,-6.700119754354647572e-01,4.061494728628691320e+00,4.116388645148266079e+00
9.224353730678558350e-02,-7.652372717857360840e-01,4.022495269775390625e+00,4.094637393951416016e+00,-7.691297410185496952e-01,4.043896116452529554e+00,4.116388752192765565e+00
9.253544360399246216e-02,-8.635935187339782715e-01,4.003614902496337891e+00,4.095695972442626953e+00,-8.677874909744731635e-01,4.023878460011956371e+00,4.116388343006519790e+00
9.282735735177993774e-02,-9.609940648078918457e-01,3.980226993560791016e+00,4.094595909118652344e+00,-9.659109748713340382e-01,4.001458522113399141e+00,4.116388503964468981e+00
9.311926364898681641e-02,-1.058392167091369629e+00,3.956839561462402344e+00,4.095946311950683594e+00,-1.063472126938421303e+00,3.976642174430918608e+00,4.116388702277470557e+00
9.341117739677429199e-02,-1.154461503028869629e+00,3.928484916687011719e+00,4.094603061676025391e+00,-1.160397425298985263e+00,3.949447123879662680e+00,4.116388559035923933e+00
9.370308369398117065e-02,-1.250501871109008789e+00,3.900031328201293945e+00,4.095607280731201172e+00,-1.256628485259577488e+00,3.919890392394880241e+00,4.116388688930562090e+00
9.399499744176864624e-02,-1.345184206962585449e+00,3.867390871047973633e+00,4.094659328460693359e+00,-1.352093218466299041e+00,3.887994199252254646e+00,4.116388582828609977e+00
9.428690373897552490e-02,-1.439603686332702637e+00,3.833949804306030273e+00,4.095318317413330078e+00,-1.446764446254926950e+00,3.853768220404842904e+00,4.116388812970615874e+00
9.457881748676300049e-02,-1.532712936401367188e+00,3.797088861465454102e+00,4.094763755798339844e+00,-1.540570113029336774e+00,3.817237059968462631e+00,4.116388592584026007e+00
9.487072378396987915e-02,-1.625252485275268555e+00,3.758751153945922852e+00,4.095077037811279297e+00,-1.633440245995737561e+00,3.778429348443055336e+00,4.116388633063504443e+00
9.516263753175735474e-02,-1.716605663299560547e+00,3.717743158340454102e+00,4.094917297363281250e+00,-1.725347921352807345e+00,3.737355950925965953e+00,4.116388581467763430e+00
9.545454382896423340e-02,-1.807011723518371582e+00,3.674614429473876953e+00,4.094884872436523438e+00,-1.816223669481002334e+00,3.694047399237686768e+00,4.116388539168497118e+00
9.574645757675170898e-02,-1.896429181098937988e+00,3.629540205001831055e+00,4.095119476318359375e+00,-1.906013224773647652e+00,3.648529722836706402e+00,4.116388654079560894e+00
9.603836387395858765e-02,-1.984453797340393066e+00,3.581738710403442383e+00,4.094741821289062500e+00,-1.994649319655539044e+00,3.600837478289749871e+00,4.116388763644462934e+00
9.633027762174606323e-02,-2.071759462356567383e+00,3.532686710357666016e+00,4.095370769500732422e+00,-2.082106262054752577e+00,3.550984376123436981e+00,4.116388772450966016e+00
9.662218391895294189e-02,-2.157161474227905273e+00,3.480343341827392578e+00,4.094646930694580078e+00,-2.168318012849705489e+00,3.499007579849752858e+00,4.116388835945229197e+00
9.691409766674041748e-02,-2.242182970046997070e+00,3.427409410476684570e+00,4.095670700073242188e+00,-2.253232518305393839e+00,3.444937859125458246e+00,4.116388421272312748e+00
9.720600396394729614e-02,-2.324728012084960938e+00,3.370667457580566406e+00,4.094601154327392578e+00,-2.336786905107961054e+00,3.388817104557702020e+00,4.116388515194707942e+00
9.749791771173477173e-02,-2.407275438308715820e+00,3.313924312591552734e+00,4.095982074737548828e+00,-2.418957057537791222e+00,3.330660913252656563e+00,4.116388631468232973e+00
9.778982400894165039e-02,-2.486758470535278320e+00,3.252970457077026367e+00,4.094604492187500000e+00,-2.499680360419705760e+00,3.270512603445773436e+00,4.116388537731300978e+00
9.808173775672912598e-02,-2.566221714019775391e+00,3.191985130310058594e+00,4.095639705657958984e+00,-2.578908654381578902e+00,3.208408615997698554e+00,4.116388671499870533e+00
9.837364405393600464e-02,-2.642871618270874023e+00,3.127529144287109375e+00,4.094655990600585938e+00,-2.656582473677071121e+00,3.144395803818976098e+00,4.116388636963542957e+00
9.866555780172348022e-02,-2.719034433364868164e+00,3.062467336654663086e+00,4.095345497131347656e+00,-2.732679888252018241e+00,3.078492596341944942e+00,4.116388713106335473e+00
9.895746409893035889e-02,-2.792701005935668945e+00,2.994637489318847656e+00,4.094756603240966797e+00,-2.807142892746159468e+00,3.010747973178607761e+00,4.116388535876366106e+00
9.924937784671783447e-02,-2.865354299545288086e+00,2.925678253173828125e+00,4.095100402832031250e+00,-2.879915912500254027e+00,2.941214219959381371e+00,4.116388799756825811e+00
9.954128414392471313e-02,-2.935892581939697266e+00,2.854608535766601562e+00,4.094906330108642578e+00,-2.950977977947748077e+00,2.869910229981520011e+00,4.116388678743197360e+00
9.983319789171218872e-02,-3.004836797714233398e+00,2.781941175460815430e+00,4.094904422760009766e+00,-3.020275206747938146e+00,2.796889935333092492e+00,4.116388664213311621e+00
1.001251041889190674e-01,-3.072108507156372070e+00,2.707771778106689453e+00,4.095104217529296875e+00,-3.087765741662152674e+00,2.722197084708945169e+00,4.116388495195795194e+00
1.004170104861259460e-01,-3.137152671813964844e+00,2.631597280502319336e+00,4.094756126403808594e+00,-3.153399790611472131e+00,2.645888177833077837e+00,4.116388525033238821e+00
1.007089242339134216e-01,-3.201026678085327148e+00,2.554471969604492188e+00,4.095350742340087891e+00,-3.217158572970571395e+00,2.567985178812921543e+00,4.116388849737215416e+00
1.010008305311203003e-01,-3.261994600296020508e+00,2.474997282028198242e+00,4.094657421112060547e+00,-3.278992793283221907e+00,2.488546011725001783e+00,4.116388585990846671e+00
1.012927442789077759e-01,-3.322342872619628906e+00,2.395069360733032227e+00,4.095646381378173828e+00,-3.338866138407059037e+00,2.407618642633525763e+00,4.116388540766987347e+00
1.015846505761146545e-01,-3.379067182540893555e+00,2.312512397766113281e+00,4.094607353210449219e+00,-3.396733654734761298e+00,2.325264513911224906e+00,4.116388536188313907e+00
1.018765643239021301e-01,-3.435769557952880859e+00,2.229938030242919922e+00,4.095990180969238281e+00,-3.452579201344039284e+00,2.241506746052046140e+00,4.116388664126636954e+00
1.021684706211090088e-01,-3.488095283508300781e+00,2.144525289535522461e+00,4.094605922698974609e+00,-3.506359520221886683e+00,2.156408666370387195e+00,4.116388638290604085e+00
1.024603843688964844e-01,-3.540422439575195312e+00,2.059110403060913086e+00,4.095671653747558594e+00,-3.558034943718608289e+00,2.070034506980035882e+00,4.116388650359773749e+00
1.027522906661033630e-01,-3.588821887969970703e+00,1.971431612968444824e+00,4.094653606414794922e+00,-3.607590778194884162e+00,1.982408561140341474e+00,4.116388578134879239e+00
1.030442044138908386e-01,-3.636606216430664062e+00,1.883394837379455566e+00,4.095373153686523438e+00,-3.654989056509001522e+00,1.893597303632778006e+00,4.116388678383746225e+00
1.033361107110977173e-01,-3.681009531021118164e+00,1.793638825416564941e+00,4.094749450683593750e+00,-3.700201401006591340e+00,1.803653362101163671e+00,4.116388691393218835e+00
1.036280244588851929e-01,-3.724120616912841797e+00,1.703221559524536133e+00,4.095123767852783203e+00,-3.743194165102293969e+00,1.712645179477091384e+00,4.116388716878178755e+00
1.039199307560920715e-01,-3.764441013336181641e+00,1.611565232276916504e+00,4.094893932342529297e+00,-3.783955061289478117e+00,1.620598566408222974e+00,4.116388662323158698e+00
1.042118445038795471e-01,-3.802759885787963867e+00,1.519015431404113770e+00,4.094922542572021484e+00,-3.822452837650250679e+00,1.527582648520416697e+00,4.116388519578916494e+00
1.045037508010864258e-01,-3.838918447494506836e+00,1.425639390945434570e+00,4.095087528228759766e+00,-3.858664644247661535e+00,1.433653078406782688e+00,4.116388463931966335e+00
1.047956645488739014e-01,-3.872340917587280273e+00,1.331210851669311523e+00,4.094770431518554688e+00,-3.892563789842072186e+00,1.338881065809528037e+00,4.116388631600876202e+00
1.050875708460807800e-01,-3.904265880584716797e+00,1.236299037933349609e+00,4.095329761505126953e+00,-3.924140149661861976e+00,1.243293584314383748e+00,4.116388568998987196e+00
1.053794845938682556e-01,-3.932699441909790039e+00,1.140251517295837402e+00,4.094667434692382812e+00,-3.953369663980983884e+00,1.146962403840037448e+00,4.116388521010575730e+00
1.056713908910751343e-01,-3.960327386856079102e+00,1.043990850448608398e+00,4.095620632171630859e+00,-3.980230916052204915e+00,1.049960689175704953e+00,4.116388659239078152e+00
1.059633046388626099e-01,-3.983695030212402344e+00,9.465856552124023438e-01,4.094612121582031250e+00,-4.004715932373692056e+00,9.523157421511398990e-01,4.116388583668524781e+00
1.062552109360694885e-01,-4.006970405578613281e+00,8.491635322570800781e-01,4.095960617065429688e+00,-4.026806166195817660e+00,8.541012844562616557e-01,4.116388818396835347e+00
1.065471246838569641e-01,-4.025207519531250000e+00,7.506687641143798828e-01,4.094605922698974609e+00,-4.046487873378199929e+00,7.553760041178128049e-01,4.116388832094681760e+00
1.068390309810638428e-01,-4.043444156646728516e+00,6.521764993667602539e-01,4.095701694488525391e+00,-4.063746812986565260e+00,6.562145177977709576e-01,4.116388666468099977e+00
1.071309447288513184e-01,-4.057139396667480469e+00,5.529631972312927246e-01,4.094648838043212891e+00,-4.078578126552252492e+00,5.566451579188430587e-01,4.116388388651509800e+00
1.074228510260581970e-01,-4.070195674896240234e+00,4.536513984203338623e-01,4.095399379730224609e+00,-4.090970916011901437e+00,4.567427933871373580e-01,4.116388831848412977e+00
1.077147647738456726e-01,-4.079414844512939453e+00,3.539344370365142822e-01,4.094739913940429688e+00,-4.100916462587244737e+00,3.565672954791399007e-01,4.116388716985361462e+00
1.080066710710525513e-01,-4.087255477905273438e+00,2.540754079818725586e-01,4.095144748687744141e+00,-4.108408171163966394e+00,2.561942193995058736e-01,4.116388365902878377e+00
1.082985848188400269e-01,-4.091981410980224609e+00,1.540511548519134521e-01,4.094880104064941406e+00,-4.113444527986945154e+00,1.556522839623310783e-01,4.116388407126862603e+00
1.085904911160469055e-01,-4.094583988189697266e+00,5.391861125826835632e-02,4.094938755035400391e+00,-4.116020849396853976e+00,5.501727900794023407e-02,4.116388530454703876e+00
1.088824048638343811e-01,-4.094808101654052734e+00,-4.621602967381477356e-02,4.095068931579589844e+00,-4.116135576177459399e+00,-4.565065541870499954e-02,4.116388716316025764e+00
1.091743111610412598e-01,-4.092165946960449219e+00,-1.463475525379180908e-01,4.094782352447509766e+00,-4.113788797241602957e+00,-1.462755844561623442e-01,4.116388564618080892e+00
1.094662249088287354e-01,-4.087887287139892578e+00,-2.463955283164978027e-01,4.095305919647216797e+00,-4.108981861742781128e+00,-2.468287484839432888e-01,4.116388753654023347e+00
1.097581312060356140e-01,-4.080008029937744141e+00,-3.462515175342559814e-01,4.094674110412597656e+00,-4.101717243382786648e+00,-3.472342491246935836e-01,4.116388704730018055e+00
1.100500449538230896e-01,-4.071234226226806641e+00,-4.460158944129943848e-01,4.095592498779296875e+00,-4.092001228152709835e+00,-4.474164919396075857e-01,4.116388656147865532e+00
1.103419512510299683e-01,-4.058138847351074219e+00,-5.453225970268249512e-01,4.094614505767822266e+00,-4.079836595009670219e+00,-5.473468170785854570e-01,4.116388608980711794e+00
1.106338649988174438e-01,-4.044885635375976562e+00,-6.446068286895751953e-01,4.095927238464355469e+00,-4.065232013044633774e+00,-6.469497895552288602e-01,4.116388629622873552e+00
1.109257712960243225e-01,-4.026610374450683594e+00,-7.430920004844665527e-01,4.094603538513183594e+00,-4.048196410886861329e+00,-7.461658103110915263e-01,4.116388902617739376e+00
1.112176850438117981e-01,-4.008335113525390625e+00,-8.415796756744384766e-01,4.095730304718017578e+00,-4.028742262725257817e+00,-8.449202718452600847e-01,4.116388524573901364e+00
1.115095913410186768e-01,-3.985497713088989258e+00,-9.390940070152282715e-01,4.094641685485839844e+00,-4.006876636748674336e+00,-9.431848266608943154e-01,4.116388951419157394e+00
1.118014976382255554e-01,-3.962092399597167969e+00,-1.036487579345703125e+00,4.095422267913818359e+00,-3.982613910104457755e+00,-1.040885251189321403e+00,4.116388667643153809e+00
1.120934113860130310e-01,-3.934896469116210938e+00,-1.132867097854614258e+00,4.094727993011474609e+00,-3.955973935244934570e+00,-1.137948112656791633e+00,4.116388670113215298e+00
1.123853176832199097e-01,-3.906425714492797852e+00,-1.228902220726013184e+00,4.095163345336914062e+00,-3.926964012291412232e+00,-1.234345543810270396e+00,4.116388620545458288e+00
1.126772314310073853e-01,-3.874925851821899414e+00,-1.323954939842224121e+00,4.094863891601562500e+00,-3.895605415591909981e+00,-1.330004787361710017e+00,4.116388500663425987e+00
1.129691377282142639e-01,-3.841467380523681641e+00,-1.418368101119995117e+00,4.094953060150146484e+00,-3.861917297877853983e+00,-1.424868620898725347e+00,4.116388684571711032e+00
1.132610514760017395e-01,-3.805726289749145508e+00,-1.511906623840332031e+00,4.095047473907470703e+00,-3.825924968889772071e+00,-1.518865714104565390e+00,4.116388577996078268e+00
1.135529577732086182e-01,-3.767372369766235352e+00,-1.604437947273254395e+00,4.094790935516357422e+00,-3.787639293725009182e+00,-1.611969143177908403e+00,4.116388701025136321e+00
1.138448715209960938e-01,-3.727460622787475586e+00,-1.696278452873229980e+00,4.095280647277832031e+00,-3.747088193983019622e+00,-1.704108448529603415e+00,4.116388652427866113e+00
1.141367778182029724e-01,-3.684315443038940430e+00,-1.786676526069641113e+00,4.094678878784179688e+00,-3.704296279683432669e+00,-1.795228510204263106e+00,4.116388748833951006e+00
1.144286915659904480e-01,-3.640309810638427734e+00,-1.876638889312744141e+00,4.095561981201171875e+00,-3.659295974139960883e+00,-1.885261077208631342e+00,4.116388751757392050e+00
1.147205978631973267e-01,-3.592492103576660156e+00,-1.964654803276062012e+00,4.094614505767822266e+00,-3.612100275702961216e+00,-1.974180209159438482e+00,4.116388696414638559e+00
1.150125116109848022e-01,-3.544478893280029297e+00,-2.052560567855834961e+00,4.095892906188964844e+00,-3.562744217907185540e+00,-2.061918645033034903e+00,4.116388570211266362e+00
1.153044179081916809e-01,-3.492119789123535156e+00,-2.137952804565429688e+00,4.094599246978759766e+00,-3.511265676440883166e+00,-2.148410594019183772e+00,4.116388554430414182e+00
1.155963316559791565e-01,-3.439759492874145508e+00,-2.223347425460815430e+00,4.095756053924560547e+00,-3.457679544423408302e+00,-2.233631095876888573e+00,4.116388672658628067e+00
1.158882379531860352e-01,-3.383434534072875977e+00,-2.306162834167480469e+00,4.094632625579833984e+00,-3.402025105516648384e+00,-2.317516048838672127e+00,4.116388642389148700e+00
1.161801517009735107e-01,-3.326676130294799805e+00,-2.388699769973754883e+00,4.095443725585937500e+00,-3.344336213290651116e+00,-2.400014634174707506e+00,4.116388581242058642e+00
1.164720579981803894e-01,-3.266692399978637695e+00,-2.468888521194458008e+00,4.094714641571044922e+00,-3.284656649845785648e+00,-2.481065197197424688e+00,4.116388443784240181e+00
1.167639717459678650e-01,-3.205691814422607422e+00,-2.548341274261474609e+00,4.095180511474609375e+00,-3.223003423537641243e+00,-2.560645072745954653e+00,4.116388496815320153e+00
1.170558780431747437e-01,-3.142167568206787109e+00,-2.625746250152587891e+00,4.094845294952392578e+00,-3.159422926687625477e+00,-2.638693596102334560e+00,4.116388845066858870e+00
1.173477917909622192e-01,-3.077091932296752930e+00,-2.701897621154785156e+00,4.094965934753417969e+00,-3.093952544265102578e+00,-2.715163336449589515e+00,4.116388500829891939e+00
1.176396980881690979e-01,-3.010153055191040039e+00,-2.776366710662841797e+00,4.095025539398193359e+00,-3.026642418820145952e+00,-2.789998451162467585e+00,4.116388670775688041e+00
1.179316118359565735e-01,-2.941180467605590820e+00,-2.849007368087768555e+00,4.094799995422363281e+00,-2.957511943548479572e+00,-2.863176307837874912e+00,4.116388643701664130e+00
1.182235181331634521e-01,-2.870958566665649414e+00,-2.920393943786621094e+00,4.095253944396972656e+00,-2.886612682076924230e+00,-2.934641798957265735e+00,4.116388619228567691e+00
1.185154318809509277e-01,-2.798278570175170898e+00,-2.989324808120727539e+00,4.094682693481445312e+00,-2.813986958747801914e+00,-3.004352570659276633e+00,4.116388826730257300e+00
1.188073381781578064e-01,-2.724911212921142578e+00,-3.057487964630126953e+00,4.095530986785888672e+00,-2.739689888241914950e+00,-3.072255472434132884e+00,4.116388510774521059e+00
1.190992519259452820e-01,-2.648722887039184570e+00,-3.122520208358764648e+00,4.094614028930664062e+00,-2.663742954422890996e+00,-3.138331955588968381e+00,4.116388464504834310e+00
1.193911582231521606e-01,-2.572353601455688477e+00,-3.187325000762939453e+00,4.095856666564941406e+00,-2.586203143810089422e+00,-3.202531519144375949e+00,4.116388566713105490e+00
1.196830719709396362e-01,-2.492865800857543945e+00,-3.248280048370361328e+00,4.094594478607177734e+00,-2.507116302317814682e+00,-3.264815912603886261e+00,4.116388598825347245e+00
1.199749782681465149e-01,-2.413379669189453125e+00,-3.309233903884887695e+00,4.095781803131103516e+00,-2.426542706104952707e+00,-3.325138258109181066e+00,4.116388458356731839e+00
1.202668920159339905e-01,-2.331074476242065430e+00,-3.366308689117431641e+00,4.094623565673828125e+00,-2.344505723976795242e+00,-3.383481702561708548e+00,4.116388650422823758e+00
1.205587983131408691e-01,-2.248507261276245117e+00,-3.423018217086791992e+00,4.095465660095214844e+00,-2.261066318062270764e+00,-3.439801524286606238e+00,4.116388638255641830e+00
1.208507120609283447e-01,-2.163730859756469727e+00,-3.476326942443847656e+00,4.094701766967773438e+00,-2.176287796021110665e+00,-3.494055896174946163e+00,4.116388608562768781e+00
1.211426183581352234e-01,-2.078309535980224609e+00,-3.528636455535888672e+00,4.095198154449462891e+00,-2.090194944459578874e+00,-3.546228938718896995e+00,4.116388537498827382e+00
1.214345321059226990e-01,-1.991228461265563965e+00,-3.578076124191284180e+00,4.094828605651855469e+00,-2.002851992215686217e+00,-3.596281222752776952e+00,4.116388555013551276e+00
1.217264384031295776e-01,-1.903185129165649414e+00,-3.625843286514282227e+00,4.094979286193847656e+00,-1.914324927275547594e+00,-3.644175490035359566e+00,4.116388578519159402e+00
1.220183521509170532e-01,-1.813970923423767090e+00,-3.671316623687744141e+00,4.095004081726074219e+00,-1.824639344733253621e+00,-3.689897780396140359e+00,4.116388510347506191e+00
1.223102584481239319e-01,-1.723548054695129395e+00,-3.714410066604614258e+00,4.094809055328369141e+00,-1.733862388961432854e+00,-3.733413475296928130e+00,4.116388582408581520e+00
1.226021721959114075e-01,-1.632376790046691895e+00,-3.755827426910400391e+00,4.095227718353271484e+00,-1.642048569269791480e+00,-3.774696131161684232e+00,4.116388512573607272e+00
1.228940784931182861e-01,-1.539822220802307129e+00,-3.794129133224487305e+00,4.094687461853027344e+00,-1.549267236665090808e+00,-3.813715453284346246e+00,4.116388529915964156e+00
1.231859847903251648e-01,-1.446875333786010742e+00,-3.831407785415649414e+00,4.095501899719238281e+00,-1.455545020110152521e+00,-3.850460358043572118e+00,4.116388741898959758e+00
1.234778985381126404e-01,-1.352440476417541504e+00,-3.864813089370727539e+00,4.094615459442138672e+00,-1.360952201617349644e+00,-3.884902233224505341e+00,4.116388739757198323e+00
1.237698048353195190e-01,-1.257898211479187012e+00,-3.897879123687744141e+00,4.095823287963867188e+00,-1.265545354958070634e+00,-3.917020626833441543e+00,4.116388664411391396e+00
1.240617185831069946e-01,-1.161844134330749512e+00,-3.926295995712280273e+00,4.094591617584228516e+00,-1.169396720467475559e+00,-3.946791962663916742e+00,4.116388646178660515e+00
1.243536248803138733e-01,-1.065792679786682129e+00,-3.954711914062500000e+00,4.095809936523437500e+00,-1.072533848286663982e+00,-3.974207555037834183e+00,4.116388531982908106e+00
1.246455386281013489e-01,-9.684822559356689453e-01,-3.978433132171630859e+00,4.094616889953613281e+00,-9.750295389272763957e-01,-3.999246459262321363e+00,4.116388568114403235e+00
1.249374449253082275e-01,-8.710751533508300781e-01,-4.001782417297363281e+00,4.095489978790283203e+00,-8.769573948372250127e-01,-4.021890126949863919e+00,4.116388522189868837e+00
1.252293586730957031e-01,-7.728101611137390137e-01,-4.021101474761962891e+00,4.094690799713134766e+00,-7.783455328856458966e-01,-4.042132026967929725e+00,4.116388355342933458e+00
1.255212724208831787e-01,-6.743118762969970703e-01,-4.039321422576904297e+00,4.095218181610107422e+00,-6.792681654906027600e-01,-4.059956958713581088e+00,4.116388677865076673e+00
1.258131712675094604e-01,-5.752908587455749512e-01,-4.054200649261474609e+00,4.094814300537109375e+00,-5.797844877858714385e-01,-4.075353331773056809e+00,4.116388566580040376e+00
1.261050850152969360e-01,-4.759739339351654053e-01,-4.067239284515380859e+00,4.094995021820068359e+00,-4.799697794730289901e-01,-4.088310730783629943e+00,4.116388662486569316e+00
1.263969987630844116e-01,-3.763818740844726562e-01,-4.077651500701904297e+00,4.094985485076904297e+00,-3.798523300611705289e-01,-4.098825250803225906e+00,4.116388736413876259e+00
1.266889125108718872e-01,-2.765185832977294922e-01,-4.085474014282226562e+00,4.094821453094482422e+00,-2.795077805821749029e-01,-4.106888389664364425e+00,4.116388811150609506e+00
1.269808113574981689e-01,-1.765616089105606079e-01,-4.091397762298583984e+00,4.095205307006835938e+00,-1.789960393315922493e-01,-4.112495245561412105e+00,4.116388796853573950e+00
1.272727251052856445e-01,-7.642576098442077637e-02,-4.093982696533203125e+00,4.094695568084716797e+00,-7.839296502551704182e-02,-4.115642089897146860e+00,4.116388619785363190e+00
1.275646388530731201e-01,2.370964549481868744e-02,-4.095406055450439453e+00,4.095474243164062500e+00,2.227268073037462146e-02,-4.116328363620257669e+00,4.116388619828252438e+00
1.278565526008605957e-01,1.238435283303260803e-01,-4.092746257781982422e+00,4.094619750976562500e+00,1.229250086304476686e-01,-4.114552723843789117e+00,4.116388547627294336e+00
1.281484514474868774e-01,2.239500731229782104e-01,-4.089665412902832031e+00,4.095792770385742188e+00,2.234881528720762955e-01,-4.110317166764075658e+00,4.116388485780907658e+00
1.284403651952743530e-01,3.238074779510498047e-01,-4.081768035888671875e+00,4.094592094421386719e+00,3.239333333400520876e-01,-4.103623041816122807e+00,4.116388571766884219e+00
1.287322789430618286e-01,4.236648380756378174e-01,-4.073870658874511719e+00,4.095840930938720703e+00,4.241847356210880493e-01,-4.094474729780482214e+00,4.116388708898236715e+00
1.290241926908493042e-01,5.230053663253784180e-01,-4.061073780059814453e+00,4.094613075256347656e+00,5.241825144760364763e-01,-4.082877346203766855e+00,4.116388554622405493e+00
1.293160915374755859e-01,6.223074197769165039e-01,-4.047961235046386719e+00,4.095516681671142578e+00,6.238511884006059383e-01,-4.068840514931940433e+00,4.116388397760889717e+00
1.296080052852630615e-01,7.209579944610595703e-01,-4.030713081359863281e+00,4.094682693481445312e+00,7.231623705886259801e-01,-4.052368442345692046e+00,4.116388442160750394e+00
1.298999190330505371e-01,8.194426298141479492e-01,-4.012419700622558594e+00,4.095241069793701172e+00,8.220411488826110391e-01,-4.033473129760622555e+00,4.116388846909046606e+00
1.301918327808380127e-01,9.172092676162719727e-01,-3.990755558013916016e+00,4.094801902770996094e+00,9.204281525522919338e-01,-4.012164933843767045e+00,4.116388640589756953e+00
1.304837316274642944e-01,1.014596462249755859e+00,-3.967333793640136719e+00,4.095014095306396484e+00,1.018249555064346445e+00,-3.988461088636968022e+00,4.116388467086157021e+00
1.307756453752517700e-01,1.111286878585815430e+00,-3.941296577453613281e+00,4.094969749450683594e+00,1.115477307026951026e+00,-3.962368658234355578e+00,4.116388587858296866e+00
1.310675591230392456e-01,1.207319498062133789e+00,-3.912807941436767578e+00,4.094836235046386719e+00,1.212037780424459088e+00,-3.933906305125019820e+00,4.116388514059215353e+00
1.313594728708267212e-01,1.302743434906005859e+00,-3.882448911666870117e+00,4.095185756683349609e+00,1.307873488154251307e+00,-3.903091277444056928e+00,4.116388536214317106e+00
1.316513717174530029e-01,1.397148370742797852e+00,-3.848974466323852539e+00,4.094707489013671875e+00,1.402912126308856866e+00,-3.869947467131023888e+00,4.116388688219111636e+00
1.319432854652404785e-01,1.491118073463439941e+00,-3.814352989196777344e+00,4.095451354980468750e+00,1.497126748156511811e+00,-3.834484069895170766e+00,4.116388779297397882e+00
1.322351992130279541e-01,1.583646178245544434e+00,-3.775981187820434570e+00,4.094626903533935547e+00,1.590445913965790714e+00,-3.796727112566954165e+00,4.116388583765079545e+00
1.325271129608154297e-01,1.675975799560546875e+00,-3.737164497375488281e+00,4.095765590667724609e+00,1.682814007158614178e+00,-3.756699780813477219e+00,4.116388735998248727e+00
1.328190118074417114e-01,1.766361951828002930e+00,-3.694005489349365234e+00,4.094595432281494141e+00,1.774161313079869462e+00,-3.714432132762982786e+00,4.116388518316929535e+00
1.331109255552291870e-01,1.856752634048461914e+00,-3.650844335556030273e+00,4.095875263214111328e+00,1.864462007312515768e+00,-3.669936926643925457e+00,4.116388662681948141e+00
1.334028393030166626e-01,1.944877266883850098e+00,-3.603235244750976562e+00,4.094612598419189453e+00,1.953647603655061404e+00,-3.623246827529809977e+00,4.116388773241905774e+00
1.336947530508041382e-01,2.032886981964111328e+00,-3.555400848388671875e+00,4.095546722412109375e+00,2.041664694125321589e+00,-3.574389522801996399e+00,4.116388609443297320e+00
1.339866518974304199e-01,2.118764877319335938e+00,-3.503887653350830078e+00,4.094678878784179688e+00,2.128447365395274016e+00,-3.523402651302610877e+00,4.116388517920089640e+00
1.342785656452178955e-01,2.204150199890136719e+00,-3.451512336730957031e+00,4.095267295837402344e+00,2.213970773190152563e+00,-3.470300866029103926e+00,4.116388548874189368e+00
1.345704793930053711e-01,2.287621498107910156e+00,-3.396192073822021484e+00,4.094793319702148438e+00,2.298170222808223251e+00,-3.415123697316821083e+00,4.116388737835302791e+00
1.348623782396316528e-01,2.370144128799438477e+00,-3.339422225952148438e+00,4.095036506652832031e+00,2.380981883723797043e+00,-3.357912810392006620e+00,4.116388365158912599e+00
1.351542919874191284e-01,2.451040506362915039e+00,-3.280407190322875977e+00,4.094956874847412109e+00,2.462382855567768480e+00,-3.298685455370041542e+00,4.116388594492013553e+00
1.354462057352066040e-01,2.530482769012451172e+00,-3.219392538070678711e+00,4.094854354858398438e+00,2.542311477101013129e+00,-3.237484937383266814e+00,4.116388753067798945e+00
1.357381194829940796e-01,2.608645200729370117e+00,-3.156799077987670898e+00,4.095169067382812500e+00,2.620719353743169222e+00,-3.174347939052117429e+00,4.116388559070734310e+00
1.360300183296203613e-01,2.684780836105346680e+00,-3.091713190078735352e+00,4.094720840454101562e+00,2.697547999890171244e+00,-3.109323208056138821e+00,4.116388711463967454e+00
1.363219320774078369e-01,2.760055065155029297e+00,-3.025664091110229492e+00,4.095429897308349609e+00,2.772775478936300608e+00,-3.042428696859640347e+00,4.116388736752820243e+00
1.366138458251953125e-01,2.832683563232421875e+00,-2.956678867340087891e+00,4.094635963439941406e+00,2.846344517352223935e+00,-2.973714567667360864e+00,4.116388640716294844e+00
1.369057595729827881e-01,2.904921054840087891e+00,-2.887303113937377930e+00,4.095740318298339844e+00,2.918200255930742060e+00,-2.903233096282384018e+00,4.116388604719389832e+00
1.371976584196090698e-01,2.973835229873657227e+00,-2.814614534378051758e+00,4.094600200653076172e+00,2.988321979968200814e+00,-2.831004365146254198e+00,4.116388462164159989e+00
1.374895721673965454e-01,3.042753219604492188e+00,-2.741922616958618164e+00,4.095911026000976562e+00,3.056656529127493194e+00,-2.757082773487734784e+00,4.116388533280179729e+00
1.377814859151840210e-01,3.107911109924316406e+00,-2.665848016738891602e+00,4.094613075256347656e+00,3.123163003381780101e+00,-2.681512295382574962e+00,4.116388627909253195e+00
1.380733996629714966e-01,3.172929763793945312e+00,-2.589648246765136719e+00,4.095578193664550781e+00,3.187791855687709397e+00,-2.604349904247023950e+00,4.116388628268761174e+00
1.383652985095977783e-01,3.234588384628295898e+00,-2.510736703872680664e+00,4.094674587249755859e+00,3.250524550455524242e+00,-2.525618037880763556e+00,4.116388748209134363e+00
1.386572122573852539e-01,3.295529365539550781e+00,-2.431238174438476562e+00,4.095293998718261719e+00,3.311312762543938693e+00,-2.445375799677276252e+00,4.116388588682274197e+00
1.389491260051727295e-01,3.353574991226196289e+00,-2.349638223648071289e+00,4.094785213470458984e+00,3.370120894262628397e+00,-2.363671145873435187e+00,4.116388724085734196e+00
1.392410397529602051e-01,3.410271406173706055e+00,-2.267058849334716797e+00,4.095058917999267578e+00,3.426904472248076150e+00,-2.280565750774431688e+00,4.116388514890111594e+00
1.395329385995864868e-01,3.464584350585937500e+00,-2.182939529418945312e+00,4.094944477081298828e+00,3.481647845649130435e+00,-2.196083682258711089e+00,4.116388618752632844e+00
1.398248523473739624e-01,3.516880512237548828e+00,-2.097505569458007812e+00,4.094871997833251953e+00,3.534308948872851630e+00,-2.110288251261783099e+00,4.116388738870059072e+00
1.401167660951614380e-01,3.567359447479248047e+00,-2.011023759841918945e+00,4.095151901245117188e+00,3.584848362580890679e+00,-2.023244402073699710e+00,4.116388671301757896e+00
1.404086798429489136e-01,3.615112304687500000e+00,-1.922969818115234375e+00,4.094734668731689453e+00,3.633251878291399173e+00,-1.934977017612287797e+00,4.116388619870058108e+00
1.407005786895751953e-01,3.661652326583862305e+00,-1.834304571151733398e+00,4.095408916473388672e+00,3.679482718006954034e+00,-1.845552317796120834e+00,4.116388760774967182e+00
1.409924924373626709e-01,3.704730749130249023e+00,-1.743871808052062988e+00,4.094645500183105469e+00,3.723512517176296388e+00,-1.755023884205070495e+00,4.116388502036561370e+00
1.412844061851501465e-01,3.747244119644165039e+00,-1.653187990188598633e+00,4.095713615417480469e+00,3.765309538724063376e+00,-1.663460252806516992e+00,4.116388700678489165e+00
1.415763199329376221e-01,3.785530090332031250e+00,-1.560624480247497559e+00,4.094604492187500000e+00,3.804861019813485346e+00,-1.570887360041683056e+00,4.116388523698272017e+00
1.418682187795639038e-01,3.823813915252685547e+00,-1.468065738677978516e+00,4.095945358276367188e+00,3.842137150895970965e+00,-1.477375146575809373e+00,4.116388612608740338e+00
1.421601325273513794e-01,3.857316255569458008e+00,-1.373668670654296875e+00,4.094612598419189453e+00,3.877115322156474253e+00,-1.382979380968235583e+00,4.116388610114912971e+00
1.424520462751388550e-01,3.890704870223999023e+00,-1.279228091239929199e+00,4.095608234405517578e+00,3.909769797929298463e+00,-1.287771379100064895e+00,4.116388586811186023e+00
1.427439600229263306e-01,3.919923782348632812e+00,-1.183435201644897461e+00,4.094669818878173828e+00,3.940091412292542561e+00,-1.191778459179938521e+00,4.116388736864723619e+00
1.430358588695526123e-01,3.948322057723999023e+00,-1.087381362915039062e+00,4.095320224761962891e+00,3.968056347279951712e+00,-1.095072626334780530e+00,4.116388615295750952e+00
1.433277726173400879e-01,3.973201990127563477e+00,-9.903814792633056641e-01,4.094776153564453125e+00,3.993644381840137925e+00,-9.977272674589321433e-01,4.116388605177403015e+00
1.436196863651275635e-01,3.996534585952758789e+00,-8.929679393768310547e-01,4.095079898834228516e+00,4.016848022715071131e+00,-8.997699163146055668e-01,4.116388458332712830e+00
1.439116001129150391e-01,4.017026901245117188e+00,-7.949522137641906738e-01,4.094930171966552734e+00,4.037649680366958371e+00,-8.012745199726234446e-01,4.116388683995324094e+00
1.442034989595413208e-01,4.035227775573730469e+00,-6.964559555053710938e-01,4.094888687133789062e+00,4.056033439559763920e+00,-7.023153602993854605e-01,4.116388481197986948e+00
1.444954127073287964e-01,4.051292419433593750e+00,-5.976173281669616699e-01,4.095133304595947266e+00,4.071994919611800157e+00,-6.029208227870466175e-01,4.116388726043074264e+00
1.447873264551162720e-01,4.064313888549804688e+00,-4.982983171939849854e-01,4.094746589660644531e+00,4.085520834343792096e+00,-5.031655706154776198e-01,4.116388718198270347e+00
1.450792253017425537e-01,4.075918197631835938e+00,-3.988363742828369141e-01,4.095385074615478516e+00,4.096602942354972576e+00,-4.031094983201107262e-01,4.116388336266066261e+00
1.453711390495300293e-01,4.083723068237304688e+00,-2.989719510078430176e-01,4.094652175903320312e+00,4.105235862414845727e+00,-3.028123418850409698e-01,4.116388805792628780e+00
1.456630527973175049e-01,4.090845108032226562e+00,-1.990721225738525391e-01,4.095685958862304688e+00,4.111412046291987643e+00,-2.023497292390373514e-01,4.116388517537913572e+00
1.459549665451049805e-01,4.093411922454833984e+00,-9.893608838319778442e-02,4.094607353210449219e+00,4.115130935191008810e+00,-1.017504406193395494e-01,4.116388680133625577e+00
1.462468653917312622e-01,4.095978260040283203e+00,1.194832148030400276e-03,4.095978260040283203e+00,4.116388323137189609e+00,-1.090311483095263287e-03,4.116388467533079520e+00
1.465387791395187378e-01,4.093356609344482422e+00,1.013279929757118225e-01,4.094610691070556641e+00,4.115184775269231210e+00,9.955478389134260475e-02,4.116388816621107338e+00
1.468306928873062134e-01,4.090678215026855469e+00,2.014611363410949707e-01,4.095635890960693359e+00,4.111519733201215665e+00,2.001560354562326172e-01,4.116388824568513627e+00
1.471226066350936890e-01,4.083558082580566406e+00,3.013589382171630859e-01,4.094663143157958984e+00,4.105395670353428450e+00,3.006375653289404815e-01,4.116388776080751377e+00
1.474145054817199707e-01,4.075643062591552734e+00,4.012095630168914795e-01,4.095343589782714844e+00,4.096817919702212762e+00,4.009236988939215429e-01,4.116388815397296064e+00
1.477064192295074463e-01,4.064039230346679688e+00,5.006754994392395020e-01,4.094763755798339844e+00,4.085788784260343753e+00,5.009856952232666361e-01,4.116388788295629375e+00
1.479983329772949219e-01,4.050908088684082031e+00,5.999799966812133789e-01,4.095098495483398438e+00,4.072315980411151060e+00,6.007480167959623474e-01,4.116388662893278649e+00
1.482902467250823975e-01,4.034844875335693359e+00,6.988170146942138672e-01,4.094913482666015625e+00,4.056407958587450402e+00,7.001511474335123664e-01,4.116388848948075996e+00
1.485821455717086792e-01,4.016534805297851562e+00,7.972907423973083496e-01,4.094902515411376953e+00,4.038076244365232270e+00,7.991200789953709638e-01,4.116388302378723552e+00
1.488740593194961548e-01,3.996044397354125977e+00,8.953057527542114258e-01,4.095112323760986328e+00,4.017327904295458829e+00,8.976265832267050770e-01,4.116388826817286350e+00
1.491659730672836304e-01,3.972603559494018555e+00,9.926934242248535156e-01,4.094755172729492188e+00,3.994175887078228460e+00,9.955962380411662593e-01,4.116388330335085222e+00
1.494578868150711060e-01,3.947724819183349609e+00,1.089694857597351074e+00,4.095359325408935547e+00,3.968635787020486472e+00,1.092970400606628090e+00,4.116388502877483369e+00
1.497497856616973877e-01,3.919220209121704102e+00,1.185717225074768066e+00,4.094656467437744141e+00,3.940726736208852277e+00,1.189675986048028822e+00,4.116388728151244791e+00
1.500416994094848633e-01,3.890001773834228516e+00,1.281512498855590820e+00,4.095654487609863281e+00,3.910456272429702285e+00,1.285685190009114409e+00,4.116388546577397278e+00
1.503336131572723389e-01,3.856508731842041016e+00,1.375916123390197754e+00,4.094606399536132812e+00,3.877847338600205696e+00,1.380925337753283966e+00,4.116388559154458449e+00
1.506255269050598145e-01,3.823006629943847656e+00,1.470316290855407715e+00,4.095999240875244141e+00,3.842919319384247689e+00,1.475339687111956621e+00,4.116388719213030178e+00
1.509174257516860962e-01,3.784620046615600586e+00,1.562832593917846680e+00,4.094605922698974609e+00,3.805698715304534741e+00,1.568857043389275452e+00,4.116388603407448166e+00
1.512093394994735718e-01,3.746231555938720703e+00,1.655353784561157227e+00,4.095662117004394531e+00,3.766196623390869913e+00,1.661450963027723438e+00,4.116388746047503489e+00
1.515012532472610474e-01,3.703720092773437500e+00,1.746036171913146973e+00,4.094653129577636719e+00,3.724441677418970809e+00,1.753051234749495757e+00,4.116388519096826570e+00
1.517931669950485229e-01,3.660541534423828125e+00,1.836421132087707520e+00,4.095364093780517578e+00,3.680459916674658327e+00,1.843602877495877257e+00,4.116388801869900860e+00
1.520850658416748047e-01,3.614003181457519531e+00,1.925085902214050293e+00,4.094749450683593750e+00,3.634283756282202127e+00,1.933038236483645367e+00,4.116388616844195880e+00
1.523769795894622803e-01,3.566152811050415039e+00,2.013086795806884766e+00,4.095114707946777344e+00,3.585927387012026291e+00,2.021331387708418248e+00,4.116388684740319270e+00
1.526688933372497559e-01,3.515675306320190430e+00,2.099569082260131836e+00,4.094894886016845703e+00,3.535426074331341262e+00,2.108415550390350557e+00,4.116388424358149223e+00
1.529608070850372314e-01,3.463284492492675781e+00,2.184944629669189453e+00,4.094913959503173828e+00,3.482810821467254403e+00,2.194239031796238582e+00,4.116388726394472286e+00
1.532527059316635132e-01,3.408972501754760742e+00,2.269065380096435547e+00,4.095088481903076172e+00,3.428120923546874810e+00,2.278736895464556600e+00,4.116388575585561149e+00
1.535446196794509888e-01,3.352184772491455078e+00,2.351581811904907227e+00,4.094762802124023438e+00,3.371372448092847307e+00,2.361885509195271293e+00,4.116388628677589701e+00
1.538365334272384644e-01,3.294139623641967773e+00,2.433183908462524414e+00,4.095331668853759766e+00,3.312607772507680348e+00,2.443621290774038890e+00,4.116388619555067407e+00
1.541284471750259399e-01,3.233110427856445312e+00,2.512614727020263672e+00,4.094659805297851562e+00,3.251861910023714053e+00,2.523895822690056523e+00,4.116388709251762812e+00
1.544203460216522217e-01,3.171451568603515625e+00,2.591528654098510742e+00,4.095622539520263672e+00,3.189181014478342124e+00,2.602648436949583477e+00,4.116388517798728941e+00
1.547122597694396973e-01,3.106348752975463867e+00,2.667656421661376953e+00,4.094605445861816406e+00,3.124583276819888678e+00,2.679857200222677704e+00,4.116388619575153562e+00
1.550041735172271729e-01,3.041190147399902344e+00,2.743733882904052734e+00,4.095963478088378906e+00,3.058116739103190262e+00,2.755462901625902017e+00,4.116388440395265746e+00
1.552960872650146484e-01,2.972191333770751953e+00,2.816349744796752930e+00,4.094599723815917969e+00,2.989832020846346250e+00,2.829409705085558446e+00,4.116388561847689864e+00
1.555879861116409302e-01,2.903196334838867188e+00,2.888961791992187500e+00,4.095686912536621094e+00,2.919748743901762200e+00,2.901675696926371728e+00,4.116388535797982584e+00
1.558798998594284058e-01,2.830961465835571289e+00,2.958337068557739258e+00,4.094643115997314453e+00,2.847919419280758646e+00,2.972206259700932218e+00,4.116388595470775513e+00
1.561718136072158813e-01,2.758256673812866211e+00,3.027241706848144531e+00,4.095384120941162109e+00,2.774398201176528467e+00,3.040948706764382781e+00,4.116388516146590959e+00
1.564637124538421631e-01,2.682988166809082031e+00,3.093287944793701172e+00,4.094735145568847656e+00,2.699206586555810805e+00,3.107883535487801829e+00,4.116388741003748741e+00
1.567556262016296387e-01,2.606776475906372070e+00,3.158292770385742188e+00,4.095130920410156250e+00,2.622400382621007164e+00,3.172959274576842237e+00,4.116388505096913342e+00
1.570475399494171143e-01,2.528615474700927734e+00,3.220887184143066406e+00,4.094876289367675781e+00,2.544026154014239260e+00,3.236137444878353087e+00,4.116388542697625219e+00
1.573394536972045898e-01,2.449105739593505859e+00,3.281813859939575195e+00,4.094926357269287109e+00,2.464129975306494913e+00,3.297380514623681425e+00,4.116388562007227137e+00
1.576313525438308716e-01,2.368214130401611328e+00,3.340826988220214844e+00,4.095065593719482422e+00,2.382773305249392681e+00,3.356642337785438190e+00,4.116388758125598457e+00
1.579232662916183472e-01,2.285624027252197266e+00,3.397508382797241211e+00,4.094769477844238281e+00,2.299978800471963680e+00,3.413905812953725416e+00,4.116388633540289277e+00
1.582151800394058228e-01,2.202152729034423828e+00,3.452830314636230469e+00,4.095304012298583984e+00,2.215808834352550161e+00,3.469127669012425752e+00,4.116388656857171924e+00
1.585070937871932983e-01,2.116709470748901367e+00,3.505111217498779297e+00,4.094663143157958984e+00,2.130327184967355958e+00,3.522266562372194709e+00,4.116388666223850912e+00
1.587989926338195801e-01,2.030830860137939453e+00,3.556626796722412109e+00,4.095591545104980469e+00,2.043558152127286753e+00,3.573307322425685939e+00,4.116388604301945087e+00
1.590909063816070557e-01,1.942768096923828125e+00,3.604363679885864258e+00,4.094604492187500000e+00,1.955566670295060705e+00,3.622211245286591108e+00,4.116388624443707123e+00
1.593828201293945312e-01,1.854641556739807129e+00,3.651975154876708984e+00,4.095927238464355469e+00,1.866419790807519741e+00,3.668941802906722227e+00,4.116388804356850173e+00
1.596747338771820068e-01,1.764200925827026367e+00,3.695037364959716797e+00,4.094594955444335938e+00,1.776142989516748427e+00,3.713485033477687214e+00,4.116388588686966443e+00
1.599666327238082886e-01,1.673764824867248535e+00,3.738097429275512695e+00,4.095712184906005859e+00,1.684803748866730677e+00,3.755807754279041788e+00,4.116388655034649346e+00
1.602585464715957642e-01,1.581437587738037109e+00,3.776914358139038086e+00,4.094634056091308594e+00,1.592456926065860090e+00,3.795884242100453942e+00,4.116388737813966969e+00
1.605504602193832397e-01,1.488866925239562988e+00,3.815183877944946289e+00,4.095406055450439453e+00,1.499172465055154113e+00,3.833684448909318476e+00,4.116388530470452167e+00
1.608423739671707153e-01,1.394899129867553711e+00,3.849805831909179688e+00,4.094722270965576172e+00,1.404976862452318009e+00,3.869198243382458990e+00,4.116388590818445437e+00
1.611342728137969971e-01,1.300457119941711426e+00,3.883175611495971680e+00,4.095148563385009766e+00,1.309940980100869901e+00,3.902398213914529901e+00,4.116388853268230896e+00
1.614261865615844727e-01,1.205034136772155762e+00,3.913535594940185547e+00,4.094859123229980469e+00,1.214121630256212780e+00,3.933263911787605149e+00,4.116388748991855806e+00
1.617181003093719482e-01,1.108970046043395996e+00,3.941917896270751953e+00,4.094939708709716797e+00,1.117591272082854248e+00,3.961773194975079182e+00,4.116388842159936168e+00
1.620100140571594238e-01,1.012279629707336426e+00,3.967956304550170898e+00,4.095044136047363281e+00,1.020377455721894533e+00,3.987917377798854357e+00,4.116388607055410098e+00
1.623019129037857056e-01,9.148665666580200195e-01,3.991270303726196289e+00,4.094779968261718750e+00,9.225534986193389964e-01,4.011676953840638937e+00,4.116388822717175877e+00
1.625938266515731812e-01,8.170992136001586914e-01,4.012936115264892578e+00,4.095278739929199219e+00,8.241931191893289155e-01,4.033033614834821812e+00,4.116388518605436531e+00
1.628857403993606567e-01,7.185943722724914551e-01,4.031120300292968750e+00,4.094668388366699219e+00,7.253244775431163527e-01,4.051982022887883339e+00,4.116388454887339066e+00
1.631776541471481323e-01,6.199421286582946777e-01,4.048369884490966797e+00,4.095561504364013672e+00,6.260220809280041543e-01,4.068507219975619371e+00,4.116388543954903945e+00
1.634695529937744141e-01,5.206255912780761719e-01,4.061372756958007812e+00,4.094605922698974609e+00,5.263452836861129969e-01,4.082599049045182227e+00,4.116388508501504617e+00
1.637614667415618896e-01,4.212827086448669434e-01,4.074171066284179688e+00,4.095893859863281250e+00,4.263693291569634614e-01,4.094247571292402910e+00,4.116388463189485591e+00
1.640533804893493652e-01,3.214190006256103516e-01,4.081957817077636719e+00,4.094592571258544922e+00,3.261227984031122018e-01,4.103449362837952030e+00,4.116388314167344298e+00
1.643452942371368408e-01,2.215553075075149536e-01,4.089744567871093750e+00,4.095741271972656250e+00,2.256811935597662910e-01,4.110197350780545378e+00,4.116388497638430621e+00
1.646371930837631226e-01,1.214514523744583130e-01,4.092826366424560547e+00,4.094628334045410156e+00,1.251046399496834605e-01,4.114487113353615833e+00,4.116388632878327236e+00
1.649291068315505981e-01,2.131468802690505981e-02,4.095375537872314453e+00,4.095430850982666016e+00,2.446896082797160241e-02,4.116315875588891338e+00,4.116388601391897772e+00
1.652210205793380737e-01,-7.881916314363479614e-02,4.093953132629394531e+00,4.094711780548095703e+00,-7.619704217233924659e-02,4.115683556042889713e+00,4.116388844936500924e+00
1.655129343271255493e-01,-1.789520829916000366e-01,4.091257572174072266e+00,4.095169544219970703e+00,-1.768174769813873337e-01,4.112589288924640485e+00,4.116388596760970131e+00
1.658048331737518311e-01,-2.789084017276763916e-01,4.085335254669189453e+00,4.094844818115234375e+00,-2.773164769564921972e-01,4.107036501616071256e+00,4.116388375019822909e+00
1.660967469215393066e-01,-3.787629306316375732e-01,4.077402591705322266e+00,4.094957351684570312e+00,-3.776653523760363229e-01,4.099027019368576497e+00,4.116388419950060218e+00
1.663886606693267822e-01,-4.783552289009094238e-01,4.066991806030273438e+00,4.095026969909667969e+00,-4.777883168350939846e-01,4.088566176694024001e+00,4.116388594011806568e+00
1.666805744171142578e-01,-5.776576399803161621e-01,4.053843021392822266e+00,4.094793319702148438e+00,-5.776255083871256746e-01,4.075660043484552020e+00,4.116388710750721103e+00
1.669724732637405396e-01,-6.766797304153442383e-01,4.038965225219726562e+00,4.095257759094238281e+00,-6.771018396159171893e-01,4.060318715231016284e+00,4.116388583511827015e+00
1.672643870115280151e-01,-7.751578092575073242e-01,4.020636081695556641e+00,4.094677448272705078e+00,-7.761887215933412909e-01,4.042546878148434608e+00,4.116388489143894880e+00
1.675563007593154907e-01,-8.734247684478759766e-01,4.001318454742431641e+00,4.095536708831787109e+00,-8.748113745070292824e-01,4.022357485850574399e+00,4.116388548830761884e+00
1.678481996059417725e-01,-9.708034992218017578e-01,3.977861404418945312e+00,4.094611167907714844e+00,-9.729108646284007067e-01,3.999762320175941355e+00,4.116388486089622489e+00
1.681401133537292480e-01,-1.068116664886474609e+00,3.954141378402709961e+00,4.095864772796630859e+00,-1.070413256009459246e+00,3.974779332256308084e+00,4.116388620960449884e+00
1.684320271015167236e-01,-1.164139032363891602e+00,3.925618171691894531e+00,4.094594001770019531e+00,-1.167290910053850217e+00,3.947415103485165222e+00,4.116388473883040078e+00
1.687239408493041992e-01,-1.260161399841308594e+00,3.897094964981079102e+00,4.095772743225097656e+00,-1.263470287848927898e+00,3.917690441888781017e+00,4.116388655939057450e+00
1.690158396959304810e-01,-1.354699492454528809e+00,3.864032030105590820e+00,4.094624996185302734e+00,-1.358879185074563845e+00,3.885627806864742517e+00,4.116388719874426450e+00
1.693077534437179565e-01,-1.449097275733947754e+00,3.830522060394287109e+00,4.095458507537841797e+00,-1.453490293997194982e+00,3.851236160551952725e+00,4.116388465522538453e+00
1.695996671915054321e-01,-1.542045474052429199e+00,3.793244838714599609e+00,4.094705104827880859e+00,-1.547232174885396772e+00,3.814541529780869134e+00,4.116388524595748777e+00
1.698915809392929077e-01,-1.634559869766235352e+00,3.754839658737182617e+00,4.095193386077880859e+00,-1.640048830504626354e+00,3.775565435744165033e+00,4.116388529527506002e+00
1.701834797859191895e-01,-1.725726366043090820e+00,3.713426113128662109e+00,4.094833850860595703e+00,-1.731870191749528498e+00,3.734338179967763960e+00,4.116388708982121614e+00
1.704753935337066650e-01,-1.816103696823120117e+00,3.670231342315673828e+00,4.094976425170898438e+00,-1.822670292030613259e+00,3.690870852929914570e+00,4.116388544155975993e+00
1.707673072814941406e-01,-1.905318498611450195e+00,3.624759435653686523e+00,4.095011711120605469e+00,-1.912380290696145790e+00,3.645196363101801396e+00,4.116388575172862829e+00
1.710592210292816162e-01,-1.993311047554016113e+00,3.576893568038940430e+00,4.094808578491210938e+00,-2.000946534728372583e+00,3.597341924172535954e+00,4.116388703007873850e+00
1.713511198759078979e-01,-2.080389499664306641e+00,3.527457475662231445e+00,4.095238208770751953e+00,-2.088302614176579031e+00,3.547343750631716475e+00,4.116388647045202021e+00
1.716430336236953735e-01,-2.165755987167358398e+00,3.475051403045654297e+00,4.094689369201660156e+00,-2.174423327039979537e+00,3.495216500390461167e+00,4.116388610150572447e+00
1.719349473714828491e-01,-2.250535249710083008e+00,3.421742200851440430e+00,4.095512866973876953e+00,-2.259243730305492637e+00,3.440998991607852275e+00,4.116388744175035974e+00
1.722268611192703247e-01,-2.333041906356811523e+00,3.364939689636230469e+00,4.094618797302246094e+00,-2.342712982312849856e+00,3.384723408465842631e+00,4.116388789863488995e+00
1.725187599658966064e-01,-2.415345668792724609e+00,3.307867288589477539e+00,4.095837116241455078e+00,-2.424768464611093854e+00,3.326432830715871258e+00,4.116388888848677041e+00
1.728106737136840820e-01,-2.494765996932983398e+00,3.246824264526367188e+00,4.094596862792968750e+00,-2.505386548275969627e+00,3.266143564364596408e+00,4.116388652608308441e+00
1.731025874614715576e-01,-2.574186325073242188e+00,3.185781240463256836e+00,4.095807075500488281e+00,-2.584506081794153864e+00,3.203901292832940229e+00,4.116388609090200212e+00
1.733945012092590332e-01,-2.650556087493896484e+00,3.120977401733398438e+00,4.094624042510986328e+00,-2.662080101489367578e+00,3.139742679086672705e+00,4.116388533365624269e+00
1.736864000558853149e-01,-2.726668119430541992e+00,3.055864095687866211e+00,4.095488071441650391e+00,-2.738050366793111756e+00,3.073716944497586923e+00,4.116388667993764017e+00
1.739783138036727905e-01,-2.800037145614624023e+00,2.987701416015625000e+00,4.094699859619140625e+00,-2.812395189411015295e+00,3.005842753706257309e+00,4.116388873931936310e+00
1.742702275514602661e-01,-2.872640848159790039e+00,2.918689966201782227e+00,4.095218658447265625e+00,-2.885057779333326966e+00,2.936170739333892943e+00,4.116388830104887653e+00
1.745621412992477417e-01,-2.942864656448364258e+00,2.847303152084350586e+00,4.094824790954589844e+00,-2.955983764148206294e+00,2.864753886084063783e+00,4.116388567876160032e+00
1.748540401458740234e-01,-3.011753082275390625e+00,2.774590015411376953e+00,4.094997406005859375e+00,-3.025153392915386874e+00,2.791612978747244789e+00,4.116388717526266561e+00
1.751459538936614990e-01,-3.078694581985473633e+00,2.700119972229003906e+00,4.094997882843017578e+00,-3.092513740505996811e+00,2.716802174792408042e+00,4.116388622588391222e+00
1.754378676414489746e-01,-3.143685817718505859e+00,2.623896837234497070e+00,4.094825267791748047e+00,-3.158024638724124866e+00,2.640366630888037580e+00,4.116388655641700645e+00
1.757297813892364502e-01,-3.207213163375854492e+00,2.546489953994750977e+00,4.095220088958740234e+00,-3.221636792113543812e+00,2.562364271110659342e+00,4.116388499420834179e+00
1.760216802358627319e-01,-3.268122434616088867e+00,2.466973543167114258e+00,4.094701766967773438e+00,-3.283332380536536643e+00,2.482817523432622409e+00,4.116388511273422424e+00
1.763135939836502075e-01,-3.328109741210937500e+00,2.386782407760620117e+00,4.095490932464599609e+00,-3.343064513031676288e+00,2.401785710076757230e+00,4.116388579254955715e+00
1.766055077314376831e-01,-3.384776592254638672e+00,2.304182529449462891e+00,4.094626903533935547e+00,-3.400796889559707825e+00,2.319317751043324272e+00,4.116388503815407773e+00
1.768974214792251587e-01,-3.441105127334594727e+00,2.221363782882690430e+00,4.095810413360595703e+00,-3.456487189664790627e+00,2.235475768123543538e+00,4.116388660243873510e+00
1.771893203258514404e-01,-3.493368148803710938e+00,2.135915756225585938e+00,4.094600677490234375e+00,-3.510119047043732898e+00,2.150283839023193089e+00,4.116388746557293921e+00
1.774812340736389160e-01,-3.545633554458618164e+00,2.050463199615478516e+00,4.095841407775878906e+00,-3.561651595075217003e+00,2.063805735266922348e+00,4.116388732569177478e+00
1.777731478214263916e-01,-3.593647003173828125e+00,1.962560534477233887e+00,4.094623565673828125e+00,-3.611046139700267776e+00,1.976107106769490640e+00,4.116388407386880388e+00
1.780650615692138672e-01,-3.641368150711059570e+00,1.874489426612854004e+00,4.095518589019775391e+00,-3.658289431286756432e+00,1.887213181071635493e+00,4.116388605789655486e+00
1.783569604158401489e-01,-3.685371637344360352e+00,1.784533977508544922e+00,4.094695091247558594e+00,-3.703344459904801766e+00,1.797190658335734215e+00,4.116388520428655440e+00
1.786488741636276245e-01,-3.728417634963989258e+00,1.694085836410522461e+00,4.095243930816650391e+00,-3.746184768875254534e+00,1.706093093935439065e+00,4.116388461713391678e+00
1.789407879114151001e-01,-3.768330812454223633e+00,1.602246165275573730e+00,4.094814777374267578e+00,-3.786778630950081492e+00,1.613989739290169645e+00,4.116388620909609664e+00
1.792326867580413818e-01,-3.806581497192382812e+00,1.509673714637756348e+00,4.095018386840820312e+00,-3.825114002020333359e+00,1.520906759497830718e+00,4.116388526310193363e+00
1.795246005058288574e-01,-3.842323541641235352e+00,1.416136503219604492e+00,4.094983577728271484e+00,-3.861161789627347574e+00,1.426914204638336736e+00,4.116388527954682353e+00
1.798165142536163330e-01,-3.875677108764648438e+00,1.321686148643493652e+00,4.094841480255126953e+00,-3.894900344443686269e+00,1.332068307135944041e+00,4.116388546775385571e+00
1.801084280014038086e-01,-3.907178163528442383e+00,1.226634621620178223e+00,4.095201015472412109e+00,-3.926304888015486050e+00,1.236440608252659334e+00,4.116388641927595238e+00
1.804003268480300903e-01,-3.935541629791259766e+00,1.130570530891418457e+00,4.094713687896728516e+00,-3.955366257696621979e+00,1.140058664681137701e+00,4.116388707525022284e+00
1.806922405958175659e-01,-3.962739467620849609e+00,1.034189939498901367e+00,4.095467567443847656e+00,-3.982061832854572714e+00,1.042994822895435103e+00,4.116388543524990951e+00
1.809841543436050415e-01,-3.986037015914916992e+00,9.367679953575134277e-01,4.094634056091308594e+00,-4.006372348011893791e+00,9.453225759287896546e-01,4.116388485490038995e+00
1.812760680913925171e-01,-4.008876323699951172e+00,8.392491340637207031e-01,4.095781803131103516e+00,-4.028291028638375515e+00,8.470696862000945959e-01,4.116388667835867210e+00
1.815679669380187988e-01,-4.027042388916015625e+00,7.407463192939758301e-01,4.094603061676025391e+00,-4.047800525318122844e+00,7.483102167464015242e-01,4.116388863221344785e+00
1.818598806858062744e-01,-4.045208930969238281e+00,6.422384977340698242e-01,4.095874309539794922e+00,-4.064886357813905171e+00,6.491187278844621211e-01,4.116388735874193294e+00
1.821517944335937500e-01,-4.058463096618652344e+00,5.429571270942687988e-01,4.094621181488037109e+00,-4.079544144625092628e+00,5.495235454854278112e-01,4.116388775976797199e+00
1.824437081813812256e-01,-4.071448326110839844e+00,4.436334371566772461e-01,4.095546722412109375e+00,-4.091762036209098063e+00,4.495997304215278434e-01,4.116388766693099832e+00
1.827356070280075073e-01,-4.080222606658935547e+00,3.438761532306671143e-01,4.094687461853027344e+00,-4.101532743872794207e+00,3.494070746935791227e-01,4.116388727137734627e+00
1.830275207757949829e-01,-4.087991237640380859e+00,2.440089434385299683e-01,4.095266819000244141e+00,-4.108850410236601469e+00,2.490053804582352814e-01,4.116388632429965888e+00
1.833194345235824585e-01,-4.092271327972412109e+00,1.439620703458786011e-01,4.094802856445312500e+00,-4.113710352357771605e+00,1.484704897241990729e-01,4.116388751006693880e+00
1.836113482713699341e-01,-4.094802379608154297e+00,4.382512718439102173e-02,4.095036506652832031e+00,-4.116110579513154732e+00,4.783112785712125004e-02,4.116388480157358032e+00
1.839032471179962158e-01,-4.094579696655273438e+00,-5.630419775843620300e-02,4.094966888427734375e+00,-4.116049271457487890e+00,-5.283683769894246401e-02,4.116388385038970199e+00
1.841951608657836914e-01,-4.091866016387939453e+00,-1.564363539218902588e-01,4.094855308532714844e+00,-4.113527470495838223e+00,-1.534575247777325291e-01,4.116388886200476271e+00
1.844870746135711670e-01,-4.087141513824462891e+00,-2.564612925052642822e-01,4.095179557800292969e+00,-4.108544618248684444e+00,-2.540021228657183827e-01,4.116388703531351112e+00
1.847789883613586426e-01,-4.079190254211425781e+00,-3.563141226768493652e-01,4.094722270965576172e+00,-4.101104618765278431e+00,-3.543947937638617374e-01,4.116388558421669508e+00
1.850708872079849243e-01,-4.069972991943359375e+00,-4.560275673866271973e-01,4.095441341400146484e+00,-4.091213757729604161e+00,-4.545599653912333338e-01,4.116388559595955066e+00
1.853628009557723999e-01,-4.056806087493896484e+00,-5.553274154663085938e-01,4.094638347625732422e+00,-4.078874815122460973e+00,-5.544689033714788051e-01,4.116388650534137383e+00
1.856547147035598755e-01,-4.043111801147460938e+00,-6.545432209968566895e-01,4.095751285552978516e+00,-4.064095983066789763e+00,-6.540461661666451265e-01,4.116388289150684443e+00
1.859466284513473511e-01,-4.024765491485595703e+00,-7.530176639556884766e-01,4.094603061676025391e+00,-4.046887142080542787e+00,-7.532323168739043506e-01,4.116388521983809667e+00
1.862385272979736328e-01,-4.006420135498046875e+00,-8.514871597290039062e-01,4.095904350280761719e+00,-4.027257694075757399e+00,-8.519680312808808331e-01,4.116388473020617056e+00
1.865304410457611084e-01,-3.983146190643310547e+00,-9.489094614982604980e-01,4.094616413116455078e+00,-4.005223451198586027e+00,-9.501788073685494274e-01,4.116388545801213716e+00
1.868223547935485840e-01,-3.959670543670654297e+00,-1.046288728713989258e+00,4.095571994781494141e+00,-3.980790520331322302e+00,-1.047836821125990747e+00,4.116388607805043343e+00
1.871142685413360596e-01,-3.932043313980102539e+00,-1.142551302909851074e+00,4.094678401947021484e+00,-3.953976614940671652e+00,-1.144868073708427136e+00,4.116388462924088110e+00
1.874061673879623413e-01,-3.903504371643066406e+00,-1.238563418388366699e+00,4.095288276672363281e+00,-3.924803011012540921e+00,-1.241199688585805427e+00,4.116388628664524596e+00
1.876980811357498169e-01,-3.871580123901367188e+00,-1.333477497100830078e+00,4.094788551330566406e+00,-3.893277722482390679e+00,-1.336803927574428785e+00,4.116388728625624438e+00
1.879899948835372925e-01,-3.838052988052368164e+00,-1.427868962287902832e+00,4.095053195953369141e+00,-3.859423682440056069e+00,-1.431608831389737713e+00,4.116388587912012120e+00
1.882819086313247681e-01,-3.801894903182983398e+00,-1.521247744560241699e+00,4.094948291778564453e+00,-3.823261708091392652e+00,-1.525557558275809633e+00,4.116388702755166662e+00
1.885738074779510498e-01,-3.763475179672241211e+00,-1.613750338554382324e+00,4.094866752624511719e+00,-3.784819247343605753e+00,-1.618579403607924849e+00,4.116388711096949038e+00
1.888657212257385254e-01,-3.723154544830322266e+00,-1.705410122871398926e+00,4.095156192779541016e+00,-3.744107400502275862e+00,-1.710647685344552471e+00,4.116388675753369419e+00
1.891576349735260010e-01,-3.679943561553955078e+00,-1.795779466629028320e+00,4.094729423522949219e+00,-3.701156220781980810e+00,-1.801693046556600786e+00,4.116388611956305787e+00
1.894495487213134766e-01,-3.635539531707763672e+00,-1.885539650917053223e+00,4.095412731170654297e+00,-3.655991504070861708e+00,-1.891660860635596908e+00,4.116388549383904305e+00
1.897414475679397583e-01,-3.587659835815429688e+00,-1.973518967628479004e+00,4.094640731811523438e+00,-3.608648050333322477e+00,-1.980483505556093871e+00,4.116388668111192750e+00
1.900333613157272339e-01,-3.539258956909179688e+00,-2.061202526092529297e+00,4.095718383789062500e+00,-3.559139086576401212e+00,-2.068135759662639739e+00,4.116388776341620925e+00
1.903252750635147095e-01,-3.486837387084960938e+00,-2.146559476852416992e+00,4.094600677490234375e+00,-3.507501309171388915e+00,-2.154550861830055286e+00,4.116388568885551713e+00
1.906171739101409912e-01,-3.434418439865112305e+00,-2.231911897659301758e+00,4.095932006835937500e+00,-3.453774485299755614e+00,-2.239664239874391338e+00,4.116388478105501569e+00
1.909090876579284668e-01,-3.377718925476074219e+00,-2.314484834671020508e+00,4.094609260559082031e+00,-3.397973735099647730e+00,-2.323451771524475795e+00,4.116388421787632979e+00
1.912010014057159424e-01,-3.320901393890380859e+00,-2.396981000900268555e+00,4.095595359802246094e+00,-3.340141200765336382e+00,-2.405849632806175808e+00,4.116388671727162496e+00
1.914929151535034180e-01,-3.260555505752563477e+00,-2.476908206939697266e+00,4.094666957855224609e+00,-3.280310471176636877e+00,-2.486808909585994432e+00,4.116388628410511785e+00
1.917848140001296997e-01,-3.199500799179077148e+00,-2.556313276290893555e+00,4.095307350158691406e+00,-3.218528190242079479e+00,-2.566267986485693431e+00,4.116388598012131972e+00
1.920767277479171753e-01,-3.135628700256347656e+00,-2.633438587188720703e+00,4.094772815704345703e+00,-3.154811111454352890e+00,-2.644205387488692161e+00,4.116388621131401138e+00
1.923686414957046509e-01,-3.070498228073120117e+00,-2.709542751312255859e+00,4.095067977905273438e+00,-3.089207525179639369e+00,-2.720561189535289692e+00,4.116388747389170710e+00
1.926605552434921265e-01,-3.003225803375244141e+00,-2.783714771270751953e+00,4.094927787780761719e+00,-3.021756224360942156e+00,-2.795289650851270125e+00,4.116388576364033547e+00
1.929524540901184082e-01,-2.934205055236816406e+00,-2.856302022933959961e+00,4.094877243041992188e+00,-2.952508775900859916e+00,-2.868335425434074715e+00,4.116388730983951305e+00
1.932443678379058838e-01,-2.863665342330932617e+00,-2.927374839782714844e+00,4.095131397247314453e+00,-2.881484556616229931e+00,-2.939677073300676735e+00,4.116388531869588085e+00
1.935362815856933594e-01,-2.790935754776000977e+00,-2.996253490447998047e+00,4.094735145568847656e+00,-2.808737263386884564e+00,-3.009260470350581418e+00,4.116388416215438717e+00
1.938281953334808350e-01,-2.717267274856567383e+00,-3.064087152481079102e+00,4.095384120941162109e+00,-2.734321987963183709e+00,-3.077034135462109354e+00,4.116388684837473555e+00
1.941200941801071167e-01,-2.641036033630371094e+00,-3.129061222076416016e+00,4.094642162322998047e+00,-2.658259760171171937e+00,-3.142977844002743382e+00,4.116388548283243409e+00
1.944120079278945923e-01,-2.564382791519165039e+00,-3.193521499633789062e+00,4.095685482025146484e+00,-2.580607795186887987e+00,-3.207041813720896695e+00,4.116388439826050849e+00
1.947039216756820679e-01,-2.484851360321044922e+00,-3.254419565200805664e+00,4.094597816467285156e+00,-2.501412412616886627e+00,-3.269188039155666470e+00,4.116388525558819289e+00
1.949958354234695435e-01,-2.405319690704345703e+00,-3.315317630767822266e+00,4.095960617065429688e+00,-2.420721117936235789e+00,-3.329379008193066536e+00,4.116388624877284741e+00
1.952877342700958252e-01,-2.322759628295898438e+00,-3.372025728225708008e+00,4.094602108001708984e+00,-2.338595115033653027e+00,-3.387569763949996648e+00,4.116388710713251520e+00
1.955796480178833008e-01,-2.240151405334472656e+00,-3.428676366806030273e+00,4.095619678497314453e+00,-2.255057289194850156e+00,-3.443743923744377433e+00,4.116388658748970641e+00
1.958715617656707764e-01,-2.155132770538330078e+00,-3.481610298156738281e+00,4.094655990600585938e+00,-2.170170964458446150e+00,-3.497858468047215119e+00,4.116388693681406252e+00
1.961634755134582520e-01,-2.069670677185058594e+00,-3.533860445022583008e+00,4.095327377319335938e+00,-2.084000382765562875e+00,-3.549873013756774665e+00,4.116388709678134639e+00
1.964553743600845337e-01,-1.982371091842651367e+00,-3.582910537719726562e+00,4.094758033752441406e+00,-1.996570317619353441e+00,-3.599772635301278001e+00,4.116388715738900750e+00
1.967472881078720093e-01,-1.894291281700134277e+00,-3.630615949630737305e+00,4.095083713531494141e+00,-1.907945809621433453e+00,-3.647519584368359435e+00,4.116388748746007131e+00
1.970392018556594849e-01,-1.804874777793884277e+00,-3.675691127777099609e+00,4.094908714294433594e+00,-1.818194499767123773e+00,-3.693077818067301621e+00,4.116388588226840284e+00
1.973311156034469604e-01,-1.714418649673461914e+00,-3.718720912933349609e+00,4.094889163970947266e+00,-1.727341725011836804e+00,-3.736434803855905429e+00,4.116388523746585371e+00
1.976230144500732422e-01,-1.623070359230041504e+00,-3.759728193283081055e+00,4.095108509063720703e+00,-1.635455921735610385e+00,-3.777557372116836287e+00,4.116388680818944934e+00
1.979149281978607178e-01,-1.530485987663269043e+00,-3.797964334487915039e+00,4.094743251800537109e+00,-1.542606689256552865e+00,-3.816414515967769816e+00,4.116388605978372084e+00
1.982068419456481934e-01,-1.437376022338867188e+00,-3.834826946258544922e+00,4.095356941223144531e+00,-1.448805666116424140e+00,-3.853001147635619628e+00,4.116388672350129063e+00
1.984987556934356689e-01,-1.342917203903198242e+00,-3.868164777755737305e+00,4.094645977020263672e+00,-1.354167486450302604e+00,-3.887272328559412848e+00,4.116388676709580530e+00
1.987906545400619507e-01,-1.248238205909729004e+00,-3.900805711746215820e+00,4.095654010772705078e+00,-1.258704845599121880e+00,-3.919224178127129754e+00,4.116388714243466751e+00
1.990825682878494263e-01,-1.152163863182067871e+00,-3.929153442382812500e+00,4.094597816467285156e+00,-1.162489284824888447e+00,-3.948831917884905174e+00,4.116388569248444540e+00
1.993744820356369019e-01,-1.056089639663696289e+00,-3.957501411437988281e+00,4.095991134643554688e+00,-1.065593849674811633e+00,-3.976074129447618954e+00,4.116388676416188552e+00
1.996663957834243774e-01,-9.586656093597412109e-01,-3.980790615081787109e+00,4.094597816467285156e+00,-9.680458452544223880e-01,-4.000942600829422879e+00,4.116388520735871026e+00
1.999582946300506592e-01,-8.612442016601562500e-01,-4.004069328308105469e+00,4.095645427703857422e+00,-8.699189998051952699e-01,-4.023418308312664671e+00,4.116388459546501011e+00
2.002502083778381348e-01,-7.628878951072692871e-01,-4.022951602935791016e+00,4.094647407531738281e+00,-7.712873036400678117e-01,-4.043484855598558525e+00,4.116388451326145059e+00
2.005421221256256104e-01,-6.643764972686767578e-01,-4.041100502014160156e+00,4.095349788665771484e+00,-6.721789201460696139e-01,-4.061136666309574927e+00,4.116388650641820135e+00
2.008340209722518921e-01,-5.652866959571838379e-01,-4.055538177490234375e+00,4.094745159149169922e+00,-5.726685256061814222e-01,-4.076359500330381636e+00,4.116388710526948991e+00
2.011259347200393677e-01,-4.659603834152221680e-01,-4.068505287170410156e+00,4.095101356506347656e+00,-4.728312870315287686e-01,-4.089142463692341245e+00,4.116388649577170433e+00
2.014178484678268433e-01,-3.663221001625061035e-01,-4.078473091125488281e+00,4.094891071319580078e+00,-3.726800632926507428e-01,-4.099483103689583352e+00,4.116388240558971567e+00
2.017097622156143188e-01,-2.664532065391540527e-01,-4.086223125457763672e+00,4.094901561737060547e+00,-2.723371959527614017e-01,-4.107369264446650625e+00,4.116387958249371870e+00
2.020016610622406006e-01,-1.664727926254272461e-01,-4.091700553894042969e+00,4.095085620880126953e+00,-1.718158141475344125e-01,-4.112799449348346847e+00,4.116386763236813628e+00
2.022935748100280762e-01,-6.633516401052474976e-02,-4.094212055206298828e+00,4.094749450683593750e+00,-7.119169761265400909e-02,-4.115770173295609347e+00,4.116385839203942076e+00
2.025854885578155518e-01,3.380072489380836487e-02,-4.095187664031982422e+00,4.095326900482177734e+00,2.945920443752665305e-02,-4.116278419099575814e+00,4.116383833933734415e+00
2.028774023056030273e-01,1.339323967695236206e-01,-4.092453002929687500e+00,4.094644069671630859e+00,1.301080932736275175e-01,-4.114324816456704781e+00,4.116381519155725144e+00
2.031693011522293091e-01,2.340163588523864746e-01,-4.088923454284667969e+00,4.095614433288574219e+00,2.306790054183908145e-01,-4.109909936438025824e+00,4.116378564851978616e+00
2.034612149000167847e-01,3.338672518730163574e-01,-4.080949306488037109e+00,4.094583511352539062e+00,3.310960494286364630e-01,-4.103036969273680334e+00,4.116374249891984860e+00
2.037531286478042603e-01,4.337121844291687012e-01,-4.072918891906738281e+00,4.095946311950683594e+00,4.313304437158794746e-01,-4.093707741211262352e+00,4.116368426432352123e+00
2.040450423955917358e-01,5.330080986022949219e-01,-4.059726715087890625e+00,4.094567298889160156e+00,5.313064139817317288e-01,-4.081929280103381075e+00,4.116361640247784948e+00
2.043369412422180176e-01,6.322988867759704590e-01,-4.046534538269042969e+00,4.095636844635009766e+00,6.309484209466547089e-01,-4.067710026114736976e+00,4.116352847661316261e+00
2.046288549900054932e-01,7.308747768402099609e-01,-4.028834342956542969e+00,4.094592094421386719e+00,7.302279675399691028e-01,-4.051054221197387228e+00,4.116342209736542301e+00
2.049207687377929688e-01,8.293426632881164551e-01,-4.010458469390869141e+00,4.095312595367431641e+00,8.290698479041185287e-01,-4.031973434547148294e+00,4.116329261562744257e+00
2.052126824855804443e-01,9.270099401473999023e-01,-3.988341808319091797e+00,4.094656944274902344e+00,9.274145920560522560e-01,-4.010478543866430101e+00,4.116313396277243797e+00
2.055045813322067261e-01,1.024374008178710938e+00,-3.964832782745361328e+00,4.095026016235351562e+00,1.025203323358293339e+00,-3.986583308894765310e+00,4.116295462303845021e+00
2.057964950799942017e-01,1.120939731597900391e+00,-3.938343763351440430e+00,4.094759941101074219e+00,1.122362097392501479e+00,-3.960305041607169230e+00,4.116274128413031086e+00
2.060884088277816772e-01,1.216941595077514648e+00,-3.909763097763061523e+00,4.094776153564453125e+00,1.218862689719762082e+00,-3.931650909717515407e+00,4.116248915247164852e+00
2.063803225755691528e-01,1.312214851379394531e+00,-3.878953218460083008e+00,4.094897270202636719e+00,1.314632042788951516e+00,-3.900642546067232264e+00,4.116220314817625514e+00
2.066722214221954346e-01,1.406579971313476562e+00,-3.845380783081054688e+00,4.094559669494628906e+00,1.409597391155342105e+00,-3.867302573056921489e+00,4.116186827237634738e+00
2.069641351699829102e-01,1.500372052192687988e+00,-3.810309648513793945e+00,4.095067024230957031e+00,1.503731675540865842e+00,-3.831641527842419848e+00,4.116149383818757279e+00
2.072560489177703857e-01,1.592849373817443848e+00,-3.771833181381225586e+00,4.094373703002929688e+00,1.596962887915558182e+00,-3.793685156558405325e+00,4.116107084670074023e+00
2.075479626655578613e-01,1.684973716735839844e+00,-3.732568264007568359e+00,4.095265865325927734e+00,1.689234877237424826e+00,-3.753455256515280336e+00,4.116058895732363609e+00
2.078398615121841431e-01,1.775297880172729492e+00,-3.689296245574951172e+00,4.094214439392089844e+00,1.780477324479482926e+00,-3.710982622816265231e+00,4.116004316060650758e+00
2.081317752599716187e-01,1.865571022033691406e+00,-3.645913124084472656e+00,4.095489978790283203e+00,1.870664495605655064e+00,-3.666280247739387654e+00,4.115944182090367498e+00
2.084236890077590942e-01,1.953500866889953613e+00,-3.597959041595458984e+00,4.094078063964843750e+00,1.959726660692778788e+00,-3.619380280168841946e+00,4.115876844258724354e+00
2.087156027555465698e-01,2.041430711746215820e+00,-3.550004720687866211e+00,4.095115661621093750e+00,2.047610231579871876e+00,-3.570310520937758803e+00,4.115801850962874653e+00
2.090075016021728516e-01,2.127024650573730469e+00,-3.498040199279785156e+00,4.093961238861083984e+00,2.134248657970564622e+00,-3.519109252515349340e+00,4.115719531890905891e+00
2.092994153499603271e-01,2.212311744689941406e+00,-3.445536851882934570e+00,4.094636440277099609e+00,2.219616158156644925e+00,-3.465790233126610165e+00,4.115628485369623668e+00
2.095913290977478027e-01,2.295464038848876953e+00,-3.389769077301025391e+00,4.093860149383544922e+00,2.303647328675002548e+00,-3.410393290093586049e+00,4.115528326719041452e+00
2.098832428455352783e-01,2.377870559692382812e+00,-3.332860469818115234e+00,4.094170093536376953e+00,2.386291466388112514e+00,-3.352951861289489077e+00,4.115418951538393877e+00
2.101751416921615601e-01,2.458406925201416016e+00,-3.273405551910400391e+00,4.093769550323486328e+00,2.467485176973212013e+00,-3.293509494104126301e+00,4.115299246268312672e+00
2.104670554399490356e-01,2.537703275680541992e+00,-3.212248086929321289e+00,4.093711853027343750e+00,2.547204533354875622e+00,-3.232083194587282993e+00,4.115168612763900668e+00
2.107589691877365112e-01,2.615469932556152344e+00,-3.149218320846557617e+00,4.093685150146484375e+00,2.625388715790284877e+00,-3.168719338344991421e+00,4.115027114637335615e+00
2.110508829355239868e-01,2.691432952880859375e+00,-3.083981513977050781e+00,4.093256950378417969e+00,2.701989042342756164e+00,-3.103455795179332011e+00,4.114873346480120375e+00
2.113427817821502686e-01,2.766266107559204102e+00,-3.017507791519165039e+00,4.093602657318115234e+00,2.776947882248347987e+00,-3.036341941386308196e+00,4.114706784905233228e+00
2.116346955299377441e-01,2.838686227798461914e+00,-2.948368549346923828e+00,4.092800617218017578e+00,2.850242082815287681e+00,-2.967397709694953090e+00,4.114526594658744152e+00
2.119266092777252197e-01,2.910443544387817383e+00,-2.878573656082153320e+00,4.093515396118164062e+00,2.921815645640256864e+00,-2.896675385343456366e+00,4.114332868784786434e+00
2.122185081243515015e-01,2.979112148284912109e+00,-2.805728435516357422e+00,4.092336654663085938e+00,2.991613160199534160e+00,-2.824228103052393468e+00,4.114123682918388702e+00
2.125104218721389771e-01,3.047643661499023438e+00,-2.732754468917846680e+00,4.093419075012207031e+00,3.059614751130339982e+00,-2.750078504112599909e+00,4.113900120824102835e+00
2.128023356199264526e-01,3.112374305725097656e+00,-2.656397819519042969e+00,4.091860294342041016e+00,3.125766182220049316e+00,-2.674280650359917910e+00,4.113659103863611222e+00
2.130942493677139282e-01,3.177105188369750977e+00,-2.580041170120239258e+00,4.092750549316406250e+00,3.190017546927021108e+00,-2.596894611410599740e+00,4.113401703271357235e+00
2.133861482143402100e-01,3.238143205642700195e+00,-2.500740289688110352e+00,4.091365814208984375e+00,3.252349203931601096e+00,-2.517942169991593815e+00,4.113126318961830563e+00
2.136780619621276855e-01,3.298749685287475586e+00,-2.421088218688964844e+00,4.091872215270996094e+00,3.312712756606677189e+00,-2.437483659483048459e+00,4.112832648921115997e+00
2.139699757099151611e-01,3.356119155883789062e+00,-2.339120149612426758e+00,4.090846061706542969e+00,3.371070557488080155e+00,-2.355567316247114018e+00,4.112519189612934944e+00
2.142618894577026367e-01,3.412429809570312500e+00,-2.256394624710083008e+00,4.090964794158935547e+00,3.427386634501722096e+00,-2.272244134219586709e+00,4.112185860081759792e+00
2.145537883043289185e-01,3.466008663177490234e+00,-2.171932697296142578e+00,4.090294361114501953e+00,3.481617691250052715e+00,-2.187577118315464642e+00,4.111831148843875461e+00
2.148457020521163940e-01,3.517863512039184570e+00,-2.086364984512329102e+00,4.090022087097167969e+00,3.533747064500010193e+00,-2.101592711018078319e+00,4.111454759433302186e+00
2.151376157999038696e-01,3.567548274993896484e+00,-1.999570608139038086e+00,4.089704513549804688e+00,3.583733377456849389e+00,-2.014355457600930599e+00,4.111054953447463411e+00
2.154295295476913452e-01,3.614799261093139648e+00,-1.911400914192199707e+00,4.089037418365478516e+00,3.631538737499054648e+00,-1.925933584496842599e+00,4.110631797406462340e+00
2.157214283943176270e-01,3.660482883453369141e+00,-1.822458028793334961e+00,4.089069366455078125e+00,3.677148613010893907e+00,-1.836353604935036854e+00,4.110184483028206159e+00
2.160133421421051025e-01,3.702995538711547852e+00,-1.731934070587158203e+00,4.088003158569335938e+00,3.720525811192202159e+00,-1.745684029625661937e+00,4.109711065639223726e+00
2.163052558898925781e-01,3.744588375091552734e+00,-1.641012907028198242e+00,4.088381767272949219e+00,3.761637448321364374e+00,-1.653994844792708641e+00,4.109211023933246665e+00
2.165971696376800537e-01,3.782240629196166992e+00,-1.548390269279479980e+00,4.086913108825683594e+00,3.800476590733697257e+00,-1.561299588305644859e+00,4.108683331817895024e+00
2.168890684843063354e-01,3.819651603698730469e+00,-1.455683827400207520e+00,4.087634086608886719e+00,3.836994878352745886e+00,-1.467713696748310648e+00,4.108127699101841834e+00
2.171809822320938110e-01,3.852335214614868164e+00,-1.361224532127380371e+00,4.085757732391357422e+00,3.871186272365346515e+00,-1.373250629873108197e+00,4.107541898483422216e+00
2.174728959798812866e-01,3.885018587112426758e+00,-1.266765236854553223e+00,4.086326599121093750e+00,3.903024132484728792e+00,-1.277984037654838589e+00,4.106925928143668969e+00
2.177648097276687622e-01,3.913109064102172852e+00,-1.170883178710937500e+00,4.084530353546142578e+00,3.932483850770781331e+00,-1.181987548406742139e+00,4.106278582994774773e+00
2.180567085742950439e-01,3.940728187561035156e+00,-1.074860453605651855e+00,4.084686279296875000e+00,3.959555752668683315e+00,-1.085290956756822078e+00,4.105598399662319764e+00
2.183486223220825195e-01,3.964408636093139648e+00,-9.778405427932739258e-01,4.083222866058349609e+00,3.984217313009232875e+00,-9.879689937321345372e-01,4.104883716971602148e+00
2.186405360698699951e-01,3.986885786056518555e+00,-8.805177211761474609e-01,4.082961082458496094e+00,4.006451598184516349e+00,-8.900982141905722234e-01,4.104135626353071054e+00
2.189324498176574707e-01,4.006107807159423828e+00,-7.825593352317810059e-01,4.081825256347656250e+00,4.026249708995615961e+00,-7.917086178001051522e-01,4.103350978735091026e+00
2.192243486642837524e-01,4.023376464843750000e+00,-6.842245459556579590e-01,4.081141948699951172e+00,4.043596598075247073e+00,-6.928768337467164917e-01,4.102529921244766342e+00
2.195162624120712280e-01,4.038100719451904297e+00,-5.855289697647094727e-01,4.080331325531005859e+00,4.058477338252292732e+00,-5.936802597840739049e-01,4.101669727801678711e+00
2.198081761598587036e-01,4.050111293792724609e+00,-4.864540100097656250e-01,4.079220294952392578e+00,4.070888875727421308e+00,-4.941501197436416470e-01,4.100770729919428703e+00
2.201000899076461792e-01,4.060306549072265625e+00,-3.872246146202087402e-01,4.078729152679443359e+00,4.080821061335892175e+00,-3.943641565434014007e-01,4.099832145662647420e+00
2.203919887542724609e-01,4.067023277282714844e+00,-2.877043485641479492e-01,4.077186584472656250e+00,4.088265803576096147e+00,-2.943850768630704717e-01,4.098851040739267759e+00
2.206839025020599365e-01,4.072668075561523438e+00,-1.881460696458816528e-01,4.077012062072753906e+00,4.093219931192217054e+00,-1.942757371367083707e-01,4.097827774217607022e+00
2.209758162498474121e-01,4.074071884155273438e+00,-8.845739811658859253e-02,4.075032234191894531e+00,4.095678481827588868e+00,-9.411484894906478604e-02,4.096759674584078859e+00
2.212677299976348877e-01,4.075153350830078125e+00,1.122367009520530701e-02,4.075169086456298828e+00,4.095641947356062573e+00,6.065670607207964034e-03,4.095646439001110473e+00
2.215596288442611694e-01,4.071240425109863281e+00,1.107822060585021973e-01,4.072747230529785156e+00,4.093110706854025338e+00,1.061869447530654348e-01,4.094487871004022672e+00
2.218515425920486450e-01,4.067327022552490234e+00,2.103458344936370850e-01,4.072762966156005859e+00,4.088084981435582854e+00,2.061699940784660623e-01,4.093280454830512838e+00
2.221434563398361206e-01,4.058535099029541016e+00,3.095287680625915527e-01,4.070321083068847656e+00,4.080568412875758000e+00,3.059827733622305646e-01,4.092024441490278441e+00
2.224353700876235962e-01,4.049316406250000000e+00,4.086784720420837402e-01,4.069887161254882812e+00,4.070565645957549883e+00,4.055462838821859428e-01,4.090717842435537044e+00
2.227272689342498779e-01,4.035989761352539062e+00,5.072761774063110352e-01,4.067744255065917969e+00,4.058086504267508943e+00,5.047818981460762133e-01,4.089360688520156550e+00
2.230191826820373535e-01,4.021494388580322266e+00,6.057233214378356934e-01,4.066855907440185547e+00,4.043133455743925353e+00,6.036573486444829495e-01,4.087949404717272195e+00
2.233110964298248291e-01,4.003662586212158203e+00,7.035394906997680664e-01,4.065007209777832031e+00,4.025720045064364427e+00,7.020943308724829635e-01,4.086484837935447700e+00
2.236029952764511108e-01,3.983934402465820312e+00,8.009917736053466797e-01,4.063658714294433594e+00,4.005859473520535730e+00,8.000146334687281424e-01,4.084964324857479845e+00
2.238949090242385864e-01,3.961637020111083984e+00,8.978161215782165527e-01,4.062098026275634766e+00,3.983556292638189777e+00,8.974015665510175488e-01,4.083387112222589543e+00
2.241868227720260620e-01,3.936733961105346680e+00,9.939984083175659180e-01,4.060284137725830078e+00,3.958837542365557738e+00,9.941319247234398082e-01,4.081751213706844794e+00
2.244787365198135376e-01,3.910018920898437500e+00,1.089627265930175781e+00,4.059007167816162109e+00,3.931710314401766659e+00,1.090189546486635352e+00,4.080056279469926217e+00
2.247706353664398193e-01,3.880018949508666992e+00,1.184247255325317383e+00,4.056721210479736328e+00,3.902195283826082495e+00,1.185497510588257253e+00,4.078300182763092252e+00
2.250625491142272949e-01,3.848944664001464844e+00,1.278478860855102539e+00,4.055722236633300781e+00,3.870317112717266639e+00,1.279979899555438783e+00,4.076481705620433438e+00
2.253544628620147705e-01,3.813935995101928711e+00,1.371268033981323242e+00,4.052959918975830078e+00,3.836087551328445588e+00,1.373605682519357662e+00,4.074599400248636094e+00
2.256463766098022461e-01,3.778568506240844727e+00,1.463902831077575684e+00,4.052233219146728516e+00,3.799533832043845205e+00,1.466299765595110438e+00,4.072651758182875170e+00
2.259382754564285278e-01,3.738662004470825195e+00,1.554578185081481934e+00,4.048988342285156250e+00,3.760686226796427167e+00,1.557988232333377798e+00,4.070637324609701402e+00
2.262301892042160034e-01,3.698753356933593750e+00,1.645258069038391113e+00,4.048166275024414062e+00,3.719559534264783363e+00,1.648640751807198601e+00,4.068554959375559221e+00
2.265221029520034790e-01,3.654392004013061523e+00,1.733720183372497559e+00,4.044795036315917969e+00,3.676186834677119375e+00,1.738184641914741091e+00,4.066403262447251699e+00
2.268140166997909546e-01,3.609706878662109375e+00,1.822021007537841797e+00,4.043481826782226562e+00,3.630597011501067506e+00,1.826561766571916712e+00,4.064180427469086254e+00
2.271059155464172363e-01,3.561352491378784180e+00,1.908231854438781738e+00,4.040369033813476562e+00,3.582828042916467837e+00,1.913701582948535096e+00,4.061885096071573997e+00
2.273978292942047119e-01,3.512026071548461914e+00,1.993896245956420898e+00,4.038557529449462891e+00,3.532897378937920330e+00,1.999575176419595257e+00,4.059515337606188545e+00
2.276897430419921875e-01,3.459782600402832031e+00,2.077680587768554688e+00,4.035697460174560547e+00,3.480846505877875252e+00,2.084113087448192569e+00,4.057070341854458029e+00
2.279816567897796631e-01,3.405968189239501953e+00,2.160452842712402344e+00,4.033382415771484375e+00,3.426709722482799148e+00,2.167260954939430828e+00,4.054548010440019112e+00
2.282735556364059448e-01,3.349957942962646484e+00,2.241623878479003906e+00,4.030768871307373047e+00,3.370533154471993420e+00,2.248951946189666540e+00,4.051947507269216153e+00
2.285654693841934204e-01,3.291822910308837891e+00,2.321258544921875000e+00,4.027945041656494141e+00,3.312337790942221805e+00,2.329159290016634465e+00,4.049267173153037191e+00
2.288573831319808960e-01,3.232165098190307617e+00,2.399651765823364258e+00,4.025570869445800781e+00,3.252170570285008999e+00,2.407817580062089124e+00,4.046504530713388448e+00
2.291492968797683716e-01,3.169890403747558594e+00,2.475912332534790039e+00,4.022231578826904297e+00,3.190074016911490062e+00,2.484876472667975733e+00,4.043659644158079658e+00
2.294411957263946533e-01,3.106724500656127930e+00,2.551352500915527344e+00,4.020091533660888672e+00,3.126098905455152455e+00,2.560273706626457813e+00,4.040729614751608523e+00
2.297331094741821289e-01,3.040504693984985352e+00,2.624012708663940430e+00,4.016231060028076172e+00,3.060270053544435154e+00,2.633984864787847879e+00,4.037713346505954704e+00
2.300250232219696045e-01,2.973964691162109375e+00,2.696345806121826172e+00,4.014317989349365234e+00,2.992642278217207963e+00,2.705949887124954323e+00,4.034609348747984825e+00
2.303169369697570801e-01,2.904007911682128906e+00,2.765190839767456055e+00,4.009930133819580078e+00,2.923261323163109271e+00,2.776122135545953995e+00,4.031415492723313676e+00
2.306088358163833618e-01,2.834054708480834961e+00,2.834032058715820312e+00,4.007942676544189453e+00,2.852186494457003896e+00,2.844446354744635919e+00,4.028131435812761119e+00
2.309007495641708374e-01,2.760776042938232422e+00,2.899080753326416016e+00,4.003317832946777344e+00,2.779444598635113284e+00,2.910899853788682545e+00,4.024754680184728706e+00
2.311926633119583130e-01,2.687302350997924805e+00,2.963906764984130859e+00,4.000792503356933594e+00,2.705096582689638929e+00,2.975427985880001014e+00,4.021283280351818590e+00
2.314845770597457886e-01,2.611189365386962891e+00,3.025349617004394531e+00,3.996379613876342773e+00,2.629205166431177965e+00,3.037980477614205199e+00,4.017716414775118317e+00
2.317764759063720703e-01,2.534435033798217773e+00,3.085962533950805664e+00,3.993310213088989258e+00,2.551800038923593750e+00,3.098537150052038669e+00,4.014052305202694626e+00
2.320683896541595459e-01,2.455662250518798828e+00,3.143671512603759766e+00,3.989103794097900391e+00,2.472946435836423262e+00,3.157049341707768075e+00,4.010289842454473508e+00
2.323603034019470215e-01,2.375862836837768555e+00,3.199899911880493164e+00,3.985484123229980469e+00,2.392698292258801818e+00,3.213478509284146689e+00,4.006425994250892408e+00
2.326522171497344971e-01,2.294610500335693359e+00,3.253754854202270508e+00,3.981476783752441406e+00,2.311111686860345849e+00,3.267789774969530381e+00,4.002460148775735860e+00
2.329441159963607788e-01,2.212028503417968750e+00,3.305428981781005859e+00,3.977301836013793945e+00,2.228256746164027025e+00,3.319940903158159262e+00,3.998391642559307346e+00
2.332360297441482544e-01,2.128482580184936523e+00,3.355317831039428711e+00,3.973486661911010742e+00,2.144164602065287362e+00,3.369914542858764239e+00,3.994216552331731673e+00
2.335279434919357300e-01,2.043373107910156250e+00,3.402293920516967773e+00,3.968750238418579102e+00,2.058907692011974433e+00,3.417671876645791862e+00,3.989935079752757296e+00
2.338198572397232056e-01,1.957724928855895996e+00,3.448113203048706055e+00,3.965119600296020508e+00,1.972558106229385322e+00,3.463175181402117442e+00,3.985544858552070746e+00
2.341117560863494873e-01,1.870369076728820801e+00,3.490252733230590820e+00,3.959816217422485352e+00,1.885150463896848594e+00,3.506412363770339713e+00,3.981045080921843393e+00
2.344036698341369629e-01,1.782815337181091309e+00,3.531908035278320312e+00,3.956362724304199219e+00,1.796758480493996224e+00,3.547348335373351702e+00,3.976433232144503283e+00
2.346955835819244385e-01,1.693485021591186523e+00,3.569097280502319336e+00,3.950486898422241211e+00,1.707457761703946364e+00,3.585951399689563779e+00,3.971707372017555304e+00
2.349874824285507202e-01,1.604159235954284668e+00,3.606284618377685547e+00,3.946975469589233398e+00,1.617284591949849304e+00,3.622213170563857165e+00,3.966867492665297146e+00
2.352793961763381958e-01,1.513218522071838379e+00,3.638636827468872070e+00,3.940749645233154297e+00,1.526315399684290641e+00,3.656104463205802180e+00,3.961910971385753211e+00
2.355713099241256714e-01,1.422205686569213867e+00,3.670772314071655273e+00,3.936653375625610352e+00,1.434628028623706530e+00,3.687599969517863840e+00,3.956835998079891503e+00
2.358632236719131470e-01,1.330059647560119629e+00,3.698714494705200195e+00,3.930591344833374023e+00,1.342245376074903795e+00,3.716697923314195684e+00,3.951640937985448243e+00
2.361551225185394287e-01,1.237662911415100098e+00,3.725710153579711914e+00,3.925904035568237305e+00,1.249288847807838554e+00,3.743361923842049244e+00,3.946325014254082220e+00
2.364470362663269043e-01,1.144525885581970215e+00,3.749193906784057617e+00,3.919999122619628906e+00,1.155781529788453055e+00,3.767592479154586282e+00,3.940886199014421720e+00
2.367389500141143799e-01,1.051034688949584961e+00,3.770985603332519531e+00,3.914716720581054688e+00,1.061803577841731627e+00,3.789371643443248949e+00,3.935322641162893209e+00
2.370308637619018555e-01,9.571233987808227539e-01,3.789971590042114258e+00,3.908960342407226562e+00,9.674362585754752164e-01,3.808685447233175925e+00,3.929633284464631782e+00
2.373227626085281372e-01,8.628502488136291504e-01,3.806507587432861328e+00,3.903076887130737305e+00,8.727170823858044768e-01,3.825532758767945296e+00,3.923816508744347509e+00
2.376146763563156128e-01,7.683833837509155273e-01,3.820967674255371094e+00,3.897461652755737305e+00,7.777276876659723337e-01,3.839901213112375977e+00,3.917869533639954494e+00
2.379065901041030884e-01,6.736246347427368164e-01,3.832218647003173828e+00,3.890972852706909180e+00,6.825501679800697330e-01,3.851785429440317543e+00,3.911793159953418808e+00
2.381985038518905640e-01,5.788223743438720703e-01,3.842134952545166016e+00,3.885490417480468750e+00,5.872224884049436211e-01,3.861185461761010629e+00,3.905583621048598797e+00
2.384904026985168457e-01,4.838955998420715332e-01,3.848086357116699219e+00,3.878391742706298828e+00,4.918270038142104617e-01,3.868098276027366555e+00,3.899240704892011244e+00
2.387823164463043213e-01,3.889790177345275879e-01,3.853451967239379883e+00,3.873034715652465820e+00,3.964461107646877758e-01,3.872522210552952870e+00,3.892762231368154691e+00
2.390742301940917969e-01,2.941831648349761963e-01,3.854110240936279297e+00,3.865321636199951172e+00,3.011030964351905093e-01,3.874464045227149267e+00,3.886146511962819350e+00
2.393661439418792725e-01,1.993873119354248047e-01,3.854768514633178711e+00,3.859921693801879883e+00,2.059248579781634836e-01,3.873924357288394571e+00,3.879393634722522410e+00
2.396580427885055542e-01,1.050268188118934631e-01,3.850317716598510742e+00,3.851749658584594727e+00,1.109344558891064980e-01,3.870911153038225638e+00,3.872500433598315528e+00
2.399499565362930298e-01,1.067496649920940399e-02,3.845706939697265625e+00,3.845721721649169922e+00,1.621412977159500737e-02,3.865431139293102891e+00,3.865465145441234540e+00
2.402418702840805054e-01,-8.305484801530838013e-02,3.836765766143798828e+00,3.837664604187011719e+00,-7.815425459074624992e-02,3.857496399084594518e+00,3.858288034408686507e+00
2.405337840318679810e-01,-1.766559779644012451e-01,3.826928615570068359e+00,3.831003904342651367e+00,-1.721332369966980524e-01,3.847117319976012251e+00,3.850966310543157523e+00
2.408256828784942627e-01,-2.695272266864776611e-01,3.813541412353515625e+00,3.823054075241088867e+00,-2.656415280377061316e-01,3.834308998730734164e+00,3.843499826872077918e+00
2.411175966262817383e-01,-3.620736896991729736e-01,3.798539638519287109e+00,3.815756797790527344e+00,-3.585982971008311315e-01,3.819087061162202978e+00,3.835885649940593112e+00
2.414095103740692139e-01,-4.538798034191131592e-01,3.780759572982788086e+00,3.807906150817871094e+00,-4.509670280046125246e-01,3.801468106431578509e+00,3.828123695044845842e+00
2.417014241218566895e-01,-5.450714826583862305e-01,3.760673284530639648e+00,3.799969196319580078e+00,-5.426678149023644870e-01,3.781471683553080609e+00,3.820211571476725965e+00
2.419933229684829712e-01,-6.355889439582824707e-01,3.738567113876342773e+00,3.792209863662719727e+00,-6.336215651415372241e-01,3.759122674905034600e+00,3.812148944204252210e+00
2.422852367162704468e-01,-7.251287698745727539e-01,3.713495492935180664e+00,3.783630609512329102e+00,-7.237929273952488085e-01,3.734438959857355744e+00,3.803933562333584817e+00
2.425771504640579224e-01,-8.141569495201110840e-01,3.687136650085449219e+00,3.775953769683837891e+00,-8.131041401922245448e-01,3.707448352391677027e+00,3.795564731163136862e+00
2.428690642118453979e-01,-9.017605781555175781e-01,3.657194852828979492e+00,3.766728878021240234e+00,-9.014923697259631385e-01,3.678177719590184136e+00,3.787041038801108428e+00
2.431609630584716797e-01,-9.890863299369812012e-01,3.626671552658081055e+00,3.759127616882324219e+00,-9.888957652807865983e-01,3.646655945604435178e+00,3.778361340608180630e+00
2.434528768062591553e-01,-1.074470400810241699e+00,3.591994524002075195e+00,3.749254941940307617e+00,-1.075239067479689448e+00,3.612916643128118999e+00,3.769523275220190150e+00
2.437447905540466309e-01,-1.159854531288146973e+00,3.557317495346069336e+00,3.741626977920532227e+00,-1.160489965971647663e+00,3.576985803236159001e+00,3.760527143589566634e+00
2.440367043018341064e-01,-1.242791056632995605e+00,3.518138885498046875e+00,3.731196880340576172e+00,-1.244575740418078169e+00,3.538901041925897939e+00,3.751371663562731662e+00
2.443286031484603882e-01,-1.325678825378417969e+00,3.478880405426025391e+00,3.722906589508056641e+00,-1.327424088898287557e+00,3.498702693067804237e+00,3.742054949658991436e+00
2.446205168962478638e-01,-1.406253933906555176e+00,3.435906648635864258e+00,3.712547063827514648e+00,-1.409004663405186930e+00,3.456418398107721224e+00,3.732575824316916702e+00
2.449124306440353394e-01,-1.486391067504882812e+00,3.392231225967407227e+00,3.703591823577880859e+00,-1.489248163173267692e+00,3.412092831855688235e+00,3.722934002197181513e+00
2.452043443918228149e-01,-1.564423561096191406e+00,3.345594167709350586e+00,3.693294286727905273e+00,-1.568099313064165834e+00,3.365766024113651333e+00,3.713127574526644992e+00
2.454962432384490967e-01,-1.641550183296203613e+00,3.297690391540527344e+00,3.683673381805419922e+00,-1.645492323585648897e+00,3.317487806601604028e+00,3.703156806554324110e+00
2.457881569862365723e-01,-1.716866016387939453e+00,3.247531652450561523e+00,3.673430442810058594e+00,-1.721399340079954765e+00,3.267288417726999850e+00,3.693018994351465523e+00
2.460800707340240479e-01,-1.790749907493591309e+00,3.195595026016235352e+00,3.663142442703247070e+00,-1.795756611447440365e+00,3.215220495850337645e+00,3.682714303946653445e+00
2.463719695806503296e-01,-1.863178610801696777e+00,3.142066717147827148e+00,3.652946710586547852e+00,-1.868514588800519682e+00,3.161330505707677041e+00,3.672241459228727578e+00
2.466638833284378052e-01,-1.933588981628417969e+00,3.086314439773559570e+00,3.641991376876831055e+00,-1.939612711568108994e+00,3.105674705105955891e+00,3.661599765787019400e+00
2.469557970762252808e-01,-2.002979040145874023e+00,3.029569387435913086e+00,3.631833553314208984e+00,-2.009027623911302296e+00,3.048287868893785113e+00,3.650787712985199995e+00
2.472477108240127563e-01,-2.069703102111816406e+00,2.970230579376220703e+00,3.620212793350219727e+00,-2.076702200051862679e+00,2.989228652249672713e+00,3.639804934763763100e+00
2.475396096706390381e-01,-2.135896444320678711e+00,2.910440683364868164e+00,3.610085487365722656e+00,-2.142581978451674196e+00,2.928558700284245919e+00,3.628651760006248228e+00
2.478315234184265137e-01,-2.198736190795898438e+00,2.847756862640380859e+00,3.597799301147460938e+00,-2.206645256538681821e+00,2.866314042796015205e+00,3.617324906631183890e+00
2.481234371662139893e-01,-2.261575698852539062e+00,2.785073041915893555e+00,3.587667465209960938e+00,-2.268841912832965768e+00,2.802558939475868538e+00,3.605825874146400878e+00
2.484153509140014648e-01,-2.320370912551879883e+00,2.719314813613891602e+00,3.574743747711181641e+00,-2.329131397975246820e+00,2.737349321283496728e+00,3.594152803619421466e+00
2.487072497606277466e-01,-2.379141569137573242e+00,2.653543472290039062e+00,3.563931465148925781e+00,-2.387467701700106026e+00,2.670752365138541862e+00,3.582306550611532803e+00
2.489991635084152222e-01,-2.434303045272827148e+00,2.585356712341308594e+00,3.551042318344116211e+00,-2.443834053964175190e+00,2.602807162181030254e+00,3.570284303359585465e+00
2.492910772562026978e-01,-2.488844871520996094e+00,2.516755819320678711e+00,3.539549350738525391e+00,-2.498187433630824739e+00,2.533583263135815944e+00,3.558087211521507420e+00
2.495829910039901733e-01,-2.540266275405883789e+00,2.446337223052978516e+00,3.526686668395996094e+00,-2.550495552647848108e+00,2.463140690212476169e+00,3.545714261450976679e+00
2.498748898506164551e-01,-2.590425968170166016e+00,2.375188827514648438e+00,3.514516830444335938e+00,-2.600719084485711541e+00,2.391551119683656523e+00,3.533165226035763773e+00
2.501668035984039307e-01,-2.638010978698730469e+00,2.302742242813110352e+00,3.501674652099609375e+00,-2.648848070271332400e+00,2.318856644218387775e+00,3.520439210640616157e+00
2.504587173461914062e-01,-2.683663129806518555e+00,2.229324579238891602e+00,3.488830089569091797e+00,-2.694846676337420810e+00,2.245130049758165658e+00,3.507535822952339899e+00
2.507506310939788818e-01,-2.727327823638916016e+00,2.155054807662963867e+00,3.476000070571899414e+00,-2.738682648302915634e+00,2.170446039686205530e+00,3.494455416700148032e+00
2.510425448417663574e-01,-2.768361568450927734e+00,2.079657077789306641e+00,3.462484598159790039e+00,-2.780357378128463175e+00,2.094837389429934138e+00,3.481196753742454408e+00
2.513344585895538330e-01,-2.808031558990478516e+00,2.003774404525756836e+00,3.449659824371337891e+00,-2.819819353869343459e+00,2.018411866439961067e+00,3.467761187141030099e+00
2.516263425350189209e-01,-2.844347715377807617e+00,1.926709055900573730e+00,3.435479879379272461e+00,-2.857066379020188673e+00,1.941214011382447424e+00,3.454148249875078402e+00
2.519182562828063965e-01,-2.879959106445312500e+00,1.849431395530700684e+00,3.422654151916503906e+00,-2.892087922803571853e+00,1.863298364431870580e+00,3.440356572816364977e+00
2.522101700305938721e-01,-2.911496877670288086e+00,1.770977735519409180e+00,3.407811164855957031e+00,-2.924862123523500834e+00,1.784742663682184149e+00,3.426386553964654524e+00
2.525020837783813477e-01,-2.942999839782714844e+00,1.692516446113586426e+00,3.394975900650024414e+00,-2.955376784924836464e+00,1.705613452640508676e+00,3.412238149763427320e+00
2.527939975261688232e-01,-2.969700098037719727e+00,1.612995624542236328e+00,3.379478454589843750e+00,-2.983621728495534864e+00,1.625978325844719574e+00,3.397911731470887098e+00
2.530859112739562988e-01,-2.996400356292724609e+00,1.533474802970886230e+00,3.366000652313232422e+00,-3.009583002296846832e+00,1.545916329512372345e+00,3.383407623324022229e+00
2.533778250217437744e-01,-3.018885850906372070e+00,1.453290104866027832e+00,3.350481033325195312e+00,-3.033265973027439610e+00,1.465471844221966080e+00,3.368725306304066969e+00
2.536697387695312500e-01,-3.040719509124755859e+00,1.373002648353576660e+00,3.336331844329833984e+00,-3.054661274938922144e+00,1.384724253081556888e+00,3.353865942712045634e+00
2.539616227149963379e-01,-3.059013366699218750e+00,1.292397022247314453e+00,3.320821285247802734e+00,-3.073762099768037714e+00,1.303753367672375374e+00,3.338830077989516365e+00
2.542535364627838135e-01,-3.075967550277709961e+00,1.211659550666809082e+00,3.306008815765380859e+00,-3.090577204901886699e+00,1.222602607636152028e+00,3.323616192591718921e+00
2.545454502105712891e-01,-3.090078592300415039e+00,1.130834698677062988e+00,3.290497303009033203e+00,-3.105104660743979395e+00,1.141351393035935580e+00,3.308225801930553267e+00
2.548373639583587646e-01,-3.102163553237915039e+00,1.049947619438171387e+00,3.275028228759765625e+00,-3.117348483454192021e+00,1.060067515570237928e+00,3.292659214808208556e+00
2.551292777061462402e-01,-3.112104654312133789e+00,9.691333174705505371e-01,3.259511470794677734e+00,-3.127315379874421097e+00,9.788180444340366382e-01,3.276917186824953809e+00
2.554211914539337158e-01,-3.119349479675292969e+00,8.884105682373046875e-01,3.243395566940307617e+00,-3.135010222047536654e+00,8.976815962246519343e-01,3.261000052214502176e+00
2.557131052017211914e-01,-3.125148534774780273e+00,8.078263998031616211e-01,3.227869033813476562e+00,-3.140451156308245562e+00,8.167010488701264004e-01,3.244908946085138357e+00
2.560050189495086670e-01,-3.127603292465209961e+00,7.275629043579101562e-01,3.211113691329956055e+00,-3.143646280633222378e+00,7.359539801706697082e-01,3.228643708845579940e+00
2.562969028949737549e-01,-3.129299163818359375e+00,6.474304795265197754e-01,3.195571899414062500e+00,-3.144610067809311627e+00,6.555183295715792946e-01,3.212207458893649559e+00
2.565888166427612305e-01,-3.127033710479736328e+00,5.679317116737365723e-01,3.178189039230346680e+00,-3.143360755213620905e+00,5.754343851045138347e-01,3.195597216324008727e+00
2.568807303905487061e-01,-3.124677658081054688e+00,4.884535074234008789e-01,3.162625074386596680e+00,-3.139916586131574316e+00,4.957785870693847130e-01,3.178816222316205753e+00
2.571726441383361816e-01,-3.117781639099121094e+00,4.100032448768615723e-01,3.144624948501586914e+00,-3.134296438481264602e+00,4.166265253975972582e-01,3.161865244747349202e+00
2.574645578861236572e-01,-3.110885381698608398e+00,3.315529823303222656e-01,3.128503561019897461e+00,-3.126526214826944372e+00,3.380169984499020730e-01,3.144745087163851593e+00
2.577564716339111328e-01,-3.100016593933105469e+00,2.542798221111297607e-01,3.110427856445312500e+00,-3.116628151688119797e+00,2.600236944547265616e-01,3.127456371809651525e+00
2.580483853816986084e-01,-3.088598728179931641e+00,1.771692931652069092e-01,3.093676090240478516e+00,-3.104629446829084927e+00,1.827077582893983643e-01,3.110000985057304934e+00
2.583402693271636963e-01,-3.073940753936767578e+00,1.012516543269157410e-01,3.075607776641845703e+00,-3.090559866761522390e+00,1.061409042953345844e-01,3.092381959202586739e+00
2.586321830749511719e-01,-3.058127403259277344e+00,2.574810944497585297e-02,3.058235645294189453e+00,-3.074446833964007197e+00,3.035829025522930602e-02,3.074596715125176960e+00
2.589240968227386475e-01,-3.039779901504516602e+00,-4.863507300615310669e-02,3.040168762207031250e+00,-3.056323307092274177e+00,-4.457032881534732371e-02,3.056648274120881137e+00
2.592160105705261230e-01,-3.019717693328857422e+00,-1.222601607441902161e-01,3.022191762924194336e+00,-3.036222889675200598e+00,-1.185882526140658172e-01,3.038537906534273247e+00
2.595079243183135986e-01,-2.997793674468994141e+00,-1.949180811643600464e-01,3.004123687744140625e+00,-3.014182653589472238e+00,-1.916285751136797555e-01,3.020267964932875415e+00
2.597998380661010742e-01,-2.973642826080322266e+00,-2.664190828800201416e-01,2.985553503036499023e+00,-2.990237658582377112e+00,-2.636602052213742886e-01,3.001839096057880685e+00
2.600917518138885498e-01,-2.948263168334960938e+00,-3.371748626232147217e-01,2.967480659484863281e+00,-2.964427469953939021e+00,-3.346186677311476787e-01,2.983253237224704701e+00
2.603836655616760254e-01,-2.920203685760498047e+00,-4.063051342964172363e-01,2.948333740234375000e+00,-2.936793155183937021e+00,-4.044527176965106996e-01,2.964512782429402638e+00
2.606755495071411133e-01,-2.891503334045410156e+00,-4.749799072742462158e-01,2.930255651473999023e+00,-2.907379427251899351e+00,-4.731013832897701388e-01,2.945620486905649482e+00
2.609674632549285889e-01,-2.859725952148437500e+00,-5.415201783180236816e-01,2.910545825958251953e+00,-2.876222448748050997e+00,-5.405379822630487219e-01,2.926574257549471980e+00
2.612593770027160645e-01,-2.827836036682128906e+00,-6.079702377319335938e-01,2.892452955245971680e+00,-2.843373668088024164e+00,-6.066937831095171596e-01,2.907378744305613161e+00
2.615512907505035400e-01,-2.792551517486572266e+00,-6.717033386230468750e-01,2.872199296951293945e+00,-2.808871935565209643e+00,-6.715558994486104938e-01,2.888035470088634149e+00
2.618432044982910156e-01,-2.757266759872436523e+00,-7.354364395141601562e-01,2.853661775588989258e+00,-2.772774341695011913e+00,-7.350374540837902870e-01,2.868546253569599358e+00
2.621351182460784912e-01,-2.719050407409667969e+00,-7.964999079704284668e-01,2.833310365676879883e+00,-2.735122429833672708e+00,-7.971287080599861463e-01,2.848913632139914220e+00
2.624270319938659668e-01,-2.680475234985351562e+00,-8.572369813919067383e-01,2.814214468002319336e+00,-2.695968635089323495e+00,-8.577785483338791206e-01,2.829139607613446294e+00
2.627189457416534424e-01,-2.639609098434448242e+00,-9.155890345573425293e-01,2.793893337249755859e+00,-2.655363832816221237e+00,-9.169483539720191256e-01,2.809226115584227301e+00
2.630108296871185303e-01,-2.597983837127685547e+00,-9.731404781341552734e-01,2.774260759353637695e+00,-2.613366192747145877e+00,-9.745919718510299701e-01,2.789177722733026776e+00
2.633027434349060059e-01,-2.554639577865600586e+00,-1.028667330741882324e+00,2.753968000411987305e+00,-2.570018096881330649e+00,-1.030693370695731081e+00,2.768992929332551256e+00
2.635946571826934814e-01,-2.510193824768066406e+00,-1.082889914512634277e+00,2.733811140060424805e+00,-2.525383437727479752e+00,-1.085200446182503775e+00,2.748676320693829833e+00
2.638865709304809570e-01,-2.464550018310546875e+00,-1.135483503341674805e+00,2.713545560836791992e+00,-2.479508938370787341e+00,-1.138101292091627803e+00,2.728230035484775939e+00
2.641784846782684326e-01,-2.417543649673461914e+00,-1.186224222183227539e+00,2.692888021469116211e+00,-2.432454759616673012e+00,-1.189356980311082834e+00,2.707656954674373839e+00
2.644703984260559082e-01,-2.369783878326416016e+00,-1.235788464546203613e+00,2.672648191452026367e+00,-2.384277291546655242e+00,-1.238940048246097714e+00,2.686959368158196693e+00
2.647623121738433838e-01,-2.320472002029418945e+00,-1.282929062843322754e+00,2.651508569717407227e+00,-2.335034150621319249e+00,-1.286825213981257710e+00,2.666140209348663248e+00
2.650542259216308594e-01,-2.270781755447387695e+00,-1.329380631446838379e+00,2.631292819976806641e+00,-2.284788510050675292e+00,-1.332980483971647478e+00,2.645202356400899735e+00
2.653461098670959473e-01,-2.219439029693603516e+00,-1.372808337211608887e+00,2.609695911407470703e+00,-2.233590510564009257e+00,-1.377403198623162961e+00,2.624150555981671129e+00
2.656380236148834229e-01,-2.168012380599975586e+00,-1.416071414947509766e+00,2.589504957199096680e+00,-2.181500511846357071e+00,-1.420062696375283151e+00,2.602983393113094124e+00
2.659299373626708984e-01,-2.114896059036254883e+00,-1.455713391304016113e+00,2.567466974258422852e+00,-2.128585845514266328e+00,-1.460935374686084476e+00,2.581706774738923738e+00
2.662218511104583740e-01,-2.061779737472534180e+00,-1.495355248451232910e+00,2.546963691711425781e+00,-2.074894328544920175e+00,-1.500021712045455313e+00,2.560322559998184033e+00
2.665137648582458496e-01,-2.007310390472412109e+00,-1.531516313552856445e+00,2.524843931198120117e+00,-2.020491723325648525e+00,-1.537300230859631744e+00,2.538834142638807023e+00
2.668056786060333252e-01,-1.952696323394775391e+00,-1.567305684089660645e+00,2.503890991210937500e+00,-1.965438788053954999e+00,-1.572760234569125171e+00,2.517245396267302482e+00
2.670975923538208008e-01,-1.897153854370117188e+00,-1.600121021270751953e+00,2.481850147247314453e+00,-1.909794849090252322e+00,-1.606392028280286377e+00,2.495558397259842298e+00
2.673895061016082764e-01,-1.841322302818298340e+00,-1.632010221481323242e+00,2.460472583770751953e+00,-1.853627276602852980e+00,-1.638182115452389676e+00,2.473777420050998543e+00
2.676813900470733643e-01,-1.784907221794128418e+00,-1.661459803581237793e+00,2.438512325286865234e+00,-1.796991697749743766e+00,-1.668134189444133941e+00,2.451907591197911351e+00
2.679733037948608398e-01,-1.728127479553222656e+00,-1.689427971839904785e+00,2.416731595993041992e+00,-1.739938483058577789e+00,-1.696249098880393547e+00,2.429947927483371739e+00
2.682652175426483154e-01,-1.671026349067687988e+00,-1.715509414672851562e+00,2.394848823547363281e+00,-1.682535260966603552e+00,-1.722520002244100290e+00,2.407903665541246685e+00
2.685571312904357910e-01,-1.613577246665954590e+00,-1.739549636840820312e+00,2.372691392898559570e+00,-1.624842251494708067e+00,-1.746948485175628063e+00,2.385778982240352786e+00
2.688490450382232666e-01,-1.555991172790527344e+00,-1.762263298034667969e+00,2.350889205932617188e+00,-1.566918560785460102e+00,-1.769537359354354855e+00,2.363577001556065316e+00
2.691409587860107422e-01,-1.498138189315795898e+00,-1.782393455505371094e+00,2.328377962112426758e+00,-1.508830188404585160e+00,-1.790286257340475862e+00,2.341301650933340639e+00
2.694328725337982178e-01,-1.440258860588073730e+00,-1.801754832267761230e+00,2.306656837463378906e+00,-1.450621725476668455e+00,-1.809213328998132031e+00,2.318955855606011696e+00
2.697247564792633057e-01,-1.382279157638549805e+00,-1.818006038665771484e+00,2.283821821212768555e+00,-1.392359515091039501e+00,-1.826324081978400571e+00,2.296546248539053980e+00
2.700166702270507812e-01,-1.324300646781921387e+00,-1.834040760993957520e+00,2.262184381484985352e+00,-1.334105109411629186e+00,-1.841620242718499334e+00,2.274071582283363480e+00
2.703085839748382568e-01,-1.266437411308288574e+00,-1.846471190452575684e+00,2.239044427871704102e+00,-1.275902840593236443e+00,-1.855127223827950811e+00,2.251538379690981362e+00
2.706004977226257324e-01,-1.208574295043945312e+00,-1.858901619911193848e+00,2.217243194580078125e+00,-1.217815553732512601e+00,-1.866854460358119416e+00,2.228950492736846645e+00
2.708924114704132080e-01,-1.151060223579406738e+00,-1.867895126342773438e+00,2.194076538085937500e+00,-1.159898199240180894e+00,-1.876817860727274745e+00,2.206311200838521280e+00
2.711843252182006836e-01,-1.093578100204467773e+00,-1.876573681831359863e+00,2.171967267990112305e+00,-1.102205436460965249e+00,-1.885036072083476677e+00,2.183624925947679873e+00
2.714762389659881592e-01,-1.036576628684997559e+00,-1.882414102554321289e+00,2.148947238922119141e+00,-1.044797353172354448e+00,-1.891525178367529536e+00,2.160895418476857177e+00
2.717681527137756348e-01,-9.797147512435913086e-01,-1.887430548667907715e+00,2.126554727554321289e+00,-9.877123058088591590e-01,-1.896314802351665163e+00,2.138126616611908837e+00
2.720600366592407227e-01,-9.234039783477783203e-01,-1.890191555023193359e+00,2.103687047958374023e+00,-9.310169635446422509e-01,-1.899423053055321331e+00,2.115325157247907484e+00
2.723519504070281982e-01,-8.674023151397705078e-01,-1.891650795936584473e+00,2.081040620803833008e+00,-8.747449659085149154e-01,-1.900877749030074337e+00,2.092490136688804458e+00
2.726438641548156738e-01,-8.119322657585144043e-01,-1.891416907310485840e+00,2.058322668075561523e+00,-8.189533350357176555e-01,-1.900703572177357525e+00,2.069627655945361688e+00
2.729357779026031494e-01,-7.570093274116516113e-01,-1.889440298080444336e+00,2.035447835922241211e+00,-7.636904633714880486e-01,-1.898929085641346548e+00,2.046742484080310120e+00
2.732276916503906250e-01,-7.025421857833862305e-01,-1.886302590370178223e+00,2.012884140014648438e+00,-7.090098029163737214e-01,-1.895580982538132009e+00,2.023838472307448288e+00
2.735196053981781006e-01,-6.489147543907165527e-01,-1.881025910377502441e+00,1.989811182022094727e+00,-6.549351450933648122e-01,-1.890698672458359875e+00,2.000920166901785979e+00
2.738115191459655762e-01,-5.956010222434997559e-01,-1.875085115432739258e+00,1.967405557632446289e+00,-6.015391811509698261e-01,-1.884303659276463039e+00,1.977991321220204268e+00
2.741034328937530518e-01,-5.434624552726745605e-01,-1.866656780242919922e+00,1.944160103797912598e+00,-5.488427557252124611e-01,-1.876437016227449517e+00,1.955056072439002701e+00
2.743953168392181396e-01,-4.914461076259613037e-01,-1.858021259307861328e+00,1.921916365623474121e+00,-4.969019204098190645e-01,-1.867132181351645270e+00,1.932121657956848093e+00
2.746872305870056152e-01,-4.409858882427215576e-01,-1.846603870391845703e+00,1.898529529571533203e+00,-4.457405653907103305e-01,-1.856423718764744324e+00,1.909186652799341521e+00
2.749791443347930908e-01,-3.905256986618041992e-01,-1.835186362266540527e+00,1.876278162002563477e+00,-3.954047634002437195e-01,-1.844349449082375969e+00,1.886258152334951976e+00
2.752710580825805664e-01,-3.417769074440002441e-01,-1.821152210235595703e+00,1.852945327758789062e+00,-3.459308677896597017e-01,-1.830947901558212854e+00,1.863340651494012290e+00
2.755629718303680420e-01,-2.931598424911499023e-01,-1.806916832923889160e+00,1.830543994903564453e+00,-2.973608776714366519e-01,-1.816257116376711167e+00,1.840438372877117645e+00
2.758548855781555176e-01,-2.461193799972534180e-01,-1.790606498718261719e+00,1.807441830635070801e+00,-2.497140503785687249e-01,-1.800319455140976910e+00,1.817555294211313344e+00
2.761467993259429932e-01,-1.995042264461517334e-01,-1.773736596107482910e+00,1.784921288490295410e+00,-2.030291306088306547e-01,-1.783175273452286103e+00,1.794696320753851992e+00
2.764387130737304688e-01,-1.542695760726928711e-01,-1.755285501480102539e+00,1.762051701545715332e+00,-1.573360601068419240e-01,-1.764866014873346156e+00,1.771865312676127013e+00
2.767305970191955566e-01,-1.097944676876068115e-01,-1.735971808433532715e+00,1.739440441131591797e+00,-1.126700102479035598e-01,-1.745436891362593945e+00,1.749069602085285169e+00
2.770225107669830322e-01,-6.645756959915161133e-02,-1.715520739555358887e+00,1.716807484626770020e+00,-6.904376509384073379e-02,-1.724926591956081445e+00,1.726307848888938956e+00
2.773144245147705078e-01,-2.423918247222900391e-02,-1.693958520889282227e+00,1.694131970405578613e+00,-2.648919659289951031e-02,-1.703381032443090470e+00,1.703586986104034029e+00
2.776063382625579834e-01,1.711884513497352600e-02,-1.671651244163513184e+00,1.671738982200622559e+00,1.497054516206244683e-02,-1.680844689692462035e+00,1.680911356404554358e+00
2.778982520103454590e-01,5.697533860802650452e-02,-1.648043394088745117e+00,1.649028062820434570e+00,5.530771352959207993e-02,-1.657362967135546539e+00,1.658285544774546594e+00
2.781901657581329346e-01,9.628406167030334473e-02,-1.624025464057922363e+00,1.626877188682556152e+00,9.451536391678762306e-02,-1.632980238004376305e+00,1.635713181376598380e+00
2.784820795059204102e-01,1.336872428655624390e-01,-1.598581194877624512e+00,1.604161500930786133e+00,1.325692003481885872e-01,-1.607743245075047289e+00,1.613199595513649109e+00
2.787739634513854980e-01,1.708797365427017212e-01,-1.573005795478820801e+00,1.582260131835937500e+00,1.694472405013969785e-01,-1.581699790622778989e+00,1.590750324522890446e+00
2.790658771991729736e-01,2.057626545429229736e-01,-1.545932292938232422e+00,1.559565663337707520e+00,2.051468292646135561e-01,-1.554891096097683834e+00,1.568365882784109822e+00
2.793577909469604492e-01,2.406455874443054199e-01,-1.518858790397644043e+00,1.537804365158081055e+00,2.396493473411431818e-01,-1.527365502890434490e+00,1.546052130136880587e+00
2.796497046947479248e-01,2.731033265590667725e-01,-1.490453004837036133e+00,1.515267372131347656e+00,2.729381844895306108e-01,-1.499170576003143296e+00,1.523813528128044048e+00
2.799416184425354004e-01,3.054092526435852051e-01,-1.461963653564453125e+00,1.493523478507995605e+00,3.050157476230281328e-01,-1.470350801675093022e+00,1.501654449693611504e+00
2.802335321903228760e-01,3.356268107891082764e-01,-1.432508111000061035e+00,1.471300363540649414e+00,3.358686223952537797e-01,-1.440953027684818810e+00,1.479578777728219441e+00
2.805254459381103516e-01,3.653222620487213135e-01,-1.402811050415039062e+00,1.449599623680114746e+00,3.654911485729281928e-01,-1.411023363356807003e+00,1.457590721575818149e+00
2.808173596858978271e-01,3.932824134826660156e-01,-1.372457742691040039e+00,1.427694320678710938e+00,3.938793001234442426e-01,-1.380607813001332396e+00,1.435694548428061657e+00
2.811092436313629150e-01,4.203418791294097900e-01,-1.341768026351928711e+00,1.406068563461303711e+00,4.210258404486767470e-01,-1.349754855330502101e+00,1.413895656621725117e+00
2.814011573791503906e-01,4.460393786430358887e-01,-1.310665607452392578e+00,1.384483814239501953e+00,4.469396370113653538e-01,-1.318503469902213787e+00,1.392194828059646339e+00
2.816930711269378662e-01,4.704660475254058838e-01,-1.279181838035583496e+00,1.362954258918762207e+00,4.716166252762969413e-01,-1.286901642077560526e+00,1.370597708161999329e+00
2.819849848747253418e-01,4.939047098159790039e-01,-1.247475624084472656e+00,1.341691970825195312e+00,4.950546124589936814e-01,-1.254995720224718392e+00,1.349108345204077519e+00
2.822768986225128174e-01,5.157088041305541992e-01,-1.215401530265808105e+00,1.320286512374877930e+00,5.172671069513384845e-01,-1.222825670520631958e+00,1.327730349287098432e+00
2.825688123703002930e-01,5.369005203247070312e-01,-1.183235406875610352e+00,1.299349069595336914e+00,5.382549930195199561e-01,-1.190436978752000607e+00,1.306468001097093490e+00
2.828607261180877686e-01,5.561068654060363770e-01,-1.150770902633666992e+00,1.278095722198486328e+00,5.580251301168377420e-01,-1.157872007926951774e+00,1.285324718731692517e+00
2.831526398658752441e-01,5.750714540481567383e-01,-1.118287205696105957e+00,1.257486939430236816e+00,5.765860910457636379e-01,-1.125173046876668748e+00,1.264304514666130697e+00
2.834445238113403320e-01,5.917215347290039062e-01,-1.085622787475585938e+00,1.236410498619079590e+00,5.939449046089370077e-01,-1.092385804504822922e+00,1.243413565791594788e+00
2.837364375591278076e-01,6.083734035491943359e-01,-1.052955150604248047e+00,1.216072678565979004e+00,6.101149246913736279e-01,-1.059544145877348686e+00,1.222650407268619288e+00
2.840283513069152832e-01,6.226400136947631836e-01,-1.020271062850952148e+00,1.195254683494567871e+00,6.251177170514766734e-01,-1.026685175101649028e+00,1.202021051789507355e+00
2.843202650547027588e-01,6.367905139923095703e-01,-9.875861406326293945e-01,1.175086498260498047e+00,6.389513468700493970e-01,-9.938571718567744684e-01,1.181529052422409132e+00
2.846121788024902344e-01,6.489647030830383301e-01,-9.550263285636901855e-01,1.154655933380126953e+00,6.516427427999308408e-01,-9.610909900431185982e-01,1.161177917196963616e+00
2.849040925502777100e-01,6.606826782226562500e-01,-9.224953651428222656e-01,1.134680151939392090e+00,6.632045150740745187e-01,-9.284260129601893397e-01,1.140971117231190934e+00
2.851960062980651855e-01,6.708196401596069336e-01,-8.901806473731994629e-01,1.114639163017272949e+00,6.736508430916067214e-01,-8.959008347957547747e-01,1.120912023392452772e+00
2.854879200458526611e-01,6.801830530166625977e-01,-8.579717278480529785e-01,1.094881057739257812e+00,6.830106261625873421e-01,-8.635424927928070371e-01,1.101003702223487091e+00
2.857798039913177490e-01,6.883450746536254883e-01,-8.260173201560974121e-01,1.075231909751892090e+00,6.912912110664691800e-01,-8.313968255859837120e-01,1.081251228943669762e+00
2.860717177391052246e-01,6.954447031021118164e-01,-7.942821979522705078e-01,1.055711865425109863e+00,6.985181849456498782e-01,-7.994887099629055527e-01,1.061654299693603587e+00
2.863636314868927002e-01,7.017014622688293457e-01,-7.627887129783630371e-01,1.036451458930969238e+00,7.047197498556919681e-01,-7.678454867877667622e-01,1.042217164230666349e+00
2.866555452346801758e-01,7.066358923912048340e-01,-7.316743135452270508e-01,1.017192959785461426e+00,7.099072134259417632e-01,-7.365090002482422848e-01,1.022943673483956317e+00
2.869474589824676514e-01,7.110598683357238770e-01,-7.007461786270141602e-01,9.983242750167846680e-01,7.141123035698490051e-01,-7.055000152396213586e-01,1.003835969475562306e+00
2.872393727302551270e-01,7.139374613761901855e-01,-6.703823208808898926e-01,9.793462753295898438e-01,7.173566693086191881e-01,-6.748496625011675132e-01,9.848972829587334665e-01
2.875312864780426025e-01,7.166069149971008301e-01,-6.401121020317077637e-01,9.608688950538635254e-01,7.196627622758259291e-01,-6.445876603986483433e-01,9.661302931513301440e-01
2.878232002258300781e-01,7.175425291061401367e-01,-6.106224656105041504e-01,9.421926736831665039e-01,7.210634912839886113e-01,-6.147313219517763772e-01,9.475374170191028789e-01
2.881150841712951660e-01,7.184780240058898926e-01,-5.811357498168945312e-01,9.240829944610595703e-01,7.215771109173352293e-01,-5.853173704548155776e-01,9.291232163475133810e-01
2.884069979190826416e-01,7.176550030708312988e-01,-5.525928139686584473e-01,9.057524800300598145e-01,7.212327069571975446e-01,-5.563612353065785499e-01,9.108866239750526006e-01
2.886989116668701172e-01,7.167700529098510742e-01,-5.240831971168518066e-01,8.879315853118896484e-01,7.200609685557435302e-01,-5.278832558540766939e-01,8.928317480066085832e-01
2.889908254146575928e-01,7.144874334335327148e-01,-4.964637458324432373e-01,8.700394630432128906e-01,7.180874828166937673e-01,-4.999068797318408364e-01,8.749608684856944318e-01
2.892827391624450684e-01,7.119084000587463379e-01,-4.690331518650054932e-01,8.525289893150329590e-01,7.153389429194643157e-01,-4.724542368756310950e-01,8.572763902026413474e-01
2.895746529102325439e-01,7.082595229148864746e-01,-4.423961043357849121e-01,8.350723385810852051e-01,7.118491096890791070e-01,-4.455351618713260797e-01,8.397801708952428168e-01
2.898665666580200195e-01,7.041162252426147461e-01,-4.161258041858673096e-01,8.178877234458923340e-01,7.076402353544872792e-01,-4.191776122969282370e-01,8.224746642562967835e-01
2.901584506034851074e-01,6.991965770721435547e-01,-3.905280232429504395e-01,8.008670210838317871e-01,7.027464049773400889e-01,-3.933923918022955157e-01,8.053633239951434319e-01
2.904503643512725830e-01,6.936223506927490234e-01,-3.654917478561401367e-01,7.840256094932556152e-01,6.971966384424101992e-01,-3.681865315758548474e-01,7.884443383582984133e-01
2.907422780990600586e-01,6.875270009040832520e-01,-3.409739136695861816e-01,7.674350738525390625e-01,6.910159324170364048e-01,-3.435846595528305181e-01,7.717210876568170175e-01
2.910341918468475342e-01,6.806556582450866699e-01,-3.172281980514526367e-01,7.509499788284301758e-01,6.842386101999157200e-01,-3.195907981337410830e-01,7.551958381374156426e-01
2.913261055946350098e-01,6.734814643859863281e-01,-2.938317358493804932e-01,7.347886562347412109e-01,6.768924194594480026e-01,-2.962178770504811376e-01,7.388696625291630848e-01
2.916180193424224854e-01,6.654486656188964844e-01,-2.714254856109619141e-01,7.186750173568725586e-01,6.690060938550511649e-01,-2.734777872353294503e-01,7.227442519496959372e-01
2.919099330902099609e-01,6.572928428649902344e-01,-2.491834312677383423e-01,7.029411196708679199e-01,6.606123107883116186e-01,-2.513709786257530832e-01,7.068210481163824666e-01
2.922018468379974365e-01,6.482321023941040039e-01,-2.281492799520492554e-01,6.872095465660095215e-01,6.517361783203221570e-01,-2.299142909918999722e-01,6.911010254180547374e-01
2.924937307834625244e-01,6.391722559928894043e-01,-2.071172893047332764e-01,6.718918681144714355e-01,6.424107504270998303e-01,-2.091088963668910616e-01,6.755872281238661792e-01
2.927856445312500000e-01,6.292364001274108887e-01,-1.874504685401916504e-01,6.565638780593872070e-01,6.326625571574276963e-01,-1.889558234161660966e-01,6.602773768893318573e-01
2.930775582790374756e-01,6.192814111709594727e-01,-1.678136289119720459e-01,6.416158676147460938e-01,6.225214346365853801e-01,-1.694615080653931183e-01,6.451745029817822497e-01
2.933694720268249512e-01,6.086857318878173828e-01,-1.493555307388305664e-01,6.267418861389160156e-01,6.120154087270278653e-01,-1.506281710889988135e-01,6.302790702894454089e-01
2.936613857746124268e-01,5.979657769203186035e-01,-1.311262249946594238e-01,6.121741533279418945e-01,6.011728082171843290e-01,-1.324569345411041044e-01,6.155920604164432097e-01
2.939532995223999023e-01,5.868021249771118164e-01,-1.138795167207717896e-01,5.977501869201660156e-01,5.900209275478139892e-01,-1.149502196530096249e-01,6.011141721359245516e-01
2.942452132701873779e-01,5.754451155662536621e-01,-9.706103056669235229e-02,5.835734009742736816e-01,5.785879973529318709e-01,-9.810250618792190624e-02,5.868459528711325035e-01
2.945371270179748535e-01,5.638018846511840820e-01,-8.102054893970489502e-02,5.695936083793640137e-01,5.669003641948966443e-01,-8.191418810185921440e-02,5.727878814506232041e-01
2.948290109634399414e-01,5.519307851791381836e-01,-6.560447067022323608e-02,5.558161139488220215e-01,5.549856440172348249e-01,-6.638463848006456725e-02,5.589418442837803536e-01
2.951209247112274170e-01,5.398942232131958008e-01,-5.076045170426368713e-02,5.422751903533935547e-01,5.428674546101114329e-01,-5.150539018302554423e-02,5.453053075963657514e-01
2.954128384590148926e-01,5.276255011558532715e-01,-3.672741353511810303e-02,5.289021730422973633e-01,5.305723170738666505e-01,-3.727409225066893872e-02,5.318800067667923681e-01
2.957047522068023682e-01,5.152788758277893066e-01,-2.306510880589485168e-02,5.157948732376098633e-01,5.181249021694681600e-01,-2.368710456162340106e-02,5.186660709653507784e-01
2.959966659545898438e-01,5.027249455451965332e-01,-1.038907468318939209e-02,5.028322935104370117e-01,5.055494559537738741e-01,-1.073206432263411683e-02,5.056633560183908527e-01
2.962885797023773193e-01,4.901475012302398682e-01,2.111901761963963509e-03,4.901520609855651855e-01,4.928694278252770400e-01,1.590436919237754468e-03,4.928719939034982289e-01
2.965804934501647949e-01,4.774158000946044922e-01,1.346384454518556595e-02,4.776056110858917236e-01,4.801075916837669877e-01,1.329416868287998377e-02,4.802916140360515840e-01
2.968724071979522705e-01,4.646840691566467285e-01,2.481578662991523743e-02,4.653461873531341553e-01,4.672864347847314193e-01,2.438591657355897516e-02,4.679223066503216399e-01
2.971642911434173584e-01,4.518756568431854248e-01,3.489578515291213989e-02,4.532210528850555420e-01,4.544287223802556119e-01,3.487343338640306462e-02,4.557648736797377254e-01
2.974562048912048340e-01,4.390652477741241455e-01,4.496542364358901978e-02,4.413617551326751709e-01,4.415523626919372613e-01,4.477009065675770921e-02,4.438162345118150665e-01
2.977481186389923096e-01,4.262662231922149658e-01,5.398589000105857849e-02,4.296712279319763184e-01,4.286787674805155324e-01,5.408481823145349504e-02,4.320771380803933304e-01
2.980400323867797852e-01,4.134692251682281494e-01,6.282109767198562622e-02,4.182144105434417725e-01,4.158276944387132579e-01,6.282723805951209717e-02,4.205471832082607331e-01
2.983319461345672607e-01,4.007431566715240479e-01,7.081808149814605713e-02,4.069524705410003662e-01,4.030167092639468374e-01,7.101382046135934489e-02,4.092254032223058835e-01
2.986238598823547363e-01,3.880462348461151123e-01,7.847092300653457642e-02,3.959009647369384766e-01,3.902649682144400667e-01,7.865057221908253182e-02,3.981113637235277891e-01
2.989157736301422119e-01,3.754497766494750977e-01,8.548547327518463135e-02,3.850588202476501465e-01,3.775884734536884557e-01,8.575476006912162441e-02,3.872039955367188591e-01
2.992076873779296875e-01,3.629297316074371338e-01,9.201423823833465576e-02,3.744123280048370361e-01,3.650037810193104693e-01,9.233791975019846332e-02,3.765023925318228826e-01
2.994995713233947754e-01,3.505170047283172607e-01,9.808858484029769897e-02,3.639828860759735107e-01,3.525278477416930456e-01,9.841247449932226388e-02,3.660066919749830339e-01
2.997914850711822510e-01,3.382454216480255127e-01,1.035540550947189331e-01,3.537420034408569336e-01,3.401729536698551715e-01,1.039930998527127531e-01,3.557136534144418882e-01
3.000833988189697266e-01,3.260624110698699951e-01,1.087343469262123108e-01,3.437148034572601318e-01,3.279531744066631616e-01,1.090966645882014696e-01,3.456231572503176142e-01
3.003753125667572021e-01,3.141008913516998291e-01,1.132014840841293335e-01,3.338771462440490723e-01,3.158833479017225110e-01,1.137324078209184797e-01,3.357340466356433795e-01
3.006672263145446777e-01,3.021923601627349854e-01,1.175337880849838257e-01,3.242443501949310303e-01,3.039744301699505158e-01,1.179186630349974563e-01,3.260448823231356652e-01
3.009591400623321533e-01,2.905970811843872070e-01,1.210688948631286621e-01,3.148084282875061035e-01,2.922383940479230668e-01,1.216689094217416889e-01,3.165542646618192957e-01
3.012510538101196289e-01,2.790032923221588135e-01,1.246009096503257751e-01,3.055621385574340820e-01,2.806862557062468344e-01,1.249981707839617762e-01,3.072609914091423700e-01
3.015429377555847168e-01,2.678219079971313477e-01,1.272723078727722168e-01,2.965245842933654785e-01,2.693289429140883762e-01,1.279206584724291995e-01,2.981640058009017435e-01
3.018348515033721924e-01,2.566393911838531494e-01,1.299439668655395508e-01,2.876616120338439941e-01,2.581735015885143758e-01,1.304530200182452970e-01,2.892603452849272783e-01
3.021267652511596680e-01,2.458484023809432983e-01,1.319302618503570557e-01,2.790108323097229004e-01,2.472301207917213806e-01,1.326087107047657088e-01,2.805491093934703306e-01
3.024186789989471436e-01,2.351198345422744751e-01,1.338072866201400757e-01,2.705286145210266113e-01,2.365049942226059299e-01,1.344057406679599054e-01,2.720285194915006421e-01
3.027105927467346191e-01,2.247418314218521118e-01,1.351611316204071045e-01,2.622545063495635986e-01,2.260072861256957610e-01,1.358556242383300305e-01,2.636968790469247370e-01
3.030025064945220947e-01,2.144992053508758545e-01,1.363129317760467529e-01,2.541478574275970459e-01,2.157417761896716080e-01,1.369762026475581929e-01,2.555523314024336634e-01
3.032944202423095703e-01,2.045543342828750610e-01,1.370836496353149414e-01,2.462405264377593994e-01,2.057146304935710268e-01,1.377816603822395736e-01,2.475930030045139785e-01
3.035863339900970459e-01,1.948247402906417847e-01,1.375788599252700806e-01,2.385049760341644287e-01,1.959313564364366100e-01,1.382862368542857323e-01,2.398169713309330764e-01
3.038782179355621338e-01,1.853296309709548950e-01,1.378154009580612183e-01,2.309548854827880859e-01,1.863959480493306842e-01,1.385068747165807967e-01,2.322231766920851426e-01
3.041701316833496094e-01,1.761316806077957153e-01,1.377217769622802734e-01,2.235836833715438843e-01,1.771110387638972772e-01,1.384563926344356821e-01,2.248076793914472737e-01
3.044620454311370850e-01,1.670965105295181274e-01,1.374722719192504883e-01,2.163790017366409302e-01,1.680809563659406425e-01,1.381492272759539952e-01,2.175693381196726339e-01
3.047539591789245605e-01,1.584444046020507812e-01,1.368559300899505615e-01,2.093661129474639893e-01,1.593070923385437876e-01,1.376010481725097323e-01,2.105060524724518545e-01
3.050458729267120361e-01,1.498791277408599854e-01,1.361675411462783813e-01,2.024977654218673706e-01,1.507918184211629042e-01,1.368253679511059473e-01,2.036157013044831432e-01
3.053377866744995117e-01,1.417796015739440918e-01,1.350925266742706299e-01,1.958352625370025635e-01,1.425363282631905981e-01,1.358360019127554386e-01,1.968959732711517974e-01
3.056297004222869873e-01,1.336890161037445068e-01,1.340111196041107178e-01,1.892927289009094238e-01,1.345413905076391636e-01,1.346466347171831890e-01,1.903446925984321192e-01
3.059216141700744629e-01,1.261449903249740601e-01,1.325391530990600586e-01,1.829731911420822144e-01,1.268076710302633581e-01,1.332701515168406570e-01,1.839595572875765417e-01
3.062134981155395508e-01,1.186017245054244995e-01,1.310673505067825317e-01,1.767626106739044189e-01,1.193346925691054217e-01,1.317205992412381621e-01,1.777388115045044903e-01
3.065054118633270264e-01,1.115406751632690430e-01,1.292994320392608643e-01,1.707620173692703247e-01,1.121199049732265612e-01,1.300107565445041136e-01,1.716789734023350666e-01
3.067973256111145020e-01,1.045486554503440857e-01,1.274892091751098633e-01,1.648754775524139404e-01,1.051644396401126558e-01,1.281517795394998827e-01,1.657782795300985212e-01
3.070892393589019775e-01,9.795698523521423340e-02,1.254717260599136353e-01,1.591814160346984863e-01,9.846510743467545845e-02,1.261570632985425100e-01,1.600343150772191025e-01
3.073811531066894531e-01,9.151044487953186035e-02,1.233791187405586243e-01,1.536117345094680786e-01,9.202024615912975103e-02,1.240379487780472884e-01,1.544446128560407749e-01
3.076730668544769287e-01,8.538027107715606689e-02,1.211500242352485657e-01,1.482130885124206543e-01,8.582780574866007151e-02,1.218055331017304788e-01,1.490067117073136660e-01
3.079649806022644043e-01,7.946737855672836304e-02,1.188271939754486084e-01,1.429509222507476807e-01,7.988360024164585516e-02,1.194719925841434410e-01,1.437182890226317289e-01
3.082568943500518799e-01,7.378922402858734131e-02,1.164224892854690552e-01,1.378370225429534912e-01,7.418618380784547384e-02,1.170467117780315536e-01,1.385767751321303476e-01
3.085487782955169678e-01,6.839638948440551758e-02,1.139187216758728027e-01,1.328741610050201416e-01,6.873125518609697615e-02,1.145410008681472108e-01,1.335800371288063393e-01
3.088406920433044434e-01,6.315872073173522949e-02,1.113723590970039368e-01,1.280344724655151367e-01,6.351369966519541943e-02,1.119646229148366923e-01,1.287247716238883732e-01
3.091326057910919189e-01,5.826658010482788086e-02,1.087320521473884583e-01,1.233598440885543823e-01,5.853133549538607622e-02,1.093265143190224192e-01,1.240088866493883890e-01
3.094245195388793945e-01,5.345612391829490662e-02,1.060756966471672058e-01,1.187838762998580933e-01,5.377851249458172334e-02,1.066366182938509877e-01,1.194298822208175598e-01
3.097164332866668701e-01,4.904539510607719421e-02,1.033407449722290039e-01,1.143886297941207886e-01,4.925099566380249788e-02,1.039034398529256747e-01,1.149851528987392152e-01
3.100083470344543457e-01,4.464777186512947083e-02,1.006041541695594788e-01,1.100664362311363220e-01,4.494435432893271326e-02,1.011352717965786074e-01,1.106722105472393580e-01
3.103002607822418213e-01,4.069560021162033081e-02,9.781190007925033569e-02,1.059400737285614014e-01,4.085239785629016934e-02,9.834063893889694041e-02,1.064884955172112069e-01
3.105921745300292969e-01,3.674342483282089233e-02,9.501964598894119263e-02,1.018764600157737732e-01,3.697144617070394906e-02,9.552653894269452772e-02,1.024314769703307398e-01
3.108840584754943848e-01,3.317756950855255127e-02,9.220705926418304443e-02,9.799434989690780640e-02,3.329551572965448736e-02,9.270097018832165747e-02,9.849904183066843233e-02
3.111759722232818604e-01,2.966023050248622894e-02,8.939157426357269287e-02,9.418376535177230835e-02,2.981846533301861848e-02,8.987008248892761064e-02,9.468776373630907739e-02
3.114678859710693359e-01,2.644826099276542664e-02,8.658099919557571411e-02,9.053055197000503540e-02,2.653520977132384912e-02,8.704061258011068503e-02,9.099552514233369416e-02
3.117597997188568115e-01,2.334004640579223633e-02,8.377208560705184937e-02,8.696275204420089722e-02,2.344038773422237390e-02,8.421864117337786448e-02,8.741985642988014948e-02
3.120517134666442871e-01,2.046380378305912018e-02,8.098332583904266357e-02,8.352883160114288330e-02,2.052725423742455743e-02,8.141014411498864733e-02,8.395820228751378622e-02
3.123436272144317627e-01,1.773875392973423004e-02,7.820768654346466064e-02,8.019417524337768555e-02,1.779123791491062784e-02,7.862016817572060889e-02,8.060805785108300647e-02
3.126355409622192383e-01,1.517911627888679504e-02,7.545807212591171265e-02,7.696964591741561890e-02,1.522553792377131544e-02,7.585400929895089184e-02,7.736696796303657586e-02
3.129274249076843262e-01,1.281055714935064316e-02,7.273875176906585693e-02,7.385822385549545288e-02,1.282459358960070031e-02,7.311646496597681844e-02,7.423265891680927431e-02
3.132193386554718018e-01,1.054812502115964890e-02,7.004352658987045288e-02,7.083331048488616943e-02,1.058265808985409638e-02,7.041131820041644784e-02,7.120215153327215385e-02
3.135112524032592773e-01,8.508516475558280945e-03,6.739936023950576782e-02,6.793429702520370483e-02,8.493323136237674459e-03,6.774288767562459956e-02,6.827324050115712861e-02
3.138031661510467529e-01,6.524012424051761627e-03,6.477194279432296753e-02,6.509967148303985596e-02,6.550969107551265005e-03,6.511482231369773721e-02,6.544352742015453750e-02
3.140950798988342285e-01,4.786951001733541489e-03,6.221975758671760559e-02,6.240363046526908875e-02,4.749965996220966054e-03,6.253046845405452192e-02,6.271061841545466642e-02
3.143869936466217041e-01,3.061213996261358261e-03,5.967187881469726562e-02,5.975034832954406738e-02,3.083762032411241100e-03,5.999282948162236451e-02,6.007203323913349463e-02
3.146789073944091797e-01,1.600076910108327866e-03,5.722469836473464966e-02,5.724706500768661499e-02,1.547523118857594424e-03,5.750465921514363865e-02,5.752547834875606364e-02
3.149708211421966553e-01,1.389398821629583836e-04,5.477752164006233215e-02,5.477769672870635986e-02,1.348489654753748531e-04,5.506843722859924156e-02,5.506860233421277673e-02
3.152627050876617432e-01,-1.096853055059909821e-03,5.243472754955291748e-02,5.244619771838188171e-02,-1.159474366526942442e-03,5.268658520665552708e-02,5.269934194603197869e-02
3.155546188354492188e-01,-2.307759365066885948e-03,5.010325834155082703e-02,5.015638098120689392e-02,-2.341405355522275210e-03,5.036045005318794815e-02,5.041485008009551072e-02
3.158465325832366943e-01,-3.347840160131454468e-03,4.786539450287818909e-02,4.798232764005661011e-02,-3.416191605312924630e-03,4.809191898383743946e-02,4.821310025949580164e-02
3.161384463310241699e-01,-4.333637189120054245e-03,4.565727338194847107e-02,4.586247727274894714e-02,-4.389195339188257591e-03,4.588245014181955433e-02,4.609191107713054431e-02
3.164303600788116455e-01,-5.195119418203830719e-03,4.352888092398643494e-02,4.383780062198638916e-02,-5.265497258399842381e-03,4.373317906437061697e-02,4.404902283200525653e-02
3.167222738265991211e-01,-5.979715846478939056e-03,4.144979640841484070e-02,4.187890514731407166e-02,-6.050582251173778486e-03,4.164506121914670483e-02,4.208230827229770404e-02
3.170141875743865967e-01,-6.679319776594638824e-03,3.943372890353202820e-02,3.999540209770202637e-02,-6.749280482660967480e-03,3.961876761117626156e-02,4.018954508403917852e-02
3.173061013221740723e-01,-7.285649888217449188e-03,3.748681768774986267e-02,3.818824514746665955e-02,-7.366485685371342018e-03,3.765485605878828024e-02,3.836864991318883478e-02
3.175979852676391602e-01,-7.839309051632881165e-03,3.558500856161117554e-02,3.643827140331268311e-02,-7.906852079073350970e-03,3.575384173043168190e-02,3.661769392363621589e-02
3.178898990154266357e-01,-8.288914337754249573e-03,3.377186879515647888e-02,3.477420285344123840e-02,-8.375213669132956784e-03,3.391548288851026910e-02,3.493428378490769093e-02
3.181818127632141113e-01,-8.711973205208778381e-03,3.198466822504997253e-02,3.314992785453796387e-02,-8.775823512135757717e-03,3.214000560831534181e-02,3.331658804287582210e-02
3.184737265110015869e-01,-9.025153703987598419e-03,3.030484169721603394e-02,3.162019699811935425e-02,-9.113387390021428919e-03,3.042711262895875582e-02,3.176260399677492685e-02
3.187656402587890625e-01,-9.332031942903995514e-03,2.863207459449768066e-02,3.011448867619037628e-02,-9.391614698475981432e-03,2.877658110214641532e-02,3.027034929717594552e-02
3.190575540065765381e-01,-9.527611546218395233e-03,2.708396874368190765e-02,2.871091663837432861e-02,-9.614915416151297370e-03,2.718787057277246427e-02,2.883794210309693559e-02
3.193494677543640137e-01,-9.723190218210220337e-03,2.553586289286613464e-02,2.732436172664165497e-02,-9.787073445475594213e-03,2.566040925707169240e-02,2.746349231011132805e-02
3.196413815021514893e-01,-9.827366098761558533e-03,2.410506084561347961e-02,2.603134885430335999e-02,-9.911749515415044925e-03,2.419351518275715540e-02,2.614515166057813228e-02
3.199332654476165771e-01,-9.922768920660018921e-03,2.268565073609352112e-02,2.476085908710956573e-02,-9.992774441258142279e-03,2.278636205370739021e-02,2.488119443830014155e-02
3.202251791954040527e-01,-9.953218512237071991e-03,2.136222273111343384e-02,2.356716245412826538e-02,-1.003342730877254674e-02,2.143787978905131036e-02,2.366965047080833717e-02
3.205170929431915283e-01,-9.964419528841972351e-03,2.006728015840053558e-02,2.240503020584583282e-02,-1.003697654932208735e-02,2.014717335611841340e-02,2.250887586027185833e-02
3.208090066909790039e-01,-9.931692853569984436e-03,1.884768716990947723e-02,2.130431495606899261e-02,-1.000682017716600890e-02,1.891304741061002395e-02,2.139719169456869019e-02
3.211009204387664795e-01,-9.873203001916408539e-03,1.767228730022907257e-02,2.024326659739017487e-02,-9.945666645498877148e-03,1.773446112612133210e-02,2.033291411621308831e-02
3.213928341865539551e-01,-9.787024930119514465e-03,1.655268482863903046e-02,1.922959089279174805e-02,-9.856599428859478054e-03,1.661005930141000453e-02,1.931441488363937198e-02
3.216847479343414307e-01,-9.671951644122600555e-03,1.549131236970424652e-02,1.826273277401924133e-02,-9.742271848906160908e-03,1.553857972859249217e-02,1.834010143810047358e-02
3.219766616821289062e-01,-9.541250765323638916e-03,1.446747034788131714e-02,1.733041182160377502e-02,-9.605223553244177440e-03,1.451872670487602650e-02,1.740843889148814549e-02
3.222685456275939941e-01,-9.381319396197795868e-03,1.351396646350622177e-02,1.645103283226490021e-02,-9.448019229803759564e-03,1.354914948484740866e-02,1.651800590657002965e-02
3.225604593753814697e-01,-9.214231744408607483e-03,1.258135680109262466e-02,1.559463422745466232e-02,-9.272937401302333571e-03,1.262816244820976104e-02,1.566709465302507445e-02
3.228523731231689453e-01,-9.019818156957626343e-03,1.172909513115882874e-02,1.479624211788177490e-02,-9.082028558902622770e-03,1.175455390075843230e-02,1.485438588937819729e-02
3.231442868709564209e-01,-8.823729120194911957e-03,1.088307611644268036e-02,1.401069294661283493e-02,-8.877482734016247864e-03,1.092673871178797239e-02,1.407847003649340123e-02
3.234362006187438965e-01,-8.603955619037151337e-03,1.012531295418739319e-02,1.328721269965171814e-02,-8.661176496461623145e-03,1.014325373568852710e-02,1.333797490811174449e-02
3.237281143665313721e-01,-8.384183049201965332e-03,9.367550723254680634e-03,1.257161609828472137e-02,-8.434911657672603674e-03,9.402593769872201468e-03,1.263156776785766787e-02
3.240200281143188477e-01,-8.148310706019401550e-03,8.690915070474147797e-03,1.191331073641777039e-02,-8.200374925904673970e-03,8.703248523357588404e-03,1.195795483286051300e-02
3.243119120597839355e-01,-7.911157794296741486e-03,8.020919747650623322e-03,1.126594748347997665e-02,-7.959134882393369831e-03,8.043766481376130734e-03,1.131591831373137194e-02
3.246038258075714111e-01,-7.665663957595825195e-03,7.414156105369329453e-03,1.066452637314796448e-02,-7.712615358321729848e-03,7.422534003334433153e-03,1.070413222527057985e-02
3.248957395553588867e-01,-7.417876273393630981e-03,6.824846379458904266e-03,1.007985230535268784e-02,-7.462244610434758119e-03,6.838020280094059267e-03,1.012144337419027505e-02
3.251876533031463623e-01,-7.166998926550149918e-03,6.283119320869445801e-03,9.531183168292045593e-03,-7.209172708660072267e-03,6.288861663298313601e-03,9.566710624001984603e-03
3.254795670509338379e-01,-6.914405617862939835e-03,5.767823662608861923e-03,9.004266001284122467e-03,-6.954619924336156653e-03,5.773491695361745134e-03,9.038802168892983227e-03
3.257714807987213135e-01,-6.661812774837017059e-03,5.286313127726316452e-03,8.504401892423629761e-03,-6.699617177621470208e-03,5.290486554437232730e-03,8.536633898051492614e-03
3.260633945465087891e-01,-6.409220397472381592e-03,4.838347434997558594e-03,8.030423894524574280e-03,-6.445104276972932547e-03,4.838431801474436106e-03,8.059143343964911624e-03
3.263553082942962646e-01,-6.158068776130676270e-03,4.412377253174781799e-03,7.575677242130041122e-03,-6.192011601756630505e-03,4.415844958329743185e-03,7.605306987380254860e-03
3.266471922397613525e-01,-5.909493658691644669e-03,4.025415051728487015e-03,7.150250021368265152e-03,-5.941098846584533071e-03,4.021462919216011421e-03,7.174177270984976110e-03
3.269391059875488281e-01,-5.662465002387762070e-03,3.650446888059377670e-03,6.737156305462121964e-03,-5.693041417535871576e-03,3.653831925796417138e-03,6.764703121626846130e-03
3.272310197353363037e-01,-5.421020090579986572e-03,3.318241331726312637e-03,6.355956662446260452e-03,-5.448537010059002934e-03,3.311641945996523454e-03,6.376011914078136972e-03
3.275229334831237793e-01,-5.180335137993097305e-03,2.989889355376362801e-03,5.981246475130319595e-03,-5.208132840641473832e-03,2.993619979330763067e-03,6.007196373219086949e-03
3.278148472309112549e-01,-4.948560614138841629e-03,2.706699538975954056e-03,5.640432238578796387e-03,-4.972336827272640092e-03,2.698516000256926187e-03,5.657395348346656166e-03
3.281067609786987305e-01,-4.716786090284585953e-03,2.423509722575545311e-03,5.302967969328165054e-03,-4.741584354026271916e-03,2.425108371832819781e-03,5.325764996831944438e-03
3.283986747264862061e-01,-4.495825618505477905e-03,2.181135350838303566e-03,4.996979143470525742e-03,-4.516248153431304604e-03,2.172232779362074512e-03,5.011496047200551460e-03
3.286905884742736816e-01,-4.275585524737834930e-03,1.941481372341513634e-03,4.695740994065999985e-03,-4.296681613811261478e-03,1.938695362733941019e-03,4.713810836250202467e-03
3.289824724197387695e-01,-4.065613728016614914e-03,1.732454169541597366e-03,4.419345408678054810e-03,-4.083152868654952271e-03,1.723468840995599901e-03,4.431984002079416424e-03
3.292743861675262451e-01,-3.858239389955997467e-03,1.531229587271809578e-03,4.150984808802604675e-03,-3.875848302642719359e-03,1.525427742990133383e-03,4.165228668894713042e-03
3.295662999153137207e-01,-3.659883514046669006e-03,1.352110994048416615e-03,3.901659976691007614e-03,-3.674982644582075898e-03,1.343544812645984694e-03,3.912877470809353678e-03
3.298582136631011963e-01,-3.466270864009857178e-03,1.184618799015879631e-03,3.663107519969344139e-03,-3.480687450044640981e-03,1.176847071034087646e-03,3.674255591749133604e-03
3.301501274108886719e-01,-3.279973054304718971e-03,1.032236614264547825e-03,3.438565880060195923e-03,-3.293063080453939671e-03,1.024400081501025944e-03,3.448718599542168872e-03
3.304420411586761475e-01,-3.100584726780653000e-03,8.941274136304855347e-04,3.226931905373930931e-03,-3.112185449996810165e-03,8.852570938747493078e-04,3.235641883371429862e-03
3.307339549064636230e-01,-2.926568035036325455e-03,7.655154331587255001e-04,3.025031415745615959e-03,-2.938073505499929489e-03,7.585971179449432691e-04,3.034426718685923497e-03
3.310258686542510986e-01,-2.761571435257792473e-03,6.528507801704108715e-04,2.837691223248839378e-03,-2.770739389387931115e-03,6.435528801763047051e-04,2.844495926080581414e-03
3.313177525997161865e-01,-2.599898725748062134e-03,5.452693440020084381e-04,2.656462369486689568e-03,-2.610171880847891694e-03,5.393468404331407335e-04,2.665312788746234535e-03
3.316096663475036621e-01,-2.449154388159513474e-03,4.544600378721952438e-04,2.490961924195289612e-03,-2.456291006423389368e-03,4.452262988005438872e-04,2.496315678230631632e-03
3.319015800952911377e-01,-2.299677813425660133e-03,3.653488529380410910e-04,2.328518545255064964e-03,-2.309046581865121552e-03,3.604572845908895996e-04,2.337012103357113523e-03
3.321934938430786133e-01,-2.162856748327612877e-03,2.931864000856876373e-04,2.182637574151158333e-03,-2.168346178313918134e-03,2.843675199514112957e-04,2.186913358002984861e-03
3.324854075908660889e-01,-2.026035683229565620e-03,2.210239617852494121e-04,2.038056030869483948e-03,-2.034082194091345851e-03,2.163178898071641443e-04,2.045552199717740570e-03
3.327773213386535645e-01,-1.901937765069305897e-03,1.638405956327915192e-04,1.908981590531766415e-03,-1.906135384867402478e-03,1.556730983733377132e-04,1.912481691154389960e-03
3.330692350864410400e-01,-1.778509700670838356e-03,1.074460233212448657e-04,1.781752449460327625e-03,-1.784364699780643243e-03,1.018842929006166456e-04,1.787271045746314287e-03
3.333611488342285156e-01,-1.665401505306363106e-03,6.175252201501280069e-05,1.666545984335243702e-03,-1.668625876506333846e-03,5.438374748530267632e-05,1.669511877087754030e-03
3.336530327796936035e-01,-1.554741291329264641e-03,1.859014264482539147e-05,1.554852351546287537e-03,-1.558769186713479310e-03,1.267025717028605225e-05,1.558820680150274033e-03
3.339449465274810791e-01,-1.452084863558411598e-03,-1.724172943795565516e-05,1.452187192626297474e-03,-1.454609520775636960e-03,-2.375272918029816576e-05,1.454803440357026840e-03
3.342368602752685547e-01,-1.353415893390774727e-03,-4.942465238855220377e-05,1.354318112134933472e-03,-1.355984176456373133e-03,-5.532776518517886470e-05,1.357112467115549961e-03
3.345287740230560303e-01,-1.260649994947016239e-03,-7.685007585678249598e-05,1.262990292161703110e-03,-1.262714154721714457e-03,-8.249639109109882767e-05,1.265406136810482600e-03
3.348206877708435059e-01,-1.173186581581830978e-03,-1.000020565697923303e-04,1.177440979517996311e-03,-1.174615883041892593e-03,-1.056371744025752453e-04,1.179356470839095037e-03
3.351126015186309814e-01,-1.089716912247240543e-03,-1.203254360007122159e-04,1.096340012736618519e-03,-1.091505655154483608e-03,-1.251372890600862967e-04,1.098655513046526517e-03
3.354045152664184570e-01,-1.012608059681952000e-03,-1.361438626190647483e-04,1.021719188429415226e-03,-1.013192486475171343e-03,-1.413389318673001971e-04,1.023003278739188391e-03
3.356963992118835449e-01,-9.378321701660752296e-04,-1.505228865426033735e-04,9.498348226770758629e-04,-9.394998420150957753e-04,-1.545636633604900777e-04,9.521291294660639724e-04
3.359883129596710205e-01,-8.702286868356168270e-04,-1.604635181138291955e-04,8.848991128616034985e-04,-8.702189279413946989e-04,-1.651165721727067932e-04,8.857451467287499837e-04
3.362802267074584961e-01,-8.035203791223466396e-04,-1.699243875918909907e-04,8.212911779992282391e-04,-8.051721346398981296e-04,-1.732739502125379592e-04,8.236055052164399041e-04
3.365721404552459717e-01,-7.445642841048538685e-04,-1.752304960973560810e-04,7.649063481949269772e-04,-7.441726369604371701e-04,-1.792907237803345751e-04,7.654659216675337467e-04
3.368640542030334473e-01,-6.856082472950220108e-04,-1.805366191547363997e-04,7.089796708896756172e-04,-6.870342677146499231e-04,-1.834137633378573337e-04,7.110954180670558218e-04
3.371559679508209229e-01,-6.341804401017725468e-04,-1.823915808927267790e-04,6.598875042982399464e-04,-6.335783124940447307e-04,-1.858518548593022493e-04,6.602744808164591039e-04
3.374478816986083984e-01,-5.830457084812223911e-04,-1.841122139012441039e-04,6.114242714829742908e-04,-5.836243541544667473e-04,-1.868149551364508784e-04,6.127945938280237020e-04
3.377397954463958740e-01,-5.376743501983582973e-04,-1.836091687437146902e-04,5.681602051481604576e-04,-5.369978008311690606e-04,-1.864856463449815927e-04,5.684571526423232287e-04
3.380316793918609619e-01,-4.935603355988860130e-04,-1.826228690333664417e-04,5.262631457298994064e-04,-4.935333740376813541e-04,-1.850335122044971341e-04,5.270793032625637831e-04
3.383235931396484375e-01,-4.537009808700531721e-04,-1.802895858418196440e-04,4.882098874077200890e-04,-4.530557840924381179e-04,-1.826146825854653335e-04,4.884748363993831558e-04
3.386155068874359131e-01,-4.158427473157644272e-04,-1.773234980646520853e-04,4.520716902334243059e-04,-4.154082867987789847e-04,-1.793697537237817622e-04,4.524793401825400038e-04
3.389074206352233887e-01,-3.809737099800258875e-04,-1.736107515171170235e-04,4.186665173619985580e-04,-3.804353717609626571e-04,-1.754256291650192051e-04,4.189334355895273608e-04
3.391993343830108643e-01,-3.486586501821875572e-04,-1.692600490059703588e-04,3.875716647598892450e-04,-3.479832297418212214e-04,-1.709010084133922116e-04,3.876847725385451355e-04
3.394912481307983398e-01,-3.182884829584509134e-04,-1.645496813580393791e-04,3.583073557820171118e-04,-3.179078372370369460e-04,-1.658997095368973677e-04,3.585918384474991020e-04
3.397831618785858154e-01,-2.908568130806088448e-04,-1.592959015397354960e-04,3.316215588711202145e-04,-2.900686602109548502e-04,-1.605161929460217961e-04,3.315196462269813320e-04
3.400750756263732910e-01,-2.645235217642039061e-04,-1.539082732051610947e-04,3.060399612877517939e-04,-2.643297147277766878e-04,-1.548345429111964836e-04,3.063395726421693963e-04
3.403669595718383789e-01,-2.413650508970022202e-04,-1.481346262153238058e-04,2.831977326422929764e-04,-2.405645241765863281e-04,-1.489308794869515537e-04,2.829340862410612608e-04
3.406588733196258545e-01,-2.186356723541393876e-04,-1.423348730895668268e-04,2.608846116345375776e-04,-2.186446693979077801e-04,-1.428711714051054493e-04,2.611851126591777637e-04
3.409507870674133301e-01,-1.991916651604697108e-04,-1.363406918244436383e-04,2.413837355561554432e-04,-1.984521475192289051e-04,-1.367172318822513686e-04,2.409872534980617501e-04
3.412427008152008057e-01,-1.797476725187152624e-04,-1.303465105593204498e-04,2.220347669208422303e-04,-1.798764818337498031e-04,-1.305184713183613326e-04,2.222400055619357453e-04
3.415346145629882812e-01,-1.634354266570881009e-04,-1.243616279680281878e-04,2.053702773991972208e-04,-1.628083250042312272e-04,-1.243228338812580507e-04,2.048480356629036887e-04
3.418265283107757568e-01,-1.472035219194367528e-04,-1.183769854833371937e-04,1.888967526610940695e-04,-1.471458298185573759e-04,-1.181693060811038487e-04,1.887217002166986270e-04
3.421184420585632324e-01,-1.332756801275536418e-04,-1.125442795455455780e-04,1.744380278978496790e-04,-1.327920830391803345e-04,-1.120914207976320582e-04,1.737763618399130376e-04
3.424103558063507080e-01,-1.198064564960077405e-04,-1.067418197635561228e-04,1.604599819984287024e-04,-1.196541629514356463e-04,-1.061203400345279264e-04,1.599332525794824910e-04
3.427022397518157959e-01,-1.079737849067896605e-04,-1.011521380860358477e-04,1.479530037613585591e-04,-1.076473864236724738e-04,-1.002795134654001420e-04,1.471187976592550637e-04
3.429941534996032715e-01,-9.686480188975110650e-05,-9.565595246385782957e-05,1.361354079563170671e-04,-9.668667111665075282e-05,-9.458869727957474694e-05,1.352602455441598501e-04
3.432860672473907471e-01,-8.686350338393822312e-05,-9.037678682943806052e-05,1.253524242201820016e-04,-8.669497529084620538e-05,-8.906647449349315256e-05,1.242934254873543178e-04
3.435779809951782227e-01,-7.776189158903434873e-05,-8.527386671630665660e-05,1.154060009866952896e-04,-7.760061409457457804e-05,-8.372491066915751503e-05,1.141565415314141758e-04
3.438698947429656982e-01,-6.935733108548447490e-05,-8.035552309593185782e-05,1.061482471413910389e-04,-6.933398836494612848e-05,-7.857557167994348181e-05,1.047918050585083761e-04
3.441618084907531738e-01,-6.195286550791934133e-05,-7.570198795292526484e-05,9.782100823940709233e-05,-6.183110109186438336e-05,-7.362606848593028150e-05,9.614511439967841900e-05
3.444537222385406494e-01,-5.493351272889412940e-05,-7.117852510418742895e-05,8.991147478809580207e-05,-5.503175476104173354e-05,-6.888160122188268343e-05,8.816557729051575877e-05
3.447456359863281250e-01,-4.895735401078127325e-05,-6.700741505483165383e-05,8.298684406327083707e-05,-4.887871657084915463e-05,-6.434621998254962919e-05,8.080572355753071374e-05
3.450375199317932129e-01,-4.313583121984265745e-05,-6.290086457738652825e-05,7.627069135196506977e-05,-4.332052381089934430e-05,-6.002111956220061462e-05,7.402163586918812936e-05
3.453294336795806885e-01,-3.835798270301893353e-05,-5.922873970121145248e-05,7.056471076793968678e-05,-3.830675958551678156e-05,-5.590575729282228328e-05,6.777065388814345714e-05
3.456213474273681641e-01,-3.358013782417401671e-05,-5.555661118705756962e-05,6.491658132290467620e-05,-3.379160491759353050e-05,-5.199911597393063525e-05,6.201435821627939934e-05
3.459132611751556396e-01,-2.979195232910569757e-05,-5.238101584836840630e-05,6.026052869856357574e-05,-2.973273275363914360e-05,-4.829853873439524700e-05,5.671670160435287960e-05
3.462051749229431152e-01,-2.601635242172051221e-05,-4.921173240290954709e-05,5.566547770285978913e-05,-2.609042507259824031e-05,-4.480021821064202460e-05,5.184370581073466491e-05
3.464970886707305908e-01,-2.295106060046236962e-05,-4.646552770282141864e-05,5.182466702535748482e-05,-2.282792753449438406e-05,-4.149960052135766769e-05,4.736381655813218006e-05
3.467890024185180664e-01,-2.001461871259380132e-05,-4.379607344162650406e-05,4.815268403035588562e-05,-1.991133277957639306e-05,-3.839133441675729219e-05,4.324760954501793606e-05
3.470808863639831543e-01,-1.757575228111818433e-05,-4.147423896938562393e-05,4.504464232013560832e-05,-1.730911628845003687e-05,-3.546991449452807941e-05,3.946796600961619824e-05
3.473728001117706299e-01,-1.534440889372490346e-05,-3.929729427909478545e-05,4.218682443024590611e-05,-1.499164221488918617e-05,-3.272848787119309288e-05,3.599865628928503920e-05
3.476647138595581055e-01,-1.345115833828458562e-05,-3.739410385605879128e-05,3.973981074523180723e-05,-1.293281635078195063e-05,-3.016047953154822416e-05,3.281634142216332666e-05
3.479566276073455811e-01,-1.181898915092460811e-05,-3.570231274352408946e-05,3.760775871342048049e-05,-1.110757045717103379e-05,-2.775906057624898622e-05,2.989888903516114662e-05
3.482485413551330566e-01,-1.040645838656928390e-05,-3.421355359023436904e-05,3.576117160264402628e-05,-9.493331960986862116e-06,-2.551697962679630606e-05,2.722571580318563987e-05
3.485404551029205322e-01,-9.293315997638273984e-06,-3.300155003671534359e-05,3.428509808145463467e-05,-8.069399273013956977e-06,-2.342700810722734723e-05,2.477781090983248753e-05
3.488323688507080078e-01,-8.311246347147971392e-06,-3.192487565684132278e-05,3.298900628578849137e-05,-6.816424598245126409e-06,-2.148191232003476129e-05,2.253743998836652576e-05
3.491242825984954834e-01,-7.662597454327624291e-06,-3.119245957350358367e-05,3.211984949302859604e-05,-5.717303480485607596e-06,-1.967429141176010122e-05,2.048817467816081898e-05
3.494161665439605713e-01,-7.075368102960055694e-06,-3.052869942621327937e-05,3.133787322440184653e-05,-4.755983648275734476e-06,-1.799719943061487909e-05,1.861500920784060959e-05
3.497080802917480469e-01,-6.861883775854948908e-06,-3.028270657523535192e-05,3.105040377704426646e-05,-3.917755214125019052e-06,-1.644309545893091250e-05,1.690337818867335804e-05
3.499999940395355225e-01,-6.648398994002491236e-06,-3.003671190526802093e-05,3.076369830523617566e-05,-3.189529840329582163e-06,-1.500519914419967552e-05,1.534044008363004888e-05
