x_m,Pre_sim,Pim_sim,p_abs_sim,Pre_analytic,Pim_analytic,p_abs_analytic
0.000000000000000000e+00,1.129500335082411766e-03,8.808286488056182861e-02,8.809009939432144165e-02,1.129723497446448845e-03,5.655142116827019394e-02,5.656270424344791992e-02
2.919099351856857538e-04,1.123015186749398708e-03,4.941093325614929199e-01,4.941105842590332031e-01,1.123829236726053707e-03,4.955853036306491211e-01,4.955865778719557024e-01
5.838198703713715076e-04,1.103728893212974072e-03,9.274767637252807617e-01,9.274774193763732910e-01,1.102784334698604434e-03,9.289409104631966008e-01,9.289415650435076666e-01
8.757297764532268047e-04,1.071860082447528839e-03,1.350283265113830566e+00,1.350283622741699219e+00,1.072330761828443023e-03,1.351697202461735747e+00,1.351697627813315927e+00
1.167639740742743015e-03,1.027687452733516693e-03,1.757590889930725098e+00,1.757591128349304199e+00,1.024001254904483883e-03,1.758993647152161222e+00,1.758993945214204713e+00
1.459549646824598312e-03,9.717969805933535099e-04,2.144844055175781250e+00,2.144844293594360352e+00,9.703981034584875740e-04,2.146205041990608464e+00,2.146205261371425088e+00
1.751459552906453609e-03,9.048271458595991135e-04,2.507656335830688477e+00,2.507656335830688477e+00,8.971908965392745355e-04,2.508880000298891577e+00,2.508880160719373809e+00
2.043369458988308907e-03,8.274746360257267952e-04,2.841695785522460938e+00,2.841695785522460938e+00,8.229124741550310727e-04,2.842899499919187001e+00,2.842899619020289315e+00
2.335279481485486031e-03,7.406845106743276119e-04,3.143308877944946289e+00,3.143308877944946289e+00,7.399102838943876891e-04,3.144433852496885340e+00,3.144433939550269841e+00
2.627189271152019501e-03,6.454492686316370964e-04,3.409096240997314453e+00,3.409096240997314453e+00,6.495030754875054119e-04,3.410036331965256906e+00,3.410036393820058187e+00
2.919099293649196625e-03,5.428098374977707863e-04,3.635781764984130859e+00,3.635781764984130859e+00,5.383014833780847734e-04,3.636666225131720331e+00,3.636666264971571749e+00
3.211009083315730095e-03,4.339787410572171211e-04,3.820969343185424805e+00,3.820969343185424805e+00,4.346592329311939188e-04,3.821749477863683353e+00,3.821749502581243796e+00
3.502919105812907219e-03,3.201984218321740627e-04,3.962603807449340820e+00,3.962603807449340820e+00,3.114274263195385074e-04,3.963157561429512032e+00,3.963157573665593958e+00
3.794829128310084343e-03,2.027457812801003456e-04,4.058803558349609375e+00,4.058803558349609375e+00,1.993371802215729684e-04,4.059285120657850854e+00,4.059285125552223761e+00
4.086738917976617813e-03,8.298169996123760939e-05,4.108664512634277344e+00,4.108664512634277344e+00,6.995986061776536514e-05,4.109026660158657585e+00,4.109026660754222071e+00
4.378648940473794937e-03,-3.773039497900754213e-05,4.111690044403076172e+00,4.111690044403076172e+00,-4.512980150700796799e-05,4.111817299885829335e+00,4.111817300133493447e+00
4.670558962970972061e-03,-1.580110110808163881e-04,4.067587375640869141e+00,4.067587375640869141e+00,-1.595400277820228647e-04,4.067623458857783980e+00,4.067623461986516809e+00
4.962468519806861877e-03,-2.764840901363641024e-04,3.977032661437988281e+00,3.977032661437988281e+00,-2.720468165550330797e-04,3.976949165683343335e+00,3.976949174988147817e+00
5.254378542304039001e-03,-3.918070869985967875e-04,3.841140508651733398e+00,3.841140508651733398e+00,-3.969508609439669150e-04,3.840836357171083737e+00,3.840836377683541247e+00
5.546288564801216125e-03,-5.026420694775879383e-04,3.661237001419067383e+00,3.661237001419067383e+00,-5.095191024680292315e-04,3.660834857493095118e+00,3.660834892950814989e+00
5.838198587298393250e-03,-6.077320431359112263e-04,3.439508199691772461e+00,3.439508199691772461e+00,-6.093383546287017968e-04,3.438998168563802693e+00,3.438998222546563177e+00
6.130108609795570374e-03,-7.058953051455318928e-04,3.178568840026855469e+00,3.178568840026855469e+00,-7.027962360065872095e-04,3.177864866887303297e+00,3.177864944600259367e+00
6.422018166631460190e-03,-7.959746872074902058e-04,2.881222009658813477e+00,2.881222009658813477e+00,-8.000502980927972577e-04,2.880429783178833691e+00,2.880429894287334314e+00
6.713928189128637314e-03,-8.769550477154552937e-04,2.550951242446899414e+00,2.550951242446899414e+00,-8.819177184308248877e-04,2.550076476394969038e+00,2.550076628896050135e+00
7.005838211625814438e-03,-9.479392901994287968e-04,2.191598892211914062e+00,2.191599130630493164e+00,-9.490552978088253157e-04,2.190578466437267835e+00,2.190578672023584694e+00
7.297748234122991562e-03,-1.008071471005678177e-03,1.807149171829223633e+00,1.807149410247802734e+00,-1.006412138223129055e-03,1.806048760293331501e+00,1.806049040702514041e+00
7.589658256620168686e-03,-1.056676846928894520e-03,1.402045726776123047e+00,1.402046084403991699e+00,-1.058956256523529852e-03,1.400896140662178935e+00,1.400896540901768850e+00
7.881567813456058502e-03,-1.093236962333321571e-03,9.809589982032775879e-01,9.809595942497253418e-01,-1.095259664824362999e-03,9.797299798232843582e-01,9.797305920293938319e-01
8.173477835953235626e-03,-1.117285573855042458e-03,5.486376285552978516e-01,5.486387610435485840e-01,-1.117707295513693279e-03,5.473607191754927825e-01,5.473618603500897128e-01
8.465387858450412750e-03,-1.128554926253855228e-03,1.100501418113708496e-01,1.100559309124946594e-01,-1.128607074927602321e-03,1.087364249595847987e-01,1.087422818728804863e-01
8.757297880947589874e-03,-1.126959454268217087e-03,-3.297936618328094482e-01,3.297955989837646484e-01,-1.126710887119101653e-03,-3.311142841978850782e-01,3.311162011700741203e-01
9.049207903444766998e-03,-1.112470752559602261e-03,-7.658717036247253418e-01,7.658725380897521973e-01,-1.111019369067358037e-03,-7.671893145313863904e-01,7.671901190025697259e-01
9.341117925941944122e-03,-1.085253665223717690e-03,-1.193178415298461914e+00,1.193178892135620117e+00,-1.084691377685273288e-03,-1.194505681896618432e+00,1.194506174382824248e+00
9.633027948439121246e-03,-1.045665354467928410e-03,-1.606884121894836426e+00,1.606884479522705078e+00,-1.047031159025147784e-03,-1.608173025177023652e+00,1.608173366021607542e+00
9.924937039613723755e-03,-9.941179305315017700e-04,-2.002219200134277344e+00,2.002219438552856445e+00,-9.916313527493878389e-04,-2.003449061133100173e+00,2.003449306543052977e+00
1.021684706211090088e-02,-9.311923640780150890e-04,-2.374630928039550781e+00,2.374630928039550781e+00,-9.311481242510482757e-04,-2.375847590741040793e+00,2.375847773209983416e+00
1.050875708460807800e-02,-8.576520485803484917e-04,-2.719972610473632812e+00,2.719972610473632812e+00,-8.563424061689020681e-04,-2.721091542697642307e+00,2.721091677445460544e+00
1.080066710710525513e-02,-7.743057212792336941e-04,-3.034225702285766602e+00,3.034225702285766602e+00,-7.655398725390319967e-04,-3.035237532426919405e+00,3.035237628968175283e+00
1.109257712960243225e-02,-6.820941925980150700e-04,-3.313731908798217773e+00,3.313731908798217773e+00,-6.768902774433000835e-04,-3.314712406146266055e+00,3.314712475259418145e+00
1.138448715209960938e-02,-5.821078666485846043e-04,-3.555461883544921875e+00,3.555461883544921875e+00,-5.816037651376515689e-04,-3.556310451766952596e+00,3.556310499325081143e+00
1.167639717459678650e-02,-4.754675610456615686e-04,-3.756565093994140625e+00,3.756565093994140625e+00,-4.730323562481789806e-04,-3.757267503816474452e+00,3.757267533593380726e+00
1.196830719709396362e-02,-3.633818123489618301e-04,-3.914636373519897461e+00,3.914636373519897461e+00,-3.665318231999654605e-04,-3.915295087377325345e+00,3.915295104533832227e+00
1.226021721959114075e-02,-2.471550542395561934e-04,-4.028081417083740234e+00,4.028081417083740234e+00,-2.406870103602292571e-04,-4.028579849296582971e+00,4.028579856486491195e+00
1.255212631076574326e-02,-1.281028526136651635e-04,-4.095514297485351562e+00,4.095514297485351562e+00,-1.273717152792372995e-04,-4.095835363383677930e+00,4.095835365364171032e+00
1.284403633326292038e-02,-7.583199931104900315e-06,-4.116015911102294922e+00,4.116015911102294922e+00,-4.881147031279540123e-06,-4.116288497515796507e+00,4.116288497518690193e+00
1.313594635576009750e-02,1.130211385316215456e-04,-4.089597702026367188e+00,4.089597702026367188e+00,1.254442623399957830e-04,-4.089707896966111811e+00,4.089707898889997750e+00
1.342785637825727463e-02,2.323375520063564181e-04,-4.016479015350341797e+00,4.016479015350341797e+00,2.388484416363068714e-04,-4.016394925389410453e+00,4.016394932491373027e+00
1.371976640075445175e-02,3.489899390842765570e-04,-3.897318601608276367e+00,3.897318601608276367e+00,3.497126349780770244e-04,-3.897187099127072951e+00,3.897187114817739051e+00
1.401167642325162888e-02,4.616618098225444555e-04,-3.733733892440795898e+00,3.733733892440795898e+00,4.642297191466717679e-04,-3.733449673162590354e+00,3.733449702024534744e+00
1.430358644574880600e-02,5.690670222975313663e-04,-3.527523994445800781e+00,3.527523994445800781e+00,5.731965009605735802e-04,-3.527052602811514781e+00,3.527052649387830030e+00
1.459549646824598312e-02,6.699457298964262009e-04,-3.280863285064697266e+00,3.280863285064697266e+00,6.754423217153606796e-04,-3.280353763408343504e+00,3.280353832946929504e+00
1.488740649074316025e-02,7.631853222846984863e-04,-2.996809005737304688e+00,2.996809005737304688e+00,7.645626610054848202e-04,-2.996165976999314307e+00,2.996166074549993841e+00
1.517931651324033737e-02,8.477191440761089325e-04,-2.678550004959106445e+00,2.678550004959106445e+00,8.503430225157130760e-04,-2.677748131023077516e+00,2.677748266040114622e+00
1.547122560441493988e-02,9.225273970514535904e-04,-2.329566001892089844e+00,2.329566001892089844e+00,9.252571202657758212e-04,-2.328733841254422288e+00,2.328734025066906632e+00
1.576313562691211700e-02,9.868179913610219955e-04,-1.954034566879272461e+00,1.954034805297851562e+00,9.901929002936330285e-04,-1.953109630825021314e+00,1.953109881830366934e+00
1.605504564940929413e-02,1.039854250848293304e-03,-1.556203842163085938e+00,1.556204199790954590e+00,1.040321935472544347e-03,-1.555161097498569678e+00,1.555161445459179781e+00
1.634695567190647125e-02,1.080957124941051006e-03,-1.140512824058532715e+00,1.140513420104980469e+00,1.081842597837792685e-03,-1.139449546375419065e+00,1.139450059949340011e+00
1.663886569440364838e-02,1.109736738726496696e-03,-7.118338942527770996e-01,7.118347287178039551e-01,1.110923565980910131e-03,-7.107171060465162782e-01,7.107179742895943786e-01
1.693077571690082550e-02,1.125863636843860149e-03,-2.750259339809417725e-01,2.750282287597656250e-01,1.126524663728454417e-03,-2.738646078196185774e-01,2.738669247536318907e-01
1.722268573939800262e-02,1.129065291024744511e-03,1.649417877197265625e-01,1.649456471204757690e-01,1.129348130287384250e-03,1.661249676874304027e-01,1.661288064013859422e-01
1.751459576189517975e-02,1.119396416470408440e-03,6.030139923095703125e-01,6.030150055885314941e-01,1.120200509070341886e-03,6.042163438042572610e-01,6.042173822138561246e-01
1.780650578439235687e-02,1.096966792829334736e-03,1.034224987030029297e+00,1.034225463867187500e+00,1.095649709632263080e-03,1.035388020321829972e+00,1.035388600031043715e+00
1.809841580688953400e-02,1.061941962689161301e-03,1.453564286231994629e+00,1.453564643859863281e+00,1.059475581196846986e-03,1.454736787217131289e+00,1.454737173021755314e+00
1.839032582938671112e-02,1.014811452478170395e-03,1.856316924095153809e+00,1.856317162513732910e+00,1.014179516226581266e-03,1.857470213631177369e+00,1.857470490502377336e+00
1.868223585188388824e-02,9.561114711686968803e-04,2.237919092178344727e+00,2.237919330596923828e+00,9.586559245963633281e-04,2.238978353484239570e+00,2.238978558716491651e+00
1.897414587438106537e-02,8.864372503012418747e-04,2.593838930130004883e+00,2.593838930130004883e+00,8.823658711416415426e-04,2.594890733511296066e+00,2.594890883531005610e+00
1.926605589687824249e-02,8.066557347774505615e-04,2.920163869857788086e+00,2.920163869857788086e+00,8.006787296190423552e-04,2.921158415630326743e+00,2.921158525361865266e+00
1.955796405673027039e-02,7.176775252446532249e-04,3.213206768035888672e+00,3.213206768035888672e+00,7.173329799509731196e-04,3.214051334548864158e+00,3.214051414598393830e+00
1.984987407922744751e-02,6.204638048075139523e-04,3.469388723373413086e+00,3.469388723373413086e+00,6.116988544771303658e-04,3.470210956981280237e+00,3.470211010893778258e+00
2.014178410172462463e-02,5.161743611097335815e-04,3.685978889465332031e+00,3.685978889465332031e+00,5.112339820763434680e-04,3.686726890583578164e+00,3.686726926029678886e+00
2.043369412422180176e-02,4.059986385982483625e-04,3.860555887222290039e+00,3.860555887222290039e+00,3.989223437284728359e-04,3.861112236707084477e+00,3.861112257315011398e+00
2.072560414671897888e-02,2.911658084485679865e-04,3.990857839584350586e+00,3.990857839584350586e+00,2.895419345397031493e-04,3.991380251694493175e+00,3.991380262196440487e+00
2.101751416921615601e-02,1.730123476590961218e-04,4.075607299804687500e+00,4.075607299804687500e+00,1.771831690470064286e-04,4.076039571008083229e+00,4.076039574859110282e+00
2.130942419171333313e-02,5.288512693368829787e-05,4.113897800445556641e+00,4.113897800445556641e+00,4.728541551241424230e-05,4.114122282455650037e+00,4.114122282727386448e+00
2.160133421421051025e-02,-6.784949800930917263e-05,4.105024814605712891e+00,4.105024814605712891e+00,-6.758963921072230958e-05,4.105195426089761845e+00,4.105195426646173651e+00
2.189324423670768738e-02,-1.878068578662350774e-04,4.049281597137451172e+00,4.049281597137451172e+00,-1.904538163899049659e-04,4.049360299181650191e+00,4.049360303660463067e+00
2.218515425920486450e-02,-3.056245332118123770e-04,3.947378396987915039e+00,3.947378396987915039e+00,-3.176446142465419323e-04,3.947257879486175458e+00,3.947257892266959445e+00
2.247706428170204163e-02,-4.199407412670552731e-04,3.800236225128173828e+00,3.800236225128173828e+00,-4.260673669867369234e-04,3.800047973740924956e+00,3.800047997626597063e+00
2.276897430419921875e-02,-5.294583970680832863e-04,3.609689474105834961e+00,3.609689474105834961e+00,-5.301765827324733194e-04,3.609415113792095120e+00,3.609415152730149678e+00
2.306088432669639587e-02,-6.329411407932639122e-04,3.377993822097778320e+00,3.377993822097778320e+00,-6.353017178416918041e-04,3.377542720984041402e+00,3.377542780732844641e+00
2.335279434919357300e-02,-7.291740039363503456e-04,3.107596874237060547e+00,3.107596874237060547e+00,-7.269113600059278531e-04,3.107071988106143934e+00,3.107072073137987278e+00
2.364470437169075012e-02,-8.170735673047602177e-04,2.801695585250854492e+00,2.801695585250854492e+00,-8.217689878085877040e-04,2.801108571124912849e+00,2.801108691667233419e+00
2.393661439418792725e-02,-8.956593228504061699e-04,2.463856220245361328e+00,2.463856220245361328e+00,-8.962912104996556984e-04,2.463126730465853065e+00,2.463126893538645223e+00
2.422852441668510437e-02,-9.639890631660819054e-04,2.097796916961669922e+00,2.097797155380249023e+00,-9.656113854131407551e-04,2.097006409649950331e+00,2.097006631968130641e+00
2.452043443918228149e-02,-1.021298812702298164e-03,1.707763195037841797e+00,1.707763433456420898e+00,-1.026695327872541611e-03,1.706931568437620284e+00,1.706931877208991200e+00
2.481234446167945862e-02,-1.066966331563889980e-03,1.298262476921081543e+00,1.298262953758239746e+00,-1.069171083199296464e-03,1.297338154013253364e+00,1.297338594579426241e+00
2.510425262153148651e-02,-1.100420253351330757e-03,8.738967776298522949e-01,8.738973736763000488e-01,-1.100821652755744513e-03,8.729206085302972928e-01,8.729213026414326393e-01
2.539616264402866364e-02,-1.121290843002498150e-03,4.395407438278198242e-01,4.395421445369720459e-01,-1.121727664818349341e-03,4.385360374604126976e-01,4.385374720869751886e-01
2.568807266652584076e-02,-1.129379263147711754e-03,1.757217833073809743e-04,1.142967841587960720e-03,-1.129642632438698563e-03,-8.594800899649039389e-04,1.419435980264383912e-03
2.597998268902301788e-02,-1.124544185586273670e-03,-4.391981363296508789e-01,4.391995370388031006e-01,-1.124070915357815170e-03,-4.402451456752339287e-01,4.402465807090734651e-01
2.627189271152019501e-02,-1.106845214962959290e-03,-8.735418915748596191e-01,8.735424876213073730e-01,-1.106861182303326948e-03,-8.746081131922811558e-01,8.746088135866451063e-01
2.656380273401737213e-02,-1.076529035344719887e-03,-1.297927856445312500e+00,1.297928333282470703e+00,-1.075835916232754626e-03,-1.298969459040074215e+00,1.298969904555829835e+00
2.685571275651454926e-02,-1.033897744491696358e-03,-1.707472443580627441e+00,1.707472681999206543e+00,-1.032078539959856199e-03,-1.708488341309917002e+00,1.708488653043392036e+00
2.714762277901172638e-02,-9.794357465580105782e-04,-2.097472906112670898e+00,2.097473144531250000e+00,-9.762952918011004975e-04,-2.098485247970668599e+00,2.098485475075539952e+00
2.743953280150890350e-02,-9.138089953921735287e-04,-2.463562250137329102e+00,2.463562250137329102e+00,-9.136484921165485525e-04,-2.464510252738168816e+00,2.464510422093020736e+00
2.773144282400608063e-02,-8.377320482395589352e-04,-2.801486968994140625e+00,2.801486968994140625e+00,-8.361077030719955838e-04,-2.802367877831849263e+00,2.802368002561382632e+00
2.802335284650325775e-02,-7.520661456510424614e-04,-3.107336521148681641e+00,3.107336521148681641e+00,-7.487444913291415151e-04,-3.108204279714602780e+00,3.108204369898235342e+00
2.831526286900043488e-02,-6.578270113095641136e-04,-3.377764701843261719e+00,3.377764701843261719e+00,-6.525601945078174588e-04,-3.378525022157968571e+00,3.378525085178784249e+00
2.860717289149761200e-02,-5.560673889704048634e-04,-3.609586715698242188e+00,3.609586715698242188e+00,-5.555638402886551924e-04,-3.610245319498522232e+00,3.610245362245088074e+00
2.889908291399478912e-02,-4.479408671613782644e-04,-3.800069332122802734e+00,3.800069332122802734e+00,-4.528471110727478243e-04,-3.800711230561654830e+00,3.800711257539566290e+00
2.919099293649196625e-02,-3.347084275446832180e-04,-3.947232961654663086e+00,3.947232961654663086e+00,-3.304187382835778474e-04,-3.947743123609835258e+00,3.947743137437551120e+00
2.948290295898914337e-02,-2.176497946493327618e-04,-4.049296855926513672e+00,4.049296855926513672e+00,-2.092781556518170081e-04,-4.049669198734380693e+00,4.049669204141901346e+00
2.977481298148632050e-02,-9.809897892409935594e-05,-4.104969978332519531e+00,4.104969978332519531e+00,-9.548540562520514815e-05,-4.105322178204724004e+00,4.105322179315168185e+00
3.006672300398349762e-02,2.256945299450308084e-05,-4.113849163055419922e+00,4.113849163055419922e+00,1.931786218861108578e-05,-4.114064597699728765e+00,4.114064597745082708e+00
3.035863302648067474e-02,1.429820986231788993e-04,-4.075738906860351562e+00,4.075738906860351562e+00,1.494996144600645757e-04,-4.075797985911617793e+00,4.075797988653428128e+00
3.065054304897785187e-02,2.617550198920071125e-04,-3.990920305252075195e+00,3.990920305252075195e+00,2.700958675416528635e-04,-3.990959432357180869e+00,3.990959441496810367e+00
3.094245120882987976e-02,3.775423974730074406e-04,-3.860609292984008789e+00,3.860609292984008789e+00,3.782516895264873610e-04,-3.860515972854011491e+00,3.860515991384480206e+00
3.123436123132705688e-02,4.890218842774629593e-04,-3.686215639114379883e+00,3.686215639114379883e+00,4.984502400836014367e-04,-3.685965948869318609e+00,3.685965982571832722e+00
3.152627125382423401e-02,5.948941106908023357e-04,-3.469561815261840820e+00,3.469561815261840820e+00,5.988525256743245772e-04,-3.469291258216557594e+00,3.469291309902092557e+00
3.181818127632141113e-02,6.939837476238608360e-04,-3.213359594345092773e+00,3.213359594345092773e+00,6.992505937034972823e-04,-3.212978532483810046e+00,3.212978608573858974e+00
3.211009129881858826e-02,7.851538830436766148e-04,-2.920478820800781250e+00,2.920478820800781250e+00,7.856939721888686482e-04,-2.919947319834322208e+00,2.919947425540854180e+00
3.240200132131576538e-02,8.673197589814662933e-04,-2.594100952148437500e+00,2.594100952148437500e+00,8.640987791300018279e-04,-2.593550064227546414e+00,2.593550208174387972e+00
3.269391134381294250e-02,9.395970264449715614e-04,-2.238158702850341797e+00,2.238158702850341797e+00,9.421933664257149893e-04,-2.237530133776227004e+00,2.237530332148594869e+00
3.298582136631011963e-02,1.001155353151261806e-03,-1.856675624847412109e+00,1.856675863265991211e+00,1.001597795002553493e-03,-1.855928104564108061e+00,1.855928374832678251e+00
3.327773138880729675e-02,1.051227562129497528e-03,-1.453887104988098145e+00,1.453887462615966797e+00,1.052333463763424279e-03,-1.453127763596330224e+00,1.453128144638383690e+00
3.356964141130447388e-02,1.089315395802259445e-03,-1.034534692764282227e+00,1.034535169601440430e+00,1.092569496127834610e-03,-1.033730956928730960e+00,1.033731534307091637e+00
3.386155143380165100e-02,1.114980201236903667e-03,-6.033768057823181152e-01,6.033778190612792969e-01,1.116147138921505435e-03,-6.025071566930171318e-01,6.025081905258546922e-01
3.415346145629882812e-02,1.127848052419722080e-03,-1.652891635894775391e-01,1.652930080890655518e-01,1.128116934466407871e-03,-1.643985698592158318e-01,1.644024404307104226e-01
3.444537147879600525e-02,1.127858879044651985e-03,2.746710181236267090e-01,2.746733129024505615e-01,1.127890925383894394e-03,2.755806921052803560e-01,2.755830001998760825e-01
3.473728150129318237e-02,1.115011400543153286e-03,7.115073800086975098e-01,7.115082144737243652e-01,1.115585804591519813e-03,7.124188232537529419e-01,7.124196967083022969e-01
3.502919152379035950e-02,1.089361263439059258e-03,1.140179753303527832e+00,1.140180349349975586e+00,1.087674805279036658e-03,1.141101224509910583e+00,1.141101742884699677e+00
3.532110154628753662e-02,1.051293918862938881e-03,1.555842041969299316e+00,1.555842399597167969e+00,1.051258304754194763e-03,1.556759705776921354e+00,1.556760060726980033e+00
3.561301156878471375e-02,1.001242082566022873e-03,1.953775286674499512e+00,1.953775525093078613e+00,1.000090359300734267e-03,1.954622527699857226e+00,1.954622783549937681e+00
3.590492159128189087e-02,9.396948735229671001e-04,2.329284429550170898e+00,2.329284429550170898e+00,9.327833941643508611e-04,2.330144500951653708e+00,2.330144687653556534e+00
3.619683161377906799e-02,8.674349519424140453e-04,2.678223371505737305e+00,2.678223371505737305e+00,8.633401756225618333e-04,2.679054240377849005e+00,2.679054379485939386e+00
3.648874163627624512e-02,7.852858980186283588e-04,2.996636629104614258e+00,2.996636629104614258e+00,7.849864028577943197e-04,2.997350805858852496e+00,2.997350908650231016e+00
3.678065165877342224e-02,6.941236788406968117e-04,3.280665874481201172e+00,3.280665874481201172e+00,6.921582426730882309e-04,3.281392021531480907e+00,3.281392094531449199e+00
3.707256168127059937e-02,5.950464401394128799e-04,3.527266025543212891e+00,3.527266025543212891e+00,5.979947674229684016e-04,3.527942660393053043e+00,3.527942711073829063e+00
3.736447170376777649e-02,4.891850985586643219e-04,3.733659982681274414e+00,3.733659982681274414e+00,4.833168308380539737e-04,3.734173504954536593e+00,3.734173536232562984e+00
3.765638172626495361e-02,3.777101810555905104e-04,3.897226333618164062e+00,3.897226333618164062e+00,3.771517372444679428e-04,3.897742837590330023e+00,3.897742855837228237e+00
3.794829174876213074e-02,2.619282167870551348e-04,4.016317844390869141e+00,4.016317844390869141e+00,2.575202784012663019e-04,4.016771463393276953e+00,4.016771471648251435e+00
3.824020177125930786e-02,1.431596901966258883e-04,4.089626312255859375e+00,4.089626312255859375e+00,1.366830821989269108e-04,4.089902797769851439e+00,4.089902800053801357e+00
3.853211179375648499e-02,2.274723556183744222e-05,4.116039276123046875e+00,4.116039276123046875e+00,1.427072287535619142e-05,4.116300075881914822e+00,4.116300075906652367e+00
3.882402181625366211e-02,-9.792183846002444625e-05,4.095466613769531250e+00,4.095466613769531250e+00,-1.005112567188496021e-04,4.095662400565871053e+00,4.095662401799189389e+00
3.911592811346054077e-02,-2.174736291635781527e-04,4.028209209442138672e+00,4.028209209442138672e+00,-2.181405734888534605e-04,4.028226725736513636e+00,4.028226731642996938e+00
3.940783813595771790e-02,-3.345365112181752920e-04,3.914774417877197266e+00,3.914774417877197266e+00,-3.370859989290063961e-04,3.914762328480751563e+00,3.914762342993378219e+00
3.969974815845489502e-02,-4.477763723116368055e-04,3.756637811660766602e+00,3.756637811660766602e+00,-4.519951756919933549e-04,3.756566164539931307e+00,3.756566191732270354e+00
3.999165818095207214e-02,-5.559120327234268188e-04,3.555678129196166992e+00,3.555678129196166992e+00,-5.566062286827965118e-04,3.555440406589568170e+00,3.555440450158079635e+00
4.028356820344924927e-02,-6.576799787580966949e-04,3.313969373703002930e+00,3.313969373703002930e+00,-6.661213632052329124e-04,3.313697623086456101e+00,3.313697690038501342e+00
4.057547822594642639e-02,-7.519319769926369190e-04,3.034410715103149414e+00,3.034410715103149414e+00,-7.553258665439533965e-04,3.034081721037941826e+00,3.034081815056034692e+00
4.086738824844360352e-02,-8.376133046112954617e-04,2.720258712768554688e+00,2.720258712768554688e+00,-8.419768293065175860e-04,2.719801625823364599e+00,2.719801756149958560e+00
4.115929827094078064e-02,-9.137017186731100082e-04,2.374941587448120117e+00,2.374941587448120117e+00,-9.142630153308472802e-04,2.374437581576861689e+00,2.374437757592612996e+00
4.145120829343795776e-02,-9.793464560061693192e-04,2.002493381500244141e+00,2.002493619918823242e+00,-9.769971961379290970e-04,2.001940993755012776e+00,2.001941232154512917e+00
4.174311831593513489e-02,-1.033827778883278370e-03,1.607215404510498047e+00,1.607215642929077148e+00,-1.035837060688791621e-03,1.606583362138900739e+00,1.606583696064400657e+00
4.203502833843231201e-02,-1.076472341082990170e-03,1.193526387214660645e+00,1.193526864051818848e+00,-1.078543213507487464e-03,1.192861126667574601e+00,1.192861614257957115e+00
4.232693836092948914e-02,-1.106809359043836594e-03,7.662063837051391602e-01,7.662072181701660156e-01,-1.107082656359271522e-03,7.655009511660748611e-01,7.655017517081024181e-01
4.261884838342666626e-02,-1.124529982917010784e-03,3.301445841789245605e-01,3.301464617252349854e-01,-1.125646262745121562e-03,3.294091408887735994e-01,3.294110641441612142e-01
4.291075840592384338e-02,-1.129379263147711754e-03,-1.097024232149124146e-01,1.097082272171974182e-01,-1.129358102412523785e-03,-1.104621364323317562e-01,1.104679095254298832e-01
4.320266842842102051e-02,-1.121312496252357960e-03,-5.482813715934753418e-01,5.482825040817260742e-01,-1.120692918425675528e-03,-5.490634345649474390e-01,5.490645782864468361e-01
4.349457845091819763e-02,-1.100463443435728550e-03,-9.806166291236877441e-01,9.806172251701354980e-01,-1.100533358277534053e-03,-9.813985370092861427e-01,9.813991540742431630e-01
4.378648847341537476e-02,-1.067022443749010563e-03,-1.401738643646240234e+00,1.401739001274108887e+00,-1.068342995196595174e-03,-1.402521119968532570e+00,1.402521526863150347e+00
4.407839849591255188e-02,-1.021375181153416634e-03,-1.806811809539794922e+00,1.806812047958374023e+00,-1.019677194293043977e-03,-1.807599598048970524e+00,1.807599885651794303e+00
4.437030851840972900e-02,-9.640845237299799919e-04,-2.191293239593505859e+00,2.191293478012084961e+00,-9.597897216308321931e-04,-2.192034190372583513e+00,2.192034400496191360e+00
4.466221854090690613e-02,-8.957659010775387287e-04,-2.550718069076538086e+00,2.550718069076538086e+00,-8.954892939332970451e-04,-2.551424965097241149e+00,2.551425122244925348e+00
4.495412856340408325e-02,-8.171972585842013359e-04,-2.880940437316894531e+00,2.880940437316894531e+00,-8.087461708874087683e-04,-2.881652397847474845e+00,2.881652511336241673e+00
4.524603858590126038e-02,-7.293124799616634846e-04,-3.178325176239013672e+00,3.178325176239013672e+00,-7.259797200683487748e-04,-3.178961450796831123e+00,3.178961533692858055e+00
4.553794860839843750e-02,-6.330874748528003693e-04,-3.439375877380371094e+00,3.439375877380371094e+00,-6.328340363249081212e-04,-3.439947640737688772e+00,3.439947698947718902e+00
4.582985863089561462e-02,-5.296166636981070042e-04,-3.661042451858520508e+00,3.661042451858520508e+00,-5.291636229745671442e-04,-3.661620050426973805e+00,3.661620088663346984e+00
4.612176865339279175e-02,-4.201080300845205784e-04,-3.840977191925048828e+00,3.840977191925048828e+00,-4.232670492720974273e-04,-3.841457542226758282e+00,3.841457565545380870e+00
4.641367867588996887e-02,-3.057956637348979712e-04,-3.977016210556030273e+00,3.977016210556030273e+00,-3.014611097371296404e-04,-3.977394266968335756e+00,3.977394278392750060e+00
4.670558869838714600e-02,-1.879836781881749630e-04,-4.067501544952392578e+00,4.067501544952392578e+00,-1.874422429993197073e-04,-4.067888221569567975e+00,4.067888225888097509e+00
4.699749872088432312e-02,-6.802849384257569909e-05,-4.111620903015136719e+00,4.111620903015136719e+00,-6.745008329006821498e-05,-4.111898037895783453e+00,4.111898038448996040e+00
4.728940874338150024e-02,5.270655674394220114e-05,-4.108766078948974609e+00,4.108766078948974609e+00,6.506316436412086209e-05,-4.108924146262574517e+00,4.108924146777699349e+00
4.758131876587867737e-02,1.728349743643775582e-04,-4.058834552764892578e+00,4.058834552764892578e+00,1.811954678659924108e-04,-4.058998906550755237e+00,4.058998910595077447e+00
4.787322878837585449e-02,2.909931645262986422e-04,-3.962635278701782227e+00,3.962635278701782227e+00,2.916298405288031436e-04,-3.962692494880851513e+00,3.962692505611933758e+00
4.816513881087303162e-02,4.058307677041739225e-04,-3.821177959442138672e+00,3.821177959442138672e+00,4.101109104641650406e-04,-3.821106487951721142e+00,3.821106509959869335e+00
4.845704883337020874e-02,5.160144064575433731e-04,-3.635925531387329102e+00,3.635925531387329102e+00,5.131847397695962461e-04,-3.635857241959187469e+00,3.635857278176035212e+00
4.874895885586738586e-02,6.203155498951673508e-04,-3.409227132797241211e+00,3.409227132797241211e+00,6.273815232991487943e-04,-3.409067777727435189e+00,3.409067835456937257e+00
4.904086887836456299e-02,7.175374776124954224e-04,-3.143601655960083008e+00,3.143601655960083008e+00,7.180624866660061025e-04,-3.143318500810975191e+00,3.143318582828392049e+00
4.933277890086174011e-02,8.065300062298774719e-04,-2.841936588287353516e+00,2.841936588287353516e+00,8.097519380711504277e-04,-2.841654374206525890e+00,2.841654489579140463e+00
4.962468892335891724e-02,8.863283437676727772e-04,-2.507877111434936523e+00,2.507877111434936523e+00,8.891824876880032339e-04,-2.507523039920680485e+00,2.507523197575357798e+00
4.991659894585609436e-02,9.560137405060231686e-04,-2.145188570022583008e+00,2.145188808441162109e+00,9.604821235298469659e-04,-2.144736373345793812e+00,2.144736588413219902e+00
5.020850524306297302e-02,1.014731475152075291e-03,-1.757905602455139160e+00,1.757905840873718262e+00,1.015170016407358463e-03,-1.757439290299016355e+00,1.757439583501200220e+00
5.050041526556015015e-02,1.061882125213742256e-03,-1.350582361221313477e+00,1.350582718849182129e+00,1.062149751493679430e-03,-1.350067830992579987e+00,1.350068248809334959e+00
5.079232528805732727e-02,1.096920343115925789e-03,-9.278404116630554199e-01,9.278410673141479492e-01,1.098077940244966341e-03,-9.272660818925423376e-01,9.272667320698558813e-01
5.108423531055450439e-02,1.119371270760893822e-03,-4.944587051868438721e-01,4.944599568843841553e-01,1.120083093557514399e-03,-4.938729117350482700e-01,4.938741818842035114e-01
5.137614533305168152e-02,1.129061798565089703e-03,-5.544574186205863953e-02,5.545723438262939453e-02,1.129210746168212353e-03,-5.482477581169251796e-02,5.483640359935729874e-02
5.166805535554885864e-02,1.125877257436513901e-03,3.842123150825500488e-01,3.842139542102813721e-01,1.125215353511161255e-03,3.848303107240156895e-01,3.848319557437171468e-01
5.195996537804603577e-02,1.109768869355320930e-03,8.194537162780761719e-01,8.194543719291687012e-01,1.109068362857819475e-03,8.201076043465574950e-01,8.201083542677047866e-01
5.225187540054321289e-02,1.081010326743125916e-03,1.245347499847412109e+00,1.245347976684570312e+00,1.079805856783673610e-03,1.246002477406556563e+00,1.246002945295060060e+00
5.254378542304039001e-02,1.039927708916366100e-03,1.657057762145996094e+00,1.657058000564575195e+00,1.039908444705659862e-03,1.657670559067833560e+00,1.657670885251302462e+00
5.283569544553756714e-02,9.869043715298175812e-04,2.049735069274902344e+00,2.049735307693481445e+00,9.906205240343851116e-04,2.050393225933829111e+00,2.050393465236454826e+00
5.312760546803474426e-02,9.226317633874714375e-04,2.419039726257324219e+00,2.419039726257324219e+00,9.201463979947268517e-04,2.419677145037184118e+00,2.419677319992211917e+00
5.341951549053192139e-02,8.478408562950789928e-04,2.760774135589599609e+00,2.760774135589599609e+00,8.450304311840080729e-04,2.761316203818394044e+00,2.761316333118402078e+00
5.371142551302909851e-02,7.633167551830410957e-04,3.070823431015014648e+00,3.070823431015014648e+00,7.631101081796513299e-04,3.071411377391468633e+00,3.071411472191050152e+00
5.400333553552627563e-02,6.700904341414570808e-04,3.345844984054565430e+00,3.345844984054565430e+00,6.601089787340870107e-04,3.346400993023196602e+00,3.346401058129539141e+00
5.429524555802345276e-02,5.692243576049804688e-04,3.582729339599609375e+00,3.582729339599609375e+00,5.654552259729796670e-04,3.583159293741616125e+00,3.583159338358612445e+00
5.458715558052062988e-02,4.618251987267285585e-04,3.778507232666015625e+00,3.778507232666015625e+00,4.542144833756618020e-04,3.778972431045310554e+00,3.778972458342519047e+00
5.487906560301780701e-02,3.491604875307530165e-04,3.931174993515014648e+00,3.931174993515014648e+00,3.486569450229445324e-04,3.931606409606205776e+00,3.931606425065746979e+00
5.517097562551498413e-02,2.325145615031942725e-04,4.039031028747558594e+00,4.039031028747558594e+00,2.281480845626163883e-04,4.039313959529486020e+00,4.039313965972603171e+00
5.546288564801216125e-02,1.131995522882789373e-04,4.100560665130615234e+00,4.100560665130615234e+00,1.087621990232560867e-04,4.100865684567389202e+00,4.100865686009671940e+00
5.575479567050933838e-02,-7.404190455417847261e-06,4.115292072296142578e+00,4.115292072296142578e+00,-1.580544093177291740e-05,4.115559268716520336e+00,4.115559268746869392e+00
5.604670569300651550e-02,-1.279242278542369604e-04,4.083111763000488281e+00,4.083111763000488281e+00,-1.285017443471162739e-04,4.083226067676946514e+00,4.083226069698961957e+00
5.633861571550369263e-02,-2.469798491802066565e-04,4.004114151000976562e+00,4.004114151000976562e+00,-2.513700681776208303e-04,4.004235498628744949e+00,4.004235506518753596e+00
5.663052573800086975e-02,-3.632128646131604910e-04,3.879405021667480469e+00,3.879405021667480469e+00,-3.674962524720210792e-04,3.879491580317373955e+00,3.879491597723455865e+00
5.692243576049804688e-02,-4.753058310598134995e-04,3.710473060607910156e+00,3.710473060607910156e+00,-4.758597462687103735e-04,3.710414528480875163e+00,3.710414558995322132e+00
5.721434578299522400e-02,-5.819533835165202618e-04,3.499009609222412109e+00,3.499009609222412109e+00,-5.825215726318316162e-04,3.498944454825686723e+00,3.498944503316222310e+00
5.750625580549240112e-02,-6.819520494900643826e-04,3.247589111328125000e+00,3.247589111328125000e+00,-6.856292987300653067e-04,3.247492436020062989e+00,3.247492508397064714e+00
5.779816582798957825e-02,-7.741769077256321907e-04,2.959148645401000977e+00,2.959148645401000977e+00,-7.775588490164021295e-04,2.958934998107270342e+00,2.958935100272027885e+00
5.809007585048675537e-02,-8.575338288210332394e-04,2.636797189712524414e+00,2.636797189712524414e+00,-8.580569470296328270e-04,2.636558835782057297e+00,2.636558975407559569e+00
5.838198587298393250e-02,-9.310915484093129635e-04,2.284327507019042969e+00,2.284327507019042969e+00,-9.315640037740233713e-04,2.284064665627168367e+00,2.284064855598028299e+00
5.867389589548110962e-02,-9.940351592376828194e-04,1.905818939208984375e+00,1.905819177627563477e+00,-9.961769853959196851e-04,1.905468626707843782e+00,1.905468887107963916e+00
5.896580591797828674e-02,-1.045595621690154076e-03,1.505473256111145020e+00,1.505473613739013672e+00,-1.048768958534203885e-03,1.505099467166975957e+00,1.505099832563489226e+00
5.925771594047546387e-02,-1.085204421542584896e-03,1.087929368019104004e+00,1.087929844856262207e+00,-1.085611557783199184e-03,1.087528408146336556e+00,1.087528949995244743e+00
5.954962596297264099e-02,-1.112442463636398315e-03,6.579863429069519043e-01,6.579872965812683105e-01,-1.113319057985456264e-03,6.575345260187721586e-01,6.575354685384326991e-01
5.984153598546981812e-02,-1.126945018768310547e-03,2.204988002777099609e-01,2.205016613006591797e-01,-1.127342909464217838e-03,2.200311186990210888e-01,2.200340066852808640e-01
6.013344600796699524e-02,-1.128562027588486671e-03,-2.195015549659729004e-01,2.195044606924057007e-01,-1.128378090973155634e-03,-2.199903653155233230e-01,2.199932591439419383e-01
6.042535603046417236e-02,-1.117314444854855537e-03,-6.569957733154296875e-01,6.569967269897460938e-01,-1.117499380854444216e-03,-6.575019579898212507e-01,6.575029076478026147e-01
6.071726605296134949e-02,-1.093279221095144749e-03,-1.086983084678649902e+00,1.086983561515808105e+00,-1.092423088937606980e-03,-1.087496784790884297e+00,1.087497333476600492e+00
6.100917607545852661e-02,-1.056739594787359238e-03,-1.504530072212219238e+00,1.504530429840087891e+00,-1.055351591146096646e-03,-1.505061461636831188e+00,1.505061831643927928e+00
6.130108609795570374e-02,-1.008154358714818954e-03,-1.904921650886535645e+00,1.904921889305114746e+00,-1.004339521577351547e-03,-1.905432418231078229e+00,1.905432682921075926e+00
6.159299239516258240e-02,-9.480347507633268833e-04,-2.283527135848999023e+00,2.283527135848999023e+00,-9.478720350821647064e-04,-2.284033949879100689e+00,2.284034146562113232e+00
6.188490241765975952e-02,-8.770679705776274204e-04,-2.636003017425537109e+00,2.636003017425537109e+00,-8.767750451464948261e-04,-2.636530665827547359e+00,2.636530811612777470e+00
6.217681244015693665e-02,-7.961042574606835842e-04,-2.958425283432006836e+00,2.958425283432006836e+00,-7.931090850670750869e-04,-2.958903857634990420e+00,2.958903963928070535e+00
6.246872246265411377e-02,-7.060336647555232048e-04,-3.247024536132812500e+00,3.247024536132812500e+00,-7.026282599613150161e-04,-3.247464753213825883e+00,3.247464829224884664e+00
6.276063621044158936e-02,-6.078829173929989338e-04,-3.498452663421630859e+00,3.498452663421630859e+00,-6.075434091716906638e-04,-3.498925260541944748e+00,3.498925313287997163e+00
6.305254250764846802e-02,-5.028044106438755989e-04,-3.709996700286865234e+00,3.709996700286865234e+00,-5.024650527937162383e-04,-3.710398388993723540e+00,3.710398423015828673e+00
6.334445625543594360e-02,-3.919730370398610830e-04,-3.879137516021728516e+00,3.879137516021728516e+00,-3.878839140935413650e-04,-3.879476672021253680e+00,3.879476691412262479e+00
6.363636255264282227e-02,-2.766576362773776054e-04,-4.003852844238281250e+00,4.003852844238281250e+00,-2.724006437048183513e-04,-4.004225041911197991e+00,4.004225051176674377e+00
6.392827630043029785e-02,-1.581864198669791222e-04,-4.082928657531738281e+00,4.082928657531738281e+00,-1.538070200127635543e-04,-4.083221835437808700e+00,4.083221838334614162e+00
6.422018259763717651e-02,-3.791111885220743716e-05,-4.115346431732177734e+00,4.115346431732177734e+00,-3.740270030120904977e-05,-4.115558091342802705e+00,4.115558091512762751e+00
6.451209634542465210e-02,8.280323527287691832e-05,-4.100623607635498047e+00,4.100623607635498047e+00,9.115766926308675787e-05,-4.100869140254900458e+00,4.100869141268066009e+00
6.480400264263153076e-02,2.025692956522107124e-04,-4.039157390594482422e+00,4.039157390594482422e+00,2.069641490942124729e-04,-4.039322771697329451e+00,4.039322776999475728e+00
6.509591639041900635e-02,3.200270293746143579e-04,-3.931546211242675781e+00,3.931546211242675781e+00,3.243088982878243186e-04,-3.931616248177801420e+00,3.931616261553503744e+00
6.538782268762588501e-02,4.338134313002228737e-04,-3.778887033462524414e+00,3.778887033462524414e+00,4.343648992824949507e-04,-3.778990280318891060e+00,3.778990305282287299e+00
6.567973643541336060e-02,5.426558782346546650e-04,-3.583148479461669922e+00,3.583148479461669922e+00,5.501282173612521411e-04,-3.583179511091629799e+00,3.583179553322427324e+00
6.597164273262023926e-02,6.452990928664803505e-04,-3.346500635147094727e+00,3.346500635147094727e+00,6.523115647315087719e-04,-3.346429240456295418e+00,3.346429304033072594e+00
6.626355648040771484e-02,7.405491778627038002e-04,-3.071479797363281250e+00,3.071479797363281250e+00,7.439904977439310702e-04,-3.071433611324835056e+00,3.071433701432895624e+00
6.655546277761459351e-02,8.273536222986876965e-04,-2.761457920074462891e+00,2.761457920074462891e+00,8.304742793111090631e-04,-2.761349482204937811e+00,2.761349607087267177e+00
6.684737652540206909e-02,9.047181811183691025e-04,-2.419898509979248047e+00,2.419898509979248047e+00,9.051124752766220036e-04,-2.419703834373786222e+00,2.419704003656603319e+00
6.713928282260894775e-02,9.717052453197538853e-04,-2.050598859786987305e+00,2.050599098205566406e+00,9.760919815667664550e-04,-2.050425366685675321e+00,2.050425599016858058e+00
6.743118911981582642e-02,1.027614576742053032e-03,-1.657931804656982422e+00,1.657932043075561523e+00,1.029570129147157429e-03,-1.657715122924242612e+00,1.657715442645808279e+00
6.772310286760330200e-02,1.071799662895500660e-03,-1.246336579322814941e+00,1.246337056159973145e+00,1.073343056400740238e-03,-1.246045057129291145e+00,1.246045519417992686e+00
6.801500916481018066e-02,1.103689312003552914e-03,-8.204453587532043457e-01,8.204460144042968750e-01,1.104846247414470245e-03,-8.201514365304112264e-01,8.201521807129014130e-01
6.830692291259765625e-02,1.122997491620481014e-03,-3.852003812789916992e-01,3.852019906044006348e-01,1.123316834433632071e-03,-3.848748302353843243e-01,3.848764695190216578e-01
6.859882920980453491e-02,1.129496493376791477e-03,5.443948879837989807e-02,5.445120111107826233e-02,1.129510156306590303e-03,5.478004963837961733e-02,5.479169308915846082e-02
6.889074295759201050e-02,1.123032998293638229e-03,4.934645593166351318e-01,4.934657812118530273e-01,1.122556790842055502e-03,4.938285200008415421e-01,4.938297958811013744e-01
6.918264925479888916e-02,1.103768241591751575e-03,9.268420934677124023e-01,9.268427491188049316e-01,1.102947323851830941e-03,9.272225497207486899e-01,9.272232057080136425e-01
6.947456300258636475e-02,1.071917708031833172e-03,1.349664688110351562e+00,1.349665045738220215e+00,1.071995154541682685e-03,1.350032980955704121e+00,1.350033406565095184e+00
6.976646929979324341e-02,1.027761376462876797e-03,1.756992220878601074e+00,1.756992459297180176e+00,1.024430226514477316e-03,1.757398848089895882e+00,1.757399146672429024e+00
7.005838304758071899e-02,9.718891815282404423e-04,2.144289731979370117e+00,2.144289970397949219e+00,9.698183889110132067e-04,2.144701585683662870e+00,2.144701804956046676e+00
7.035028934478759766e-02,9.049377986229956150e-04,2.507145166397094727e+00,2.507145166397094727e+00,9.023263078787153134e-04,2.507487538483195610e+00,2.507487700835496103e+00
7.064220309257507324e-02,8.275944273918867111e-04,2.841223716735839844e+00,2.841223716735839844e+00,8.274507455156199145e-04,2.841630826456973402e+00,2.841630946929118107e+00
7.093410938978195190e-02,7.408209494315087795e-04,3.142888545989990234e+00,3.142888545989990234e+00,7.405797971570249588e-04,3.143294885674967176e+00,3.143294972917565655e+00
7.122602313756942749e-02,6.455987459048628807e-04,3.408740043640136719e+00,3.408740043640136719e+00,6.420118222678940223e-04,3.409045141033995474e+00,3.409045201487753030e+00
7.151792943477630615e-02,5.429675220511853695e-04,3.635467529296875000e+00,3.635467529296875000e+00,5.391587559469066112e-04,3.635839733890696923e+00,3.635839773866628821e+00
7.180984318256378174e-02,4.341438761912286282e-04,3.820730447769165039e+00,3.820730447769165039e+00,4.337793388262851935e-04,3.821094226589724752e+00,3.821094251211535120e+00
7.210174947977066040e-02,3.203715314157307148e-04,3.962438821792602539e+00,3.962438821792602539e+00,3.199794387514883951e-04,3.962682290583512401e+00,3.962682303502392589e+00
7.239366322755813599e-02,2.029200841207057238e-04,4.058689594268798828e+00,4.058689594268798828e+00,1.986116115718601432e-04,4.058991720010419080e+00,4.058991724869577489e+00
7.268556952476501465e-02,8.316271123476326466e-05,4.108627796173095703e+00,4.108627796173095703e+00,7.877840083134284553e-05,4.108921351466685579e+00,4.108921352221875267e+00
7.297748327255249023e-02,-3.755122088477946818e-05,4.111732482910156250e+00,4.111732482910156250e+00,-3.803924838118403486e-05,4.111899928317645170e+00,4.111899928493595979e+00
7.326938956975936890e-02,-1.578321098349988461e-04,4.067681789398193359e+00,4.067681789398193359e+00,-1.583173951659817467e-04,4.067893967547935752e+00,4.067893970628693623e+00
7.356130331754684448e-02,-2.763115044217556715e-04,3.977202415466308594e+00,3.977202415466308594e+00,-2.806190654797823133e-04,3.977405830988671731e+00,3.977405840887970889e+00
7.385320961475372314e-02,-3.916401474270969629e-04,3.841386079788208008e+00,3.841386079788208008e+00,-3.957859741934085119e-04,3.841470860335867599e+00,3.841470880724742187e+00
7.414512336254119873e-02,-5.024825804866850376e-04,3.661525487899780273e+00,3.661525487899780273e+00,-5.029855105236930458e-04,3.661636643236886535e+00,3.661636677783517868e+00
7.443702965974807739e-02,-6.075795972719788551e-04,3.439872503280639648e+00,3.439872503280639648e+00,-6.081739391184311791e-04,3.439967804979837229e+00,3.439967858741319162e+00
7.472894340753555298e-02,-7.057573529891669750e-04,3.178992509841918945e+00,3.178992509841918945e+00,-7.091707808810639819e-04,3.178989920663311430e+00,3.178989999764410435e+00
7.502084970474243164e-02,-7.958454662002623081e-04,2.881685018539428711e+00,2.881685018539428711e+00,-7.990782164339596712e-04,2.881690183815041717e+00,2.881690294605228075e+00
7.531276345252990723e-02,-8.768432890065014362e-04,2.551460742950439453e+00,2.551460742950439453e+00,-8.772743089658603189e-04,2.551453806674374825e+00,2.551453957492349378e+00
7.560466974973678589e-02,-9.478444699198007584e-04,2.192156076431274414e+00,2.192156314849853516e+00,-9.483445521598971766e-04,2.192072383383672829e+00,2.192072588522278931e+00
7.589658349752426147e-02,-1.007989747449755669e-03,1.807724833488464355e+00,1.807725071907043457e+00,-1.011894689097705925e-03,1.807636214805679487e+00,1.807636498029364880e+00
7.618848979473114014e-02,-1.056613167747855186e-03,1.402666091918945312e+00,1.402666449546813965e+00,-1.058189504505182600e-03,1.402555836039172110e+00,1.402556235226441350e+00
7.648040354251861572e-02,-1.093194819986820221e-03,9.815936088562011719e-01,9.815942049026489258e-01,-1.094318055582461317e-03,9.814304660626365084e-01,9.814310761576334752e-01
7.677230983972549438e-02,-1.117257052101194859e-03,5.492857694625854492e-01,5.492869019508361816e-01,-1.117553637431123372e-03,5.491096159805145538e-01,5.491107532077665887e-01
7.706422358751296997e-02,-1.128547941334545612e-03,1.106967031955718994e-01,1.107024550437927246e-01,-1.128940258426227184e-03,1.105029140458794329e-01,1.105086807392890308e-01
7.735612988471984863e-02,-1.126974006183445454e-03,-3.291455805301666260e-01,3.291475176811218262e-01,-1.126948006197652213e-03,-3.293547782196116214e-01,3.293567062440025950e-01
7.764804363250732422e-02,-1.112498692236840725e-03,-7.652372717857360840e-01,7.652381062507629395e-01,-1.111829026015099739e-03,-7.654685773813714178e-01,7.654693848365482500e-01
7.793994992971420288e-02,-1.085303607396781445e-03,-1.192548513412475586e+00,1.192548990249633789e+00,-1.084280047529613458e-03,-1.192820111004159411e+00,1.192820603812323688e+00
7.823185622692108154e-02,-1.045736367814242840e-03,-1.606278061866760254e+00,1.606278419494628906e+00,-1.045794206268488681e-03,-1.606538607416389652e+00,1.606538947802048867e+00
7.852376997470855713e-02,-9.942007018253207207e-04,-2.001643180847167969e+00,2.001643419265747070e+00,-9.904250500033708743e-04,-2.001910770984119736e+00,2.001911015985478937e+00
7.881567627191543579e-02,-9.312942274846136570e-04,-2.374094009399414062e+00,2.374094009399414062e+00,-9.289691689004639027e-04,-2.374398020023231304e+00,2.374398201750068438e+00
7.910759001970291138e-02,-8.577698026783764362e-04,-2.719491004943847656e+00,2.719491004943847656e+00,-8.549857919197625684e-04,-2.719769596295221081e+00,2.719769730681731001e+00
7.939949631690979004e-02,-7.744341855868697166e-04,-3.033777236938476562e+00,3.033777236938476562e+00,-7.742604930014047046e-04,-3.034048585101795759e+00,3.034048683893769915e+00
7.969141006469726562e-02,-6.822376744821667671e-04,-3.313341856002807617e+00,3.313341856002807617e+00,-6.756584696071897111e-04,-3.313667632166688914e+00,3.313667701050236669e+00
7.998331636190414429e-02,-5.822644452564418316e-04,-3.555136203765869141e+00,3.555136203765869141e+00,-5.752115295594489777e-04,-3.555417788412358338e+00,3.555417834942516286e+00
8.027523010969161987e-02,-4.756287380587309599e-04,-3.756288766860961914e+00,3.756288766860961914e+00,-4.716912726541928912e-04,-3.756547604846237398e+00,3.756547634460217555e+00
8.056713640689849854e-02,-3.635522734839469194e-04,-3.914432048797607422e+00,3.914432048797607422e+00,-3.594467636661646749e-04,-3.914747804511327534e+00,3.914747821013280671e+00
8.085905015468597412e-02,-2.473293570801615715e-04,-4.027955532073974609e+00,4.027955532073974609e+00,-2.469656522499052141e-04,-4.028218802619274008e+00,4.028218810189869714e+00
8.115095645189285278e-02,-1.282799639739096165e-04,-4.095437526702880859e+00,4.095437526702880859e+00,-1.200468555335272504e-04,-4.095658274245878694e+00,4.095658276005210041e+00
8.144287019968032837e-02,-7.762981113046407700e-06,-4.116018295288085938e+00,4.116018295288085938e+00,-3.401969767453237924e-06,-4.116300403648511796e+00,4.116300403649917783e+00
8.173477649688720703e-02,1.128414005506783724e-04,-4.089679718017578125e+00,4.089679718017578125e+00,1.171799119948328810e-04,-4.089906943677434015e+00,4.089906945356093892e+00
8.202669024467468262e-02,2.321620995644479990e-04,-4.016610145568847656e+00,4.016610145568847656e+00,2.326425750772194868e-04,-4.016778565278744217e+00,4.016778572015805793e+00
8.231859654188156128e-02,3.488187794573605061e-04,-3.897526979446411133e+00,3.897526979446411133e+00,3.492854638962557875e-04,-3.897754565507169922e+00,3.897754581157248488e+00
8.261051028966903687e-02,4.615006328094750643e-04,-3.734012365341186523e+00,3.734012365341186523e+00,4.655822998465467097e-04,-3.734191479801927116e+00,3.734191508826533834e+00
8.290241658687591553e-02,5.689086392521858215e-04,-3.527854204177856445e+00,3.527854204177856445e+00,5.728019018866798741e-04,-3.527961880814185491e+00,3.527961927314407387e+00
8.319433033466339111e-02,6.698005599901080132e-04,-3.281256675720214844e+00,3.281256675720214844e+00,6.702335902950072154e-04,-3.281412903754838517e+00,3.281412972202955025e+00
8.348623663187026978e-02,7.630533655174076557e-04,-2.997264862060546875e+00,2.997264862060546875e+00,7.635072297935679292e-04,-2.997375810630478199e+00,2.997375907872752432e+00
8.377815037965774536e-02,8.475984795950353146e-04,-2.679036140441894531e+00,2.679036140441894531e+00,8.504383937985297197e-04,-2.679086515982886940e+00,2.679086650962746674e+00
8.407005667686462402e-02,9.224231471307575703e-04,-2.330103158950805664e+00,2.330103158950805664e+00,9.251008957095860265e-04,-2.330187677710494398e+00,2.330187861346268097e+00
8.436197042465209961e-02,9.867333574220538139e-04,-1.954605460166931152e+00,1.954605698585510254e+00,9.870983988997934604e-04,-1.954653313812694693e+00,1.954653563054639553e+00
8.465387672185897827e-02,1.039780327118933201e-03,-1.556809425354003906e+00,1.556809782981872559e+00,1.040043935672505014e-03,-1.556793832384118614e+00,1.556794179794046995e+00
8.494579046964645386e-02,1.080904155969619751e-03,-1.141139984130859375e+00,1.141140580177307129e+00,1.082268988813788173e-03,-1.141142380895853181e+00,1.141142894112223249e+00
8.523769676685333252e-02,1.109704724512994289e-03,-7.124815583229064941e-01,7.124823927879333496e-01,1.110620860020440593e-03,-7.124551518289233831e-01,7.124560174819698499e-01
8.552961051464080811e-02,1.125845708884298801e-03,-2.756716907024383545e-01,2.756739854812622070e-01,1.126031052952370564e-03,-2.756155666068783039e-01,2.756178668046808111e-01
8.582151681184768677e-02,1.129068899899721146e-03,1.642883569002151489e-01,1.642922312021255493e-01,1.129268460009718146e-03,1.643617303420235043e-01,1.643656096885197648e-01
8.611343055963516235e-02,1.119421445764601231e-03,6.023762822151184082e-01,6.023772954940795898e-01,1.119101001141298811e-03,6.024648101880965001e-01,6.024658495732599928e-01
8.640533685684204102e-02,1.097007771022617817e-03,1.033584833145141602e+00,1.033585309982299805e+00,1.095916139101591738e-03,1.033680037012115305e+00,1.033680617961637127e+00
8.669725060462951660e-02,1.062001800164580345e-03,1.452950954437255859e+00,1.452951312065124512e+00,1.062143104933067645e-03,1.453095147952973676e+00,1.453095536140845079e+00
8.698915690183639526e-02,1.014891662634909153e-03,1.855732917785644531e+00,1.855733156204223633e+00,1.014951439898392500e-03,1.855895217187397472e+00,1.855895494715551708e+00
8.728107064962387085e-02,9.562083287164568901e-04,2.237380504608154297e+00,2.237380743026733398e+00,9.518985043858166004e-04,2.237495802874133410e+00,2.237496005357356488e+00
8.757297694683074951e-02,8.865473209880292416e-04,2.593328237533569336e+00,2.593328237533569336e+00,8.815189641727167900e-04,2.593522996540391645e+00,2.593523146351220721e+00
8.786489069461822510e-02,8.067805320024490356e-04,2.919712066650390625e+00,2.919712066650390625e+00,8.066323989143701217e-04,2.919921008909974525e+00,2.919921120326655739e+00
8.815679699182510376e-02,7.178190280683338642e-04,3.212806701660156250e+00,3.212806701660156250e+00,7.176214423276633132e-04,3.212949334489296760e+00,3.212949414630698719e+00
8.844871073961257935e-02,6.206122343428432941e-04,3.469033479690551758e+00,3.469033479690551758e+00,6.137065258566730885e-04,3.469269510559581882e+00,3.469269564841281905e+00
8.874061703681945801e-02,5.163343739695847034e-04,3.685691118240356445e+00,3.685691118240356445e+00,5.090497009247306080e-04,3.685943292785898606e+00,3.685943327937225789e+00
8.903253078460693359e-02,4.061651707161217928e-04,3.860343933105468750e+00,3.860343933105468750e+00,4.058768575738325320e-04,3.860503367673032482e+00,3.860503389009112940e+00
8.932443708181381226e-02,2.913374337367713451e-04,3.990693092346191406e+00,3.990693092346191406e+00,2.909622534999757007e-04,3.990948533697371570e+00,3.990948544303751344e+00
8.961634337902069092e-02,1.731897646095603704e-04,4.075519084930419922e+00,4.075519084930419922e+00,1.727982578058567624e-04,4.075791440608239391e+00,4.075791444271238184e+00
8.990825712680816650e-02,5.306524326442740858e-05,4.113888263702392578e+00,4.113888263702392578e+00,4.482328053871240581e-05,4.114063570499937761e+00,4.114063570744114884e+00
9.020016342401504517e-02,-6.362023949623107910e-02,4.115794658660888672e+00,4.116286277770996094e+00,-6.901145167795677549e-02,4.115809925507708300e+00,4.116388456325577039e+00
9.049207717180252075e-02,-1.642363816499710083e-01,4.113003730773925781e+00,4.116281509399414062e+00,-1.696371425600421423e-01,4.112892097659598178e+00,4.116388971796362206e+00
9.078398346900939941e-02,-2.647520899772644043e-01,4.107758522033691406e+00,4.116281509399414062e+00,-2.701456931225681424e-01,4.107514736516383103e+00,4.116388709319362071e+00
9.107589721679687500e-02,-3.651114702224731445e-01,4.100048065185546875e+00,4.116272449493408203e+00,-3.705083456692181976e-01,4.099680145321162428e+00,4.116388432613118376e+00
9.136780351400375366e-02,-4.652501046657562256e-01,4.089888572692871094e+00,4.116266250610351562e+00,-4.706494544938791824e-01,4.089394133711208745e+00,4.116388622305604983e+00
9.165971726179122925e-02,-5.651112198829650879e-01,4.077289104461669922e+00,4.116264820098876953e+00,-5.705090467617005556e-01,4.076662296043785716e+00,4.116388714446429731e+00
9.195162355899810791e-02,-6.646333336830139160e-01,4.062243938446044922e+00,4.116256237030029297e+00,-6.700119754354647572e-01,4.061494728628691320e+00,4.116388645148266079e+00
9.224353730678558350e-02,-7.637607455253601074e-01,4.044770240783691406e+00,4.116247653961181641e+00,-7.691297410185496952e-01,4.043896116452529554e+00,4.116388752192765565e+00
9.253544360399246216e-02,-8.624299764633178711e-01,4.024884223937988281e+00,4.116245746612548828e+00,-8.677874909744731635e-01,4.023878460011956371e+00,4.116388343006519790e+00
9.282735735177993774e-02,-9.605845808982849121e-01,4.002583980560302734e+00,4.116236209869384766e+00,-9.659109748713340382e-01,4.001458522113399141e+00,4.116388503964468981e+00
9.311926364898681641e-02,-1.058161258697509766e+00,3.977891445159912109e+00,4.116227149963378906e+00,-1.063472126938421303e+00,3.976642174430918608e+00,4.116388702277470557e+00
9.341117739677429199e-02,-1.155108809471130371e+00,3.950825214385986328e+00,4.116223812103271484e+00,-1.160397425298985263e+00,3.949447123879662680e+00,4.116388559035923933e+00
9.370308369398117065e-02,-1.251362919807434082e+00,3.921391010284423828e+00,4.116214275360107422e+00,-1.256628485259577488e+00,3.919890392394880241e+00,4.116388688930562090e+00
9.399499744176864624e-02,-1.346871018409729004e+00,3.889610767364501953e+00,4.116204261779785156e+00,-1.352093218466299041e+00,3.887994199252254646e+00,4.116388582828609977e+00
9.428690373897552490e-02,-1.441573023796081543e+00,3.855510950088500977e+00,4.116199016571044922e+00,-1.446764446254926950e+00,3.853768220404842904e+00,4.116388812970615874e+00
9.457881748676300049e-02,-1.535413861274719238e+00,3.819099664688110352e+00,4.116189956665039062e+00,-1.540570113029336774e+00,3.817237059968462631e+00,4.116388592584026007e+00
9.487072378396987915e-02,-1.628331065177917480e+00,3.780405282974243164e+00,4.116178512573242188e+00,-1.633440245995737561e+00,3.778429348443055336e+00,4.116388633063504443e+00
9.516263753175735474e-02,-1.720281720161437988e+00,3.739453792572021484e+00,4.116173267364501953e+00,-1.725347921352807345e+00,3.737355950925965953e+00,4.116388581467763430e+00
9.545454382896423340e-02,-1.811199426651000977e+00,3.696263074874877930e+00,4.116163730621337891e+00,-1.816223669481002334e+00,3.694047399237686768e+00,4.116388539168497118e+00
9.574645757675170898e-02,-1.901035547256469727e+00,3.650859117507934570e+00,4.116151809692382812e+00,-1.906013224773647652e+00,3.648529722836706402e+00,4.116388654079560894e+00
9.603836387395858765e-02,-1.989735007286071777e+00,3.603278160095214844e+00,4.116146087646484375e+00,-1.994649319655539044e+00,3.600837478289749871e+00,4.116388763644462934e+00
9.633027762174606323e-02,-2.077245473861694336e+00,3.553538560867309570e+00,4.116137027740478516e+00,-2.082106262054752577e+00,3.550984376123436981e+00,4.116388772450966016e+00
9.662218391895294189e-02,-2.163507699966430664e+00,3.501673698425292969e+00,4.116125106811523438e+00,-2.168318012849705489e+00,3.499007579849752858e+00,4.116388835945229197e+00
9.691409766674041748e-02,-2.248483657836914062e+00,3.447717189788818359e+00,4.116118431091308594e+00,-2.253232518305393839e+00,3.444937859125458246e+00,4.116388421272312748e+00
9.720600396394729614e-02,-2.332111597061157227e+00,3.391698598861694336e+00,4.116110324859619141e+00,-2.336786905107961054e+00,3.388817104557702020e+00,4.116388515194707942e+00
9.749791771173477173e-02,-2.414344549179077148e+00,3.333646535873413086e+00,4.116097450256347656e+00,-2.418957057537791222e+00,3.330660913252656563e+00,4.116388631468232973e+00
9.778982400894165039e-02,-2.495135307312011719e+00,3.273607492446899414e+00,4.116090774536132812e+00,-2.499680360419705760e+00,3.270512603445773436e+00,4.116388537731300978e+00
9.808173775672912598e-02,-2.574434995651245117e+00,3.211607933044433594e+00,4.116083145141601562e+00,-2.578908654381578902e+00,3.208408615997698554e+00,4.116388671499870533e+00
9.837364405393600464e-02,-2.652188062667846680e+00,3.147687196731567383e+00,4.116070270538330078e+00,-2.656582473677071121e+00,3.144395803818976098e+00,4.116388636963542957e+00
9.866555780172348022e-02,-2.728363037109375000e+00,3.081885576248168945e+00,4.116064071655273438e+00,-2.732679888252018241e+00,3.078492596341944942e+00,4.116388713106335473e+00
9.895746409893035889e-02,-2.802904129028320312e+00,3.014242172241210938e+00,4.116057395935058594e+00,-2.807142892746159468e+00,3.010747973178607761e+00,4.116388535876366106e+00
9.924937784671783447e-02,-2.875766754150390625e+00,2.944790124893188477e+00,4.116044521331787109e+00,-2.879915912500254027e+00,2.941214219959381371e+00,4.116388799756825811e+00
9.954128414392471313e-02,-2.946912050247192383e+00,2.873583555221557617e+00,4.116038322448730469e+00,-2.950977977947748077e+00,2.869910229981520011e+00,4.116388678743197360e+00
9.983319789171218872e-02,-3.016297340393066406e+00,2.800656318664550781e+00,4.116032600402832031e+00,-3.020275206747938146e+00,2.796889935333092492e+00,4.116388664213311621e+00
1.001251041889190674e-01,-3.083870172500610352e+00,2.726053714752197266e+00,4.116020679473876953e+00,-3.087765741662152674e+00,2.722197084708945169e+00,4.116388495195795194e+00
1.004170104861259460e-01,-3.149605035781860352e+00,2.649822950363159180e+00,4.116014480590820312e+00,-3.153399790611472131e+00,2.645888177833077837e+00,4.116388525033238821e+00
1.007089242339134216e-01,-3.213459253311157227e+00,2.572006464004516602e+00,4.116010189056396484e+00,-3.217158572970571395e+00,2.567985178812921543e+00,4.116388849737215416e+00
1.010008305311203003e-01,-3.275384187698364258e+00,2.492649078369140625e+00,4.115998268127441406e+00,-3.278992793283221907e+00,2.488546011725001783e+00,4.116388585990846671e+00
1.012927442789077759e-01,-3.335356235504150391e+00,2.411802768707275391e+00,4.115992546081542969e+00,-3.338866138407059037e+00,2.407618642633525763e+00,4.116388540766987347e+00
1.015846505761146545e-01,-3.393334627151489258e+00,2.329517364501953125e+00,4.115989685058593750e+00,-3.396733654734761298e+00,2.325264513911224906e+00,4.116388536188313907e+00
1.018765643239021301e-01,-3.449276447296142578e+00,2.245833873748779297e+00,4.115978240966796875e+00,-3.452579201344039284e+00,2.241506746052046140e+00,4.116388664126636954e+00
1.021684706211090088e-01,-3.503160476684570312e+00,2.160810947418212891e+00,4.115973472595214844e+00,-3.506359520221886683e+00,2.156408666370387195e+00,4.116388638290604085e+00
1.024603843688964844e-01,-3.554953813552856445e+00,2.074495315551757812e+00,4.115972042083740234e+00,-3.558034943718608289e+00,2.070034506980035882e+00,4.116388650359773749e+00
1.027522906661033630e-01,-3.604611635208129883e+00,1.986936330795288086e+00,4.115962028503417969e+00,-3.607590778194884162e+00,1.982408561140341474e+00,4.116388578134879239e+00
1.030442044138908386e-01,-3.652120351791381836e+00,1.898189783096313477e+00,4.115957736968994141e+00,-3.654989056509001522e+00,1.893597303632778006e+00,4.116388678383746225e+00
1.033361107110977173e-01,-3.697447299957275391e+00,1.808312416076660156e+00,4.115958213806152344e+00,-3.700201401006591340e+00,1.803653362101163671e+00,4.116388691393218835e+00
1.036280244588851929e-01,-3.740553855895996094e+00,1.717348933219909668e+00,4.115948200225830078e+00,-3.743194165102293969e+00,1.712645179477091384e+00,4.116388716878178755e+00
1.039199307560920715e-01,-3.781429052352905273e+00,1.625361084938049316e+00,4.115944862365722656e+00,-3.783955061289478117e+00,1.620598566408222974e+00,4.116388662323158698e+00
1.042118445038795471e-01,-3.820048570632934570e+00,1.532400727272033691e+00,4.115947246551513672e+00,-3.822452837650250679e+00,1.527582648520416697e+00,4.116388519578916494e+00
1.045037508010864258e-01,-3.856372117996215820e+00,1.438522100448608398e+00,4.115938663482666016e+00,-3.858664644247661535e+00,1.433653078406782688e+00,4.116388463931966335e+00
1.047956645488739014e-01,-3.890395879745483398e+00,1.343783020973205566e+00,4.115936756134033203e+00,-3.892563789842072186e+00,1.338881065809528037e+00,4.116388631600876202e+00
1.050875708460807800e-01,-3.922097682952880859e+00,1.248244643211364746e+00,4.115940570831298828e+00,-3.924140149661861976e+00,1.243293584314383748e+00,4.116388568998987196e+00
1.053794845938682556e-01,-3.951443195343017578e+00,1.151956081390380859e+00,4.115932941436767578e+00,-3.953369663980983884e+00,1.146962403840037448e+00,4.116388521010575730e+00
1.056713908910751343e-01,-3.978430509567260742e+00,1.054980397224426270e+00,4.115931510925292969e+00,-3.980230916052204915e+00,1.049960689175704953e+00,4.116388659239078152e+00
1.059633046388626099e-01,-4.003045082092285156e+00,9.573726654052734375e-01,4.115936279296875000e+00,-4.004715932373692056e+00,9.523157421511398990e-01,4.116388583668524781e+00
1.062552109360694885e-01,-4.025255203247070312e+00,8.591924309730529785e-01,4.115931510925292969e+00,-4.026806166195817660e+00,8.541012844562616557e-01,4.116388818396835347e+00
1.065471246838569641e-01,-4.045062541961669922e+00,7.604969143867492676e-01,4.115931034088134766e+00,-4.046487873378199929e+00,7.553760041178128049e-01,4.116388832094681760e+00
1.068390309810638428e-01,-4.062456130981445312e+00,6.613527536392211914e-01,4.115936756134033203e+00,-4.063746812986565260e+00,6.562145177977709576e-01,4.116388666468099977e+00
1.071309447288513184e-01,-4.077411174774169922e+00,5.618062019348144531e-01,4.115933418273925781e+00,-4.078578126552252492e+00,5.566451579188430587e-01,4.116388388651509800e+00
1.074228510260581970e-01,-4.089931488037109375e+00,4.619270563125610352e-01,4.115934371948242188e+00,-4.090970916011901437e+00,4.567427933871373580e-01,4.116388831848412977e+00
1.077147647738456726e-01,-4.100011348724365234e+00,3.617695868015289307e-01,4.115941047668457031e+00,-4.100916462587244737e+00,3.565672954791399007e-01,4.116388716985361462e+00
1.080066710710525513e-01,-4.107630729675292969e+00,2.613975405693054199e-01,4.115939617156982422e+00,-4.108408171163966394e+00,2.561942193995058736e-01,4.116388365902878377e+00
1.082985848188400269e-01,-4.112796306610107422e+00,1.608669161796569824e-01,4.115941524505615234e+00,-4.113444527986945154e+00,1.556522839623310783e-01,4.116388407126862603e+00
1.085904911160469055e-01,-4.115508556365966797e+00,6.024537608027458191e-02,4.115949630737304688e+00,-4.116020849396853976e+00,5.501727900794023407e-02,4.116388530454703876e+00
1.088824048638343811e-01,-4.115751266479492188e+00,-4.041749611496925354e-02,4.115949630737304688e+00,-4.116135576177459399e+00,-4.565065541870499954e-02,4.116388716316025764e+00
1.091743111610412598e-01,-4.113534450531005859e+00,-1.410535126924514771e-01,4.115952014923095703e+00,-4.113788797241602957e+00,-1.462755844561623442e-01,4.116388564618080892e+00
1.094662249088287354e-01,-4.108863830566406250e+00,-2.416080385446548462e-01,4.115961074829101562e+00,-4.108981861742781128e+00,-2.468287484839432888e-01,4.116388753654023347e+00
1.097581312060356140e-01,-4.101728439331054688e+00,-3.420151174068450928e-01,4.115962505340576172e+00,-4.101717243382786648e+00,-3.472342491246935836e-01,4.116388704730018055e+00
1.100500449538230896e-01,-4.092142105102539062e+00,-4.422202110290527344e-01,4.115967273712158203e+00,-4.092001228152709835e+00,-4.474164919396075857e-01,4.116388656147865532e+00
1.103419512510299683e-01,-4.080114364624023438e+00,-5.421564579010009766e-01,4.115976810455322266e+00,-4.079836595009670219e+00,-5.473468170785854570e-01,4.116388608980711794e+00
1.106338649988174438e-01,-4.065639019012451172e+00,-6.417727470397949219e-01,4.115979671478271484e+00,-4.065232013044633774e+00,-6.469497895552288602e-01,4.116388629622873552e+00
1.109257712960243225e-01,-4.048734188079833984e+00,-7.410026788711547852e-01,4.115985393524169922e+00,-4.048196410886861329e+00,-7.461658103110915263e-01,4.116388902617739376e+00
1.112176850438117981e-01,-4.029412269592285156e+00,-8.397930860519409180e-01,4.115994930267333984e+00,-4.028742262725257817e+00,-8.449202718452600847e-01,4.116388524573901364e+00
1.115095913410186768e-01,-4.007676124572753906e+00,-9.380776882171630859e-01,4.116000175476074219e+00,-4.006876636748674336e+00,-9.431848266608943154e-01,4.116388951419157394e+00
1.118014976382255554e-01,-3.983543157577514648e+00,-1.035800933837890625e+00,4.116005420684814453e+00,-3.982613910104457755e+00,-1.040885251189321403e+00,4.116388667643153809e+00
1.120934113860130310e-01,-3.957033395767211914e+00,-1.132906556129455566e+00,4.116015911102294922e+00,-3.955973935244934570e+00,-1.137948112656791633e+00,4.116388670113215298e+00
1.123853176832199097e-01,-3.928152799606323242e+00,-1.229333281517028809e+00,4.116023063659667969e+00,-3.926964012291412232e+00,-1.234345543810270396e+00,4.116388620545458288e+00
1.126772314310073853e-01,-3.896920919418334961e+00,-1.325026750564575195e+00,4.116028308868408203e+00,-3.895605415591909981e+00,-1.330004787361710017e+00,4.116388500663425987e+00
1.129691377282142639e-01,-3.863365173339843750e+00,-1.419927358627319336e+00,4.116039752960205078e+00,-3.861917297877853983e+00,-1.424868620898725347e+00,4.116388684571711032e+00
1.132610514760017395e-01,-3.827494382858276367e+00,-1.513980031013488770e+00,4.116047859191894531e+00,-3.825924968889772071e+00,-1.518865714104565390e+00,4.116388577996078268e+00
1.135529577732086182e-01,-3.789333581924438477e+00,-1.607123851776123047e+00,4.116053581237792969e+00,-3.787639293725009182e+00,-1.611969143177908403e+00,4.116388701025136321e+00
1.138448715209960938e-01,-3.748912096023559570e+00,-1.699308991432189941e+00,4.116065025329589844e+00,-3.747088193983019622e+00,-1.704108448529603415e+00,4.116388652427866113e+00
1.141367778182029724e-01,-3.706245899200439453e+00,-1.790476799011230469e+00,4.116074085235595703e+00,-3.704296279683432669e+00,-1.795228510204263106e+00,4.116388748833951006e+00
1.144286915659904480e-01,-3.661359310150146484e+00,-1.880574584007263184e+00,4.116079807281494141e+00,-3.659295974139960883e+00,-1.885261077208631342e+00,4.116388751757392050e+00
1.147205978631973267e-01,-3.614289522171020508e+00,-1.969548106193542480e+00,4.116091251373291016e+00,-3.612100275702961216e+00,-1.974180209159438482e+00,4.116388696414638559e+00
1.150125116109848022e-01,-3.565055370330810547e+00,-2.057345390319824219e+00,4.116101264953613281e+00,-3.562744217907185540e+00,-2.061918645033034903e+00,4.116388570211266362e+00
1.153044179081916809e-01,-3.513687133789062500e+00,-2.143908023834228516e+00,4.116106986999511719e+00,-3.511265676440883166e+00,-2.148410594019183772e+00,4.116388554430414182e+00
1.155963316559791565e-01,-3.460222244262695312e+00,-2.229191303253173828e+00,4.116118431091308594e+00,-3.457679544423408302e+00,-2.233631095876888573e+00,4.116388672658628067e+00
1.158882379531860352e-01,-3.404687404632568359e+00,-2.313141107559204102e+00,4.116128921508789062e+00,-3.402025105516648384e+00,-2.317516048838672127e+00,4.116388642389148700e+00
1.161801517009735107e-01,-3.347110986709594727e+00,-2.395706892013549805e+00,4.116134643554687500e+00,-3.344336213290651116e+00,-2.400014634174707506e+00,4.116388581242058642e+00
1.164720579981803894e-01,-3.287539005279541016e+00,-2.476841211318969727e+00,4.116145610809326172e+00,-3.284656649845785648e+00,-2.481065197197424688e+00,4.116388443784240181e+00
1.167639717459678650e-01,-3.225999355316162109e+00,-2.556496381759643555e+00,4.116156578063964844e+00,-3.223003423537641243e+00,-2.560645072745954653e+00,4.116388496815320153e+00
1.170558780431747437e-01,-3.162528276443481445e+00,-2.634615659713745117e+00,4.116161823272705078e+00,-3.159422926687625477e+00,-2.638693596102334560e+00,4.116388845066858870e+00
1.173477917909622192e-01,-3.097168684005737305e+00,-2.711165666580200195e+00,4.116172313690185547e+00,-3.093952544265102578e+00,-2.715163336449589515e+00,4.116388500829891939e+00
1.176396980881690979e-01,-3.029958486557006836e+00,-2.786093950271606445e+00,4.116183280944824219e+00,-3.026642418820145952e+00,-2.789998451162467585e+00,4.116388670775688041e+00
1.179316118359565735e-01,-2.960929155349731445e+00,-2.859352588653564453e+00,4.116187572479248047e+00,-2.957511943548479572e+00,-2.863176307837874912e+00,4.116388643701664130e+00
1.182235181331634521e-01,-2.890135765075683594e+00,-2.930904150009155273e+00,4.116197586059570312e+00,-2.886612682076924230e+00,-2.934641798957265735e+00,4.116388619228567691e+00
1.185154318809509277e-01,-2.817612648010253906e+00,-3.000705718994140625e+00,4.116208553314208984e+00,-2.813986958747801914e+00,-3.004352570659276633e+00,4.116388826730257300e+00
1.188073381781578064e-01,-2.743403434753417969e+00,-3.068703651428222656e+00,4.116212368011474609e+00,-2.739689888241914950e+00,-3.072255472434132884e+00,4.116388510774521059e+00
1.190992519259452820e-01,-2.667553663253784180e+00,-3.134873867034912109e+00,4.116221427917480469e+00,-2.663742954422890996e+00,-3.138331955588968381e+00,4.116388464504834310e+00
1.193911582231521606e-01,-2.590112209320068359e+00,-3.199170112609863281e+00,4.116232872009277344e+00,-2.586203143810089422e+00,-3.202531519144375949e+00,4.116388566713105490e+00
1.196830719709396362e-01,-2.511114120483398438e+00,-3.261548042297363281e+00,4.116234779357910156e+00,-2.507116302317814682e+00,-3.264815912603886261e+00,4.116388598825347245e+00
1.199749782681465149e-01,-2.430620193481445312e+00,-3.321978330612182617e+00,4.116242885589599609e+00,-2.426542706104952707e+00,-3.325138258109181066e+00,4.116388458356731839e+00
1.202668920159339905e-01,-2.348672628402709961e+00,-3.380426645278930664e+00,4.116253852844238281e+00,-2.344505723976795242e+00,-3.383481702561708548e+00,4.116388650422823758e+00
1.205587983131408691e-01,-2.265319108963012695e+00,-3.436842203140258789e+00,4.116254806518554688e+00,-2.261066318062270764e+00,-3.439801524286606238e+00,4.116388638255641830e+00
1.208507120609283447e-01,-2.180609941482543945e+00,-3.491210222244262695e+00,4.116261482238769531e+00,-2.176287796021110665e+00,-3.494055896174946163e+00,4.116388608562768781e+00
1.211426183581352234e-01,-2.094601154327392578e+00,-3.543493270874023438e+00,4.116272449493408203e+00,-2.090194944459578874e+00,-3.546228938718896995e+00,4.116388537498827382e+00
1.214345321059226990e-01,-2.007332324981689453e+00,-3.593648910522460938e+00,4.116271972656250000e+00,-2.002851992215686217e+00,-3.596281222752776952e+00,4.116388555013551276e+00
1.217264384031295776e-01,-1.918868064880371094e+00,-3.641659736633300781e+00,4.116277694702148438e+00,-1.914324927275547594e+00,-3.644175490035359566e+00,4.116388578519159402e+00
1.220183521509170532e-01,-1.829256534576416016e+00,-3.687498331069946289e+00,4.116287708282470703e+00,-1.824639344733253621e+00,-3.689897780396140359e+00,4.116388510347506191e+00
1.223102584481239319e-01,-1.738550424575805664e+00,-3.731119394302368164e+00,4.116285800933837891e+00,-1.733862388961432854e+00,-3.733413475296928130e+00,4.116388582408581520e+00
1.226021721959114075e-01,-1.646802663803100586e+00,-3.772516727447509766e+00,4.116289615631103516e+00,-1.642048569269791480e+00,-3.774696131161684232e+00,4.116388512573607272e+00
1.228940784931182861e-01,-1.554074645042419434e+00,-3.811662197113037109e+00,4.116299152374267578e+00,-1.549267236665090808e+00,-3.813715453284346246e+00,4.116388529915964156e+00
1.231859847903251648e-01,-1.460412979125976562e+00,-3.848517894744873047e+00,4.116296291351318359e+00,-1.455545020110152521e+00,-3.850460358043572118e+00,4.116388741898959758e+00
1.234778985381126404e-01,-1.365877509117126465e+00,-3.883077621459960938e+00,4.116298675537109375e+00,-1.360952201617349644e+00,-3.884902233224505341e+00,4.116388739757198323e+00
1.237698048353195190e-01,-1.270529508590698242e+00,-3.915320158004760742e+00,4.116306304931640625e+00,-1.265545354958070634e+00,-3.917020626833441543e+00,4.116388664411391396e+00
1.240617185831069946e-01,-1.174418330192565918e+00,-3.945210933685302734e+00,4.116302490234375000e+00,-1.169396720467475559e+00,-3.946791962663916742e+00,4.116388646178660515e+00
1.243536248803138733e-01,-1.077606439590454102e+00,-3.972746849060058594e+00,4.116303443908691406e+00,-1.072533848286663982e+00,-3.974207555037834183e+00,4.116388531982908106e+00
1.246455386281013489e-01,-9.801489710807800293e-01,-3.997913360595703125e+00,4.116309165954589844e+00,-9.750295389272763957e-01,-3.999246459262321363e+00,4.116388568114403235e+00
1.249374449253082275e-01,-8.821054697036743164e-01,-4.020678520202636719e+00,4.116304397583007812e+00,-8.769573948372250127e-01,-4.021890126949863919e+00,4.116388522189868837e+00
1.252293586730957031e-01,-7.835353612899780273e-01,-4.041043281555175781e+00,4.116303920745849609e+00,-7.783455328856458966e-01,-4.042132026967929725e+00,4.116388355342933458e+00
1.255212724208831787e-01,-6.844951510429382324e-01,-4.058998107910156250e+00,4.116308689117431641e+00,-6.792681654906027600e-01,-4.059956958713581088e+00,4.116388677865076673e+00
1.258131712675094604e-01,-5.850492119789123535e-01,-4.074514865875244141e+00,4.116303443908691406e+00,-5.797844877858714385e-01,-4.075353331773056809e+00,4.116388566580040376e+00
1.261050850152969360e-01,-4.852488636970520020e-01,-4.087598800659179688e+00,4.116300582885742188e+00,-4.799697794730289901e-01,-4.088310730783629943e+00,4.116388662486569316e+00
1.263969987630844116e-01,-3.851588964462280273e-01,-4.098244667053222656e+00,4.116303920745849609e+00,-3.798523300611705289e-01,-4.098825250803225906e+00,4.116388736413876259e+00
1.266889125108718872e-01,-2.848378121852874756e-01,-4.106431007385253906e+00,4.116297721862792969e+00,-2.795077805821749029e-01,-4.106888389664364425e+00,4.116388811150609506e+00
1.269808113574981689e-01,-1.843517571687698364e-01,-4.112164020538330078e+00,4.116293907165527344e+00,-1.789960393315922493e-01,-4.112495245561412105e+00,4.116388796853573950e+00
1.272727251052856445e-01,-8.375050872564315796e-02,-4.115443229675292969e+00,4.116295337677001953e+00,-7.839296502551704182e-02,-4.115642089897146860e+00,4.116388619785363190e+00
1.275646388530731201e-01,1.690100692212581635e-02,-4.116253852844238281e+00,4.116288185119628906e+00,2.227268073037462146e-02,-4.116328363620257669e+00,4.116388619828252438e+00
1.278565526008605957e-01,1.175423040986061096e-01,-4.114604473114013672e+00,4.116282939910888672e+00,1.229250086304476686e-01,-4.114552723843789117e+00,4.116388547627294336e+00
1.281484514474868774e-01,2.181078493595123291e-01,-4.110500812530517578e+00,4.116283416748046875e+00,2.234881528720762955e-01,-4.110317166764075658e+00,4.116388485780907658e+00
1.284403651952743530e-01,3.185438215732574463e-01,-4.103931903839111328e+00,4.116276264190673828e+00,3.239333333400520876e-01,-4.103623041816122807e+00,4.116388571766884219e+00
1.287322789430618286e-01,4.187937378883361816e-01,-4.094908714294433594e+00,4.116268157958984375e+00,4.241847356210880493e-01,-4.094474729780482214e+00,4.116388708898236715e+00
1.290241926908493042e-01,5.187938213348388672e-01,-4.083443164825439453e+00,4.116267204284667969e+00,5.241825144760364763e-01,-4.082877346203766855e+00,4.116388554622405493e+00
1.293160915374755859e-01,6.184780001640319824e-01,-4.069530487060546875e+00,4.116259574890136719e+00,6.238511884006059383e-01,-4.068840514931940433e+00,4.116388397760889717e+00
1.296080052852630615e-01,7.177971601486206055e-01,-4.053182601928710938e+00,4.116250514984130859e+00,7.231623705886259801e-01,-4.052368442345692046e+00,4.116388442160750394e+00
1.298999190330505371e-01,8.166880607604980469e-01,-4.034416675567626953e+00,4.116248130798339844e+00,8.220411488826110391e-01,-4.033473129760622555e+00,4.116388846909046606e+00
1.301918327808380127e-01,9.150898456573486328e-01,-4.013233661651611328e+00,4.116240024566650391e+00,9.204281525522919338e-01,-4.012164933843767045e+00,4.116388640589756953e+00
1.304837316274642944e-01,1.012938857078552246e+00,-3.989650011062622070e+00,4.116230487823486328e+00,1.018249555064346445e+00,-3.988461088636968022e+00,4.116388467086157021e+00
1.307756453752517700e-01,1.110188484191894531e+00,-3.963685035705566406e+00,4.116226196289062500e+00,1.115477307026951026e+00,-3.962368658234355578e+00,4.116388587858296866e+00
1.310675591230392456e-01,1.206773519515991211e+00,-3.935346364974975586e+00,4.116218566894531250e+00,1.212037780424459088e+00,-3.933906305125019820e+00,4.116388514059215353e+00
1.313594728708267212e-01,1.302635669708251953e+00,-3.904651641845703125e+00,4.116207599639892578e+00,1.307873488154251307e+00,-3.903091277444056928e+00,4.116388536214317106e+00
1.316513717174530029e-01,1.397711277008056641e+00,-3.871630907058715820e+00,4.116202354431152344e+00,1.402912126308856866e+00,-3.869947467131023888e+00,4.116388688219111636e+00
1.319432854652404785e-01,1.491959810256958008e+00,-3.836288928985595703e+00,4.116194248199462891e+00,1.497126748156511811e+00,-3.834484069895170766e+00,4.116388779297397882e+00
1.322351992130279541e-01,1.585314750671386719e+00,-3.798649311065673828e+00,4.116182804107666016e+00,1.590445913965790714e+00,-3.796727112566954165e+00,4.116388583765079545e+00
1.325271129608154297e-01,1.677723765373229980e+00,-3.758743286132812500e+00,4.116176605224609375e+00,1.682814007158614178e+00,-3.756699780813477219e+00,4.116388735998248727e+00
1.328190118074417114e-01,1.769124388694763184e+00,-3.716590404510498047e+00,4.116168975830078125e+00,1.774161313079869462e+00,-3.714432132762982786e+00,4.116388518316929535e+00
1.331109255552291870e-01,1.859469652175903320e+00,-3.672208547592163086e+00,4.116156578063964844e+00,1.864462007312515768e+00,-3.669936926643925457e+00,4.116388662681948141e+00
1.334028393030166626e-01,1.948705434799194336e+00,-3.625635862350463867e+00,4.116149902343750000e+00,1.953647603655061404e+00,-3.623246827529809977e+00,4.116388773241905774e+00
1.336947530508041382e-01,2.036775827407836914e+00,-3.576894044876098633e+00,4.116142272949218750e+00,2.041664694125321589e+00,-3.574389522801996399e+00,4.116388609443297320e+00
1.339866518974304199e-01,2.123620510101318359e+00,-3.526011228561401367e+00,4.116128921508789062e+00,2.128447365395274016e+00,-3.523402651302610877e+00,4.116388517920089640e+00
1.342785656452178955e-01,2.209202766418457031e+00,-3.473022460937500000e+00,4.116122245788574219e+00,2.213970773190152563e+00,-3.470300866029103926e+00,4.116388548874189368e+00
1.345704793930053711e-01,2.293464183807373047e+00,-3.417956352233886719e+00,4.116115093231201172e+00,2.298170222808223251e+00,-3.415123697316821083e+00,4.116388737835302791e+00
1.348623782396316528e-01,2.376346349716186523e+00,-3.360844135284423828e+00,4.116101741790771484e+00,2.380981883723797043e+00,-3.357912810392006620e+00,4.116388365158912599e+00
1.351542919874191284e-01,2.457810640335083008e+00,-3.301727056503295898e+00,4.116094589233398438e+00,2.462382855567768480e+00,-3.298685455370041542e+00,4.116388594492013553e+00
1.354462057352066040e-01,2.537810325622558594e+00,-3.240633010864257812e+00,4.116088390350341797e+00,2.542311477101013129e+00,-3.237484937383266814e+00,4.116388753067798945e+00
1.357381194829940796e-01,2.616287231445312500e+00,-3.177595376968383789e+00,4.116074562072753906e+00,2.620719353743169222e+00,-3.174347939052117429e+00,4.116388559070734310e+00
1.360300183296203613e-01,2.693199634552001953e+00,-3.112665414810180664e+00,4.116067409515380859e+00,2.697547999890171244e+00,-3.109323208056138821e+00,4.116388711463967454e+00
1.363219320774078369e-01,2.768507003784179688e+00,-3.045872211456298828e+00,4.116062164306640625e+00,2.772775478936300608e+00,-3.042428696859640347e+00,4.116388736752820243e+00
1.366138458251953125e-01,2.842152833938598633e+00,-2.977251291275024414e+00,4.116048812866210938e+00,2.846344517352223935e+00,-2.973714567667360864e+00,4.116388640716294844e+00
1.369057595729827881e-01,2.914103031158447266e+00,-2.906854152679443359e+00,4.116041183471679688e+00,2.918200255930742060e+00,-2.903233096282384018e+00,4.116388604719389832e+00
1.371976584196090698e-01,2.984309196472167969e+00,-2.834724664688110352e+00,4.116037368774414062e+00,2.988321979968200814e+00,-2.831004365146254198e+00,4.116388462164159989e+00
1.374895721673965454e-01,3.052727222442626953e+00,-2.760889768600463867e+00,4.116024494171142578e+00,3.056656529127493194e+00,-2.757082773487734784e+00,4.116388533280179729e+00
1.377814859151840210e-01,3.119324445724487305e+00,-2.685407638549804688e+00,4.116017341613769531e+00,3.123163003381780101e+00,-2.681512295382574962e+00,4.116388627909253195e+00
1.380733996629714966e-01,3.184058904647827148e+00,-2.608322143554687500e+00,4.116014480590820312e+00,3.187791855687709397e+00,-2.604349904247023950e+00,4.116388628268761174e+00
1.383652985095977783e-01,3.246878385543823242e+00,-2.529674291610717773e+00,4.116001605987548828e+00,3.250524550455524242e+00,-2.525618037880763556e+00,4.116388748209134363e+00
1.386572122573852539e-01,3.307760715484619141e+00,-2.449517488479614258e+00,4.115995407104492188e+00,3.311312762543938693e+00,-2.445375799677276252e+00,4.116388588682274197e+00
1.389491260051727295e-01,3.366672039031982422e+00,-2.367894411087036133e+00,4.115993499755859375e+00,3.370120894262628397e+00,-2.363671145873435187e+00,4.116388724085734196e+00
1.392410397529602051e-01,3.423560857772827148e+00,-2.284848928451538086e+00,4.115981578826904297e+00,3.426904472248076150e+00,-2.280565750774431688e+00,4.116388514890111594e+00
1.395329385995864868e-01,3.478404521942138672e+00,-2.200444936752319336e+00,4.115975856781005859e+00,3.481647845649130435e+00,-2.196083682258711089e+00,4.116388618752632844e+00
1.398248523473739624e-01,3.531175613403320312e+00,-2.114723682403564453e+00,4.115975856781005859e+00,3.534308948872851630e+00,-2.110288251261783099e+00,4.116388738870059072e+00
1.401167660951614380e-01,3.581825017929077148e+00,-2.027731657028198242e+00,4.115964412689208984e+00,3.584848362580890679e+00,-2.023244402073699710e+00,4.116388671301757896e+00
1.404086798429489136e-01,3.630336999893188477e+00,-1.939529538154602051e+00,4.115959167480468750e+00,3.633251878291399173e+00,-1.934977017612287797e+00,4.116388619870058108e+00
1.407005786895751953e-01,3.676681041717529297e+00,-1.850175261497497559e+00,4.115961074829101562e+00,3.679482718006954034e+00,-1.845552317796120834e+00,4.116388760774967182e+00
1.409924924373626709e-01,3.720818519592285156e+00,-1.759704589843750000e+00,4.115950584411621094e+00,3.723512517176296388e+00,-1.755023884205070495e+00,4.116388502036561370e+00
1.412844061851501465e-01,3.762735366821289062e+00,-1.668184041976928711e+00,4.115946292877197266e+00,3.765309538724063376e+00,-1.663460252806516992e+00,4.116388700678489165e+00
1.415763199329376221e-01,3.802407503128051758e+00,-1.575667977333068848e+00,4.115948677062988281e+00,3.804861019813485346e+00,-1.570887360041683056e+00,4.116388523698272017e+00
1.418682187795639038e-01,3.839792728424072266e+00,-1.482213854789733887e+00,4.115940570831298828e+00,3.842137150895970965e+00,-1.477375146575809373e+00,4.116388612608740338e+00
1.421601325273513794e-01,3.874888420104980469e+00,-1.387868285179138184e+00,4.115937232971191406e+00,3.877115322156474253e+00,-1.382979380968235583e+00,4.116388610114912971e+00
1.424520462751388550e-01,3.907673120498657227e+00,-1.292693138122558594e+00,4.115940570831298828e+00,3.909769797929298463e+00,-1.287771379100064895e+00,4.116388586811186023e+00
1.427439600229263306e-01,3.938111543655395508e+00,-1.196742057800292969e+00,4.115934371948242188e+00,3.940091412292542561e+00,-1.191778459179938521e+00,4.116388736864723619e+00
1.430358588695526123e-01,3.966196537017822266e+00,-1.100081205368041992e+00,4.115931987762451172e+00,3.968056347279951712e+00,-1.095072626334780530e+00,4.116388615295750952e+00
1.433277726173400879e-01,3.991917133331298828e+00,-1.002759099006652832e+00,4.115935802459716797e+00,3.993644381840137925e+00,-9.977272674589321433e-01,4.116388605177403015e+00
1.436196863651275635e-01,4.015242099761962891e+00,-9.048350453376770020e-01,4.115931987762451172e+00,4.016848022715071131e+00,-8.997699163146055668e-01,4.116388458332712830e+00
1.439116001129150391e-01,4.036167621612548828e+00,-8.063705563545227051e-01,4.115930080413818359e+00,4.037649680366958371e+00,-8.012745199726234446e-01,4.116388683995324094e+00
1.442034989595413208e-01,4.054684638977050781e+00,-7.074300050735473633e-01,4.115935325622558594e+00,4.056033439559763920e+00,-7.023153602993854605e-01,4.116388481197986948e+00
1.444954127073287964e-01,4.070769786834716797e+00,-6.080600023269653320e-01,4.115932941436767578e+00,4.071994919611800157e+00,-6.029208227870466175e-01,4.116388726043074264e+00
1.447873264551162720e-01,4.084423065185546875e+00,-5.083267092704772949e-01,4.115933418273925781e+00,4.085520834343792096e+00,-5.031655706154776198e-01,4.116388718198270347e+00
1.450792253017425537e-01,4.095637798309326172e+00,-4.082951545715332031e-01,4.115938663482666016e+00,4.096602942354972576e+00,-4.031094983201107262e-01,4.116388336266066261e+00
1.453711390495300293e-01,4.104397296905517578e+00,-3.080187141895294189e-01,4.115939140319824219e+00,4.105235862414845727e+00,-3.028123418850409698e-01,4.116388805792628780e+00
1.456630527973175049e-01,4.110702991485595703e+00,-2.075531333684921265e-01,4.115939617156982422e+00,4.111412046291987643e+00,-2.023497292390373514e-01,4.116388517537913572e+00
1.459549665451049805e-01,4.114556312561035156e+00,-1.069636717438697815e-01,4.115946292877197266e+00,4.115130935191008810e+00,-1.017504406193395494e-01,4.116388680133625577e+00
1.462468653917312622e-01,4.115943908691406250e+00,-6.315158214420080185e-03,4.115948677062988281e+00,4.116388323137189609e+00,-1.090311483095263287e-03,4.116388467533079520e+00
1.465387791395187378e-01,4.114868640899658203e+00,9.434215724468231201e-02,4.115950107574462891e+00,4.115184775269231210e+00,9.955478389134260475e-02,4.116388816621107338e+00
1.468306928873062134e-01,4.111339092254638672e+00,1.949432194232940674e-01,4.115958213806152344e+00,4.111519733201215665e+00,2.001560354562326172e-01,4.116388824568513627e+00
1.471226066350936890e-01,4.105345726013183594e+00,2.954275608062744141e-01,4.115961551666259766e+00,4.105395670353428450e+00,3.006375653289404815e-01,4.116388776080751377e+00
1.474145054817199707e-01,4.096896171569824219e+00,3.957298696041107178e-01,4.115964412689208984e+00,4.096817919702212762e+00,4.009236988939215429e-01,4.116388815397296064e+00
1.477064192295074463e-01,4.086002826690673828e+00,4.958012700080871582e-01,4.115973472595214844e+00,4.085788784260343753e+00,5.009856952232666361e-01,4.116388788295629375e+00
1.479983329772949219e-01,4.072660923004150391e+00,5.955757498741149902e-01,4.115978717803955078e+00,4.072315980411151060e+00,6.007480167959623474e-01,4.116388662893278649e+00
1.482902467250823975e-01,4.056881904602050781e+00,6.949936747550964355e-01,4.115982055664062500e+00,4.056407958587450402e+00,7.001511474335123664e-01,4.116388848948075996e+00
1.485821455717086792e-01,4.038682937622070312e+00,7.939918637275695801e-01,4.115991115570068359e+00,4.038076244365232270e+00,7.991200789953709638e-01,4.116388302378723552e+00
1.488740593194961548e-01,4.018066406250000000e+00,8.925147652626037598e-01,4.115997791290283203e+00,4.017327904295458829e+00,8.976265832267050770e-01,4.116388826817286350e+00
1.491659730672836304e-01,3.995042800903320312e+00,9.905081987380981445e-01,4.116002082824707031e+00,3.994175887078228460e+00,9.955962380411662593e-01,4.116388330335085222e+00
1.494578868150711060e-01,3.969635486602783203e+00,1.087910771369934082e+00,4.116012096405029297e+00,3.968635787020486472e+00,1.092970400606628090e+00,4.116388502877483369e+00
1.497497856616973877e-01,3.941853523254394531e+00,1.184657216072082520e+00,4.116020202636718750e+00,3.940726736208852277e+00,1.189675986048028822e+00,4.116388728151244791e+00
1.500416994094848633e-01,3.911709308624267578e+00,1.280698895454406738e+00,4.116024971008300781e+00,3.910456272429702285e+00,1.285685190009114409e+00,4.116388546577397278e+00
1.503336131572723389e-01,3.879231214523315430e+00,1.375976562500000000e+00,4.116035461425781250e+00,3.877847338600205696e+00,1.380925337753283966e+00,4.116388559154458449e+00
1.506255269050598145e-01,3.844432115554809570e+00,1.470430970191955566e+00,4.116044998168945312e+00,3.842919319384247689e+00,1.475339687111956621e+00,4.116388719213030178e+00
1.509174257516860962e-01,3.807330846786499023e+00,1.563999414443969727e+00,4.116049289703369141e+00,3.805698715304534741e+00,1.568857043389275452e+00,4.116388603407448166e+00
1.512093394994735718e-01,3.767956733703613281e+00,1.656639575958251953e+00,4.116060256958007812e+00,3.766196623390869913e+00,1.661450963027723438e+00,4.116388746047503489e+00
1.515012532472610474e-01,3.726328611373901367e+00,1.748288869857788086e+00,4.116070747375488281e+00,3.724441677418970809e+00,1.753051234749495757e+00,4.116388519096826570e+00
1.517931669950485229e-01,3.682466745376586914e+00,1.838890194892883301e+00,4.116075515747070312e+00,3.680459916674658327e+00,1.843602877495877257e+00,4.116388801869900860e+00
1.520850658416748047e-01,3.636410951614379883e+00,1.928388833999633789e+00,4.116086959838867188e+00,3.634283756282202127e+00,1.933038236483645367e+00,4.116388616844195880e+00
1.523769795894622803e-01,3.588180065155029297e+00,2.016736745834350586e+00,4.116097927093505859e+00,3.585927387012026291e+00,2.021331387708418248e+00,4.116388684740319270e+00
1.526688933372497559e-01,3.537795543670654297e+00,2.103878736495971680e+00,4.116103172302246094e+00,3.535426074331341262e+00,2.108415550390350557e+00,4.116388424358149223e+00
1.529608070850372314e-01,3.485300302505493164e+00,2.189765453338623047e+00,4.116113662719726562e+00,3.482810821467254403e+00,2.194239031796238582e+00,4.116388726394472286e+00
1.532527059316635132e-01,3.430724859237670898e+00,2.274339199066162109e+00,4.116125583648681641e+00,3.428120923546874810e+00,2.278736895464556600e+00,4.116388575585561149e+00
1.535446196794509888e-01,3.374088764190673828e+00,2.357552766799926758e+00,4.116130352020263672e+00,3.371372448092847307e+00,2.361885509195271293e+00,4.116388628677589701e+00
1.538365334272384644e-01,3.315439462661743164e+00,2.439359664916992188e+00,4.116140842437744141e+00,3.312607772507680348e+00,2.443621290774038890e+00,4.116388619555067407e+00
1.541284471750259399e-01,3.254809379577636719e+00,2.519709587097167969e+00,4.116153717041015625e+00,3.251861910023714053e+00,2.523895822690056523e+00,4.116388709251762812e+00
1.544203460216522217e-01,3.192229032516479492e+00,2.598543167114257812e+00,4.116157531738281250e+00,3.189181014478342124e+00,2.602648436949583477e+00,4.116388517798728941e+00
1.547122597694396973e-01,3.127741336822509766e+00,2.675830364227294922e+00,4.116167068481445312e+00,3.124583276819888678e+00,2.679857200222677704e+00,4.116388619575153562e+00
1.550041735172271729e-01,3.061385631561279297e+00,2.751519680023193359e+00,4.116180419921875000e+00,3.058116739103190262e+00,2.755462901625902017e+00,4.116388440395265746e+00
1.552960872650146484e-01,2.993191719055175781e+00,2.825557231903076172e+00,4.116184234619140625e+00,2.989832020846346250e+00,2.829409705085558446e+00,4.116388561847689864e+00
1.555879861116409302e-01,2.923219442367553711e+00,2.897901535034179688e+00,4.116192817687988281e+00,2.919748743901762200e+00,2.901675696926371728e+00,4.116388535797982584e+00
1.558798998594284058e-01,2.851495265960693359e+00,2.968523263931274414e+00,4.116206645965576172e+00,2.847919419280758646e+00,2.972206259700932218e+00,4.116388595470775513e+00
1.561718136072158813e-01,2.778057813644409180e+00,3.037362098693847656e+00,4.116208553314208984e+00,2.774398201176528467e+00,3.040948706764382781e+00,4.116388516146590959e+00
1.564637124538421631e-01,2.702967405319213867e+00,3.104385614395141602e+00,4.116217136383056641e+00,2.699206586555810805e+00,3.107883535487801829e+00,4.116388741003748741e+00
1.567556262016296387e-01,2.626260042190551758e+00,3.169559717178344727e+00,4.116230010986328125e+00,2.622400382621007164e+00,3.172959274576842237e+00,4.116388505096913342e+00
1.570475399494171143e-01,2.547974824905395508e+00,3.232829809188842773e+00,4.116231918334960938e+00,2.544026154014239260e+00,3.236137444878353087e+00,4.116388542697625219e+00
1.573394536972045898e-01,2.468169450759887695e+00,3.294171094894409180e+00,4.116239070892333984e+00,2.464129975306494913e+00,3.297380514623681425e+00,4.116388562007227137e+00
1.576313525438308716e-01,2.386895656585693359e+00,3.353543996810913086e+00,4.116251468658447266e+00,2.382773305249392681e+00,3.356642337785438190e+00,4.116388758125598457e+00
1.579232662916183472e-01,2.304183483123779297e+00,3.410904884338378906e+00,4.116252422332763672e+00,2.299978800471963680e+00,3.413905812953725416e+00,4.116388633540289277e+00
1.582151800394058228e-01,2.220096349716186523e+00,3.466230630874633789e+00,4.116258144378662109e+00,2.215808834352550161e+00,3.469127669012425752e+00,4.116388656857171924e+00
1.585070937871932983e-01,2.134684801101684570e+00,3.519488573074340820e+00,4.116270065307617188e+00,2.130327184967355958e+00,3.522266562372194709e+00,4.116388666223850912e+00
1.587989926338195801e-01,2.047995328903198242e+00,3.570629358291625977e+00,4.116270065307617188e+00,2.043558152127286753e+00,3.573307322425685939e+00,4.116388604301945087e+00
1.590909063816070557e-01,1.960083723068237305e+00,3.619639396667480469e+00,4.116274833679199219e+00,1.955566670295060705e+00,3.622211245286591108e+00,4.116388624443707123e+00
1.593828201293945312e-01,1.870998263359069824e+00,3.666492223739624023e+00,4.116284847259521484e+00,1.866419790807519741e+00,3.668941802906722227e+00,4.116388804356850173e+00
1.596747338771820068e-01,1.780789136886596680e+00,3.711143732070922852e+00,4.116284847259521484e+00,1.776142989516748427e+00,3.713485033477687214e+00,4.116388588686966443e+00
1.599666327238082886e-01,1.689521670341491699e+00,3.753576993942260742e+00,4.116287708282470703e+00,1.684803748866730677e+00,3.755807754279041788e+00,4.116388655034649346e+00
1.602585464715957642e-01,1.597241401672363281e+00,3.793773412704467773e+00,4.116296291351318359e+00,1.592456926065860090e+00,3.795884242100453942e+00,4.116388737813966969e+00
1.605504602193832397e-01,1.504002332687377930e+00,3.831692218780517578e+00,4.116295337677001953e+00,1.499172465055154113e+00,3.833684448909318476e+00,4.116388530470452167e+00
1.608423739671707153e-01,1.409865021705627441e+00,3.867322206497192383e+00,4.116296768188476562e+00,1.404976862452318009e+00,3.869198243382458990e+00,4.116388590818445437e+00
1.611342728137969971e-01,1.314891338348388672e+00,3.900643587112426758e+00,4.116303920745849609e+00,1.309940980100869901e+00,3.902398213914529901e+00,4.116388853268230896e+00
1.614261865615844727e-01,1.219123840332031250e+00,3.931625843048095703e+00,4.116302490234375000e+00,1.214121630256212780e+00,3.933263911787605149e+00,4.116388748991855806e+00
1.617181003093719482e-01,1.122627854347229004e+00,3.960259199142456055e+00,4.116302967071533203e+00,1.117591272082854248e+00,3.961773194975079182e+00,4.116388842159936168e+00
1.620100140571594238e-01,1.025462269783020020e+00,3.986529350280761719e+00,4.116307258605957031e+00,1.020377455721894533e+00,3.987917377798854357e+00,4.116388607055410098e+00
1.623019129037857056e-01,9.276863932609558105e-01,4.010407924652099609e+00,4.116305351257324219e+00,9.225534986193389964e-01,4.011676953840638937e+00,4.116388822717175877e+00
1.625938266515731812e-01,8.293561339378356934e-01,4.031888484954833984e+00,4.116303443908691406e+00,8.241931191893289155e-01,4.033033614834821812e+00,4.116388518605436531e+00
1.628857403993606567e-01,7.305261492729187012e-01,4.050965785980224609e+00,4.116308212280273438e+00,7.253244775431163527e-01,4.051982022887883339e+00,4.116388454887339066e+00
1.631776541471481323e-01,6.312578916549682617e-01,4.067613601684570312e+00,4.116304874420166016e+00,6.260220809280041543e-01,4.068507219975619371e+00,4.116388543954903945e+00
1.634695529937744141e-01,5.316175222396850586e-01,4.081828117370605469e+00,4.116301536560058594e+00,5.263452836861129969e-01,4.082599049045182227e+00,4.116388508501504617e+00
1.637614667415618896e-01,4.316548407077789307e-01,4.093608379364013672e+00,4.116303443908691406e+00,4.263693291569634614e-01,4.094247571292402910e+00,4.116388463189485591e+00
1.640533804893493652e-01,3.314333558082580566e-01,4.102934837341308594e+00,4.116299629211425781e+00,3.261227984031122018e-01,4.103449362837952030e+00,4.116388314167344298e+00
1.643452942371368408e-01,2.310136705636978149e-01,4.109807491302490234e+00,4.116295337677001953e+00,2.256811935597662910e-01,4.110197350780545378e+00,4.116388497638430621e+00
1.646371930837631226e-01,1.304613202810287476e-01,4.114227294921875000e+00,4.116294860839843750e+00,1.251046399496834605e-01,4.114487113353615833e+00,4.116388632878327236e+00
1.649291068315505981e-01,2.982555888593196869e-02,4.116182804107666016e+00,4.116290569305419922e+00,2.446896082797160241e-02,4.116315875588891338e+00,4.116388601391897772e+00
1.652210205793380737e-01,-7.082793861627578735e-02,4.115675449371337891e+00,4.116284847259521484e+00,-7.619704217233924659e-02,4.115683556042889713e+00,4.116388844936500924e+00
1.655129343271255493e-01,-1.714391857385635376e-01,4.112711906433105469e+00,4.116283416748046875e+00,-1.768174769813873337e-01,4.112589288924640485e+00,4.116388596760970131e+00
1.658048331737518311e-01,-2.719385027885437012e-01,4.107286453247070312e+00,4.116279125213623047e+00,-2.773164769564921972e-01,4.107036501616071256e+00,4.116388375019822909e+00
1.660967469215393066e-01,-3.722833991050720215e-01,4.099401473999023438e+00,4.116271018981933594e+00,-3.776653523760363229e-01,4.099027019368576497e+00,4.116388419950060218e+00
1.663886606693267822e-01,-4.724070727825164795e-01,4.089070796966552734e+00,4.116268634796142578e+00,-4.777883168350939846e-01,4.088566176694024001e+00,4.116388594011806568e+00
1.666805744171142578e-01,-5.722480416297912598e-01,4.076291561126708984e+00,4.116262912750244141e+00,-5.776255083871256746e-01,4.075660043484552020e+00,4.116388710750721103e+00
1.669724732637405396e-01,-6.717410683631896973e-01,4.061072349548339844e+00,4.116253852844238281e+00,-6.771018396159171893e-01,4.060318715231016284e+00,4.116388583511827015e+00
1.672643870115280151e-01,-7.708384394645690918e-01,4.043429851531982422e+00,4.116250038146972656e+00,-7.761887215933412909e-01,4.042546878148434608e+00,4.116388489143894880e+00
1.675563007593154907e-01,-8.694745898246765137e-01,4.023366451263427734e+00,4.116243839263916016e+00,-8.748113745070292824e-01,4.022357485850574399e+00,4.116388548830761884e+00
1.678481996059417725e-01,-9.675847887992858887e-01,4.000895023345947266e+00,4.116233825683593750e+00,-9.729108646284007067e-01,3.999762320175941355e+00,4.116388486089622489e+00
1.681401133537292480e-01,-1.065122723579406738e+00,3.976035118103027344e+00,4.116229057312011719e+00,-1.070413256009459246e+00,3.974779332256308084e+00,4.116388620960449884e+00
1.684320271015167236e-01,-1.162023544311523438e+00,3.948796033859252930e+00,4.116222858428955078e+00,-1.167290910053850217e+00,3.947415103485165222e+00,4.116388473883040078e+00
1.687239408493041992e-01,-1.258227825164794922e+00,3.919191122055053711e+00,4.116211414337158203e+00,-1.263470287848927898e+00,3.917690441888781017e+00,4.116388655939057450e+00
1.690158396959304810e-01,-1.353676557540893555e+00,3.887249231338500977e+00,4.116205215454101562e+00,-1.358879185074563845e+00,3.885627806864742517e+00,4.116388719874426450e+00
1.693077534437179565e-01,-1.448315978050231934e+00,3.852982759475708008e+00,4.116199016571044922e+00,-1.453490293997194982e+00,3.851236160551952725e+00,4.116388465522538453e+00
1.695996671915054321e-01,-1.542091727256774902e+00,3.816404819488525391e+00,4.116186618804931641e+00,-1.547232174885396772e+00,3.814541529780869134e+00,4.116388524595748777e+00
1.698915809392929077e-01,-1.634947538375854492e+00,3.777549743652343750e+00,4.116179943084716797e+00,-1.640048830504626354e+00,3.775565435744165033e+00,4.116388529527506002e+00
1.701834797859191895e-01,-1.726821303367614746e+00,3.736438989639282227e+00,4.116174221038818359e+00,-1.731870191749528498e+00,3.734338179967763960e+00,4.116388708982121614e+00
1.704753935337066650e-01,-1.817664146423339844e+00,3.693084716796875000e+00,4.116160392761230469e+00,-1.822670292030613259e+00,3.690870852929914570e+00,4.116388544155975993e+00
1.707673072814941406e-01,-1.907422423362731934e+00,3.647527456283569336e+00,4.116153240203857422e+00,-1.912380290696145790e+00,3.645196363101801396e+00,4.116388575172862829e+00
1.710592210292816162e-01,-1.996041059494018555e+00,3.599790334701538086e+00,4.116147518157958984e+00,-2.000946534728372583e+00,3.597341924172535954e+00,4.116388703007873850e+00
1.713511198759078979e-01,-2.083457469940185547e+00,3.549895763397216797e+00,4.116133213043212891e+00,-2.088302614176579031e+00,3.547343750631716475e+00,4.116388647045202021e+00
1.716430336236953735e-01,-2.169635534286499023e+00,3.497881174087524414e+00,4.116125583648681641e+00,-2.174423327039979537e+00,3.495216500390461167e+00,4.116388610150572447e+00
1.719349473714828491e-01,-2.254517316818237305e+00,3.443777084350585938e+00,4.116120338439941406e+00,-2.259243730305492637e+00,3.440998991607852275e+00,4.116388744175035974e+00
1.722268611192703247e-01,-2.338046073913574219e+00,3.387605667114257812e+00,4.116106033325195312e+00,-2.342712982312849856e+00,3.384723408465842631e+00,4.116388789863488995e+00
1.725187599658966064e-01,-2.420175552368164062e+00,3.329416513442993164e+00,4.116097927093505859e+00,-2.424768464611093854e+00,3.326432830715871258e+00,4.116388888848677041e+00
1.728106737136840820e-01,-2.500860214233398438e+00,3.269239187240600586e+00,4.116093635559082031e+00,-2.505386548275969627e+00,3.266143564364596408e+00,4.116388652608308441e+00
1.731025874614715576e-01,-2.580047369003295898e+00,3.207095861434936523e+00,4.116079330444335938e+00,-2.584506081794153864e+00,3.203901292832940229e+00,4.116388609090200212e+00
1.733945012092590332e-01,-2.657695531845092773e+00,3.143039226531982422e+00,4.116070747375488281e+00,-2.662080101489367578e+00,3.139742679086672705e+00,4.116388533365624269e+00
1.736864000558853149e-01,-2.733752965927124023e+00,3.077109813690185547e+00,4.116067409515380859e+00,-2.738050366793111756e+00,3.073716944497586923e+00,4.116388667993764017e+00
1.739783138036727905e-01,-2.808172702789306641e+00,3.009328842163085938e+00,4.116053104400634766e+00,-2.812395189411015295e+00,3.005842753706257309e+00,4.116388873931936310e+00
1.742702275514602661e-01,-2.880916595458984375e+00,2.939752578735351562e+00,4.116044998168945312e+00,-2.885057779333326966e+00,2.936170739333892943e+00,4.116388830104887653e+00
1.745621412992477417e-01,-2.951941728591918945e+00,2.868422031402587891e+00,4.116042137145996094e+00,-2.955983764148206294e+00,2.864753886084063783e+00,4.116388567876160032e+00
1.748540401458740234e-01,-3.021189451217651367e+00,2.795371532440185547e+00,4.116027832031250000e+00,-3.025153392915386874e+00,2.791612978747244789e+00,4.116388717526266561e+00
1.751459538936614990e-01,-3.088638305664062500e+00,2.720650196075439453e+00,4.116020202636718750e+00,-3.092513740505996811e+00,2.716802174792408042e+00,4.116388622588391222e+00
1.754378676414489746e-01,-3.154244661331176758e+00,2.644304990768432617e+00,4.116018295288085938e+00,-3.158024638724124866e+00,2.640366630888037580e+00,4.116388655641700645e+00
1.757297813892364502e-01,-3.217955827713012695e+00,2.566371202468872070e+00,4.116005420684814453e+00,-3.221636792113543812e+00,2.562364271110659342e+00,4.116388499420834179e+00
1.760216802358627319e-01,-3.279742240905761719e+00,2.486911773681640625e+00,4.115997791290283203e+00,-3.283332380536536643e+00,2.482817523432622409e+00,4.116388511273422424e+00
1.763135939836502075e-01,-3.339574337005615234e+00,2.405965805053710938e+00,4.115996360778808594e+00,-3.343064513031676288e+00,2.401785710076757230e+00,4.116388579254955715e+00
1.766055077314376831e-01,-3.397403001785278320e+00,2.323571681976318359e+00,4.115984916687011719e+00,-3.400796889559707825e+00,2.319317751043324272e+00,4.116388503815407773e+00
1.768974214792251587e-01,-3.453203201293945312e+00,2.239790916442871094e+00,4.115978240966796875e+00,-3.456487189664790627e+00,2.235475768123543538e+00,4.116388660243873510e+00
1.771893203258514404e-01,-3.506940603256225586e+00,2.154678106307983398e+00,4.115977287292480469e+00,-3.510119047043732898e+00,2.150283839023193089e+00,4.116388746557293921e+00
1.774812340736389160e-01,-3.558575153350830078e+00,2.068267345428466797e+00,4.115967273712158203e+00,-3.561651595075217003e+00,2.063805735266922348e+00,4.116388732569177478e+00
1.777731478214263916e-01,-3.608084678649902344e+00,1.980621695518493652e+00,4.115961551666259766e+00,-3.611046139700267776e+00,1.976107106769490640e+00,4.116388407386880388e+00
1.780650615692138672e-01,-3.655441522598266602e+00,1.891794204711914062e+00,4.115961551666259766e+00,-3.658289431286756432e+00,1.887213181071635493e+00,4.116388605789655486e+00
1.783569604158401489e-01,-3.700602293014526367e+00,1.801835775375366211e+00,4.115952968597412109e+00,-3.703344459904801766e+00,1.797190658335734215e+00,4.116388520428655440e+00
1.786488741636276245e-01,-3.743554830551147461e+00,1.710796713829040527e+00,4.115948200225830078e+00,-3.746184768875254534e+00,1.706093093935439065e+00,4.116388461713391678e+00
1.789407879114151001e-01,-3.784273624420166016e+00,1.618736624717712402e+00,4.115948677062988281e+00,-3.786778630950081492e+00,1.613989739290169645e+00,4.116388620909609664e+00
1.792326867580413818e-01,-3.822720289230346680e+00,1.525710344314575195e+00,4.115942478179931641e+00,-3.825114002020333359e+00,1.520906759497830718e+00,4.116388526310193363e+00
1.795246005058288574e-01,-3.858882427215576172e+00,1.431772232055664062e+00,4.115938186645507812e+00,-3.861161789627347574e+00,1.426914204638336736e+00,4.116388527954682353e+00
1.798165142536163330e-01,-3.892744541168212891e+00,1.336975336074829102e+00,4.115940093994140625e+00,-3.894900344443686269e+00,1.332068307135944041e+00,4.116388546775385571e+00
1.801084280014038086e-01,-3.924271821975708008e+00,1.241376280784606934e+00,4.115935325622558594e+00,-3.926304888015486050e+00,1.236440608252659334e+00,4.116388641927595238e+00
1.804003268480300903e-01,-3.953451633453369141e+00,1.145040273666381836e+00,4.115931987762451172e+00,-3.955366257696621979e+00,1.140058664681137701e+00,4.116388707525022284e+00
1.806922405958175659e-01,-3.980274677276611328e+00,1.048016190528869629e+00,4.115935325622558594e+00,-3.982061832854572714e+00,1.042994822895435103e+00,4.116388543524990951e+00
1.809841543436050415e-01,-4.004710674285888672e+00,9.503636360168457031e-01,4.115931987762451172e+00,-4.006372348011893791e+00,9.453225759287896546e-01,4.116388485490038995e+00
1.812760680913925171e-01,-4.026752471923828125e+00,8.521428704261779785e-01,4.115930080413818359e+00,-4.028291028638375515e+00,8.470696862000945959e-01,4.116388667835867210e+00
1.815679669380187988e-01,-4.046390533447265625e+00,7.534187436103820801e-01,4.115934371948242188e+00,-4.047800525318122844e+00,7.483102167464015242e-01,4.116388863221344785e+00
1.818598806858062744e-01,-4.063604354858398438e+00,6.542380452156066895e-01,4.115933418273925781e+00,-4.064886357813905171e+00,6.491187278844621211e-01,4.116388735874193294e+00
1.821517944335937500e-01,-4.078387260437011719e+00,5.546659231185913086e-01,4.115931987762451172e+00,-4.079544144625092628e+00,5.495235454854278112e-01,4.116388775976797199e+00
1.824437081813812256e-01,-4.090737342834472656e+00,4.547629654407501221e-01,4.115937232971191406e+00,-4.091762036209098063e+00,4.495997304215278434e-01,4.116388766693099832e+00
1.827356070280075073e-01,-4.100635528564453125e+00,3.545925617218017578e-01,4.115938663482666016e+00,-4.101532743872794207e+00,3.494070746935791227e-01,4.116388727137734627e+00
1.830275207757949829e-01,-4.108080863952636719e+00,2.542100250720977783e-01,4.115939140319824219e+00,-4.108850410236601469e+00,2.490053804582352814e-01,4.116388632429965888e+00
1.833194345235824585e-01,-4.113074779510498047e+00,1.536707133054733276e-01,4.115944385528564453e+00,-4.113710352357771605e+00,1.484704897241990729e-01,4.116388751006693880e+00
1.836113482713699341e-01,-4.115605831146240234e+00,5.303930863738059998e-02,4.115947246551513672e+00,-4.116110579513154732e+00,4.783112785712125004e-02,4.116388480157358032e+00
1.839032471179962158e-01,-4.115672588348388672e+00,-4.761863499879837036e-02,4.115947723388671875e+00,-4.116049271457487890e+00,-5.283683769894246401e-02,4.116388385038970199e+00
1.841951608657836914e-01,-4.113284587860107422e+00,-1.482533067464828491e-01,4.115955352783203125e+00,-4.113527470495838223e+00,-1.534575247777325291e-01,4.116388886200476271e+00
1.844870746135711670e-01,-4.108433723449707031e+00,-2.487993091344833374e-01,4.115960121154785156e+00,-4.108544618248684444e+00,-2.540021228657183827e-01,4.116388703531351112e+00
1.847789883613586426e-01,-4.101122379302978516e+00,-3.491962552070617676e-01,4.115962028503417969e+00,-4.101104618765278431e+00,-3.543947937638617374e-01,4.116388558421669508e+00
1.850708872079849243e-01,-4.091364383697509766e+00,-4.493796825408935547e-01,4.115969181060791016e+00,-4.091213757729604161e+00,-4.545599653912333338e-01,4.116388559595955066e+00
1.853628009557723999e-01,-4.079158306121826172e+00,-5.492994189262390137e-01,4.115976333618164062e+00,-4.078874815122460973e+00,-5.544689033714788051e-01,4.116388650534137383e+00
1.856547147035598755e-01,-4.064507961273193359e+00,-6.488900184631347656e-01,4.115978717803955078e+00,-4.064095983066789763e+00,-6.540461661666451265e-01,4.116388289150684443e+00
1.859466284513473511e-01,-4.047432422637939453e+00,-7.480934262275695801e-01,4.115987777709960938e+00,-4.046887142080542787e+00,-7.532323168739043506e-01,4.116388521983809667e+00
1.862385272979736328e-01,-4.027937412261962891e+00,-8.468443751335144043e-01,4.115996360778808594e+00,-4.027257694075757399e+00,-8.519680312808808331e-01,4.116388473020617056e+00
1.865304410457611084e-01,-4.006027221679687500e+00,-9.450877308845520020e-01,4.115998744964599609e+00,-4.005223451198586027e+00,-9.501788073685494274e-01,4.116388545801213716e+00
1.868223547935485840e-01,-3.981726646423339844e+00,-1.042772293090820312e+00,4.116008281707763672e+00,-3.980790520331322302e+00,-1.047836821125990747e+00,4.116388607805043343e+00
1.871142685413360596e-01,-3.955044984817504883e+00,-1.139833331108093262e+00,4.116017341613769531e+00,-3.953976614940671652e+00,-1.144868073708427136e+00,4.116388462924088110e+00
1.874061673879623413e-01,-3.925993442535400391e+00,-1.236205935478210449e+00,4.116021156311035156e+00,-3.924803011012540921e+00,-1.241199688585805427e+00,4.116388628664524596e+00
1.876980811357498169e-01,-3.894598245620727539e+00,-1.331846117973327637e+00,4.116030693054199219e+00,-3.893277722482390679e+00,-1.336803927574428785e+00,4.116388728625624438e+00
1.879899948835372925e-01,-3.860875129699707031e+00,-1.426689982414245605e+00,4.116042137145996094e+00,-3.859423682440056069e+00,-1.431608831389737713e+00,4.116388587912012120e+00
1.882819086313247681e-01,-3.824836015701293945e+00,-1.520678281784057617e+00,4.116045951843261719e+00,-3.823261708091392652e+00,-1.525557558275809633e+00,4.116388702755166662e+00
1.885738074779510498e-01,-3.786516904830932617e+00,-1.613754391670227051e+00,4.116055488586425781e+00,-3.784819247343605753e+00,-1.618579403607924849e+00,4.116388711096949038e+00
1.888657212257385254e-01,-3.745933771133422852e+00,-1.705871224403381348e+00,4.116067886352539062e+00,-3.744107400502275862e+00,-1.710647685344552471e+00,4.116388675753369419e+00
1.891576349735260010e-01,-3.703102350234985352e+00,-1.796964287757873535e+00,4.116072177886962891e+00,-3.701156220781980810e+00,-1.801693046556600786e+00,4.116388611956305787e+00
1.894495487213134766e-01,-3.658061742782592773e+00,-1.886985301971435547e+00,4.116081714630126953e+00,-3.655991504070861708e+00,-1.891660860635596908e+00,4.116388549383904305e+00
1.897414475679397583e-01,-3.610841274261474609e+00,-1.975870251655578613e+00,4.116095066070556641e+00,-3.608648050333322477e+00,-1.980483505556093871e+00,4.116388668111192750e+00
1.900333613157272339e-01,-3.561448574066162109e+00,-2.063578128814697266e+00,4.116098880767822266e+00,-3.559139086576401212e+00,-2.068135759662639739e+00,4.116388776341620925e+00
1.903252750635147095e-01,-3.509931087493896484e+00,-2.150055170059204102e+00,4.116108894348144531e+00,-3.507501309171388915e+00,-2.154550861830055286e+00,4.116388568885551713e+00
1.906171739101409912e-01,-3.456320524215698242e+00,-2.235243797302246094e+00,4.116122722625732422e+00,-3.453774485299755614e+00,-2.239664239874391338e+00,4.116388478105501569e+00
1.909090876579284668e-01,-3.400631666183471680e+00,-2.319094657897949219e+00,4.116126060485839844e+00,-3.397973735099647730e+00,-2.323451771524475795e+00,4.116388421787632979e+00
1.912010014057159424e-01,-3.342914342880249023e+00,-2.401561975479125977e+00,4.116136074066162109e+00,-3.340141200765336382e+00,-2.405849632806175808e+00,4.116388671727162496e+00
1.914929151535034180e-01,-3.283201217651367188e+00,-2.482595920562744141e+00,4.116150379180908203e+00,-3.280310471176636877e+00,-2.486808909585994432e+00,4.116388628410511785e+00
1.917848140001296997e-01,-3.221519708633422852e+00,-2.562134504318237305e+00,4.116154193878173828e+00,-3.218528190242079479e+00,-2.566267986485693431e+00,4.116388598012131972e+00
1.920767277479171753e-01,-3.157912731170654297e+00,-2.640148639678955078e+00,4.116162776947021484e+00,-3.154811111454352890e+00,-2.644205387488692161e+00,4.116388621131401138e+00
1.923686414957046509e-01,-3.092421293258666992e+00,-2.716587305068969727e+00,4.116177558898925781e+00,-3.089207525179639369e+00,-2.720561189535289692e+00,4.116388747389170710e+00
1.926605552434921265e-01,-3.025071859359741211e+00,-2.791393756866455078e+00,4.116179943084716797e+00,-3.021756224360942156e+00,-2.795289650851270125e+00,4.116388576364033547e+00
1.929524540901184082e-01,-2.955921411514282227e+00,-2.864530801773071289e+00,4.116188526153564453e+00,-2.952508775900859916e+00,-2.868335425434074715e+00,4.116388730983951305e+00
1.932443678379058838e-01,-2.885007619857788086e+00,-2.935959339141845703e+00,4.116202831268310547e+00,-2.881484556616229931e+00,-2.939677073300676735e+00,4.116388531869588085e+00
1.935362815856933594e-01,-2.812356472015380859e+00,-3.005627870559692383e+00,4.116205692291259766e+00,-2.808737263386884564e+00,-3.009260470350581418e+00,4.116388416215438717e+00
1.938281953334808350e-01,-2.738027334213256836e+00,-3.073502063751220703e+00,4.116212844848632812e+00,-2.734321987963183709e+00,-3.077034135462109354e+00,4.116388684837473555e+00
1.941200941801071167e-01,-2.662068605422973633e+00,-3.139539718627929688e+00,4.116226196289062500e+00,-2.658259760171171937e+00,-3.142977844002743382e+00,4.116388548283243409e+00
1.944120079278945923e-01,-2.584506988525390625e+00,-3.203695297241210938e+00,4.116228580474853516e+00,-2.580607795186887987e+00,-3.207041813720896695e+00,4.116388439826050849e+00
1.947039216756820679e-01,-2.505402803421020508e+00,-3.265937805175781250e+00,4.116235256195068359e+00,-2.501412412616886627e+00,-3.269188039155666470e+00,4.116388525558819289e+00
1.949958354234695435e-01,-2.424803495407104492e+00,-3.326232194900512695e+00,4.116247653961181641e+00,-2.420721117936235789e+00,-3.329379008193066536e+00,4.116388624877284741e+00
1.952877342700958252e-01,-2.342752933502197266e+00,-3.384526729583740234e+00,4.116249561309814453e+00,-2.338595115033653027e+00,-3.387569763949996648e+00,4.116388710713251520e+00
1.955796480178833008e-01,-2.259299039840698242e+00,-3.440803050994873047e+00,4.116255283355712891e+00,-2.255057289194850156e+00,-3.443743923744377433e+00,4.116388658748970641e+00
1.958715617656707764e-01,-2.174497127532958984e+00,-3.495026350021362305e+00,4.116265773773193359e+00,-2.170170964458446150e+00,-3.497858468047215119e+00,4.116388693681406252e+00
1.961634755134582520e-01,-2.088390350341796875e+00,-3.547152280807495117e+00,4.116268157958984375e+00,-2.084000382765562875e+00,-3.549873013756774665e+00,4.116388709678134639e+00
1.964553743600845337e-01,-2.001040220260620117e+00,-3.597156524658203125e+00,4.116272449493408203e+00,-1.996570317619353441e+00,-3.599772635301278001e+00,4.116388715738900750e+00
1.967472881078720093e-01,-1.912496447563171387e+00,-3.645014524459838867e+00,4.116281509399414062e+00,-1.907945809621433453e+00,-3.647519584368359435e+00,4.116388748746007131e+00
1.970392018556594849e-01,-1.822800755500793457e+00,-3.690688848495483398e+00,4.116282939910888672e+00,-1.818194499767123773e+00,-3.693077818067301621e+00,4.116388588226840284e+00
1.973311156034469604e-01,-1.732015848159790039e+00,-3.734157085418701172e+00,4.116285800933837891e+00,-1.727341725011836804e+00,-3.736434803855905429e+00,4.116388523746585371e+00
1.976230144500732422e-01,-1.640202164649963379e+00,-3.775395393371582031e+00,4.116293430328369141e+00,-1.635455921735610385e+00,-3.777557372116836287e+00,4.116388680818944934e+00
1.979149281978607178e-01,-1.547400355339050293e+00,-3.814372062683105469e+00,4.116294860839843750e+00,-1.542606689256552865e+00,-3.816414515967769816e+00,4.116388605978372084e+00
1.982068419456481934e-01,-1.453673243522644043e+00,-3.851068019866943359e+00,4.116295814514160156e+00,-1.448805666116424140e+00,-3.853001147635619628e+00,4.116388672350129063e+00
1.984987556934356689e-01,-1.359078764915466309e+00,-3.885466098785400391e+00,4.116302013397216797e+00,-1.354167486450302604e+00,-3.887272328559412848e+00,4.116388676709580530e+00
1.987906545400619507e-01,-1.263674616813659668e+00,-3.917533874511718750e+00,4.116302013397216797e+00,-1.258704845599121880e+00,-3.919224178127129754e+00,4.116388714243466751e+00
1.990825682878494263e-01,-1.167509675025939941e+00,-3.947259902954101562e+00,4.116301536560058594e+00,-1.162489284824888447e+00,-3.948831917884905174e+00,4.116388569248444540e+00
1.993744820356369019e-01,-1.070648312568664551e+00,-3.974631071090698242e+00,4.116306304931640625e+00,-1.065593849674811633e+00,-3.976074129447618954e+00,4.116388676416188552e+00
1.996663957834243774e-01,-9.731453061103820801e-01,-3.999620199203491211e+00,4.116305828094482422e+00,-9.680458452544223880e-01,-4.000942600829422879e+00,4.116388520735871026e+00
1.999582946300506592e-01,-8.750675320625305176e-01,-4.022215366363525391e+00,4.116303920745849609e+00,-8.699189998051952699e-01,-4.023418308312664671e+00,4.116388459546501011e+00
2.002502083778381348e-01,-7.764629721641540527e-01,-4.042411327362060547e+00,4.116307258605957031e+00,-7.712873036400678117e-01,-4.043484855598558525e+00,4.116388451326145059e+00
2.005421221256256104e-01,-6.773904561996459961e-01,-4.060186862945556641e+00,4.116306304931640625e+00,-6.721789201460696139e-01,-4.061136666309574927e+00,4.116388650641820135e+00
2.008340209722518921e-01,-5.779177546501159668e-01,-4.075531005859375000e+00,4.116302013397216797e+00,-5.726685256061814222e-01,-4.076359500330381636e+00,4.116388710526948991e+00
2.011259347200393677e-01,-4.780951440334320068e-01,-4.088445186614990234e+00,4.116303920745849609e+00,-4.728312870315287686e-01,-4.089142463692341245e+00,4.116388649577170433e+00
2.014178484678268433e-01,-3.779861629009246826e-01,-4.098910331726074219e+00,4.116301536560058594e+00,-3.726800855061148665e-01,-4.099483348037831654e+00,4.116388485914844964e+00
2.017097622156143188e-01,-2.776509523391723633e-01,-4.106921195983886719e+00,4.116295814514160156e+00,-2.723372284178908198e-01,-4.107369754083309843e+00,4.116388448961143531e+00
2.020016610622406006e-01,-1.771552413702011108e-01,-4.112481594085693359e+00,4.116295337677001953e+00,-1.718158653526586088e-01,-4.112800675058609023e+00,4.116387990016178833e+00
2.022935748100280762e-01,-7.654827088117599487e-02,-4.115581035614013672e+00,4.116292953491210938e+00,-7.119172731616618677e-02,-4.115771890529971166e+00,4.116387556695180194e+00
2.025854885578155518e-01,2.410444058477878571e-02,-4.116214275360107422e+00,4.116284847259521484e+00,2.945922550841550622e-02,-4.116281363294666207e+00,4.116386778204224051e+00
2.028774023056030273e-01,1.247427091002464294e-01,-4.114391803741455078e+00,4.116282463073730469e+00,1.301082251096489784e-01,-4.114328985422686991e+00,4.116385690205724757e+00
2.031693011522293091e-01,2.253012508153915405e-01,-4.110107421875000000e+00,4.116278171539306641e+00,2.306793629073303209e-01,-4.109916305666738268e+00,4.116384944105283772e+00
2.034612149000167847e-01,3.257246315479278564e-01,-4.103359699249267578e+00,4.116267204284667969e+00,3.310967598861817573e-01,-4.103045773466839741e+00,4.116383082703944041e+00
2.037531286478042603e-01,4.259586036205291748e-01,-4.094163417816162109e+00,4.116262435913085938e+00,4.313316777682091319e-01,-4.093719453460302304e+00,4.116380203514449221e+00
2.040450423955917358e-01,5.259377956390380859e-01,-4.082517623901367188e+00,4.116255760192871094e+00,5.313085041052204582e-01,-4.081945338137018098e+00,4.116377833735996639e+00
2.043369412422180176e-01,6.255962848663330078e-01,-4.068424701690673828e+00,4.116242408752441406e+00,6.309516928238431133e-01,-4.067731119832071585e+00,4.116374193623260958e+00
2.046288549900054932e-01,7.248862385749816895e-01,-4.051903247833251953e+00,4.116233825683593750e+00,7.302329729691952043e-01,-4.051081989601359901e+00,4.116370425664330313e+00
2.049207687377929688e-01,8.237425684928894043e-01,-4.032958030700683594e+00,4.116224288940429688e+00,8.290770133874736381e-01,-4.032008282079725170e+00,4.116364838165707418e+00
2.052126824855804443e-01,9.221043586730957031e-01,-4.011593818664550781e+00,4.116207122802734375e+00,9.274247081543293136e-01,-4.010522289560573661e+00,4.116358296401970485e+00
2.055045813322067261e-01,1.019910335540771484e+00,-3.987836360931396484e+00,4.116194248199462891e+00,1.025217256042485259e+00,-3.986637487226986298e+00,4.116351403445869472e+00
2.057964950799942017e-01,1.117111325263977051e+00,-3.961693048477172852e+00,4.116181373596191406e+00,1.122380762452410918e+00,-3.960370902108903302e+00,4.116342582705446951e+00
2.060884088277816772e-01,1.213641285896301270e+00,-3.933171749114990234e+00,4.116158962249755859e+00,1.218887536820609130e+00,-3.931731058308060689e+00,4.116332826956639046e+00
2.063803225755691528e-01,1.309445977210998535e+00,-3.902302742004394531e+00,4.116140842437744141e+00,1.314664249316140898e+00,-3.900738106000450234e+00,4.116321156085120947e+00
2.066722214221954346e-01,1.404462575912475586e+00,-3.869102716445922852e+00,4.116123199462890625e+00,1.409638898353565262e+00,-3.867416450179209431e+00,4.116308033039826952e+00
2.069641351699829102e-01,1.498635292053222656e+00,-3.833579540252685547e+00,4.116095066070556641e+00,1.503784201417304178e+00,-3.831775368428956163e+00,4.116293162364792479e+00
2.072560489177703857e-01,1.591916918754577637e+00,-3.795765876770019531e+00,4.116070747375488281e+00,1.597028380640158174e+00,-3.793840738619239428e+00,4.116275889511914698e+00
2.075479626655578613e-01,1.684246420860290527e+00,-3.755683183670043945e+00,4.116046905517578125e+00,1.689316036852320124e+00,-3.753635591995710286e+00,4.116256652574449504e+00
2.078398615121841431e-01,1.775558233261108398e+00,-3.713346481323242188e+00,4.116011142730712891e+00,1.780577091027128578e+00,-3.711190562518479563e+00,4.116234950584922281e+00
2.081317752599716187e-01,1.865813255310058594e+00,-3.668790578842163086e+00,4.115979194641113281e+00,1.870785709508194117e+00,-3.666517812592771985e+00,4.116210883927129416e+00
2.084236890077590942e-01,1.954952001571655273e+00,-3.622042417526245117e+00,4.115948200225830078e+00,1.959872923510365794e+00,-3.619650410064155555e+00,4.116184029825036284e+00
2.087156027555465698e-01,2.042914152145385742e+00,-3.573117017745971680e+00,4.115903377532958984e+00,2.047785394103613488e+00,-3.570615942639478124e+00,4.116153936642226618e+00
2.090075016021728516e-01,2.129649877548217773e+00,-3.522060394287109375e+00,4.115861415863037109e+00,2.134456681985828830e+00,-3.519452258113186627e+00,4.116120688756825352e+00
2.092994153499603271e-01,2.215116262435913086e+00,-3.468897342681884766e+00,4.115821838378906250e+00,2.219862148225274279e+00,-3.466174331059114433e+00,4.116084601950794841e+00
2.095913290977478027e-01,2.299247980117797852e+00,-3.413648605346679688e+00,4.115767002105712891e+00,2.303936285261204198e+00,-3.410821070678939915e+00,4.116044555484139167e+00
2.098832428455352783e-01,2.382004261016845703e+00,-3.356360673904418945e+00,4.115714073181152344e+00,2.386628782790382708e+00,-3.353425820851749339e+00,4.116000690330205991e+00
2.101751416921615601e-01,2.463331222534179688e+00,-3.297071695327758789e+00,4.115663051605224609e+00,2.467876937587333064e+00,-3.294032401927065035e+00,4.115952628981633943e+00
2.104670554399490356e-01,2.543173551559448242e+00,-3.235799312591552734e+00,4.115595817565917969e+00,2.547657562247312324e+00,-3.232658031452848135e+00,4.115900509340880475e+00
2.107589691877365112e-01,2.621497631072998047e+00,-3.172591447830200195e+00,4.115529537200927734e+00,2.625909984452701185e+00,-3.169348484833333313e+00,4.115844149717495348e+00
2.110508829355239868e-01,2.698252439498901367e+00,-3.107489109039306641e+00,4.115465641021728516e+00,2.702585956392325350e+00,-3.104141399871774620e+00,4.115782390030712001e+00
2.113427817821502686e-01,2.773376703262329102e+00,-3.040521383285522461e+00,4.115384578704833984e+00,2.777628774549461887e+00,-3.037086435679721586e+00,4.115715688309252052e+00
2.116346955299377441e-01,2.846843481063842773e+00,-2.971734285354614258e+00,4.115303516387939453e+00,2.851015931404946802e+00,-2.968203366360556927e+00,4.115643699981688108e+00
2.119266092777252197e-01,2.918605327606201172e+00,-2.901172399520874023e+00,4.115222454071044922e+00,2.922691379922544019e+00,-2.897543584520700488e+00,4.115566027470658028e+00
2.122185081243515015e-01,2.988604307174682617e+00,-2.828870773315429688e+00,4.115126132965087891e+00,2.992601385397394509e+00,-2.825161035629730755e+00,4.115482709126944805e+00
2.125104218721389771e-01,3.056814670562744141e+00,-2.754875421524047852e+00,4.115027904510498047e+00,3.060724762193756998e+00,-2.751076217162487403e+00,4.115392620703776316e+00
2.128023356199264526e-01,3.123193740844726562e+00,-2.679235458374023438e+00,4.114929199218750000e+00,3.127010627885190797e+00,-2.675345348347132557e+00,4.115296854399397297e+00
2.130942493677139282e-01,3.187689304351806641e+00,-2.601986408233642578e+00,4.114814281463623047e+00,3.191407146675426798e+00,-2.598025841582712214e+00,4.115193537293543535e+00
2.133861482143402100e-01,3.250269174575805664e+00,-2.523186922073364258e+00,4.114696025848388672e+00,3.253896424683152766e+00,-2.519140015650943365e+00,4.115083032092989868e+00
2.136780619621276855e-01,3.310900688171386719e+00,-2.442881584167480469e+00,4.114575862884521484e+00,3.314431095412293082e+00,-2.438748007788464012e+00,4.114966018295671546e+00
2.139699757099151611e-01,3.369539022445678711e+00,-2.361107110977172852e+00,4.114440441131591797e+00,3.372973559861381254e+00,-2.356897057086661640e+00,4.114840747006829780e+00
2.142618894577026367e-01,3.426153421401977539e+00,-2.277921915054321289e+00,4.114298820495605469e+00,3.429487840639226182e+00,-2.273637164487216200e+00,4.114706891727498927e+00
2.145537883043289185e-01,3.480710744857788086e+00,-2.193383216857910156e+00,4.114155769348144531e+00,3.483932656164784980e+00,-2.189031661785271421e+00,4.114565149440436720e+00
2.148457020521163940e-01,3.533171415328979492e+00,-2.107525825500488281e+00,4.113996028900146484e+00,3.536290494183005784e+00,-2.103105341431406483e+00,4.114413996720116096e+00
2.151376157999038696e-01,3.583508253097534180e+00,-2.020410537719726562e+00,4.113829135894775391e+00,3.586522214606625347e+00,-2.015923015435547860e+00,4.114254148692027435e+00
2.154295295476913452e-01,3.631695270538330078e+00,-1.932092189788818359e+00,4.113659381866455078e+00,3.634589196978362136e+00,-1.927551351174829675e+00,4.114084690694605584e+00
2.157214283943176270e-01,3.677689313888549805e+00,-1.842622876167297363e+00,4.113472461700439453e+00,3.680478079734526009e+00,-1.838016327567138175e+00,4.113906041198526431e+00
2.160133421421051025e-01,3.721473693847656250e+00,-1.752050638198852539e+00,4.113276958465576172e+00,3.724151713481270942e+00,-1.747385315959967045e+00,4.113716255098059271e+00
2.163052558898925781e-01,3.763024091720581055e+00,-1.660437226295471191e+00,4.113077163696289062e+00,3.765578327257455005e+00,-1.655727652255893467e+00,4.113516038276241460e+00
2.165971696376800537e-01,3.802304744720458984e+00,-1.567833304405212402e+00,4.112860679626464844e+00,3.804751664514217424e+00,-1.563055860387356111e+00,4.113305100684237381e+00
2.168890684843063354e-01,3.839294433593750000e+00,-1.474301695823669434e+00,4.112632751464843750e+00,3.841622359149142074e+00,-1.469483784319870479e+00,4.113082170671242821e+00
2.171809822320938110e-01,3.873978853225708008e+00,-1.379896759986877441e+00,4.112399101257324219e+00,3.876186555317896243e+00,-1.375024412179361777e+00,4.112847474161474892e+00
2.174728959798812866e-01,3.906328439712524414e+00,-1.284667372703552246e+00,4.112149238586425781e+00,3.908417222761025211e+00,-1.279749920481279224e+00,4.112600764254517927e+00
2.177648097276687622e-01,3.936324357986450195e+00,-1.188676953315734863e+00,4.111885547637939453e+00,3.938290229258628816e+00,-1.183732772884301454e+00,4.112341572325229677e+00
2.180567085742950439e-01,3.963954210281372070e+00,-1.091991066932678223e+00,4.111615180969238281e+00,3.965796347816205270e+00,-1.087001467203308813e+00,4.112069170387883332e+00
2.183486223220825195e-01,3.989195108413696289e+00,-9.946556091308593750e-01,4.111328125000000000e+00,3.990913430132544626e+00,-9.896294343096678769e-01,4.111782633367720763e+00
2.186405360698699951e-01,4.012030601501464844e+00,-8.967354297637939453e-01,4.111024856567382812e+00,4.013624146326048248e+00,-8.916917121114921185e-01,4.111483053281361322e+00
2.189324498176574707e-01,4.032455444335937500e+00,-7.982916831970214844e-01,4.110713481903076172e+00,4.033920347733212175e+00,-7.932169471963216312e-01,4.111168507514072701e+00
2.192243486642837524e-01,4.050446510314941406e+00,-6.993875503540039062e-01,4.110384941101074219e+00,4.051786699691438898e+00,-6.942802209388493351e-01,4.110839389344144834e+00
2.195162624120712280e-01,4.065995693206787109e+00,-6.000732183456420898e-01,4.110037326812744141e+00,4.067209610662774644e+00,-5.949576299209718977e-01,4.110494933516986471e+00
2.198081761598587036e-01,4.079101085662841797e+00,-5.004156827926635742e-01,4.109681606292724609e+00,4.080184404338123016e+00,-4.952784695257854142e-01,4.110134491203401907e+00
2.201000899076461792e-01,4.089746952056884766e+00,-4.004743993282318115e-01,4.109307765960693359e+00,4.090700907195595981e+00,-3.953189293748191613e-01,4.109758018187071649e+00
2.203919887542724609e-01,4.097923755645751953e+00,-3.003155589103698730e-01,4.108913421630859375e+00,4.098752152020160189e+00,-2.951401707442017908e-01,4.109364540178543024e+00
2.206839025020599365e-01,4.103637218475341797e+00,-1.999958902597427368e-01,4.108508110046386719e+00,4.104334064481253819e+00,-1.948032451801704479e-01,4.108954418972536438e+00
2.209758162498474121e-01,4.106877326965332031e+00,-9.957098215818405151e-02,4.108084201812744141e+00,4.107441417943521245e+00,-9.438515018502860454e-02,4.108525715924550070e+00
2.212677299976348877e-01,4.107637405395507812e+00,8.925478905439376831e-04,4.107637405395507812e+00,4.108074852180038761e+00,6.084083814788691924e-03,4.108079357460115766e+00
2.215596288442611694e-01,4.105927944183349609e+00,1.013281345367431641e-01,4.107178211212158203e+00,4.106232586846382482e+00,1.065273636778386046e-01,4.107614165971687825e+00
2.218515425920486450e-01,4.101744651794433594e+00,2.016846835613250732e-01,4.106699943542480469e+00,4.101916761595827410e+00,2.068675573744059026e-01,4.107129813550438158e+00
2.221434563398361206e-01,4.095083713531494141e+00,3.018950819969177246e-01,4.106196880340576172e+00,4.095128664610491853e+00,3.070745786589113568e-01,4.106625570535139325e+00
2.224353700876235962e-01,4.085960865020751953e+00,4.018987715244293213e-01,4.105679035186767578e+00,4.085873185150335374e+00,4.070713583251396317e-01,4.106101164839856210e+00
2.227272689342498779e-01,4.074378490447998047e+00,5.016292333602905273e-01,4.105142116546630859e+00,4.074158098309197840e+00,5.067810299383792572e-01,4.105556140442342183e+00
2.230191826820373535e-01,4.060333728790283203e+00,6.010341644287109375e-01,4.104577064514160156e+00,4.059986370837613379e+00,6.061735619116788154e-01,4.104989125265481320e+00
2.233110964298248291e-01,4.043849468231201172e+00,7.000494003295898438e-01,4.103996753692626953e+00,4.043369527490964010e+00,7.051724389912383817e-01,4.104400724168553616e+00
2.236029952764511108e-01,4.024931907653808594e+00,7.986087203025817871e-01,4.103395462036132812e+00,4.024320582363651866e+00,8.037015219684817691e-01,4.103789990490519735e+00
2.238949090242385864e-01,4.003582954406738281e+00,8.966563940048217773e-01,4.102763652801513672e+00,4.002842037680974130e+00,9.017461914394576672e-01,4.103156172070658414e+00
2.241868227720260620e-01,3.979829072952270508e+00,9.941342473030090332e-01,4.102114677429199219e+00,3.978959834885635871e+00,9.991849770850883550e-01,4.102498261555470371e+00
2.244787365198135376e-01,3.953681945800781250e+00,1.090982675552368164e+00,4.101444244384765625e+00,3.952680211585529957e+00,1.096004105768100922e+00,4.101817384394429666e+00
2.247706353664398193e-01,3.925148248672485352e+00,1.187132120132446289e+00,4.100740432739257812e+00,3.924021030058664650e+00,1.192128231488541745e+00,4.101110918355495905e+00
2.250625491142272949e-01,3.894257545471191406e+00,1.282537221908569336e+00,4.100017547607421875e+00,3.893005938520644360e+00,1.287483481336221924e+00,4.100379122967855672e+00
2.253544628620147705e-01,3.861028432846069336e+00,1.377133846282958984e+00,4.099272727966308594e+00,3.859645440321073817e+00,1.382041165222881673e+00,4.099622020060126992e+00
2.256463766098022461e-01,3.825468301773071289e+00,1.470859289169311523e+00,4.098492145538330078e+00,3.823963622889059888e+00,1.475727605475827264e+00,4.098837610194168590e+00
2.259382754564285278e-01,3.787616968154907227e+00,1.563656091690063477e+00,4.097690105438232422e+00,3.785990266745305810e+00,1.568471264975117130e+00,4.098026892169308155e+00
2.262301892042160034e-01,3.747492551803588867e+00,1.655476808547973633e+00,4.096865177154541016e+00,3.745736460549180080e+00,1.660243294267388148e+00,4.097187990323036821e+00
2.265221029520034790e-01,3.705108165740966797e+00,1.746253252029418945e+00,4.096001625061035156e+00,3.703234057093572229e+00,1.750973183064842731e+00,4.096321468028350843e+00
2.268140166997909546e-01,3.660505771636962891e+00,1.835936665534973145e+00,4.095114707946777344e+00,3.658508748097292873e+00,1.840604225909537650e+00,4.095425518348547733e+00
2.271059155464172363e-01,3.613714933395385742e+00,1.924467206001281738e+00,4.094204425811767578e+00,3.611596366159753657e+00,1.929067652731956128e+00,4.094500008654917700e+00
2.273978292942047119e-01,3.564747571945190430e+00,2.011786460876464844e+00,4.093251705169677734e+00,3.562511686657228616e+00,2.016336499557767503e+00,4.093543989872125977e+00
2.276897430419921875e-01,3.513648033142089844e+00,2.097853660583496094e+00,4.092274665832519531e+00,3.511293554753476265e+00,2.102342875210641004e+00,4.092557634609712558e+00
2.279816567897796631e-01,3.460450172424316406e+00,2.182611227035522461e+00,4.091271877288818359e+00,3.457973639018676160e+00,2.187034169216127033e+00,4.091540070128477424e+00
2.282735556364059448e-01,3.405175924301147461e+00,2.265992879867553711e+00,4.090225696563720703e+00,3.402594151913637788e+00,2.270344301431003409e+00,4.090490216303801496e+00
2.285654693841934204e-01,3.347868204116821289e+00,2.347965240478515625e+00,4.089151859283447266e+00,3.345172862472961306e+00,2.352248152542466553e+00,4.089407396061805144e+00
2.288573831319808960e-01,3.288567066192626953e+00,2.428473949432373047e+00,4.088050842285156250e+00,3.285754769285310406e+00,2.432682396656915547e+00,4.088291580463114805e+00
2.291492968797683716e-01,3.227296113967895508e+00,2.507458686828613281e+00,4.086904525756835938e+00,3.224377080659694972e+00,2.511596503487470322e+00,4.087141367094368150e+00
2.294411957263946533e-01,3.164109468460083008e+00,2.584876537322998047e+00,4.085728168487548828e+00,3.161088789663787590e+00,2.588930407276890389e+00,4.085956802250968245e+00
2.297331094741821289e-01,3.099041461944580078e+00,2.660688400268554688e+00,4.084522247314453125e+00,3.095909758779387566e+00,2.664660080547201826e+00,4.084736292512316957e+00
2.300250232219696045e-01,3.032125234603881836e+00,2.734833240509033203e+00,4.083270549774169922e+00,3.028891417890497539e+00,2.738726392396325426e+00,4.083479579204346344e+00
2.303169369697570801e-01,2.963412761688232422e+00,2.807273626327514648e+00,4.081984996795654297e+00,2.960076586507993213e+00,2.811084342546693815e+00,4.082186739837362133e+00
2.306088358163833618e-01,2.892952442169189453e+00,2.877964019775390625e+00,4.080667972564697266e+00,2.889519159072020837e+00,2.881677707597424920e+00,4.080856206864955205e+00
2.309007495641708374e-01,2.820775985717773438e+00,2.946852922439575195e+00,4.079303741455078125e+00,2.817242352576898590e+00,2.950485271852677283e+00,4.079487444835758758e+00
2.311926633119583130e-01,2.746932744979858398e+00,3.013910055160522461e+00,4.077903270721435547e+00,2.743303263559250471e+00,3.017452817168647883e+00,4.078079731895129179e+00
2.314845770597457886e-01,2.671475648880004883e+00,3.079093217849731445e+00,4.076468944549560547e+00,2.667759857348230845e+00,3.082529453792219876e+00,4.076632248557038096e+00
2.317764759063720703e-01,2.594447374343872070e+00,3.142348051071166992e+00,4.074985980987548828e+00,2.590637488415371781e+00,3.145695735453701847e+00,4.075144691472281089e+00
2.320683896541595459e-01,2.515895843505859375e+00,3.203649759292602539e+00,4.073463439941406250e+00,2.511996803885625518e+00,3.206902398351707095e+00,4.073616444301737971e+00
2.323603034019470215e-01,2.435876846313476562e+00,3.262960672378540039e+00,4.071904659271240234e+00,2.431887367683305712e+00,3.266110824893179387e+00,4.072045688543050268e+00
2.326522171497344971e-01,2.354434013366699219e+00,3.320233821868896484e+00,4.070296287536621094e+00,2.350360929689559786e+00,3.323286129871720895e+00,4.070433293988360290e+00
2.329441159963607788e-01,2.271628141403198242e+00,3.375437736511230469e+00,4.068645000457763672e+00,2.267482026313139887e+00,3.378383724986956160e+00,4.068777621461989291e+00
2.332360297441482544e-01,2.187506198883056641e+00,3.428548812866210938e+00,4.066955566406250000e+00,2.183277716565445559e+00,3.431387366933755789e+00,4.067077679317645078e+00
2.335279434919357300e-01,2.102119922637939453e+00,3.479521512985229492e+00,4.065215587615966797e+00,2.097815027193663528e+00,3.482255881922758700e+00,4.065333186284391331e+00
2.338198572397232056e-01,2.015527009963989258e+00,3.528329372406005859e+00,4.063429355621337891e+00,2.011161698857170332e+00,3.530950626637065159e+00,4.063543245333897325e+00
2.341117560863494873e-01,1.927790760993957520e+00,3.574945926666259766e+00,4.061602592468261719e+00,1.923346568625758257e+00,3.577457777085764068e+00,4.061707297415201090e+00
2.344036698341369629e-01,1.838955998420715332e+00,3.619336366653442383e+00,4.059723377227783203e+00,1.834438994287764801e+00,3.621741142939557179e+00,4.059824544266000146e+00
2.346955835819244385e-01,1.749078750610351562e+00,3.661478519439697266e+00,4.057795047760009766e+00,1.744509958732254784e+00,3.663767308683202106e+00,4.057894267756587681e+00
2.349874824285507202e-01,1.658227682113647461e+00,3.701349735260009766e+00,4.055823802947998047e+00,1.653589294305333635e+00,3.703524382999815234e+00,4.055915483551817857e+00
2.352793961763381958e-01,1.566448330879211426e+00,3.738920688629150391e+00,4.053799629211425781e+00,1.561749119554498577e+00,3.740981665776285325e+00,4.053887533726554082e+00
2.355713099241256714e-01,1.473804712295532227e+00,3.774168729782104492e+00,4.051722049713134766e+00,1.469062641861371921e+00,3.776111469496985062e+00,4.051809827198136205e+00
2.358632236719131470e-01,1.380358934402465820e+00,3.807080745697021484e+00,4.049599170684814453e+00,1.375546508263796097e+00,3.808909266379057357e+00,4.049681221516697072e+00
2.361551225185394287e-01,1.286172866821289062e+00,3.837627410888671875e+00,4.047422409057617188e+00,1.281318131065676935e+00,3.839334284121844298e+00,4.047500944809158341e+00
2.364470362663269043e-01,1.191298127174377441e+00,3.865793466567993164e+00,4.045188903808593750e+00,1.186394711674189306e+00,3.867384689761033112e+00,4.045268439854952547e+00
2.367389500141143799e-01,1.095802068710327148e+00,3.891570568084716797e+00,4.042907714843750000e+00,1.090851962540377418e+00,3.893039711212075815e+00,4.042983576178908578e+00
2.370308637619018555e-01,9.997444748878479004e-01,3.914935350418090820e+00,4.040570735931396484e+00,9.947661182189687645e-01,3.916279966020770775e+00,4.040644552817296287e+00
2.373227626085281372e-01,9.031918644905090332e-01,3.935872793197631836e+00,4.038174152374267578e+00,8.981689592882216022e-01,3.937100402884807338e+00,4.038250495180382593e+00
2.376146763563156128e-01,8.062033057212829590e-01,3.954382419586181641e+00,4.035728454589843750e+00,8.011381623494603366e-01,3.955486541450680793e+00,4.035801795773688916e+00
2.379065901041030884e-01,7.088347673416137695e-01,3.970446825027465820e+00,4.033224105834960938e+00,7.037507655514876337e-01,3.971425210736803102e+00,4.033296833173845464e+00
2.381985038518905640e-01,6.111537814140319824e-01,3.984054565429687500e+00,4.030657768249511719e+00,6.060394637690899033e-01,3.984913406696684923e+00,4.030734261957305442e+00
2.384904026985168457e-01,5.132294297218322754e-01,3.995208740234375000e+00,4.028038501739501953e+00,5.080824542383864939e-01,3.995943390822153329e+00,4.028115112923183361e+00
2.387823164463043213e-01,4.151140451431274414e-01,4.003899574279785156e+00,4.025361061096191406e+00,4.099578492316838241e-01,4.004506119326073588e+00,4.025435963702147291e+00
2.390742301940917969e-01,3.168758153915405273e-01,4.010117530822753906e+00,4.022617816925048828e+00,3.116832890397778777e-01,4.010605374636808662e+00,4.022698341130280575e+00
2.393661439418792725e-01,2.185785025358200073e-01,4.013872146606445312e+00,4.019819259643554688e+00,2.133832349766174308e-01,4.014233733260935466e+00,4.019901102044565633e+00
2.396580427885055542e-01,1.202901527285575867e-01,4.015158653259277344e+00,4.016960144042968750e+00,1.150751067498470281e-01,4.015393689768743890e+00,4.017042290545139060e+00
2.399499565362930298e-01,2.206449210643768311e-02,4.013971328735351562e+00,4.014031410217285156e+00,1.683768713037484335e-02,4.014086544530175438e+00,4.014121858474914539e+00
2.402418702840805054e-01,-7.603059709072113037e-02,4.010326385498046875e+00,4.011046886444091797e+00,-8.125042638717039356e-02,4.010315610504308736e+00,4.011138607383524679e+00
2.405337840318679810e-01,-1.739318221807479858e-01,4.004223346710205078e+00,4.007998943328857422e+00,-1.791565623166182508e-01,4.004086171276991735e+00,4.008092207127069706e+00
2.408256828784942627e-01,-2.715700566768646240e-01,3.995662212371826172e+00,4.004880428314208984e+00,-2.768022876856893189e-01,3.995405049739966241e+00,4.004982024673226171e+00
2.411175966262817383e-01,-3.688887953758239746e-01,3.984662771224975586e+00,4.001701831817626953e+00,-3.741094379405968118e-01,3.984281368452393224e+00,4.001806578853243757e+00
2.414095103740692139e-01,-4.658300876617431641e-01,3.971230983734130859e+00,3.998459100723266602e+00,-4.710456762726816793e-01,3.970722921687256157e+00,3.998565311452067395e+00
2.417014241218566895e-01,-5.623244643211364746e-01,3.955368518829345703e+00,3.995140552520751953e+00,-5.675334744621836069e-01,3.954743038397009691e+00,3.995258032265842196e+00
2.419933229684829712e-01,-6.583074927330017090e-01,3.937103509902954102e+00,3.991760969161987305e+00,-6.634952696363437541e-01,3.936356099598770530e+00,3.991882427587046589e+00
2.422852367162704468e-01,-7.537268996238708496e-01,3.916446685791015625e+00,3.988315343856811523e+00,-7.588997162194033308e-01,3.915573860432052911e+00,3.988439223026554625e+00
2.425771504640579224e-01,-8.485131263732910156e-01,3.893402814865112305e+00,3.984791278839111328e+00,-8.536702294873399488e-01,3.892414426829072127e+00,3.984926966821356942e+00
2.428690642118453979e-01,-9.426090717315673828e-01,3.868005275726318359e+00,3.981203079223632812e+00,-9.477458285696829243e-01,3.866896390414506168e+00,3.981345231171490529e+00
2.431609630584716797e-01,-1.035949349403381348e+00,3.840272903442382812e+00,3.977548122406005859e+00,-1.041065965648286573e+00,3.839038983365244739e+00,3.977692630235429849e+00
2.434528768062591553e-01,-1.128478765487670898e+00,3.810210943222045898e+00,3.973810672760009766e+00,-1.133556055037731047e+00,3.808867870439271108e+00,3.973968266654540393e+00
2.437447905540466309e-01,-1.220138311386108398e+00,3.777858972549438477e+00,3.970006942749023438e+00,-1.225185948570940653e+00,3.776398653040788922e+00,3.970172212293058500e+00
2.440367043018341064e-01,-1.310869455337524414e+00,3.743240833282470703e+00,3.966135263442993164e+00,-1.315882357025807359e+00,3.741658537202589674e+00,3.966302432562702762e+00
2.443286031484603882e-01,-1.400602936744689941e+00,3.706368684768676758e+00,3.962178468704223633e+00,-1.405573012520006770e+00,3.704680459949063032e+00,3.962359499572567501e+00
2.446205168962478638e-01,-1.489292740821838379e+00,3.667284727096557617e+00,3.958152055740356445e+00,-1.494228716197265383e+00,3.665480860200605040e+00,3.958341747854206893e+00
2.449124306440353394e-01,-1.576887011528015137e+00,3.626015663146972656e+00,3.954056501388549805e+00,-1.581778658839900764e+00,3.624094195227817838e+00,3.954248659536387933e+00
2.452043443918228149e-01,-1.663317084312438965e+00,3.582578182220458984e+00,3.949872255325317383e+00,-1.668166717277240307e+00,3.580550551098411027e+00,3.950078789796813705e+00
2.454962432384490967e-01,-1.748531579971313477e+00,3.537022590637207031e+00,3.945616960525512695e+00,-1.753325096444716014e+00,3.534890163321486423e+00,3.945832910878244171e+00
2.457881569862365723e-01,-1.832485914230346680e+00,3.489377498626708984e+00,3.941288948059082031e+00,-1.837225811515216467e+00,3.487131936761369122e+00,3.941508318763116137e+00
2.460800707340240479e-01,-1.915112495422363281e+00,3.439666032791137695e+00,3.936871767044067383e+00,-1.919802217515095943e+00,3.437318508747213119e+00,3.937105419588361244e+00
2.463719695806503296e-01,-1.996363997459411621e+00,3.387940645217895508e+00,3.932379722595214844e+00,-2.001002223077172459e+00,3.385485672800428780e+00,3.932622933551697564e+00
2.466638833284378052e-01,-2.076198101043701172e+00,3.334234237670898438e+00,3.927813291549682617e+00,-2.080761534047997241e+00,3.331679785922774251e+00,3.928060432007150382e+00
2.469557970762252808e-01,-2.154550313949584961e+00,3.278576135635375977e+00,3.923155307769775391e+00,-2.159055377857136637e+00,3.275924252240328904e+00,3.923416856653162643e+00
2.472477108240127563e-01,-2.231380462646484375e+00,3.221018075942993164e+00,3.918420076370239258e+00,-2.235821751218865394e+00,3.218267135220237218e+00,3.918691395971627855e+00
2.475396096706390381e-01,-2.306637287139892578e+00,3.161606073379516602e+00,3.913608312606811523e+00,-2.311000783612523701e+00,3.158759627065916842e+00,3.913883877102041886e+00
2.478315234184265137e-01,-2.380269050598144531e+00,3.100368261337280273e+00,3.908703804016113281e+00,-2.384568518256569014e+00,3.097426833622215270e+00,3.908992198496087145e+00
2.481234371662139893e-01,-2.452238798141479492e+00,3.037357330322265625e+00,3.903717994689941406e+00,-2.456468538540566016e+00,3.034322410604604503e+00,3.904017183919272327e+00
2.484153509140014648e-01,-2.522502660751342773e+00,2.972621679306030273e+00,3.898653507232666016e+00,-2.526654689642605423e+00,2.969491762389806944e+00,3.898956943541938003e+00
2.487072497606277466e-01,-2.591003179550170898e+00,2.906201601028442383e+00,3.893495321273803711e+00,-2.595073517708752942e+00,2.902991621705983238e+00,3.893811361379543534e+00
2.489991635084152222e-01,-2.657712221145629883e+00,2.838146924972534180e+00,3.888253211975097656e+00,-2.661704388142818178e+00,2.834850113422784368e+00,3.888578842640574074e+00
2.492910772562026978e-01,-2.722588539123535156e+00,2.768510818481445312e+00,3.882929325103759766e+00,-2.726496090913693493e+00,2.765126735468551811e+00,3.883259815795309766e+00
2.495829910039901733e-01,-2.785582065582275391e+00,2.697335720062255859e+00,3.877510547637939453e+00,-2.789408889341695286e+00,2.693871208614717183e+00,3.877853019460869799e+00
2.498748898506164551e-01,-2.846658706665039062e+00,2.624682188034057617e+00,3.872004985809326172e+00,-2.850393924802409718e+00,2.621145368242921769e+00,3.872356978380455228e+00
2.501668035984039307e-01,-2.905788421630859375e+00,2.550601005554199219e+00,3.866415739059448242e+00,-2.909435566563585152e+00,2.546980353524081142e+00,3.866771810854995994e+00
2.504587173461914062e-01,-2.962929010391235352e+00,2.475134611129760742e+00,3.860730409622192383e+00,-2.966488113781706737e+00,2.471439902307754011e+00,3.861096595518831442e+00
2.507506310939788818e-01,-3.018048524856567383e+00,2.398344755172729492e+00,3.854954481124877930e+00,-3.021508495277728912e+00,2.394589658468677662e+00,3.855330494196395730e+00
2.510425448417663574e-01,-3.071120023727416992e+00,2.320289373397827148e+00,3.849093437194824219e+00,-3.074491328914134236e+00,2.316450194479235059e+00,3.849472487896371753e+00
2.513344585895538330e-01,-3.122102260589599609e+00,2.241017818450927734e+00,3.843134641647338867e+00,-3.125371074425182361e+00,2.237124181374170906e+00,3.843522987539254032e+00
2.516263425350189209e-01,-3.170965433120727539e+00,2.160598516464233398e+00,3.837083339691162109e+00,-3.174136055705949033e+00,2.156644812530995381e+00,3.837480494745136195e+00
2.519182562828063965e-01,-3.217697858810424805e+00,2.079075098037719727e+00,3.830944061279296875e+00,-3.220766622202972052e+00,2.075057653693316517e+00,3.831344659626428673e+00
2.522101700305938721e-01,-3.262258291244506836e+00,1.996508836746215820e+00,3.824706315994262695e+00,-3.265227262057586177e+00,1.992432516508505946e+00,3.825113907548963077e+00
2.525020837783813477e-01,-3.304625034332275391e+00,1.912960529327392578e+00,3.818371772766113281e+00,-3.307494221691434255e+00,1.908828230574035834e+00,3.818788190036026542e+00
2.527939975261688232e-01,-3.344781875610351562e+00,1.828492164611816406e+00,3.811948299407958984e+00,-3.347544051090517225e+00,1.824304341230351678e+00,3.812366391550452871e+00
2.530859112739562988e-01,-3.382698774337768555e+00,1.743160247802734375e+00,3.805424928665161133e+00,-3.385349948682753851e+00,1.738934517768234045e+00,3.805849121041474881e+00
2.533778250217437744e-01,-3.418357133865356445e+00,1.657026171684265137e+00,3.798802614212036133e+00,-3.420904716746490770e+00,1.652753035420264416e+00,3.799234354070473163e+00
2.536697387695312500e-01,-3.451746702194213867e+00,1.570153594017028809e+00,3.792088985443115234e+00,-3.454183795103528354e+00,1.565833866727756485e+00,3.792521771664259411e+00
2.539616227149963379e-01,-3.482840061187744141e+00,1.482610225677490234e+00,3.785274982452392578e+00,-3.485166260533460125e+00,1.478252740968969858e+00,3.785711958105510533e+00
2.542535364627838135e-01,-3.511628389358520508e+00,1.394440650939941406e+00,3.778359174728393555e+00,-3.513847052379597713e+00,1.390044086994514760e+00,3.778801883045100674e+00
2.545454502105712891e-01,-3.538104057312011719e+00,1.305718064308166504e+00,3.771349668502807617e+00,-3.540209477404959060e+00,1.301284001714468008e+00,3.771793101036416740e+00
2.548373639583587646e-01,-3.562248468399047852e+00,1.216503381729125977e+00,3.764239072799682617e+00,-3.564241468583442263e+00,1.212035362279119566e+00,3.764684178757220945e+00
2.551292777061462402e-01,-3.584050178527832031e+00,1.126859068870544434e+00,3.757023572921752930e+00,-3.585933378954264672e+00,1.122360833847111161e+00,3.757474156884160976e+00
2.554211914539337158e-01,-3.603511095046997070e+00,1.036850214004516602e+00,3.749713420867919922e+00,-3.605274563447473213e+00,1.032337503138957446e+00,3.750163382871277928e+00
2.557131052017211914e-01,-3.620618104934692383e+00,9.465389251708984375e-01,3.742300510406494141e+00,-3.622266099987495380e+00,9.420011252854914030e-01,3.742750034287322336e+00
2.560050189495086670e-01,-3.635363578796386719e+00,8.559883236885070801e-01,3.734780073165893555e+00,-3.636900457729535852e+00,8.514289231075446995e-01,3.735234417079787317e+00
2.562969028949737549e-01,-3.647754907608032227e+00,7.652721405029296875e-01,3.727164745330810547e+00,-3.649173154767945793e+00,7.606984138409844665e-01,3.727616770846922112e+00
2.565888166427612305e-01,-3.657786607742309570e+00,6.744439601898193359e-01,3.719445943832397461e+00,-3.659087897907529641e+00,6.698451620875741641e-01,3.719894727782692367e+00
2.568807303905487061e-01,-3.665454626083374023e+00,5.835582017898559570e-01,3.711616516113281250e+00,-3.666643869742202799e+00,5.789464360475325977e-01,3.712068997652146596e+00
2.571726441383361816e-01,-3.670772790908813477e+00,4.926873743534088135e-01,3.703689098358154297e+00,-3.671841340965441791e+00,4.880797109411100232e-01,3.704138312408872924e+00
2.574645578861236572e-01,-3.673740148544311523e+00,4.018947780132293701e-01,3.695657968521118164e+00,-3.674689582727995951e+00,3.972803864872093693e-01,3.696102708921530589e+00
2.577564716339111328e-01,-3.674355983734130859e+00,3.112439811229705811e-01,3.687515020370483398e+00,-3.675192497847004081e+00,3.066253285958584485e-01,3.687961359391854987e+00
2.580483853816986084e-01,-3.672640800476074219e+00,2.207969278097152710e-01,3.679271936416625977e+00,-3.673358391748194673e+00,2.161775144648398483e-01,3.679713928009496815e+00
2.583402693271636963e-01,-3.668600082397460938e+00,1.306255161762237549e-01,3.670924901962280273e+00,-3.669197770778938050e+00,1.260134041140558436e-01,3.671361009095337913e+00
2.586321830749511719e-01,-3.662236690521240234e+00,4.077490046620368958e-02,3.662463665008544922e+00,-3.662721685096702817e+00,3.616714617143711175e-02,3.662900245016210921e+00
2.589240968227386475e-01,-3.653576612472534180e+00,-4.868582263588905334e-02,3.653901100158691406e+00,-3.653943264771779997e+00,-5.328541401545680567e-02,3.654331774417567846e+00
2.592160105705261230e-01,-3.642631530761718750e+00,-1.376950144767761230e-01,3.645233154296875000e+00,-3.642878767906546411e+00,-1.422829098087498301e-01,3.645656339273898539e+00
2.595079243183135986e-01,-3.629408359527587891e+00,-2.261893153190612793e-01,3.636449813842773438e+00,-3.629544439852463444e+00,-2.307505912066853959e-01,3.636872100611481695e+00
2.597998380661010742e-01,-3.613938808441162109e+00,-3.141115009784698486e-01,3.627563714981079102e+00,-3.613957621136369092e+00,-3.186558785103049130e-01,3.627978949260706187e+00
2.600917518138885498e-01,-3.596239805221557617e+00,-4.014015793800354004e-01,3.618571996688842773e+00,-3.596139953309504200e+00,-4.059251144943260559e-01,3.618977447065139685e+00
2.603836655616760254e-01,-3.576322317123413086e+00,-4.879966080188751221e-01,3.609462738037109375e+00,-3.576112980328656210e+00,-4.924993137942344501e-01,3.609866981228380123e+00
2.606755495071411133e-01,-3.554225921630859375e+00,-5.738338828086853027e-01,3.600250720977783203e+00,-3.553902288474800386e+00,-5.783063858105894628e-01,3.600647129599862772e+00
2.609674632549285889e-01,-3.529969215393066406e+00,-6.588730216026306152e-01,3.590932607650756836e+00,-3.529527729692745197e+00,-6.633158009666579868e-01,3.591316450339911981e+00
2.612593770027160645e-01,-3.503567695617675781e+00,-7.430430054664611816e-01,3.581494331359863281e+00,-3.503021126776928451e+00,-7.474434906566297387e-01,3.581875037793818883e+00
2.615512907505035400e-01,-3.475064516067504883e+00,-8.262935280799865723e-01,3.571951150894165039e+00,-3.474403468593269206e+00,-8.306737366184052673e-01,3.572323938178132874e+00
2.618432044982910156e-01,-3.444488286972045898e+00,-9.085694551467895508e-01,3.562302350997924805e+00,-3.443715461102868858e+00,-9.128978896893087391e-01,3.562661748473763712e+00
2.621351182460784912e-01,-3.411856651306152344e+00,-9.898093342781066895e-01,3.552532672882080078e+00,-3.410978936934130790e+00,-9.941014718611607126e-01,3.552888267953950407e+00
2.624270319938659668e-01,-3.377216100692749023e+00,-1.069967150688171387e+00,3.542657136917114258e+00,-3.376229911185571364e+00,-1.074217835610030480e+00,3.543003298266433454e+00
2.627189457416534424e-01,-3.340601444244384766e+00,-1.148990988731384277e+00,3.532675743103027344e+00,-3.339502571404690645e+00,-1.153194657580014049e+00,3.533006558540420450e+00
2.630108296871185303e-01,-3.302037715911865234e+00,-1.226812720298767090e+00,3.522573232650756836e+00,-3.300839431905681298e+00,-1.230968556810992265e+00,3.522900018887955564e+00
2.633027434349060059e-01,-3.261572122573852539e+00,-1.303398966789245605e+00,3.512364149093627930e+00,-3.260265006033991497e+00,-1.307513566736442590e+00,3.512679836929303079e+00
2.635946571826934814e-01,-3.219238996505737305e+00,-1.378708600997924805e+00,3.502047538757324219e+00,-3.217829239654790729e+00,-1.382756247801651517e+00,3.502347763488347532e+00
2.638865709304809570e-01,-3.175069332122802734e+00,-1.452676653861999512e+00,3.491609334945678711e+00,-3.173561457934899632e+00,-1.456673271031291295e+00,3.491903398696317051e+00
2.641784846782684326e-01,-3.129115819931030273e+00,-1.525264739990234375e+00,3.481062889099121094e+00,-3.127507864810690652e+00,-1.529205546489420087e+00,3.481346729049942024e+00
2.644703984260559082e-01,-3.081421375274658203e+00,-1.596428751945495605e+00,3.470409393310546875e+00,-3.079710751382583211e+00,-1.600307565076392491e+00,3.470677544085909894e+00
2.647623121738433838e-01,-3.032018661499023438e+00,-1.666114330291748047e+00,3.459635019302368164e+00,-3.030213671672812747e+00,-1.669935043743037806e+00,3.459895655408395054e+00
2.650542259216308594e-01,-2.980962038040161133e+00,-1.734287023544311523e+00,3.448751449584960938e+00,-2.979068467196501757e+00,-1.738034006088463590e+00,3.449001469782874807e+00
2.653461098670959473e-01,-2.928303718566894531e+00,-1.800900220870971680e+00,3.437761545181274414e+00,-2.926308947611520495e+00,-1.804586510166488189e+00,3.437996004876403777e+00
2.656380236148834229e-01,-2.874070405960083008e+00,-1.865917444229125977e+00,3.426649808883666992e+00,-2.871985871110156907e+00,-1.869538869201808895e+00,3.426875899024174554e+00
2.659299373626708984e-01,-2.818323612213134766e+00,-1.929301142692565918e+00,3.415428161621093750e+00,-2.816156707790348879e+00,-1.932843330580555907e+00,3.415643708498050213e+00
2.662218511104583740e-01,-2.761113405227661133e+00,-1.991015791893005371e+00,3.404098987579345703e+00,-2.758855756347835975e+00,-1.994483997566022238e+00,3.404298973486396207e+00
2.665137648582458496e-01,-2.702482223510742188e+00,-2.051016092300415039e+00,3.392650604248046875e+00,-2.700139933559133620e+00,-2.054413633717592891e+00,3.392841145589555296e+00
2.668056786060333252e-01,-2.642486810684204102e+00,-2.109274864196777344e+00,3.381091117858886719e+00,-2.640061147040858813e+00,-2.112598578054942777e+00,3.381271301169792576e+00
2.670975923538208008e-01,-2.581181049346923828e+00,-2.165761709213256836e+00,3.369424343109130859e+00,-2.578670810314179107e+00,-2.169005867421315958e+00,3.369588936483867148e+00
2.673895061016082764e-01,-2.518610715866088867e+00,-2.220436334609985352e+00,3.357638835906982422e+00,-2.516030097826385425e+00,-2.223594549036302936e+00,3.357793944194940039e+00
2.676813900470733643e-01,-2.454840660095214844e+00,-2.273269414901733398e+00,3.345742940902709961e+00,-2.452186155904706677e+00,-2.276346390842310274e+00,3.345888496993215000e+00
2.679733037948608398e-01,-2.389914035797119141e+00,-2.324248075485229492e+00,3.333739519119262695e+00,-2.387182059105048992e+00,-2.327240563989558364e+00,3.333869647420465654e+00
2.682652175426483154e-01,-2.323886871337890625e+00,-2.373330116271972656e+00,3.321618080139160156e+00,-2.321082289814566213e+00,-2.376241832080977723e+00,3.321738737562361266e+00
2.685571312904357910e-01,-2.256817817687988281e+00,-2.420496463775634766e+00,3.309385061264038086e+00,-2.253942969985388789e+00,-2.423325866536315321e+00,3.309496512669342305e+00
2.688490450382232666e-01,-2.188765287399291992e+00,-2.465728521347045898e+00,3.297045946121215820e+00,-2.185820048264032422e+00,-2.468469219159711958e+00,3.297142637092295381e+00
2.691409587860107422e-01,-2.119781970977783203e+00,-2.508995294570922852e+00,3.284590244293212891e+00,-2.116780093572999899e+00,-2.511642688792394829e+00,3.284677603770453924e+00
2.694328725337982178e-01,-2.049926996231079102e+00,-2.550281524658203125e+00,3.272023439407348633e+00,-2.046861762523441541e+00,-2.552843045389493248e+00,3.272101876359303052e+00
2.697247564792633057e-01,-1.979267239570617676e+00,-2.589570045471191406e+00,3.259351491928100586e+00,-1.976132572460907122e+00,-2.592044990644031710e+00,3.259416692824619322e+00
2.700166702270507812e-01,-1.907849431037902832e+00,-2.626842021942138672e+00,3.246565580368041992e+00,-1.904659661788159264e+00,-2.629222962938357000e+00,3.246620060322017220e+00
2.703085839748382568e-01,-1.835729598999023438e+00,-2.662085294723510742e+00,3.233666658401489258e+00,-1.832482254695099844e+00,-2.664378203191316352e+00,3.233713410834890833e+00
2.706004977226257324e-01,-1.762971997261047363e+00,-2.695292472839355469e+00,3.220663309097290039e+00,-1.759669257193681391e+00,-2.697490922561026849e+00,3.220697621946478684e+00
2.708924114704132080e-01,-1.689634203910827637e+00,-2.726443767547607422e+00,3.207547187805175781e+00,-1.686279840163715127e+00,-2.728549905738968384e+00,3.207572959022241488e+00
2.711843252182006836e-01,-1.615776181221008301e+00,-2.755530118942260742e+00,3.194319725036621094e+00,-1.612372997116759077e+00,-2.757545155082419708e+00,3.194339049654843610e+00
2.714762389659881592e-01,-1.541458964347839355e+00,-2.782552003860473633e+00,3.180989027023315430e+00,-1.538018726105260248e+00,-2.784464505385225941e+00,3.180997356742164772e+00
2.717681527137756348e-01,-1.466740131378173828e+00,-2.807495355606079102e+00,3.167547225952148438e+00,-1.463255623343454825e+00,-2.809313280650246991e+00,3.167547652062095764e+00
2.720600366592407227e-01,-1.391687035560607910e+00,-2.830354452133178711e+00,3.153997182846069336e+00,-1.388165148815782457e+00,-2.832078241700306087e+00,3.153992651782664414e+00
2.723519504070281982e-01,-1.316345095634460449e+00,-2.851138353347778320e+00,3.140343189239501953e+00,-1.312783734601477237e+00,-2.852764505824588070e+00,3.140329036825091347e+00
2.726438641548156738e-01,-1.240780353546142578e+00,-2.869838476181030273e+00,3.126581192016601562e+00,-1.237182102747062862e+00,-2.871368051786098885e+00,3.126559457962624577e+00
2.729357779026031494e-01,-1.165051698684692383e+00,-2.886453628540039062e+00,3.112709283828735352e+00,-1.161419795056976678e+00,-2.887889708268477573e+00,3.112684196553383575e+00
2.732276916503906250e-01,-1.089219212532043457e+00,-2.900995254516601562e+00,3.098737239837646484e+00,-1.085566869297781123e+00,-2.902329282684181777e+00,3.098704679836893572e+00
2.735196053981781006e-01,-1.013340950012207031e+00,-2.913462400436401367e+00,3.084659337997436523e+00,-1.009648599507970035e+00,-2.914702747349175116e+00,3.084620300765271050e+00
2.738115191459655762e-01,-9.374756813049316406e-01,-2.923857688903808594e+00,3.070473194122314453e+00,-9.337682718539610516e-01,-2.925001440810704345e+00,3.070432642847882310e+00
2.741034328937530518e-01,-8.616814017295837402e-01,-2.932199001312255859e+00,3.056187868118286133e+00,-8.579505723382528926e-01,-2.933244896166659288e+00,3.056142144184935017e+00
2.743953168392181396e-01,-7.860234975814819336e-01,-2.938490390777587891e+00,3.041801929473876953e+00,-7.822755606123872330e-01,-2.939436967157724734e+00,3.041750275191049901e+00
2.746872305870056152e-01,-7.105446457862854004e-01,-2.942739486694335938e+00,3.027307271957397461e+00,-7.067778034746567961e-01,-2.943593606107417493e+00,3.027255883040106177e+00
2.749791443347930908e-01,-6.353081464767456055e-01,-2.944968938827514648e+00,3.012716293334960938e+00,-6.315256945252426535e-01,-2.945725936032763226e+00,3.012660948905749425e+00
2.752710580825805664e-01,-5.603705644607543945e-01,-2.945189237594604492e+00,2.998025417327880859e+00,-5.565750822722331792e-01,-2.945848647324429859e+00,2.997965989658574415e+00
2.755629718303680420e-01,-4.857888221740722656e-01,-2.943410634994506836e+00,2.983229160308837891e+00,-4.819931212163184875e-01,-2.943976501915776645e+00,2.983171971699268177e+00
2.758548855781555176e-01,-4.116159677505493164e-01,-2.939661502838134766e+00,2.968338966369628906e+00,-4.078121594996296229e-01,-2.940131577206794855e+00,2.968279712009005866e+00
2.761467993259429932e-01,-3.379065990447998047e-01,-2.933958053588867188e+00,2.953352212905883789e+00,-3.340977602032055294e-01,-2.934331950905941344e+00,2.953290590422870565e+00
2.764387130737304688e-01,-2.647165060043334961e-01,-2.926313638687133789e+00,2.938262701034545898e+00,-2.609033585832586932e-01,-2.926598456941301496e+00,2.938205079753833271e+00
2.767305970191955566e-01,-1.921027302742004395e-01,-2.916763544082641602e+00,2.923082828521728516e+00,-1.882928889530359196e-01,-2.916955044530000318e+00,2.923025990961984899e+00
2.770225107669830322e-01,-1.201100870966911316e-01,-2.905328035354614258e+00,2.907809495925903320e+00,-1.162956180184366445e-01,-2.905423882595641327e+00,2.907750437765837859e+00
2.773144245147705078e-01,-4.878561571240425110e-02,-2.892023086547851562e+00,2.892434358596801758e+00,-4.497384430773505165e-02,-2.892031590357081239e+00,2.892381262263867825e+00
2.776063382625579834e-01,2.181742340326309204e-02,-2.876888275146484375e+00,2.876971006393432617e+00,2.562244197522150699e-02,-2.876805424570861192e+00,2.876919526224726908e+00
2.778982520103454590e-01,9.164959192276000977e-02,-2.859949350357055664e+00,2.861417293548583984e+00,9.543330127070606683e-02,-2.859775052406229534e+00,2.861366957479672735e+00
2.781901657581329346e-01,1.606582403182983398e-01,-2.841227769851684570e+00,2.845766305923461914e+00,1.644325924943451922e-01,-2.840968525111919440e+00,2.845723148542564473e+00
2.784820795059204102e-01,2.288017421960830688e-01,-2.820765256881713867e+00,2.830029487609863281e+00,2.325624411126169244e-01,-2.820419017199588207e+00,2.829990940197044225e+00
2.787739634513854980e-01,2.960272431373596191e-01,-2.798595905303955078e+00,2.814208507537841797e+00,2.997664872676562564e-01,-2.798160588180655051e+00,2.814171747448314331e+00
2.790658771991729736e-01,3.622976541519165039e-01,-2.774738550186157227e+00,2.798290967941284180e+00,3.660211911612130109e-01,-2.774223190091528402e+00,2.798264787474674886e+00
2.793577909469604492e-01,4.275690913200378418e-01,-2.749242305755615234e+00,2.782291889190673828e+00,4.312723267437099106e-01,-2.748642888152553532e+00,2.782271292740257529e+00
2.796497046947479248e-01,4.917993247509002686e-01,-2.722141981124877930e+00,2.766211032867431641e+00,4.954673464074635936e-01,-2.721458957798988720e+00,2.766193548965873106e+00
2.799416184425354004e-01,5.549396872520446777e-01,-2.693464517593383789e+00,2.750037908554077148e+00,5.585859854414021441e-01,-2.692704746881827926e+00,2.750032210177086434e+00
2.802335321903228760e-01,6.169581413269042969e-01,-2.663259744644165039e+00,2.733786821365356445e+00,6.205780151552762192e-01,-2.662421286857509894e+00,2.733789344775134911e+00
2.805254459381103516e-01,6.778163909912109375e-01,-2.631566762924194336e+00,2.717458248138427734e+00,6.814050061879719511e-01,-2.630647520175634746e+00,2.717465576205933875e+00
2.808173596858978271e-01,7.374688982963562012e-01,-2.598416090011596680e+00,2.701041698455810547e+00,7.410299279517358340e-01,-2.597424408638239868e+00,2.701062552535550498e+00
2.811092436313629150e-01,7.958821654319763184e-01,-2.563862562179565430e+00,2.684551954269409180e+00,7.994073613396578404e-01,-2.562797490541864676e+00,2.684582482787912561e+00
2.814011573791503906e-01,8.530341982841491699e-01,-2.527941942214965820e+00,2.667987585067749023e+00,8.565222809203696386e-01,-2.526801173853703730e+00,2.668024473257598395e+00
2.816930711269378662e-01,9.088773727416992188e-01,-2.490691900253295898e+00,2.651340007781982422e+00,9.123320287983501808e-01,-2.489483031461650953e+00,2.651391237578265336e+00
2.819849848747253418e-01,9.633881449699401855e-01,-2.452164888381958008e+00,2.634621381759643555e+00,9.667960241219393236e-01,-2.450890956406975185e+00,2.634684237713409427e+00
2.822768986225128174e-01,1.016537427902221680e+00,-2.412406206130981445e+00,2.617833614349365234e+00,1.019902719074411213e+00,-2.411062311053365548e+00,2.617904319137231539e+00
2.825688123703002930e-01,1.068287968635559082e+00,-2.371454000473022461e+00,2.600967645645141602e+00,1.071614753215766269e+00,-2.370047367415660133e+00,2.601054152282029630e+00
2.828607261180877686e-01,1.118620157241821289e+00,-2.329361438751220703e+00,2.584034919738769531e+00,1.121904363451784459e+00,-2.327890963871001251e+00,2.584133460254019354e+00
2.831526398658752441e-01,1.167509913444519043e+00,-2.286175966262817383e+00,2.567037105560302734e+00,1.170746788324493748e+00,-2.284641879846511348e+00,2.567145605827748422e+00
2.834445238113403320e-01,1.214919924736022949e+00,-2.241943597793579102e+00,2.549968719482421875e+00,1.218110375195261108e+00,-2.240353392810846778e+00,2.550093372964490346e+00
2.837364375591278076e-01,1.260839700698852539e+00,-2.196712732315063477e+00,2.532836914062500000e+00,1.263979693463950005e+00,-2.195065602427328066e+00,2.532974074965803624e+00
2.840283513069152832e-01,1.305254817008972168e+00,-2.150528907775878906e+00,2.515643835067749023e+00,1.308351405448367588e+00,-2.148819262607192915e+00,2.515791649459556911e+00
2.843202650547027588e-01,1.348132848739624023e+00,-2.103440284729003906e+00,2.498384237289428711e+00,1.351173009577280038e+00,-2.101682690811820020e+00,2.498547304868998342e+00
2.846121788024902344e-01,1.389462113380432129e+00,-2.055499315261840820e+00,2.481064796447753906e+00,1.392451778946533381e+00,-2.053691034852675124e+00,2.481243402676491794e+00
2.849040925502777100e-01,1.429229259490966797e+00,-2.006757497787475586e+00,2.463690757751464844e+00,1.432163186543017108e+00,-2.004898228176238195e+00,2.463880739450119872e+00
2.851960062980651855e-01,1.467411518096923828e+00,-1.957261085510253906e+00,2.446255683898925781e+00,1.470285876325160945e+00,-1.955360640451236476e+00,2.446461892682392669e+00
2.854879200458526611e-01,1.504001259803771973e+00,-1.907061934471130371e+00,2.428766012191772461e+00,1.506829029417718679e+00,-1.905110764654774247e+00,2.428987597642162211e+00
2.857798039913177490e-01,1.538986921310424805e+00,-1.856217384338378906e+00,2.411228656768798828e+00,1.541753386294982819e+00,-1.854224168747374391e+00,2.411462372113431840e+00
2.860717177391052246e-01,1.572358131408691406e+00,-1.804764270782470703e+00,2.393633842468261719e+00,1.575062073308428845e+00,-1.802736667763107592e+00,2.393883879404404169e+00
2.863636314868927002e-01,1.604107379913330078e+00,-1.752760171890258789e+00,2.375990152359008789e+00,1.606761245345097899e+00,-1.750687944869380175e+00,2.376255453408556484e+00
2.866555452346801758e-01,1.634232044219970703e+00,-1.700256466865539551e+00,2.358301639556884766e+00,1.636818115957436648e+00,-1.698153295772624860e+00,2.358579691396896383e+00
2.869474589824676514e-01,1.662719964981079102e+00,-1.647301554679870605e+00,2.340564012527465820e+00,1.665247122915949340e+00,-1.645164023532364128e+00,2.340857245691211119e+00
2.872393727302551270e-01,1.689570665359497070e+00,-1.593946576118469238e+00,2.322781562805175781e+00,1.692039098655641949e+00,-1.591777233725398810e+00,2.323090844798343380e+00
2.875312864780426025e-01,1.714787125587463379e+00,-1.540242910385131836e+00,2.304960489273071289e+00,1.717186294060584872e+00,-1.538049700191245650e+00,2.305282119127267659e+00
2.878232002258300781e-01,1.738362669944763184e+00,-1.486239075660705566e+00,2.287096738815307617e+00,1.740706369963368250e+00,-1.484011797674023025e+00,2.287432989634173186e+00
2.881150841712951660e-01,1.760297894477844238e+00,-1.431990981101989746e+00,2.269195318222045898e+00,1.762578949759302960e+00,-1.429740578634173032e+00,2.269546799765932654e+00
2.884069979190826416e-01,1.780605554580688477e+00,-1.377537488937377930e+00,2.251258611679077148e+00,1.782816528082761920e+00,-1.375270417330055617e+00,2.251622413636056308e+00
2.886989116668701172e-01,1.799281835556030273e+00,-1.322932600975036621e+00,2.233285903930664062e+00,1.801429695096590455e+00,-1.320644520626016227e+00,2.233663111625232567e+00
2.889908254146575928e-01,1.816333055496215820e+00,-1.268225193023681641e+00,2.215278863906860352e+00,1.818419267370229742e+00,-1.265918601490735540e+00,2.215671125763826410e+00
2.892827391624450684e-01,1.831772446632385254e+00,-1.213464021682739258e+00,2.197244882583618164e+00,1.833788216992005005e+00,-1.211147556310271378e+00,2.197648203861359395e+00
2.895746529102325439e-01,1.845603704452514648e+00,-1.158696174621582031e+00,2.179180860519409180e+00,1.847559370352767294e+00,-1.156358351696950892e+00,2.179596353575038226e+00
2.898665666580200195e-01,1.857836127281188965e+00,-1.103969335556030273e+00,2.161088466644287109e+00,1.859725242087386876e+00,-1.101626430436088766e+00,2.161517700203342773e+00
2.901584506034851074e-01,1.868487000465393066e+00,-1.049335479736328125e+00,2.142976522445678711e+00,1.870308934706022885e+00,-1.046985512870649560e+00,2.143416472690782282e+00
2.904503643512725830e-01,1.877567052841186523e+00,-9.948295950889587402e-01,2.124839782714843750e+00,1.879327721079939284e+00,-9.924648473128493409e-01,2.125290369895661335e+00
2.907422780990600586e-01,1.885086774826049805e+00,-9.405086636543273926e-01,2.106681823730468750e+00,1.886781912209902101e+00,-9.381394705177933391e-01,2.107143006629085047e+00
2.910341918468475342e-01,1.891070604324340820e+00,-8.864051699638366699e-01,2.088507175445556641e+00,1.892699335601128796e+00,-8.840326784763494761e-01,2.088976915046938387e+00
2.913261055946350098e-01,1.895530700683593750e+00,-8.325690627098083496e-01,2.070315837860107422e+00,1.897093671441507201e+00,-8.301955285140732999e-01,2.070794295382373029e+00
2.916180193424224854e-01,1.898482680320739746e+00,-7.790442705154418945e-01,2.052107810974121094e+00,1.899980234034218674e+00,-7.766781124524704261e-01,2.052596838174378657e+00
2.919099330902099609e-01,1.899953365325927734e+00,-7.258714437484741211e-01,2.033890724182128906e+00,1.901388134471036384e+00,-7.235011947310443503e-01,2.034387086246001619e+00
2.922018468379974365e-01,1.899960279464721680e+00,-6.730926036834716797e-01,2.015664339065551758e+00,1.901326725393332584e+00,-6.707348779369245451e-01,2.016166806882802032e+00
2.924937307834625244e-01,1.898521780967712402e+00,-6.207548379898071289e-01,1.997428774833679199e+00,1.899825498706104732e+00,-6.184056120791736610e-01,1.997939545277813922e+00
2.927856445312500000e-01,1.895668268203735352e+00,-5.688847303390502930e-01,1.979188680648803711e+00,1.896907354202193030e+00,-5.665448144551196163e-01,1.979704659087397900e+00
2.930775582790374756e-01,1.891421437263488770e+00,-5.175269246101379395e-01,1.960945963859558105e+00,1.892595586677158659e+00,-5.151984886487472881e-01,1.961465660524244869e+00
2.933694720268249512e-01,1.885801911354064941e+00,-4.667209684848785400e-01,1.942698478698730469e+00,1.886915536751544442e+00,-4.644043797712144039e-01,1.943224554904825041e+00
2.936613857746124268e-01,1.878843665122985840e+00,-4.165003001689910889e-01,1.924454689025878906e+00,1.879893911864249478e+00,-4.141986820170108219e-01,1.924983550072285610e+00
2.939532995223999023e-01,1.870572209358215332e+00,-3.669010698795318604e-01,1.906215310096740723e+00,1.871556958864221798e+00,-3.646241573306344685e-01,1.906744929554598178e+00
2.942452132701873779e-01,1.861010313034057617e+00,-3.179604709148406982e-01,1.887977242469787598e+00,1.861936095694450621e+00,-3.157006335856621382e-01,1.888510766317280432e+00
2.945371270179748535e-01,1.850194811820983887e+00,-2.697078287601470947e-01,1.869749426841735840e+00,1.851058823627510952e+00,-2.674684834284238866e-01,1.870282908588100756e+00
2.948290109634399414e-01,1.838155627250671387e+00,-2.221806049346923828e-01,1.851534485816955566e+00,1.838957041915858515e+00,-2.199669481976044005e-01,1.852065997828180155e+00
2.951209247112274170e-01,1.824915528297424316e+00,-1.754038333892822266e-01,1.833325624465942383e+00,1.825659409491711571e+00,-1.732122628252159291e-01,1.833857891838584164e+00
2.954128384590148926e-01,1.810514569282531738e+00,-1.294074058532714844e-01,1.815133333206176758e+00,1.811199000046508356e+00,-1.272414644329323274e-01,1.815663021609601913e+00
2.957047522068023682e-01,1.794984459877014160e+00,-8.422017097473144531e-02,1.796959042549133301e+00,1.795607949150974658e+00,-8.208976844218479618e-02,1.797483417764141889e+00
2.959966659545898438e-01,1.778351902961730957e+00,-3.987431526184082031e-02,1.778798818588256836e+00,1.778920568488943754e+00,-3.776384237198322780e-02,1.779321358491411598e+00
2.962885797023773193e-01,1.760658025741577148e+00,3.609728300943970680e-03,1.760661602020263672e+00,1.761169793246475823e+00,5.683106522927787278e-03,1.761178962611007703e+00
2.965804934501647949e-01,1.741936802864074707e+00,4.620706290006637573e-02,1.742549538612365723e+00,1.742390348970390024e+00,4.824675054480642017e-02,1.743058196711541274e+00
2.968724071979522705e-01,1.722216606140136719e+00,8.788820356130599976e-02,1.724457740783691406e+00,1.722617040956385237e+00,8.989688619637634104e-02,1.724961135777017152e+00
2.971642911434173584e-01,1.701542139053344727e+00,1.286332458257675171e-01,1.706397294998168945e+00,1.701888281895013177e+00,1.306050535690004288e-01,1.706892323513501841e+00
2.974562048912048340e-01,1.679946899414062500e+00,1.684257239103317261e-01,1.688368678092956543e+00,1.680235410801673268e+00,1.703632411967592741e-01,1.688850102780863116e+00
2.977481186389923096e-01,1.657458662986755371e+00,2.072428911924362183e-01,1.670364856719970703e+00,1.657696402257851087e+00,2.091454380304137162e-01,1.670837866553052775e+00
2.980400323867797852e-01,1.634122729301452637e+00,2.450695037841796875e-01,1.652396917343139648e+00,1.634309719161708641e+00,2.469271940324802017e-01,1.652858523074245634e+00
2.983319461345672607e-01,1.609975934028625488e+00,2.818887233734130859e-01,1.634467363357543945e+00,1.610109123464177561e+00,2.837103216531831618e-01,1.634913739643512498e+00
2.986238598823547363e-01,1.585050225257873535e+00,3.176777064800262451e-01,1.616571545600891113e+00,1.585136541752516059e+00,3.194544891503281470e-01,1.617006192516721175e+00
2.989157736301422119e-01,1.559388279914855957e+00,3.524290323257446289e-01,1.598717570304870605e+00,1.559425518893664098e+00,3.541637804650664134e-01,1.599137246258144351e+00
2.992076873779296875e-01,1.533027768135070801e+00,3.861300945281982422e-01,1.580908179283142090e+00,1.533015499701012363e+00,3.878191666724501441e-01,1.581309656064256774e+00
2.994995713233947754e-01,1.506005048751831055e+00,4.187588393688201904e-01,1.563141107559204102e+00,1.505947391973653682e+00,4.204036936637166599e-01,1.563527042630969532e+00
2.997914850711822510e-01,1.478356480598449707e+00,4.503178894519805908e-01,1.545420289039611816e+00,1.478254715933590369e+00,4.519121482862563099e-01,1.545788340927890081e+00
3.000833988189697266e-01,1.450122714042663574e+00,4.807955920696258545e-01,1.527750015258789062e+00,1.449973148960513880e+00,4.823470136559516730e-01,1.528097108919876046e+00
3.003753125667572021e-01,1.421338677406311035e+00,5.101773738861083984e-01,1.510127425193786621e+00,1.421147909366981432e+00,5.116780440488989390e-01,1.510455494564420631e+00
3.006672263145446777e-01,1.392044901847839355e+00,5.384622812271118164e-01,1.492558479309082031e+00,1.391811555432615810e+00,5.399156689643775930e-01,1.492865812934641712e+00
3.009591400623321533e-01,1.362279653549194336e+00,5.656464099884033203e-01,1.475046277046203613e+00,1.362003511070981832e+00,5.670489750686719121e-01,1.475329828986085667e+00
3.012510538101196289e-01,1.332077980041503906e+00,5.917193293571472168e-01,1.457588195800781250e+00,1.331761475366311398e+00,5.930740994869249105e-01,1.457849620074745944e+00
3.015429377555847168e-01,1.301482558250427246e+00,6.166806817054748535e-01,1.440191626548767090e+00,1.301127291393342267e+00,6.179843059963171514e-01,1.440429391142212578e+00
3.018348515033721924e-01,1.270524740219116211e+00,6.405357122421264648e-01,1.422855973243713379e+00,1.270129834457846441e+00,6.417865183716102706e-01,1.423067015830059123e+00
3.021267652511596680e-01,1.239243149757385254e+00,6.632755994796752930e-01,1.405580997467041016e+00,1.238813418981387304e+00,6.644718279828037977e-01,1.405767227257472607e+00
3.024186789989471436e-01,1.207675218582153320e+00,6.849051713943481445e-01,1.388371109962463379e+00,1.207206210884059105e+00,6.860550469395731987e-01,1.388531009026556351e+00
3.027105927467346191e-01,1.175858139991760254e+00,7.054287791252136230e-01,1.371230125427246094e+00,1.175355407149605957e+00,7.065198882632470756e-01,1.371360888179084414e+00
3.030025064945220947e-01,1.143826484680175781e+00,7.248439192771911621e-01,1.354155778884887695e+00,1.143289339471124100e+00,7.258836698855678504e-01,1.354259065302817033e+00
3.032944202423095703e-01,1.111616730690002441e+00,7.431584000587463379e-01,1.337152242660522461e+00,1.111045833499310076e+00,7.441460985687565755e-01,1.337227078753372655e+00
3.035863339900970459e-01,1.079263925552368164e+00,7.603802680969238281e-01,1.320222973823547363e+00,1.078663131180195078e+00,7.613087969038855318e-01,1.320267107372862014e+00
3.038782179355621338e-01,1.046805977821350098e+00,7.765092253684997559e-01,1.303368449211120605e+00,1.046171701236821905e+00,7.773879972803465765e-01,1.303383031493158040e+00
3.041701316833496094e-01,1.014270305633544922e+00,7.915587425231933594e-01,1.286588311195373535e+00,1.013605029580899153e+00,7.923848052123728669e-01,1.286572514677328805e+00
3.044620454311370850e-01,9.816972017288208008e-01,8.055373430252075195e-01,1.269889593124389648e+00,9.810016131725508570e-01,8.063055907487357565e-01,1.269839702765595213e+00
3.047539591789245605e-01,9.491128325462341309e-01,8.184530138969421387e-01,1.253267884254455566e+00,9.483882591202256185e-01,8.191676629946939014e-01,1.253186319001799776e+00
3.050458729267120361e-01,9.165531992912292480e-01,8.303164839744567871e-01,1.236727714538574219e+00,9.158002930010380460e-01,8.309781881509014090e-01,1.236614299546686446e+00
3.053377866744995117e-01,8.840496540069580078e-01,8.411427140235900879e-01,1.220272421836853027e+00,8.832695536818492288e-01,8.417489509191363739e-01,1.220125567650641507e+00
3.056297004222869873e-01,8.516334295272827148e-01,8.509401082992553711e-01,1.203901529312133789e+00,8.508270682707622656e-01,8.514926227289179028e-01,1.203721889251828658e+00
3.059216141700744629e-01,8.193350434303283691e-01,8.597230315208435059e-01,1.187616825103759766e+00,8.185061145448734310e-01,8.602195199754332222e-01,1.187404683372147662e+00
3.062134981155395508e-01,7.871867418289184570e-01,8.675085306167602539e-01,1.171423912048339844e+00,7.863342083906613711e-01,8.679488831223375334e-01,1.171177506187119910e+00
3.065054118633270264e-01,7.552113533020019531e-01,8.743097782135009766e-01,1.155318975448608398e+00,7.543315628954841978e-01,8.746994318346844599e-01,1.155039048185066308e+00
3.067973256111145020e-01,7.234404683113098145e-01,8.801420331001281738e-01,1.139305114746093750e+00,7.225405509796714032e-01,8.804768771113896664e-01,1.138992703636784620e+00
3.070892393589019775e-01,6.919003129005432129e-01,8.850255608558654785e-01,1.123386144638061523e+00,6.909781925897844346e-01,8.853062963272970709e-01,1.123039670248295874e+00
3.073811531066894531e-01,6.606182456016540527e-01,8.889750242233276367e-01,1.107561826705932617e+00,6.596742978010452507e-01,8.892026502444011493e-01,1.107181797349003016e+00
3.076730668544769287e-01,6.296200752258300781e-01,8.920077681541442871e-01,1.091832995414733887e+00,6.286578311855662848e-01,8.921817538989227359e-01,1.091420611268221430e+00
3.079649806022644043e-01,5.989294052124023438e-01,8.941465020179748535e-01,1.076203703880310059e+00,5.979435495600348149e-01,8.942700016358331450e-01,1.075758023110312100e+00
3.082568943500518799e-01,5.685708522796630859e-01,8.954082131385803223e-01,1.060673713684082031e+00,5.675688562518786950e-01,8.954776337325928148e-01,1.060195547577138742e+00
3.085487782955169678e-01,5.385712385177612305e-01,8.958117961883544922e-01,1.045245289802551270e+00,5.375503852651443149e-01,8.958305646916588927e-01,1.044735764360769537e+00
3.088406920433044434e-01,5.089447498321533203e-01,8.953815698623657227e-01,1.029918909072875977e+00,5.079020999561276728e-01,8.953511982298183458e-01,1.029377632995498670e+00
3.091326057910919189e-01,4.797166883945465088e-01,8.941367268562316895e-01,1.014696240425109863e+00,4.786593808438603936e-01,8.940537783882583911e-01,1.014123740733914980e+00
3.094245195388793945e-01,4.509082734584808350e-01,8.920969963073730469e-01,9.995775222778320312e-01,4.498324733252482277e-01,8.919661688113132980e-01,9.989759258169549350e-01
3.097164332866668701e-01,4.225367307662963867e-01,8.892884850502014160e-01,9.845665097236633301e-01,4.214438913086626104e-01,8.891083199797332748e-01,9.839352408459469679e-01
3.100083470344543457e-01,3.946214318275451660e-01,8.857318162918090820e-01,9.696632623672485352e-01,3.935154810961562499e-01,8.855015436544204643e-01,9.690033114890271859e-01
3.103002607822418213e-01,3.671813011169433594e-01,8.814479112625122070e-01,9.548677802085876465e-01,3.660545160190536995e-01,8.811731227727602755e-01,9.541813145283455366e-01
3.105921745300292969e-01,3.402303457260131836e-01,8.764635920524597168e-01,9.401835799217224121e-01,3.390909912347788158e-01,8.761407013873708793e-01,9.394707174596444998e-01
3.108840584754943848e-01,3.137876093387603760e-01,8.708017468452453613e-01,9.256123900413513184e-01,3.126341103525548393e-01,8.704320899835900072e-01,9.248741050700544086e-01
3.111759722232818604e-01,2.878670096397399902e-01,8.644832372665405273e-01,9.111523628234863281e-01,2.866941170344279866e-01,8.640694166927475051e-01,9.103897372037403901e-01
3.114678859710693359e-01,2.624766230583190918e-01,8.575349450111389160e-01,8.968055248260498047e-01,2.612885020113523415e-01,8.570767471295912543e-01,8.960202183843720691e-01
3.117597997188568115e-01,2.376325875520706177e-01,8.499807119369506836e-01,8.825737833976745605e-01,2.364332361087264633e-01,8.494776664564391844e-01,8.817669652153691251e-01
3.120517134666442871e-01,2.133492529392242432e-01,8.418422341346740723e-01,8.684563040733337402e-01,2.121303567428013126e-01,8.412992168290174266e-01,8.676310624274273797e-01
3.123436272144317627e-01,1.896340698003768921e-01,8.331474065780639648e-01,8.544563651084899902e-01,1.884034802448201484e-01,8.325622630972064897e-01,8.536133746034573200e-01
3.126355409622192383e-01,1.664974838495254517e-01,8.239201307296752930e-01,8.405747413635253906e-01,1.652528956522295034e-01,8.232940436154965180e-01,8.397151908678334165e-01
3.129274249076843262e-01,1.439538896083831787e-01,8.141834735870361328e-01,8.268116116523742676e-01,1.426909393025916628e-01,8.135195077792016782e-01,8.259386742951140281e-01
3.132193386554718018e-01,1.220029592514038086e-01,8.039630055427551270e-01,8.131673932075500488e-01,1.207282110379437057e-01,8.032606185500302809e-01,8.122825384395502279e-01
3.135112524032592773e-01,1.006544902920722961e-01,7.932839393615722656e-01,7.996441125869750977e-01,9.936584491639455230e-02,7.925436443416254972e-01,7.987483955052767648e-01
3.138031661510467529e-01,7.991845160722732544e-02,7.821682691574096680e-01,7.862405180931091309e-01,7.861317659538434588e-02,7.813932475461203842e-01,7.853377864620354476e-01
3.140950798988342285e-01,5.979603528976440430e-02,7.706432938575744629e-01,7.729596495628356934e-01,5.847841799321685380e-02,7.698334839611667979e-01,7.720513703107956260e-01
3.143869936466217041e-01,4.029184207320213318e-02,7.587331533432006836e-01,7.598022222518920898e-01,3.895715840989236872e-02,7.578892719376825182e-01,7.588898528176563074e-01
3.146789073944091797e-01,2.141371741890907288e-02,7.464595437049865723e-01,7.467666268348693848e-01,2.006461506601235276e-02,7.455842420666625170e-01,7.458541752888877552e-01
3.149708211421966553e-01,3.159965388476848602e-03,7.338490486145019531e-01,7.338558435440063477e-01,1.794795733806958411e-03,7.329429325385149463e-01,7.329451300403626579e-01
3.152627050876617432e-01,-1.446577161550521851e-02,7.209267020225524902e-01,7.210717797279357910e-01,-1.584484197960908669e-02,7.199905760273384026e-01,7.201649037446474777e-01
3.155546188354492188e-01,-3.146145120263099670e-02,7.077112793922424316e-01,7.084102630615234375e-01,-3.285876594346649748e-02,7.067474400374474941e-01,7.075108780074077508e-01
3.158465325832366943e-01,-4.782946407794952393e-02,6.942295432090759277e-01,6.958752274513244629e-01,-4.924396448048402181e-02,6.932388530418728267e-01,6.949856656108573949e-01
3.161384463310241699e-01,-6.357040256261825562e-02,6.805044412612915039e-01,6.834672689437866211e-01,-6.500098124728291571e-02,6.794877080588933582e-01,6.825896812626436327e-01
3.164303600788116455e-01,-7.868122309446334839e-02,6.665571331977844238e-01,6.711848974227905273e-01,-8.012859518406251214e-02,6.655170498419371583e-01,6.703234558006208044e-01
3.167222738265991211e-01,-9.316797554492950439e-02,6.524115204811096191e-01,6.590303778648376465e-01,-9.463400919279070511e-02,6.513487368066969152e-01,6.581874904885239852e-01
3.170141875743865967e-01,-1.070336923003196716e-01,6.380895376205444336e-01,6.470041871070861816e-01,-1.085174149556621115e-01,6.370051231296450789e-01,6.461822933523276857e-01
3.173061013221740723e-01,-1.202778294682502747e-01,6.236118674278259277e-01,6.351051330566406250e-01,-1.217823204279933208e-01,6.225079287573687115e-01,6.343083279719853307e-01
3.175979852676391602e-01,-1.329067349433898926e-01,6.090022325515747070e-01,6.233361363410949707e-01,-1.344308064063230723e-01,6.078800675513924556e-01,6.225671194637086847e-01
3.178898990154266357e-01,-1.449271440505981445e-01,5.942799448966979980e-01,6.116964221000671387e-01,-1.464720126402799250e-01,5.931393794352414206e-01,6.109569329533118820e-01
3.181818127632141113e-01,-1.563418805599212646e-01,5.794633030891418457e-01,6.001837849617004395e-01,-1.579070191155101666e-01,5.783084029603198228e-01,5.994791369351077925e-01
3.184737265110015869e-01,-1.671587526798248291e-01,5.645743012428283691e-01,5.888006687164306641e-01,-1.687485133593471798e-01,5.634052194002184821e-01,5.881339150299003116e-01
3.187656402587890625e-01,-1.773850917816162109e-01,5.496323704719543457e-01,5.775476098060607910e-01,-1.789945010575370032e-01,5.484519906205582718e-01,5.769216735610559477e-01
3.190575540065765381e-01,-1.870247423648834229e-01,5.346562862396240234e-01,5.664235353469848633e-01,-1.886586686740934493e-01,5.334656878755951182e-01,5.658424987630951142e-01
3.193494677543640137e-01,-1.960879266262054443e-01,5.196647644042968750e-01,5.554295182228088379e-01,-1.977466811211757436e-01,5.184655857612645580e-01,5.548966692215867580e-01
3.196413815021514893e-01,-2.045838087797164917e-01,5.046756267547607422e-01,5.445658564567565918e-01,-2.062649223060682713e-01,5.034705045482704699e-01,5.440843382454768618e-01
3.199332654476165771e-01,-2.125173211097717285e-01,4.897080957889556885e-01,5.338329672813415527e-01,-2.142264846484105423e-01,4.884971905837465767e-01,5.334064978354020603e-01
3.202251791954040527e-01,-2.199012935161590576e-01,4.747758209705352783e-01,5.232290625572204590e-01,-2.216378645899564348e-01,4.735616007928992732e-01,5.228612940020795907e-01
3.205170929431915283e-01,-2.267455905675888062e-01,4.598965942859649658e-01,5.127557516098022461e-01,-2.285075430959902509e-01,4.586820604105686372e-01,5.124499290606354673e-01
3.208090066909790039e-01,-2.330576479434967041e-01,4.450865983963012695e-01,5.024121403694152832e-01,-2.348506790523212096e-01,4.438714745235321502e-01,5.021720097208037803e-01
3.211009204387664795e-01,-2.388494014739990234e-01,4.303608536720275879e-01,4.921986162662506104e-01,-2.406710945961181569e-01,4.291489272091759677e-01,4.920278218748206367e-01
3.213928341865539551e-01,-2.441328763961791992e-01,4.157337546348571777e-01,4.821155369281768799e-01,-2.459846203211831228e-01,4.145262430779793061e-01,4.820170532615009051e-01
3.216847479343414307e-01,-2.489169538021087646e-01,4.012199044227600098e-01,4.721620976924896240e-01,-2.508009047993076113e-01,4.000185907011754027e-01,4.721397745950937086e-01
3.219766616821289062e-01,-2.532140910625457764e-01,3.868325948715209961e-01,4.623384177684783936e-01,-2.551299481688472093e-01,3.856403727783714874e-01,4.623957045316056669e-01
3.222685456275939941e-01,-2.570371031761169434e-01,3.725857436656951904e-01,4.526457786560058594e-01,-2.589858086861962505e-01,3.714045612094134530e-01,4.527858182275588672e-01
3.225604593753814697e-01,-2.603967487812042236e-01,3.584894537925720215e-01,4.430814385414123535e-01,-2.623819654106868682e-01,3.573195783917789692e-01,4.433075420911012920e-01
3.228523731231689453e-01,-2.633055150508880615e-01,3.445566892623901367e-01,4.336462616920471191e-01,-2.653260505376762723e-01,3.434022853036826084e-01,4.339620290367733890e-01
3.231442868709564209e-01,-2.657773196697235107e-01,3.307980298995971680e-01,4.243405759334564209e-01,-2.678343922484278661e-01,3.296606154935434185e-01,4.247486116265321021e-01
3.234362006187438965e-01,-2.678231894969940186e-01,3.172247111797332764e-01,4.151635468006134033e-01,-2.699185848940212074e-01,3.161063275499055303e-01,4.156672380501969521e-01
3.237281143665313721e-01,-2.694562077522277832e-01,3.038466572761535645e-01,4.061150550842285156e-01,-2.715913713824266162e-01,3.027492687713660424e-01,4.067173376572285060e-01
3.240200281143188477e-01,-2.706907689571380615e-01,2.906724512577056885e-01,3.971951007843017578e-01,-2.728659345793191804e-01,2.895989590305294015e-01,3.978986998287523114e-01
3.243119120597839355e-01,-2.715385854244232178e-01,2.777129113674163818e-01,3.884039819240570068e-01,-2.737548248469461876e-01,2.766657327406287226e-01,3.892115514728349268e-01
3.246038258075714111e-01,-2.720129787921905518e-01,2.649736106395721436e-01,3.797394931316375732e-01,-2.742714311661391680e-01,2.639557308893019094e-01,3.806539712432115974e-01
3.248957395553588867e-01,-2.721285820007324219e-01,2.524639368057250977e-01,3.712034523487091064e-01,-2.744313755430695667e-01,2.514749126333299944e-01,3.722260221510610978e-01
3.251876533031463623e-01,-2.718976736068725586e-01,2.401890158653259277e-01,3.627935051918029785e-01,-2.742442825784344174e-01,2.392347117741368823e-01,3.639274293655461179e-01
3.254795670509338379e-01,-2.713332474231719971e-01,2.281568646430969238e-01,3.545099496841430664e-01,-2.737263784048385995e-01,2.272384385797521500e-01,3.557575553699354187e-01
3.257714807987213135e-01,-2.704501152038574219e-01,2.163723558187484741e-01,3.463528156280517578e-01,-2.728901485845205976e-01,2.154931578400038905e-01,3.477158815330967379e-01
3.260633945465087891e-01,-2.692607939243316650e-01,2.048414796590805054e-01,3.383214771747589111e-01,-2.717480426080223777e-01,2.040051355011780754e-01,3.398015508677757479e-01
3.263553082942962646e-01,-2.677780687808990479e-01,1.935695260763168335e-01,3.304152786731719971e-01,-2.703158050872943030e-01,1.927762352242585187e-01,3.320140228171556407e-01
3.266471922397613525e-01,-2.660169005393981934e-01,1.825606673955917358e-01,3.226350843906402588e-01,-2.686045505771362252e-01,1.818153961029649324e-01,3.243535769046232975e-01
3.269391059875488281e-01,-2.639893889427185059e-01,1.718169599771499634e-01,3.149785101413726807e-01,-2.666274924470782848e-01,1.711233017201282680e-01,3.168176196492468177e-01
3.272310197353363037e-01,-2.617082297801971436e-01,1.613435000181198120e-01,3.074457943439483643e-01,-2.643992931079798825e-01,1.607029167520940827e-01,3.094065507526140846e-01
3.275229334831237793e-01,-2.591877877712249756e-01,1.511416435241699219e-01,3.000368475914001465e-01,-2.619321793417369038e-01,1.505578734835982258e-01,3.021194132170506585e-01
3.278148472309112549e-01,-2.564404308795928955e-01,1.412141174077987671e-01,2.927509546279907227e-01,-2.592390446748999433e-01,1.406905312829040966e-01,2.949554337126553127e-01
3.281067609786987305e-01,-2.534782886505126953e-01,1.315636038780212402e-01,2.855874896049499512e-01,-2.563327793752694927e-01,1.311027544433087666e-01,2.879139211724106584e-01
3.283986747264862061e-01,-2.503150999546051025e-01,1.221898794174194336e-01,2.785462439060211182e-01,-2.532253538317435493e-01,1.217967648081851179e-01,2.809938286527874918e-01
3.286905884742736816e-01,-2.469630539417266846e-01,1.130941957235336304e-01,2.716266512870788574e-01,-2.499307305779061572e-01,1.127706430047289987e-01,2.741944346825915257e-01
3.289824724197387695e-01,-2.434340566396713257e-01,1.042789593338966370e-01,2.648287117481231689e-01,-2.464600648036201491e-01,1.040289834602052405e-01,2.675155938310294079e-01
3.292743861675262451e-01,-2.397404909133911133e-01,9.574069082736968994e-02,2.581506967544555664e-01,-2.428249712963446438e-01,9.556925838755458980e-02,2.609548808392320174e-01
3.295662999153137207e-01,-2.358943819999694824e-01,8.748018741607666016e-02,2.515928149223327637e-01,-2.390382147796868695e-01,8.739049528978867776e-02,2.545120169894818374e-01
3.298582136631011963e-01,-2.319067567586898804e-01,7.949790358543395996e-02,2.451543658971786499e-01,-2.351111709892157731e-01,7.949288665447525049e-02,2.481861836456282222e-01
3.301501274108886719e-01,-2.277898788452148438e-01,7.179089635610580444e-02,2.388350069522857666e-01,-2.310549392295452864e-01,7.187615080405120038e-02,2.419763748732003394e-01
3.304420411586761475e-01,-2.235548496246337891e-01,6.435776501893997192e-02,2.326342612504959106e-01,-2.268814698747827485e-01,6.453613831900265052e-02,2.358815688468927085e-01
3.307339549064636230e-01,-2.192120105028152466e-01,5.719804763793945312e-02,2.265513688325881958e-01,-2.226006770090068199e-01,5.747447492907179628e-02,2.299007974610803584e-01
3.310258686542510986e-01,-2.147728055715560913e-01,5.030763149261474609e-02,2.205860763788223267e-01,-2.182239010651897959e-01,5.068633325519488614e-02,2.240329783200822045e-01
3.313177525997161865e-01,-2.102480381727218628e-01,4.368467628955841064e-02,2.147384136915206909e-01,-2.137617703007425596e-01,4.417016988921386444e-02,2.182775717982711750e-01
3.316096663475036621e-01,-2.056469470262527466e-01,3.732715919613838196e-02,2.090071439743041992e-01,-2.092232495540826132e-01,3.792372026701556348e-02,2.126324921381038124e-01
3.319015800952911377e-01,-2.009794861078262329e-01,3.122939169406890869e-02,2.033912986516952515e-01,-2.046189600034262757e-01,3.194235892767070123e-02,2.070971585675378257e-01
3.321934938430786133e-01,-1.962556988000869751e-01,2.538854628801345825e-02,1.978910714387893677e-01,-1.999583189173973763e-01,2.622351163890658879e-02,2.016705280078064932e-01
3.324854075908660889e-01,-1.914845407009124756e-01,1.980259642004966736e-02,1.925057619810104370e-01,-1.952504203830572604e-01,2.076423413169503629e-02,1.963514198543937772e-01
3.327773213386535645e-01,-1.866754293441772461e-01,1.446564029902219772e-02,1.872350573539733887e-01,-1.905044585634129983e-01,1.555840133599147891e-02,1.911387260203199212e-01
3.330692350864410400e-01,-1.818370521068572998e-01,9.373406879603862762e-03,1.820784807205200195e-01,-1.857287979897464525e-01,1.060480923927323987e-02,1.860313102187839407e-01
3.333611488342285156e-01,-1.769777387380599976e-01,4.523082636296749115e-03,1.770355254411697388e-01,-1.809319000543425648e-01,5.896920875513005783e-03,1.810279705821359053e-01
3.336530327796936035e-01,-1.721062362194061279e-01,-9.126002987613901496e-05,1.721062511205673218e-01,-1.761221220403547116e-01,1.431586278872202774e-03,1.761279401777907927e-01
3.339449465274810791e-01,-1.672293990850448608e-01,-4.475505556911230087e-03,1.672892719507217407e-01,-1.713064148197456504e-01,-2.797310769622583879e-03,1.713292523357778097e-01
3.342368602752685547e-01,-1.623552441596984863e-01,-8.632739074528217316e-03,1.625845879316329956e-01,-1.664925918103840607e-01,-6.793341091066288674e-03,1.666311273769661983e-01
3.345287740230560303e-01,-1.574910283088684082e-01,-1.256960909813642502e-02,1.579918414354324341e-01,-1.616876868583322913e-01,-1.056347598528327610e-02,1.620323890661672095e-01
3.348206877708435059e-01,-1.526436805725097656e-01,-1.629162020981311798e-02,1.535106152296066284e-01,-1.568984578411731501e-01,-1.411040834178128173e-02,1.575316783904437412e-01
3.351126015186309814e-01,-1.478199362754821777e-01,-1.980296336114406586e-02,1.491405069828033447e-01,-1.521313844869459642e-01,-1.744132881561633736e-02,1.531279141658026810e-01
3.354045152664184570e-01,-1.430260539054870605e-01,-2.311043255031108856e-02,1.448811292648315430e-01,-1.473925662721306540e-01,-2.056105642330353922e-02,1.488197756802727700e-01
3.356963992118835449e-01,-1.382684707641601562e-01,-2.621964924037456512e-02,1.407325118780136108e-01,-1.426885371135196423e-01,-2.347468517771233304e-02,1.446066370115458577e-01
3.359883129596710205e-01,-1.335522234439849854e-01,-2.913593314588069916e-02,1.366934478282928467e-01,-1.380235046811823796e-01,-2.618877530753408595e-02,1.404860839961911689e-01
3.362802267074584961e-01,-1.288830935955047607e-01,-3.186579421162605286e-02,1.327639967203140259e-01,-1.334034310185740480e-01,-2.870856860295115803e-02,1.364575293589833371e-01
3.365721404552459717e-01,-1.242661327123641968e-01,-3.441545367240905762e-02,1.289437562227249146e-01,-1.288332596822277520e-01,-3.103931430447692472e-02,1.325196130119630222e-01
3.368640542030334473e-01,-1.197065711021423340e-01,-3.678996860980987549e-02,1.252324432134628296e-01,-1.243172525134094292e-01,-3.318829380542254182e-02,1.286710616968627097e-01
3.371559679508209229e-01,-1.152087971568107605e-01,-3.899613022804260254e-02,1.216296255588531494e-01,-1.198602852640762717e-01,-3.515943633329945278e-02,1.249106638636632988e-01
3.374478816986083984e-01,-1.107770279049873352e-01,-4.104031622409820557e-02,1.181349158287048340e-01,-1.154660224343344865e-01,-3.696004055914624969e-02,1.212371516282858275e-01
3.377397954463958740e-01,-1.064156815409660339e-01,-4.292785376310348511e-02,1.147479787468910217e-01,-1.111383069654767325e-01,-3.859550071911749952e-02,1.176492071835247705e-01
3.380316793918609619e-01,-1.021288037300109863e-01,-4.466521739959716797e-02,1.114687100052833557e-01,-1.068810742059595337e-01,-4.007141479961643521e-02,1.141458816929579317e-01
3.383235931396484375e-01,-9.791889786720275879e-02,-4.625920951366424561e-02,1.082960069179534912e-01,-1.026966228601676051e-01,-4.139426499934573817e-02,1.107252524120833082e-01
3.386155068874359131e-01,-9.379051625728607178e-02,-4.771495983004570007e-02,1.052301153540611267e-01,-9.858839331111737825e-02,-4.256962701566027740e-02,1.073864257712305453e-01
3.389074206352233887e-01,-8.974569290876388550e-02,-4.903922602534294128e-02,1.022699177265167236e-01,-9.455915142594388534e-02,-4.360293459418189410e-02,1.041280414855628028e-01
3.391993343830108643e-01,-8.578746020793914795e-02,-5.023824423551559448e-02,9.941513836383819580e-02,-9.061101404910806845e-02,-4.450074702117618602e-02,1.009488600849478834e-01
3.394912481307983398e-01,-8.191883563995361328e-02,-5.131751298904418945e-02,9.666531533002853394e-02,-8.674627133698732673e-02,-4.526840653973811246e-02,9.784755603241826472e-02
3.397831618785858154e-01,-7.814204692840576172e-02,-5.228324234485626221e-02,9.401976317167282104e-02,-8.296692539797173582e-02,-4.591166448534543532e-02,9.482294894068384050e-02
3.400750756263732910e-01,-7.445902377367019653e-02,-5.314168334007263184e-02,9.147778153419494629e-02,-7.927457305026505696e-02,-4.643610460276489937e-02,9.187366185681690445e-02
3.403669595718383789e-01,-7.087246328592300415e-02,-5.389820784330368042e-02,8.903889358043670654e-02,-7.567113729939857480e-02,-4.684717777216695217e-02,8.899875889809612250e-02
3.406588733196258545e-01,-6.738335639238357544e-02,-5.455889552831649780e-02,8.670172840356826782e-02,-7.215719908620414624e-02,-4.715039971999444857e-02,8.619641276596927415e-02
3.409507870674133301e-01,-6.399335712194442749e-02,-5.512968450784683228e-02,8.446556329727172852e-02,-6.873363406454825741e-02,-4.735182916376418083e-02,8.346561074402759905e-02
3.412427008152008057e-01,-6.070425733923912048e-02,-5.561588332056999207e-02,8.232942223548889160e-02,-6.540197830823607505e-02,-4.745571040174735578e-02,8.080509400010307819e-02
3.415346145629882812e-01,-5.751730874180793762e-02,-5.602309107780456543e-02,8.029213547706604004e-02,-6.216234114132677957e-02,-4.746807886625217104e-02,7.821365077416743417e-02
3.418265283107757568e-01,-5.443324893712997437e-02,-5.635703355073928833e-02,7.835236936807632446e-02,-5.901529315854792124e-02,-4.739377425318661019e-02,7.568999051758011631e-02
3.421184420585632324e-01,-5.145338550209999084e-02,-5.662282183766365051e-02,7.650879025459289551e-02,-5.596127602188389477e-02,-4.723759726768229222e-02,7.323288202454703022e-02
3.424103558063507080e-01,-4.857860878109931946e-02,-5.682569742202758789e-02,7.475989311933517456e-02,-5.299982427724250073e-02,-4.700512907648667776e-02,7.084111470689712087e-02
3.427022397518157959e-01,-4.580947756767272949e-02,-5.697102099657058716e-02,7.310407608747482300e-02,-5.013171292517936556e-02,-4.670047223941316966e-02,6.851366833119355848e-02
3.429941534996032715e-01,-4.314632341265678406e-02,-5.706367269158363342e-02,7.153927534818649292e-02,-4.735592373159339119e-02,-4.632836235346316639e-02,6.624877863648712117e-02
3.432860672473907471e-01,-4.059006273746490479e-02,-5.710850283503532410e-02,7.006378471851348877e-02,-4.467192971504561211e-02,-4.589390878989421663e-02,6.404554760856608076e-02
3.435779809951782227e-01,-3.814060986042022705e-02,-5.711047723889350891e-02,6.867541372776031494e-02,-4.207988101315320029e-02,-4.540085564917388516e-02,6.190277925714043200e-02
3.438698947429656982e-01,-3.579853847622871399e-02,-5.707415193319320679e-02,6.737206131219863892e-02,-3.957853317937760906e-02,-4.485398783716174065e-02,5.981923197039015067e-02
3.441618084907531738e-01,-3.356431052088737488e-02,-5.700398981571197510e-02,6.615147739648818970e-02,-3.716724312709981243e-02,-4.425730642971086731e-02,5.779371189050133695e-02
3.444537222385406494e-01,-3.143756464123725891e-02,-5.690453201532363892e-02,6.501112133264541626e-02,-3.484526406142485905e-02,-4.361477466914109175e-02,5.582509289692564464e-02
3.447456359863281250e-01,-2.941865287721157074e-02,-5.677997320890426636e-02,6.394858658313751221e-02,-3.261101215680516779e-02,-4.293065590324542796e-02,5.391214455179979548e-02
3.450375199317932129e-01,-2.750813961029052734e-02,-5.663440003991127014e-02,6.296151876449584961e-02,-3.046410955663439793e-02,-4.220839918825468329e-02,5.205392332104931408e-02
3.453294336795806885e-01,-2.570528537034988403e-02,-5.647188052535057068e-02,6.204703822731971741e-02,-2.840273605265669979e-02,-4.145159980621987428e-02,5.024888597543125668e-02
3.456213474273681641e-01,-2.401013858616352081e-02,-5.629619583487510681e-02,6.120252236723899841e-02,-2.642551466096724685e-02,-4.066404673224076338e-02,4.849610831539842570e-02
3.459132611751556396e-01,-2.242326922714710236e-02,-5.611103400588035583e-02,6.042558327317237854e-02,-2.453115623948980487e-02,-3.984897754436930034e-02,4.679442955927455572e-02
3.462051749229431152e-01,-2.094408683478832245e-02,-5.591999366879463196e-02,5.971348658204078674e-02,-2.271816958381323026e-02,-3.900967316052419975e-02,4.514277161772212166e-02
3.464970886707305908e-01,-1.957275904715061188e-02,-5.572644993662834167e-02,5.906377732753753662e-02,-2.098496744733262948e-02,-3.814922597340756477e-02,4.354000805162677040e-02
3.467890024185180664e-01,-1.830978132784366608e-02,-5.553368106484413147e-02,5.847425013780593872e-02,-1.933004090820274190e-02,-3.727053698573151719e-02,4.198503791492360498e-02
3.470808863639831543e-01,-1.715469546616077423e-02,-5.534479394555091858e-02,5.794246494770050049e-02,-1.775161754936594241e-02,-3.637668995474503675e-02,4.047695020233867819e-02
3.473728001117706299e-01,-1.610749028623104095e-02,-5.516269803047180176e-02,5.746629089117050171e-02,-1.624752764081060716e-02,-3.547023092647059311e-02,3.901434910921949134e-02
3.476647138595581055e-01,-1.516899187117815018e-02,-5.499026924371719360e-02,5.704408511519432068e-02,-1.481660832208980122e-02,-3.455365017986490594e-02,3.759636449076823872e-02
3.479566276073455811e-01,-1.433874946087598801e-02,-5.483008548617362976e-02,5.667396262288093567e-02,-1.345661821466254127e-02,-3.362959358327671788e-02,3.622195657817996184e-02
3.482485413551330566e-01,-1.361713744699954987e-02,-5.468463152647018433e-02,5.635454878211021423e-02,-1.216580942716080291e-02,-3.270029032715695422e-02,3.489005454994802830e-02
3.485404551029205322e-01,-1.300517562776803970e-02,-5.455633625388145447e-02,5.608501285314559937e-02,-1.094241925552029947e-02,-3.176793413470635485e-02,3.359967527150556355e-02
3.488323688507080078e-01,-1.250261999666690826e-02,-5.444726720452308655e-02,5.586430430412292480e-02,-9.784162496833434530e-03,-3.083471662490908441e-02,3.234980038737313157e-02
3.491242825984954834e-01,-1.211009547114372253e-02,-5.435941740870475769e-02,5.569201335310935974e-02,-8.689588265541427214e-03,-2.990246929658388689e-02,3.113947035930086926e-02
3.494161665439605713e-01,-1.182906422764062881e-02,-5.429479852318763733e-02,5.556843802332878113e-02,-7.656533904690111976e-03,-2.897322148698512276e-02,2.996781731737507837e-02
3.497080802917480469e-01,-1.165953092277050018e-02,-5.425489693880081177e-02,5.549358949065208435e-02,-6.682870072303729453e-03,-2.804847789936886979e-02,2.883362385956154614e-02
3.499999940395355225e-01,-1.160250045359134674e-02,-5.424122884869575500e-02,5.546827241778373718e-02,-5.766786055034642082e-03,-2.712994626469676998e-02,2.773607408646501862e-02
