x_m,Pre_sim,Pim_sim,p_abs_sim,Pre_analytic,Pim_analytic,p_abs_analytic
0.000000000000000000e+00,9.701201925054192543e-04,8.814842253923416138e-02,8.815375715494155884e-02,1.129723497446448845e-03,5.655142116827019394e-02,5.656270424344791992e-02
2.919099351856857538e-04,9.645501850172877312e-04,4.941745400428771973e-01,4.941754937171936035e-01,1.123829236726053707e-03,4.955853036306491211e-01,4.955865778719557024e-01
5.838198703713715076e-04,9.479853324592113495e-04,9.275407791137695312e-01,9.275411963462829590e-01,1.102784334698604434e-03,9.289409104631966008e-01,9.289415650435076666e-01
8.757297764532268047e-04,9.206134127452969551e-04,1.350345373153686523e+00,1.350345730781555176e+00,1.072330761828443023e-03,1.351697202461735747e+00,1.351697627813315927e+00
1.167639740742743015e-03,8.826738339848816395e-04,1.757650494575500488e+00,1.757650732994079590e+00,1.024001254904483883e-03,1.758993647152161222e+00,1.758993945214204713e+00
1.459549646824598312e-03,8.346698596142232418e-04,2.144900321960449219e+00,2.144900321960449219e+00,9.703981034584875740e-04,2.146205041990608464e+00,2.146205261371425088e+00
1.751459552906453609e-03,7.771499804221093655e-04,2.507708787918090820e+00,2.507708787918090820e+00,8.971908965392745355e-04,2.508880000298891577e+00,2.508880160719373809e+00
2.043369458988308907e-03,7.107123965397477150e-04,2.841743946075439453e+00,2.841743946075439453e+00,8.229124741550310727e-04,2.842899499919187001e+00,2.842899619020289315e+00
2.335279481485486031e-03,6.361689302138984203e-04,3.143352031707763672e+00,3.143352031707763672e+00,7.399102838943876891e-04,3.144433852496885340e+00,3.144433939550269841e+00
2.627189271152019501e-03,5.543719744309782982e-04,3.409133672714233398e+00,3.409133672714233398e+00,6.495030754875054119e-04,3.410036331965256906e+00,3.410036393820058187e+00
2.919099293649196625e-03,4.662157152779400349e-04,3.635812997817993164e+00,3.635812997817993164e+00,5.383014833780847734e-04,3.636666225131720331e+00,3.636666264971571749e+00
3.211009083315730095e-03,3.727414296008646488e-04,3.820994377136230469e+00,3.820994377136230469e+00,4.346592329311939188e-04,3.821749477863683353e+00,3.821749502581243796e+00
3.502919105812907219e-03,2.750162675511091948e-04,3.962622404098510742e+00,3.962622404098510742e+00,3.114274263195385074e-04,3.963157561429512032e+00,3.963157573665593958e+00
3.794829128310084343e-03,1.741369778756052256e-04,4.058815479278564453e+00,4.058815479278564453e+00,1.993371802215729684e-04,4.059285120657850854e+00,4.059285125552223761e+00
4.086738917976617813e-03,7.127241406124085188e-05,4.108669281005859375e+00,4.108669281005859375e+00,6.995986061776536514e-05,4.109026660158657585e+00,4.109026660754222071e+00
4.378648940473794937e-03,-3.240638034185394645e-05,4.111687660217285156e+00,4.111687660217285156e+00,-4.512980150700796799e-05,4.111817299885829335e+00,4.111817300133493447e+00
4.670558962970972061e-03,-1.357146102236583829e-04,4.067578792572021484e+00,4.067578792572021484e+00,-1.595400277820228647e-04,4.067623458857783980e+00,4.067623461986516809e+00
4.962468519806861877e-03,-2.374703180976212025e-04,3.977016687393188477e+00,3.977016687393188477e+00,-2.720468165550330797e-04,3.976949165683343335e+00,3.976949174988147817e+00
5.254378542304039001e-03,-3.365204902365803719e-04,3.841117858886718750e+00,3.841117858886718750e+00,-3.969508609439669150e-04,3.840836357171083737e+00,3.840836377683541247e+00
5.546288564801216125e-03,-4.317158600315451622e-04,3.661207914352416992e+00,3.661207914352416992e+00,-5.095191024680292315e-04,3.660834857493095118e+00,3.660834892950814989e+00
5.838198587298393250e-03,-5.219770246185362339e-04,3.439472913742065430e+00,3.439472913742065430e+00,-6.093383546287017968e-04,3.438998168563802693e+00,3.438998222546563177e+00
6.130108609795570374e-03,-6.062887259759008884e-04,3.178528070449829102e+00,3.178528070449829102e+00,-7.027962360065872095e-04,3.177864866887303297e+00,3.177864944600259367e+00
6.422018166631460190e-03,-6.836573011241853237e-04,2.881175756454467773e+00,2.881175756454467773e+00,-8.000502980927972577e-04,2.880429783178833691e+00,2.880429894287334314e+00
6.713928189128637314e-03,-7.532107410952448845e-04,2.550900459289550781e+00,2.550900459289550781e+00,-8.819177184308248877e-04,2.550076476394969038e+00,2.550076628896050135e+00
7.005838211625814438e-03,-8.141786092892289162e-04,2.191543817520141602e+00,2.191543817520141602e+00,-9.490552978088253157e-04,2.190578466437267835e+00,2.190578672023584694e+00
7.297748234122991562e-03,-8.658258011564612389e-04,1.807090759277343750e+00,1.807090997695922852e+00,-1.006412138223129055e-03,1.806048760293331501e+00,1.806049040702514041e+00
7.589658256620168686e-03,-9.075726266019046307e-04,1.401984453201293945e+00,1.401984810829162598e+00,-1.058956256523529852e-03,1.400896140662178935e+00,1.400896540901768850e+00
7.881567813456058502e-03,-9.389737970195710659e-04,9.808955192565917969e-01,9.808959960937500000e-01,-1.095259664824362999e-03,9.797299798232843582e-01,9.797305920293938319e-01
8.173477835953235626e-03,-9.596291347406804562e-04,5.485727787017822266e-01,5.485736131668090820e-01,-1.117707295513693279e-03,5.473607191754927825e-01,5.473618603500897128e-01
8.465387858450412750e-03,-9.693081956356763840e-04,1.099846437573432922e-01,1.099889203906059265e-01,-1.128607074927602321e-03,1.087364249595847987e-01,1.087422818728804863e-01
8.757297880947589874e-03,-9.679378126747906208e-04,-3.298590481281280518e-01,3.298604488372802734e-01,-1.126710887119101653e-03,-3.311142841978850782e-01,3.311162011700741203e-01
9.049207903444766998e-03,-9.554936550557613373e-04,-7.659362554550170898e-01,7.659367918968200684e-01,-1.111019369067358037e-03,-7.671893145313863904e-01,7.671901190025697259e-01
9.341117925941944122e-03,-9.321170509792864323e-04,-1.193241238594055176e+00,1.193241477012634277e+00,-1.084691377685273288e-03,-1.194505681896618432e+00,1.194506174382824248e+00
9.633027948439121246e-03,-8.981148712337017059e-04,-1.606944799423217773e+00,1.606945037841796875e+00,-1.047031159025147784e-03,-1.608173025177023652e+00,1.608173366021607542e+00
9.924937039613723755e-03,-8.538411348126828671e-04,-2.002276897430419922e+00,2.002277135848999023e+00,-9.916313527493878389e-04,-2.003449061133100173e+00,2.003449306543052977e+00
1.021684706211090088e-02,-7.997948559932410717e-04,-2.374684810638427734e+00,2.374684810638427734e+00,-9.311481242510482757e-04,-2.375847590741040793e+00,2.375847773209983416e+00
1.050875708460807800e-02,-7.366315694525837898e-04,-2.720022678375244141e+00,2.720022678375244141e+00,-8.563424061689020681e-04,-2.721091542697642307e+00,2.721091677445460544e+00
1.080066710710525513e-02,-6.650459836237132549e-04,-3.034270524978637695e+00,3.034270524978637695e+00,-7.655398725390319967e-04,-3.035237532426919405e+00,3.035237628968175283e+00
1.109257712960243225e-02,-5.858460790477693081e-04,-3.313771486282348633e+00,3.313771486282348633e+00,-6.768902774433000835e-04,-3.314712406146266055e+00,3.314712475259418145e+00
1.138448715209960938e-02,-4.999685334041714668e-04,-3.555495738983154297e+00,3.555495738983154297e+00,-5.816037651376515689e-04,-3.556310451766952596e+00,3.556310499325081143e+00
1.167639717459678650e-02,-4.083758685737848282e-04,-3.756592750549316406e+00,3.756592750549316406e+00,-4.730323562481789806e-04,-3.757267503816474452e+00,3.757267533593380726e+00
1.196830719709396362e-02,-3.121062181890010834e-04,-3.914657354354858398e+00,3.914657354354858398e+00,-3.665318231999654605e-04,-3.915295087377325345e+00,3.915295104533832227e+00
1.226021721959114075e-02,-2.122798032360151410e-04,-4.028095722198486328e+00,4.028095722198486328e+00,-2.406870103602292571e-04,-4.028579849296582971e+00,4.028579856486491195e+00
1.255212631076574326e-02,-1.100266745197586715e-04,-4.095521450042724609e+00,4.095521450042724609e+00,-1.273717152792372995e-04,-4.095835363383677930e+00,4.095835365364171032e+00
1.284403633326292038e-02,-6.513159405585611239e-06,-4.116016387939453125e+00,4.116016387939453125e+00,-4.881147031279540123e-06,-4.116288497515796507e+00,4.116288497518690193e+00
1.313594635576009750e-02,9.707309072837233543e-05,-4.089591503143310547e+00,4.089591503143310547e+00,1.254442623399957830e-04,-4.089707896966111811e+00,4.089707898889997750e+00
1.342785637825727463e-02,1.995531638385728002e-04,-4.016465663909912109e+00,4.016465663909912109e+00,2.388484416363068714e-04,-4.016394925389410453e+00,4.016394932491373027e+00
1.371976640075445175e-02,2.997451229020953178e-04,-3.897298336029052734e+00,3.897298336029052734e+00,3.497126349780770244e-04,-3.897187099127072951e+00,3.897187114817739051e+00
1.401167642325162888e-02,3.965182695537805557e-04,-3.733707189559936523e+00,3.733707189559936523e+00,4.642297191466717679e-04,-3.733449673162590354e+00,3.733449702024534744e+00
1.430358644574880600e-02,4.887678660452365875e-04,-3.527491092681884766e+00,3.527491092681884766e+00,5.731965009605735802e-04,-3.527052602811514781e+00,3.527052649387830030e+00
1.459549646824598312e-02,5.754118901677429676e-04,-3.280824422836303711e+00,3.280824422836303711e+00,6.754423217153606796e-04,-3.280353763408343504e+00,3.280353832946929504e+00
1.488740649074316025e-02,6.554946885444223881e-04,-2.996764659881591797e+00,2.996764659881591797e+00,7.645626610054848202e-04,-2.996165976999314307e+00,2.996166074549993841e+00
1.517931651324033737e-02,7.281001890078186989e-04,-2.678500890731811523e+00,2.678500890731811523e+00,8.503430225157130760e-04,-2.677748131023077516e+00,2.677748266040114622e+00
1.547122560441493988e-02,7.923525990918278694e-04,-2.329512357711791992e+00,2.329512357711791992e+00,9.252571202657758212e-04,-2.328733841254422288e+00,2.328734025066906632e+00
1.576313562691211700e-02,8.475712966173887253e-04,-1.953977346420288086e+00,1.953977584838867188e+00,9.901929002936330285e-04,-1.953109630825021314e+00,1.953109881830366934e+00
1.605504564940929413e-02,8.931237971410155296e-04,-1.556143403053283691e+00,1.556143641471862793e+00,1.040321935472544347e-03,-1.555161097498569678e+00,1.555161445459179781e+00
1.634695567190647125e-02,9.284268016926944256e-04,-1.140450119972229004e+00,1.140450477600097656e+00,1.081842597837792685e-03,-1.139449546375419065e+00,1.139450059949340011e+00
1.663886569440364838e-02,9.531453251838684082e-04,-7.117695212364196777e-01,7.117701172828674316e-01,1.110923565980910131e-03,-7.107171060465162782e-01,7.107179742895943786e-01
1.693077571690082550e-02,9.669967112131416798e-04,-2.749605774879455566e-01,2.749622762203216553e-01,1.126524663728454417e-03,-2.738646078196185774e-01,2.738669247536318907e-01
1.722268573939800262e-02,9.697465575300157070e-04,1.650073230266571045e-01,1.650101691484451294e-01,1.129348130287384250e-03,1.661249676874304027e-01,1.661288064013859422e-01
1.751459576189517975e-02,9.614420705474913120e-04,6.030789017677307129e-01,6.030796170234680176e-01,1.120200509070341886e-03,6.042163438042572610e-01,6.042173822138561246e-01
1.780650578439235687e-02,9.421773138456046581e-04,1.034288644790649414e+00,1.034289002418518066e+00,1.095649709632263080e-03,1.035388020321829972e+00,1.035388600031043715e+00
1.809841580688953400e-02,9.120947215706110001e-04,1.453625917434692383e+00,1.453626036643981934e+00,1.059475581196846986e-03,1.454736787217131289e+00,1.454737173021755314e+00
1.839032582938671112e-02,8.716146694496273994e-04,1.856375694274902344e+00,1.856375932693481445e+00,1.014179516226581266e-03,1.857470213631177369e+00,1.857470490502377336e+00
1.868223585188388824e-02,8.211976964958012104e-04,2.237974405288696289e+00,2.237974405288696289e+00,9.586559245963633281e-04,2.238978353484239570e+00,2.238978558716491651e+00
1.897414587438106537e-02,7.613550405949354172e-04,2.593890428543090820e+00,2.593890428543090820e+00,8.823658711416415426e-04,2.594890733511296066e+00,2.594890883531005610e+00
1.926605589687824249e-02,6.928312359377741814e-04,2.920210599899291992e+00,2.920210599899291992e+00,8.006787296190423552e-04,2.921158415630326743e+00,2.921158525361865266e+00
1.955796405673027039e-02,6.164084188640117645e-04,3.213248252868652344e+00,3.213248252868652344e+00,7.173329799509731196e-04,3.214051334548864158e+00,3.214051414598393830e+00
1.984987407922744751e-02,5.329122068360447884e-04,3.469424486160278320e+00,3.469424486160278320e+00,6.116988544771303658e-04,3.470210956981280237e+00,3.470211010893778258e+00
2.014178410172462463e-02,4.433387075550854206e-04,3.686008930206298828e+00,3.686008930206298828e+00,5.112339820763434680e-04,3.686726890583578164e+00,3.686726926029678886e+00
2.043369412422180176e-02,3.487095236778259277e-04,3.860579252243041992e+00,3.860579252243041992e+00,3.989223437284728359e-04,3.861112236707084477e+00,3.861112257315011398e+00
2.072560414671897888e-02,2.500803384464234114e-04,3.990874767303466797e+00,3.990874767303466797e+00,2.895419345397031493e-04,3.991380251694493175e+00,3.991380262196440487e+00
2.101751416921615601e-02,1.485991379013285041e-04,4.075617313385009766e+00,4.075617313385009766e+00,1.771831690470064286e-04,4.076039571008083229e+00,4.076039574859110282e+00
2.130942419171333313e-02,4.542267924989573658e-05,4.113900661468505859e+00,4.113900661468505859e+00,4.728541551241424230e-05,4.114122282455650037e+00,4.114122282727386448e+00
2.160133421421051025e-02,-5.827547283843159676e-05,4.105020999908447266e+00,4.105020999908447266e+00,-6.758963921072230958e-05,4.105195426089761845e+00,4.105195426646173651e+00
2.189324423670768738e-02,-1.613060449017211795e-04,4.049271106719970703e+00,4.049271106719970703e+00,-1.904538163899049659e-04,4.049360299181650191e+00,4.049360303660463067e+00
2.218515425920486450e-02,-2.624988555908203125e-04,3.947360515594482422e+00,3.947360515594482422e+00,-3.176446142465419323e-04,3.947257879486175458e+00,3.947257892266959445e+00
2.247706428170204163e-02,-3.606842365115880966e-04,3.800211668014526367e+00,3.800211668014526367e+00,-4.260673669867369234e-04,3.800047973740924956e+00,3.800047997626597063e+00
2.276897430419921875e-02,-4.547482822090387344e-04,3.609658956527709961e+00,3.609658956527709961e+00,-5.301765827324733194e-04,3.609415113792095120e+00,3.609415152730149678e+00
2.306088432669639587e-02,-5.436288774944841862e-04,3.377956867218017578e+00,3.377956867218017578e+00,-6.353017178416918041e-04,3.377542720984041402e+00,3.377542780732844641e+00
2.335279434919357300e-02,-6.262826500460505486e-04,3.107554674148559570e+00,3.107554674148559570e+00,-7.269113600059278531e-04,3.107071988106143934e+00,3.107072073137987278e+00
2.364470437169075012e-02,-7.017790339887142181e-04,2.801648139953613281e+00,2.801648139953613281e+00,-8.217689878085877040e-04,2.801108571124912849e+00,2.801108691667233419e+00
2.393661439418792725e-02,-7.692757644690573215e-04,2.463804244995117188e+00,2.463804244995117188e+00,-8.962912104996556984e-04,2.463126730465853065e+00,2.463126893538645223e+00
2.422852441668510437e-02,-8.279636385850608349e-04,2.097740650177001953e+00,2.097740650177001953e+00,-9.656113854131407551e-04,2.097006409649950331e+00,2.097006631968130641e+00
2.452043443918228149e-02,-8.771866559982299805e-04,1.707703828811645508e+00,1.707704067230224609e+00,-1.026695327872541611e-03,1.706931568437620284e+00,1.706931877208991200e+00
2.481234446167945862e-02,-9.164102375507354736e-04,1.298200488090515137e+00,1.298200845718383789e+00,-1.069171083199296464e-03,1.297338154013253364e+00,1.297338594579426241e+00
2.510425262153148651e-02,-9.451435762457549572e-04,8.738329410552978516e-01,8.738334774971008301e-01,-1.100821652755744513e-03,8.729206085302972928e-01,8.729213026414326393e-01
2.539616264402866364e-02,-9.630691492930054665e-04,4.394756555557250977e-01,4.394766986370086670e-01,-1.121727664818349341e-03,4.385360374604126976e-01,4.385374720869751886e-01
2.568807266652584076e-02,-9.700163500383496284e-04,1.101719899452291429e-04,9.762528934516012669e-04,-1.129642632438698563e-03,-8.594800899649039389e-04,1.419435980264383912e-03
2.597998268902301788e-02,-9.658633498474955559e-04,-4.392634034156799316e-01,4.392644464969635010e-01,-1.124070915357815170e-03,-4.402451456752339287e-01,4.402465807090734651e-01
2.627189271152019501e-02,-9.506618371233344078e-04,-8.736060857772827148e-01,8.736066222190856934e-01,-1.106861182303326948e-03,-8.746081131922811558e-01,8.746088135866451063e-01
2.656380273401737213e-02,-9.246234549209475517e-04,-1.297990202903747559e+00,1.297990560531616211e+00,-1.075835916232754626e-03,-1.298969459040074215e+00,1.298969904555829835e+00
2.685571275651454926e-02,-8.880078094080090523e-04,-1.707532405853271484e+00,1.707532644271850586e+00,-1.032078539959856199e-03,-1.708488341309917002e+00,1.708488653043392036e+00
2.714762277901172638e-02,-8.412307943217456341e-04,-2.097529649734497070e+00,2.097529649734497070e+00,-9.762952918011004975e-04,-2.098485247970668599e+00,2.098485475075539952e+00
2.743953280150890350e-02,-7.848644163459539413e-04,-2.463615417480468750e+00,2.463615417480468750e+00,-9.136484921165485525e-04,-2.464510252738168816e+00,2.464510422093020736e+00
2.773144282400608063e-02,-7.195224170573055744e-04,-2.801535606384277344e+00,2.801535606384277344e+00,-8.361077030719955838e-04,-2.802367877831849263e+00,2.802368002561382632e+00
2.802335284650325775e-02,-6.459444994106888771e-04,-3.107380151748657227e+00,3.107380151748657227e+00,-7.487444913291415151e-04,-3.108204279714602780e+00,3.108204369898235342e+00
2.831526286900043488e-02,-5.650031962431967258e-04,-3.377802848815917969e+00,3.377802848815917969e+00,-6.525601945078174588e-04,-3.378525022157968571e+00,3.378525085178784249e+00
2.860717289149761200e-02,-4.776025016326457262e-04,-3.609618902206420898e+00,3.609618902206420898e+00,-5.555638402886551924e-04,-3.610245319498522232e+00,3.610245362245088074e+00
2.889908291399478912e-02,-3.847334010060876608e-04,-3.800095081329345703e+00,3.800095081329345703e+00,-4.528471110727478243e-04,-3.800711230561654830e+00,3.800711257539566290e+00
2.919099293649196625e-02,-2.874788187909871340e-04,-3.947252511978149414e+00,3.947252511978149414e+00,-3.304187382835778474e-04,-3.947743123609835258e+00,3.947743137437551120e+00
2.948290295898914337e-02,-1.869379484560340643e-04,-4.049309253692626953e+00,4.049309253692626953e+00,-2.092781556518170081e-04,-4.049669198734380693e+00,4.049669204141901346e+00
2.977481298148632050e-02,-8.425654959864914417e-05,-4.104975700378417969e+00,4.104975700378417969e+00,-9.548540562520514815e-05,-4.105322178204724004e+00,4.105322179315168185e+00
3.006672300398349762e-02,1.938475179485976696e-05,-4.113847732543945312e+00,4.113847732543945312e+00,1.931786218861108578e-05,-4.114064597699728765e+00,4.114064597745082708e+00
3.035863302648067474e-02,1.228063774760812521e-04,-4.075731277465820312e+00,4.075731277465820312e+00,1.494996144600645757e-04,-4.075797985911617793e+00,4.075797988653428128e+00
3.065054304897785187e-02,2.248196396976709366e-04,-3.990905284881591797e+00,3.990905284881591797e+00,2.700958675416528635e-04,-3.990959432357180869e+00,3.990959441496810367e+00
3.094245120882987976e-02,3.242686507292091846e-04,-3.860587358474731445e+00,3.860587358474731445e+00,3.782516895264873610e-04,-3.860515972854011491e+00,3.860515991384480206e+00
3.123436123132705688e-02,4.200176044832915068e-04,-3.686187267303466797e+00,3.686187267303466797e+00,4.984502400836014367e-04,-3.685965948869318609e+00,3.685965982571832722e+00
3.152627125382423401e-02,5.109505145810544491e-04,-3.469527244567871094e+00,3.469527244567871094e+00,5.988525256743245772e-04,-3.469291258216557594e+00,3.469291309902092557e+00
3.181818127632141113e-02,5.960579728707671165e-04,-3.213319540023803711e+00,3.213319540023803711e+00,6.992505937034972823e-04,-3.212978532483810046e+00,3.212978608573858974e+00
3.211009129881858826e-02,6.743634003214538097e-04,-2.920433282852172852e+00,2.920433282852172852e+00,7.856939721888686482e-04,-2.919947319834322208e+00,2.919947425540854180e+00
3.240200132131576538e-02,7.449351251125335693e-04,-2.594050645828247070e+00,2.594050645828247070e+00,8.640987791300018279e-04,-2.593550064227546414e+00,2.593550208174387972e+00
3.269391134381294250e-02,8.070135372690856457e-04,-2.238104104995727539e+00,2.238104104995727539e+00,9.421933664257149893e-04,-2.237530133776227004e+00,2.237530332148594869e+00
3.298582136631011963e-02,8.598855347372591496e-04,-1.856617450714111328e+00,1.856617689132690430e+00,1.001597795002553493e-03,-1.855928104564108061e+00,1.855928374832678251e+00
3.327773138880729675e-02,9.028923232108354568e-04,-1.453826069831848145e+00,1.453826189041137695e+00,1.052333463763424279e-03,-1.453127763596330224e+00,1.453128144638383690e+00
3.356964141130447388e-02,9.356057271361351013e-04,-1.034471392631530762e+00,1.034471750259399414e+00,1.092569496127834610e-03,-1.033730956928730960e+00,1.033731534307091637e+00
3.386155143380165100e-02,9.576490265317261219e-04,-6.033120751380920410e-01,6.033127903938293457e-01,1.116147138921505435e-03,-6.025071566930171318e-01,6.025081905258546922e-01
3.415346145629882812e-02,9.687010897323489189e-04,-1.652237027883529663e-01,1.652265340089797974e-01,1.128116934466407871e-03,-1.643985698592158318e-01,1.644024404307104226e-01
3.444537147879600525e-02,9.687103447504341602e-04,2.747364938259124756e-01,2.747381925582885742e-01,1.127890925383894394e-03,2.755806921052803560e-01,2.755830001998760825e-01
3.473728150129318237e-02,9.576757438480854034e-04,7.115721106529235840e-01,7.115727066993713379e-01,1.115585804591519813e-03,7.124188232537529419e-01,7.124196967083022969e-01
3.502919152379035950e-02,9.356450755149126053e-04,1.140242934226989746e+00,1.140243291854858398e+00,1.087674805279036658e-03,1.141101224509910583e+00,1.141101742884699677e+00
3.532110154628753662e-02,9.029493085108697414e-04,1.555903077125549316e+00,1.555903315544128418e+00,1.051258304754194763e-03,1.556759705776921354e+00,1.556760060726980033e+00
3.561301156878471375e-02,8.599599823355674744e-04,1.953833460807800293e+00,1.953833699226379395e+00,1.000090359300734267e-03,1.954622527699857226e+00,1.954622783549937681e+00
3.590492159128189087e-02,8.070976473391056061e-04,2.329339027404785156e+00,2.329339027404785156e+00,9.327833941643508611e-04,2.330144500951653708e+00,2.330144687653556534e+00
3.619683161377906799e-02,7.450340199284255505e-04,2.678273677825927734e+00,2.678273677825927734e+00,8.633401756225618333e-04,2.679054240377849005e+00,2.679054379485939386e+00
3.648874163627624512e-02,6.744767306372523308e-04,2.996682167053222656e+00,2.996682167053222656e+00,7.849864028577943197e-04,2.997350805858852496e+00,2.997350908650231016e+00
3.678065165877342224e-02,5.961781134828925133e-04,3.280706167221069336e+00,3.280706167221069336e+00,6.921582426730882309e-04,3.281392021531480907e+00,3.281392094531449199e+00
3.707256168127059937e-02,5.110813654027879238e-04,3.527300596237182617e+00,3.527300596237182617e+00,5.979947674229684016e-04,3.527942660393053043e+00,3.527942711073829063e+00
3.736447170376777649e-02,4.201577685307711363e-04,3.733688116073608398e+00,3.733688116073608398e+00,4.833168308380539737e-04,3.734173504954536593e+00,3.734173536232562984e+00
3.765638172626495361e-02,3.244126855861395597e-04,3.897248029708862305e+00,3.897248029708862305e+00,3.771517372444679428e-04,3.897742837590330023e+00,3.897742855837228237e+00
3.794829174876213074e-02,2.249683893751353025e-04,4.016333103179931641e+00,4.016333103179931641e+00,2.575202784012663019e-04,4.016771463393276953e+00,4.016771471648251435e+00
3.824020177125930786e-02,1.229589106515049934e-04,4.089634418487548828e+00,4.089634418487548828e+00,1.366830821989269108e-04,4.089902797769851439e+00,4.089902800053801357e+00
3.853211179375648499e-02,1.953744867932982743e-05,4.116040706634521484e+00,4.116040706634521484e+00,1.427072287535619142e-05,4.116300075881914822e+00,4.116300075906652367e+00
3.882402181625366211e-02,-8.410440204897895455e-05,4.095461368560791016e+00,4.095461368560791016e+00,-1.005112567188496021e-04,4.095662400565871053e+00,4.095662401799189389e+00
3.911592811346054077e-02,-1.867866376414895058e-04,4.028196811676025391e+00,4.028196811676025391e+00,-2.181405734888534605e-04,4.028226725736513636e+00,4.028226731642996938e+00
3.940783813595771790e-02,-2.873311168514192104e-04,3.914754867553710938e+00,3.914754867553710938e+00,-3.370859989290063961e-04,3.914762328480751563e+00,3.914762342993378219e+00
3.969974815845489502e-02,-3.845921019092202187e-04,3.756611824035644531e+00,3.756611824035644531e+00,-4.519951756919933549e-04,3.756566164539931307e+00,3.756566191732270354e+00
3.999165818095207214e-02,-4.774690896738320589e-04,3.555645704269409180e+00,3.555645704269409180e+00,-5.566062286827965118e-04,3.555440406589568170e+00,3.555440450158079635e+00
4.028356820344924927e-02,-5.648768856190145016e-04,3.313931465148925781e+00,3.313931465148925781e+00,-6.661213632052329124e-04,3.313697623086456101e+00,3.313697690038501342e+00
4.057547822594642639e-02,-6.458293064497411251e-04,3.034367084503173828e+00,3.034367084503173828e+00,-7.553258665439533965e-04,3.034081721037941826e+00,3.034081815056034692e+00
4.086738824844360352e-02,-7.194204954430460930e-04,2.720210313796997070e+00,2.720210313796997070e+00,-8.419768293065175860e-04,2.719801625823364599e+00,2.719801756149958560e+00
4.115929827094078064e-02,-7.847722736187279224e-04,2.374888658523559570e+00,2.374888658523559570e+00,-9.142630153308472802e-04,2.374437581576861689e+00,2.374437757592612996e+00
4.145120829343795776e-02,-8.411540766246616840e-04,2.002436399459838867e+00,2.002436399459838867e+00,-9.769971961379290970e-04,2.001940993755012776e+00,2.001941232154512917e+00
4.174311831593513489e-02,-8.879476226866245270e-04,1.607155561447143555e+00,1.607155799865722656e+00,-1.035837060688791621e-03,1.606583362138900739e+00,1.606583696064400657e+00
4.203502833843231201e-02,-9.245747933164238930e-04,1.193463921546936035e+00,1.193464159965515137e+00,-1.078543213507487464e-03,1.192861126667574601e+00,1.192861614257957115e+00
4.232693836092948914e-02,-9.506311034783720970e-04,7.661421298980712891e-01,7.661426663398742676e-01,-1.107082656359271522e-03,7.655009511660748611e-01,7.655017517081024181e-01
4.261884838342666626e-02,-9.658511844463646412e-04,3.300793468952178955e-01,3.300807774066925049e-01,-1.125646262745121562e-03,3.294091408887735994e-01,3.294110641441612142e-01
4.291075840592384338e-02,-9.700161754153668880e-04,-1.097679808735847473e-01,1.097722575068473816e-01,-1.129358102412523785e-03,-1.104621364323317562e-01,1.104679095254298832e-01
4.320266842842102051e-02,-9.630877175368368626e-04,-5.483464598655700684e-01,5.483472943305969238e-01,-1.120692918425675528e-03,-5.490634345649474390e-01,5.490645782864468361e-01
4.349457845091819763e-02,-9.451805381104350090e-04,-9.806804656982421875e-01,9.806809425354003906e-01,-1.100533358277534053e-03,-9.813985370092861427e-01,9.813991540742431630e-01
4.378648847341537476e-02,-9.164584334939718246e-04,-1.401800632476806641e+00,1.401800990104675293e+00,-1.068342995196595174e-03,-1.402521119968532570e+00,1.402521526863150347e+00
4.407839849591255188e-02,-8.772523142397403717e-04,-1.806871175765991211e+00,1.806871414184570312e+00,-1.019677194293043977e-03,-1.807599598048970524e+00,1.807599885651794303e+00
4.437030851840972900e-02,-8.280457113869488239e-04,-2.191349029541015625e+00,2.191349029541015625e+00,-9.597897216308321931e-04,-2.192034190372583513e+00,2.192034400496191360e+00
4.466221854090690613e-02,-7.693672669120132923e-04,-2.550770044326782227e+00,2.550770044326782227e+00,-8.954892939332970451e-04,-2.551424965097241149e+00,2.551425122244925348e+00
4.495412856340408325e-02,-7.018852629698812962e-04,-2.880987882614135742e+00,2.880987882614135742e+00,-8.087461708874087683e-04,-2.881652397847474845e+00,2.881652511336241673e+00
4.524603858590126038e-02,-6.264015682972967625e-04,-3.178367376327514648e+00,3.178367376327514648e+00,-7.259797200683487748e-04,-3.178961450796831123e+00,3.178961533692858055e+00
4.553794860839843750e-02,-5.437545478343963623e-04,-3.439412832260131836e+00,3.439412832260131836e+00,-6.328340363249081212e-04,-3.439947640737688772e+00,3.439947698947718902e+00
4.582985863089561462e-02,-4.548841970972716808e-04,-3.661073446273803711e+00,3.661073446273803711e+00,-5.291636229745671442e-04,-3.661620050426973805e+00,3.661620088663346984e+00
4.612176865339279175e-02,-3.608279803302139044e-04,-3.841001510620117188e+00,3.841001510620117188e+00,-4.232670492720974273e-04,-3.841457542226758282e+00,3.841457565545380870e+00
4.641367867588996887e-02,-2.626458299346268177e-04,-3.977033853530883789e+00,3.977033853530883789e+00,-3.014611097371296404e-04,-3.977394266968335756e+00,3.977394278392750060e+00
4.670558869838714600e-02,-1.614579086890444160e-04,-4.067512989044189453e+00,4.067512989044189453e+00,-1.874422429993197073e-04,-4.067888221569567975e+00,4.067888225888097509e+00
4.699749872088432312e-02,-5.842921382281929255e-05,-4.111624717712402344e+00,4.111624717712402344e+00,-6.745008329006821498e-05,-4.111898037895783453e+00,4.111898038448996040e+00
4.728940874338150024e-02,4.526930570136755705e-05,-4.108762741088867188e+00,4.108762741088867188e+00,6.506316436412086209e-05,-4.108924146262574517e+00,4.108924146777699349e+00
4.758131876587867737e-02,1.484467939008027315e-04,-4.058824539184570312e+00,4.058824539184570312e+00,1.811954678659924108e-04,-4.058998906550755237e+00,4.058998910595077447e+00
4.787322878837585449e-02,2.499320835340768099e-04,-3.962618350982666016e+00,3.962618350982666016e+00,2.916298405288031436e-04,-3.962692494880851513e+00,3.962692505611933758e+00
4.816513881087303162e-02,3.485653141979128122e-04,-3.821154356002807617e+00,3.821154356002807617e+00,4.101109104641650406e-04,-3.821106487951721142e+00,3.821106509959869335e+00
4.845704883337020874e-02,4.432013083714991808e-04,-3.635895967483520508e+00,3.635895967483520508e+00,5.131847397695962461e-04,-3.635857241959187469e+00,3.635857278176035212e+00
4.874895885586738586e-02,5.327848484739661217e-04,-3.409191131591796875e+00,3.409191131591796875e+00,6.273815232991487943e-04,-3.409067777727435189e+00,3.409067835456937257e+00
4.904086887836456299e-02,6.162880454212427139e-04,-3.143560171127319336e+00,3.143560171127319336e+00,7.180624866660061025e-04,-3.143318500810975191e+00,3.143318582828392049e+00
4.933277890086174011e-02,6.927232025191187859e-04,-2.841889858245849609e+00,2.841889858245849609e+00,8.097519380711504277e-04,-2.841654374206525890e+00,2.841654489579140463e+00
4.962468892335891724e-02,7.612614426761865616e-04,-2.507825851440429688e+00,2.507825851440429688e+00,8.891824876880032339e-04,-2.507523039920680485e+00,2.507523197575357798e+00
4.991659894585609436e-02,8.211137028411030769e-04,-2.145133018493652344e+00,2.145133018493652344e+00,9.604821235298469659e-04,-2.144736373345793812e+00,2.144736588413219902e+00
5.020850524306297302e-02,8.715459844097495079e-04,-1.757846593856811523e+00,1.757846832275390625e+00,1.015170016407358463e-03,-1.757439290299016355e+00,1.757439583501200220e+00
5.050041526556015015e-02,9.120434406213462353e-04,-1.350520730018615723e+00,1.350521087646484375e+00,1.062149751493679430e-03,-1.350067830992579987e+00,1.350068248809334959e+00
5.079232528805732727e-02,9.421374998055398464e-04,-9.277767539024353027e-01,9.277771711349487305e-01,1.098077940244966341e-03,-9.272660818925423376e-01,9.272667320698558813e-01
5.108423531055450439e-02,9.614203590899705887e-04,-4.943937361240386963e-01,4.943946897983551025e-01,1.120083093557514399e-03,-4.938729117350482700e-01,4.938741818842035114e-01
5.137614533305168152e-02,9.697436471469700336e-04,-5.538021400570869446e-02,5.538870394229888916e-02,1.129210746168212353e-03,-5.482477581169251796e-02,5.483640359935729874e-02
5.166805535554885864e-02,9.670084109529852867e-04,3.842776417732238770e-01,3.842788338661193848e-01,1.125215353511161255e-03,3.848303107240156895e-01,3.848319557437171468e-01
5.195996537804603577e-02,9.531730320304632187e-04,8.195181488990783691e-01,8.195186257362365723e-01,1.109068362857819475e-03,8.201076043465574950e-01,8.201083542677047866e-01
5.225187540054321289e-02,9.284724364988505840e-04,1.245410203933715820e+00,1.245410442352294922e+00,1.079805856783673610e-03,1.246002477406556563e+00,1.246002945295060060e+00
5.254378542304039001e-02,8.931868942454457283e-04,1.657118082046508789e+00,1.657118320465087891e+00,1.039908444705659862e-03,1.657670559067833560e+00,1.657670885251302462e+00
5.283569544553756714e-02,8.476454531773924828e-04,2.049792289733886719e+00,2.049792289733886719e+00,9.906205240343851116e-04,2.050393225933829111e+00,2.050393465236454826e+00
5.312760546803474426e-02,7.924422388896346092e-04,2.419093370437622070e+00,2.419093370437622070e+00,9.201463979947268517e-04,2.419677145037184118e+00,2.419677319992211917e+00
5.341951549053192139e-02,7.282047881744801998e-04,2.760823488235473633e+00,2.760823488235473633e+00,8.450304311840080729e-04,2.761316203818394044e+00,2.761316333118402078e+00
5.371142551302909851e-02,6.556076114065945148e-04,3.070867776870727539e+00,3.070867776870727539e+00,7.631101081796513299e-04,3.071411377391468633e+00,3.071411472191050152e+00
5.400333553552627563e-02,5.755361635237932205e-04,3.345883846282958984e+00,3.345883846282958984e+00,6.601089787340870107e-04,3.346400993023196602e+00,3.346401058129539141e+00
5.429524555802345276e-02,4.889029660262167454e-04,3.582762479782104492e+00,3.582762479782104492e+00,5.654552259729796670e-04,3.583159293741616125e+00,3.583159338358612445e+00
5.458715558052062988e-02,3.966585500165820122e-04,3.778534173965454102e+00,3.778534173965454102e+00,4.542144833756618020e-04,3.778972431045310554e+00,3.778972458342519047e+00
5.487906560301780701e-02,2.998915733769536018e-04,3.931195259094238281e+00,3.931195259094238281e+00,3.486569450229445324e-04,3.931606409606205776e+00,3.931606425065746979e+00
5.517097562551498413e-02,1.997051876969635487e-04,4.039044380187988281e+00,4.039044380187988281e+00,2.281480845626163883e-04,4.039313959529486020e+00,4.039313965972603171e+00
5.546288564801216125e-02,9.722632967168465257e-05,4.100567340850830078e+00,4.100567340850830078e+00,1.087621990232560867e-04,4.100865684567389202e+00,4.100865686009671940e+00
5.575479567050933838e-02,-6.359409780998248607e-06,4.115291595458984375e+00,4.115291595458984375e+00,-1.580544093177291740e-05,4.115559268716520336e+00,4.115559268746869392e+00
5.604670569300651550e-02,-1.098732536775059998e-04,4.083103656768798828e+00,4.083103656768798828e+00,-1.285017443471162739e-04,4.083226067676946514e+00,4.083226069698961957e+00
5.633861571550369263e-02,-2.121293364325538278e-04,4.004099845886230469e+00,4.004099845886230469e+00,-2.513700681776208303e-04,4.004235498628744949e+00,4.004235506518753596e+00
5.663052573800086975e-02,-3.119610773865133524e-04,3.879383802413940430e+00,3.879383802413940430e+00,-3.674962524720210792e-04,3.879491580317373955e+00,3.879491597723455865e+00
5.692243576049804688e-02,-4.082369850948452950e-04,3.710445642471313477e+00,3.710445642471313477e+00,-4.758597462687103735e-04,3.710414528480875163e+00,3.710414558995322132e+00
5.721434578299522400e-02,-4.998358781449496746e-04,3.498975753784179688e+00,3.498975753784179688e+00,-5.825215726318316162e-04,3.498944454825686723e+00,3.498944503316222310e+00
5.750625580549240112e-02,-5.857240175828337669e-04,3.247549772262573242e+00,3.247549772262573242e+00,-6.856292987300653067e-04,3.247492436020062989e+00,3.247492508397064714e+00
5.779816582798957825e-02,-6.649353890679776669e-04,2.959103584289550781e+00,2.959103584289550781e+00,-7.775588490164021295e-04,2.958934998107270342e+00,2.958935100272027885e+00
5.809007585048675537e-02,-7.365301134996116161e-04,2.636747598648071289e+00,2.636747598648071289e+00,-8.580569470296328270e-04,2.636558835782057297e+00,2.636558975407559569e+00
5.838198587298393250e-02,-7.997082429938018322e-04,2.284273386001586914e+00,2.284273386001586914e+00,-9.315640037740233713e-04,2.284064665627168367e+00,2.284064855598028299e+00
5.867389589548110962e-02,-8.537701796740293503e-04,1.905761241912841797e+00,1.905761480331420898e+00,-9.961769853959196851e-04,1.905468626707843782e+00,1.905468887107963916e+00
5.896580591797828674e-02,-8.980550337582826614e-04,1.505412578582763672e+00,1.505412817001342773e+00,-1.048768958534203885e-03,1.505099467166975957e+00,1.505099832563489226e+00
5.925771594047546387e-02,-9.320747922174632549e-04,1.087866425514221191e+00,1.087866783142089844e+00,-1.085611557783199184e-03,1.087528408146336556e+00,1.087528949995244743e+00
5.954962596297264099e-02,-9.554693242534995079e-04,6.579217910766601562e-01,6.579225063323974609e-01,-1.113319057985456264e-03,6.575345260187721586e-01,6.575354685384326991e-01
5.984153598546981812e-02,-9.679254726506769657e-04,2.204333841800689697e-01,2.204355150461196899e-01,-1.127342909464217838e-03,2.200311186990210888e-01,2.200340066852808640e-01
6.013344600796699524e-02,-9.693143656477332115e-04,-2.195670604705810547e-01,2.195691764354705811e-01,-1.128378090973155634e-03,-2.199903653155233230e-01,2.199932591439419383e-01
6.042535603046417236e-02,-9.596538147889077663e-04,-6.570606827735900879e-01,6.570613980293273926e-01,-1.117499380854444216e-03,-6.575019579898212507e-01,6.575029076478026147e-01
6.071726605296134949e-02,-9.390102350153028965e-04,-1.087046623229980469e+00,1.087046980857849121e+00,-1.092423088937606980e-03,-1.087496784790884297e+00,1.087497333476600492e+00
6.100917607545852661e-02,-9.076264686882495880e-04,-1.504591464996337891e+00,1.504591703414916992e+00,-1.055351591146096646e-03,-1.505061461636831188e+00,1.505061831643927928e+00
6.130108609795570374e-02,-8.658969891257584095e-04,-1.904980063438415527e+00,1.904980301856994629e+00,-1.004339521577351547e-03,-1.905432418231078229e+00,1.905432682921075926e+00
6.159299239516258240e-02,-8.142606820911169052e-04,-2.283582210540771484e+00,2.283582210540771484e+00,-9.478720350821647064e-04,-2.284033949879100689e+00,2.284034146562113232e+00
6.188490241765975952e-02,-7.533077150583267212e-04,-2.636053800582885742e+00,2.636053800582885742e+00,-8.767750451464948261e-04,-2.636530665827547359e+00,2.636530811612777470e+00
6.217681244015693665e-02,-6.837685941718518734e-04,-2.958471536636352539e+00,2.958471536636352539e+00,-7.931090850670750869e-04,-2.958903857634990420e+00,2.958903963928070535e+00
6.246872246265411377e-02,-6.064075860194861889e-04,-3.247065544128417969e+00,3.247065544128417969e+00,-7.026282599613150161e-04,-3.247464753213825883e+00,3.247464829224884664e+00
6.276063621044158936e-02,-5.221064784564077854e-04,-3.498487949371337891e+00,3.498487949371337891e+00,-6.075434091716906638e-04,-3.498925260541944748e+00,3.498925313287997163e+00
6.305254250764846802e-02,-4.318552964832633734e-04,-3.710026025772094727e+00,3.710026025772094727e+00,-5.024650527937162383e-04,-3.710398388993723540e+00,3.710398423015828673e+00
6.334445625543594360e-02,-3.366630116943269968e-04,-3.879160165786743164e+00,3.879160165786743164e+00,-3.878839140935413650e-04,-3.879476672021253680e+00,3.879476691412262479e+00
6.363636255264282227e-02,-2.376193588133901358e-04,-4.003869533538818359e+00,4.003869533538818359e+00,-2.724006437048183513e-04,-4.004225041911197991e+00,4.004225051176674377e+00
6.392827630043029785e-02,-1.358652370981872082e-04,-4.082937717437744141e+00,4.082937717437744141e+00,-1.538070200127635543e-04,-4.083221835437808700e+00,4.083221838334614162e+00
6.422018259763717651e-02,-3.256160198361612856e-05,-4.115348339080810547e+00,4.115348339080810547e+00,-3.740270030120904977e-05,-4.115558091342802705e+00,4.115558091512762751e+00
6.451209634542465210e-02,7.111913873814046383e-05,-4.100618839263916016e+00,4.100618839263916016e+00,9.115766926308675787e-05,-4.100869140254900458e+00,4.100869141268066009e+00
6.480400264263153076e-02,1.739853905746713281e-04,-4.039145469665527344e+00,4.039145469665527344e+00,2.069641490942124729e-04,-4.039322771697329451e+00,4.039322776999475728e+00
6.509591639041900635e-02,2.748690603766590357e-04,-3.931527614593505859e+00,3.931527614593505859e+00,3.243088982878243186e-04,-3.931616248177801420e+00,3.931616261553503744e+00
6.538782268762588501e-02,3.725994320120662451e-04,-3.778861761093139648e+00,3.778861761093139648e+00,4.343648992824949507e-04,-3.778990280318891060e+00,3.778990305282287299e+00
6.567973643541336060e-02,4.660834674723446369e-04,-3.583117008209228516e+00,3.583117008209228516e+00,5.501282173612521411e-04,-3.583179511091629799e+00,3.583179553322427324e+00
6.597164273262023926e-02,5.542429280467331409e-04,-3.346463203430175781e+00,3.346463203430175781e+00,6.523115647315087719e-04,-3.346429240456295418e+00,3.346429304033072594e+00
6.626355648040771484e-02,6.360526895150542259e-04,-3.071436882019042969e+00,3.071436882019042969e+00,7.439904977439310702e-04,-3.071433611324835056e+00,3.071433701432895624e+00
6.655546277761459351e-02,7.106084376573562622e-04,-2.761409997940063477e+00,2.761409997940063477e+00,8.304742793111090631e-04,-2.761349482204937811e+00,2.761349607087267177e+00
6.684737652540206909e-02,7.770563825033605099e-04,-2.419845819473266602e+00,2.419845819473266602e+00,9.051124752766220036e-04,-2.419703834373786222e+00,2.419704003656603319e+00
6.713928282260894775e-02,8.345911046490073204e-04,-2.050542593002319336e+00,2.050542593002319336e+00,9.760919815667664550e-04,-2.050425366685675321e+00,2.050425599016858058e+00
6.743118911981582642e-02,8.826112025417387486e-04,-1.657872080802917480e+00,1.657872319221496582e+00,1.029570129147157429e-03,-1.657715122924242612e+00,1.657715442645808279e+00
6.772310286760330200e-02,9.205615497194230556e-04,-1.246274352073669434e+00,1.246274590492248535e+00,1.073343056400740238e-03,-1.246045057129291145e+00,1.246045519417992686e+00
6.801500916481018066e-02,9.479513391852378845e-04,-8.203812837600708008e-01,8.203817605972290039e-01,1.104846247414470245e-03,-8.201514365304112264e-01,8.201521807129014130e-01
6.830692291259765625e-02,9.645349928177893162e-04,-3.851352035999298096e-01,3.851363956928253174e-01,1.123316834433632071e-03,-3.848748302353843243e-01,3.848764695190216578e-01
6.859882920980453491e-02,9.701169328764081001e-04,5.450504645705223083e-02,5.451367422938346863e-02,1.129510156306590303e-03,5.478004963837961733e-02,5.479169308915846082e-02
6.889074295759201050e-02,9.645654936321079731e-04,4.935297667980194092e-01,4.935307204723358154e-01,1.122556790842055502e-03,4.938285200008415421e-01,4.938297958811013744e-01
6.918264925479888916e-02,9.480190346948802471e-04,9.269061684608459473e-01,9.269065856933593750e-01,1.102947323851830941e-03,9.272225497207486899e-01,9.272232057080136425e-01
6.947456300258636475e-02,9.206628892570734024e-04,1.349726915359497070e+00,1.349727272987365723e+00,1.071995154541682685e-03,1.350032980955704121e+00,1.350033406565095184e+00
6.976646929979324341e-02,8.827372803352773190e-04,1.757051944732666016e+00,1.757052183151245117e+00,1.024430226514477316e-03,1.757398848089895882e+00,1.757399146672429024e+00
7.005838304758071899e-02,8.347490220330655575e-04,2.144346237182617188e+00,2.144346237182617188e+00,9.698183889110132067e-04,2.144701585683662870e+00,2.144701804956046676e+00
7.035028934478759766e-02,7.772449753247201443e-04,2.507197618484497070e+00,2.507197618484497070e+00,9.023263078787153134e-04,2.507487538483195610e+00,2.507487700835496103e+00
7.064220309257507324e-02,7.108153076842427254e-04,2.841271638870239258e+00,2.841271638870239258e+00,8.274507455156199145e-04,2.841630826456973402e+00,2.841630946929118107e+00
7.093410938978195190e-02,6.362861022353172302e-04,3.142931699752807617e+00,3.142931699752807617e+00,7.405797971570249588e-04,3.143294885674967176e+00,3.143294972917565655e+00
7.122602313756942749e-02,5.545004387386143208e-04,3.408777713775634766e+00,3.408777713775634766e+00,6.420118222678940223e-04,3.409045141033995474e+00,3.409045201487753030e+00
7.151792943477630615e-02,4.663511354010552168e-04,3.635499238967895508e+00,3.635499238967895508e+00,5.391587559469066112e-04,3.635839733890696923e+00,3.635839773866628821e+00
7.180984318256378174e-02,3.728832816705107689e-04,3.820755720138549805e+00,3.820755720138549805e+00,4.337793388262851935e-04,3.821094226589724752e+00,3.821094251211535120e+00
7.210174947977066040e-02,2.751649299170821905e-04,3.962457418441772461e+00,3.962457418441772461e+00,3.199794387514883951e-04,3.962682290583512401e+00,3.962682303502392589e+00
7.239366322755813599e-02,1.742866879794746637e-04,4.058701515197753906e+00,4.058701515197753906e+00,1.986116115718601432e-04,4.058991720010419080e+00,4.058991724869577489e+00
7.268556952476501465e-02,7.142787944758310914e-05,4.108632087707519531e+00,4.108632087707519531e+00,7.877840083134284553e-05,4.108921351466685579e+00,4.108921352221875267e+00
7.297748327255249023e-02,-3.225249020033515990e-05,4.111730098724365234e+00,4.111730098724365234e+00,-3.803924838118403486e-05,4.111899928317645170e+00,4.111899928493595979e+00
7.326938956975936890e-02,-1.355609419988468289e-04,4.067672252655029297e+00,4.067672252655029297e+00,-1.583173951659817467e-04,4.067893967547935752e+00,4.067893970628693623e+00
7.356130331754684448e-02,-2.373220922891050577e-04,3.977186441421508789e+00,3.977186441421508789e+00,-2.806190654797823133e-04,3.977405830988671731e+00,3.977405840887970889e+00
7.385320961475372314e-02,-3.363770956639200449e-04,3.841363430023193359e+00,3.841363430023193359e+00,-3.957859741934085119e-04,3.841470860335867599e+00,3.841470880724742187e+00
7.414512336254119873e-02,-4.315788974054157734e-04,3.661496162414550781e+00,3.661496162414550781e+00,-5.029855105236930458e-04,3.661636643236886535e+00,3.661636677783517868e+00
7.443702965974807739e-02,-5.218459991738200188e-04,3.439837455749511719e+00,3.439837455749511719e+00,-6.081739391184311791e-04,3.439967804979837229e+00,3.439967858741319162e+00
7.472894340753555298e-02,-6.061702151782810688e-04,3.178951501846313477e+00,3.178951501846313477e+00,-7.091707808810639819e-04,3.178989920663311430e+00,3.178989999764410435e+00
7.502084970474243164e-02,-6.835462991148233414e-04,2.881638765335083008e+00,2.881638765335083008e+00,-7.990782164339596712e-04,2.881690183815041717e+00,2.881690294605228075e+00
7.531276345252990723e-02,-7.531148148700594902e-04,2.551409721374511719e+00,2.551409721374511719e+00,-8.772743089658603189e-04,2.551453806674374825e+00,2.551453957492349378e+00
7.560466974973678589e-02,-8.140972349792718887e-04,2.192101001739501953e+00,2.192101001739501953e+00,-9.483445521598971766e-04,2.192072383383672829e+00,2.192072588522278931e+00
7.589658349752426147e-02,-8.657555445097386837e-04,1.807666301727294922e+00,1.807666540145874023e+00,-1.011894689097705925e-03,1.807636214805679487e+00,1.807636498029364880e+00
7.618848979473114014e-02,-9.075179696083068848e-04,1.402604699134826660e+00,1.402605056762695312e+00,-1.058189504505182600e-03,1.402555836039172110e+00,1.402556235226441350e+00
7.648040354251861572e-02,-9.389375918544828892e-04,9.815301299095153809e-01,9.815306067466735840e-01,-1.094318055582461317e-03,9.814304660626365084e-01,9.814310761576334752e-01
7.677230983972549438e-02,-9.596044546924531460e-04,5.492209196090698242e-01,5.492217540740966797e-01,-1.117553637431123372e-03,5.491096159805145538e-01,5.491107532077665887e-01
7.706422358751296997e-02,-9.693022002466022968e-04,1.106312051415443420e-01,1.106354519724845886e-01,-1.128940258426227184e-03,1.105029140458794329e-01,1.105086807392890308e-01
7.735612988471984863e-02,-9.679503273218870163e-04,-3.292109966278076172e-01,3.292123973369598389e-01,-1.126948006197652213e-03,-3.293547782196116214e-01,3.293567062440025950e-01
7.764804363250732422e-02,-9.555176948197185993e-04,-7.653018832206726074e-01,7.653024196624755859e-01,-1.111829026015099739e-03,-7.654685773813714178e-01,7.654693848365482500e-01
7.793994992971420288e-02,-9.321600082330405712e-04,-1.192611575126647949e+00,1.192611813545227051e+00,-1.084280047529613458e-03,-1.192820111004159411e+00,1.192820603812323688e+00
7.823185622692108154e-02,-8.981759310699999332e-04,-1.606338739395141602e+00,1.606338977813720703e+00,-1.045794206268488681e-03,-1.606538607416389652e+00,1.606538947802048867e+00
7.852376997470855713e-02,-8.539122645743191242e-04,-2.001701116561889648e+00,2.001701354980468750e+00,-9.904250500033708743e-04,-2.001910770984119736e+00,2.001911015985478937e+00
7.881567627191543579e-02,-7.998823421075940132e-04,-2.374148130416870117e+00,2.374148130416870117e+00,-9.289691689004639027e-04,-2.374398020023231304e+00,2.374398201750068438e+00
7.910759001970291138e-02,-7.367327343672513962e-04,-2.719540834426879883e+00,2.719540834426879883e+00,-8.549857919197625684e-04,-2.719769596295221081e+00,2.719769730681731001e+00
7.939949631690979004e-02,-6.651562871411442757e-04,-3.033822059631347656e+00,3.033822059631347656e+00,-7.742604930014047046e-04,-3.034048585101795759e+00,3.034048683893769915e+00
7.969141006469726562e-02,-5.859693046659231186e-04,-3.313381433486938477e+00,3.313381433486938477e+00,-6.756584696071897111e-04,-3.313667632166688914e+00,3.313667701050236669e+00
7.998331636190414429e-02,-5.001029931008815765e-04,-3.555170059204101562e+00,3.555170059204101562e+00,-5.752115295594489777e-04,-3.555417788412358338e+00,3.555417834942516286e+00
8.027523010969161987e-02,-4.085143154952675104e-04,-3.756316423416137695e+00,3.756316423416137695e+00,-4.716912726541928912e-04,-3.756547604846237398e+00,3.756547634460217555e+00
8.056713640689849854e-02,-3.122526104561984539e-04,-3.914453268051147461e+00,3.914453268051147461e+00,-3.594467636661646749e-04,-3.914747804511327534e+00,3.914747821013280671e+00
8.085905015468597412e-02,-2.124295133398845792e-04,-4.027970314025878906e+00,4.027970314025878906e+00,-2.469656522499052141e-04,-4.028218802619274008e+00,4.028218810189869714e+00
8.115095645189285278e-02,-1.101788002415560186e-04,-4.095445632934570312e+00,4.095445632934570312e+00,-1.200468555335272504e-04,-4.095658274245878694e+00,4.095658276005210041e+00
8.144287019968032837e-02,-6.667572506557917222e-06,-4.116018772125244141e+00,4.116018772125244141e+00,-3.401969767453237924e-06,-4.116300403648511796e+00,4.116300403649917783e+00
8.173477649688720703e-02,9.691872401162981987e-05,-4.089673519134521484e+00,4.089673519134521484e+00,1.171799119948328810e-04,-4.089906943677434015e+00,4.089906945356093892e+00
8.202669024467468262e-02,1.994024787563830614e-04,-4.016596794128417969e+00,4.016596794128417969e+00,2.326425750772194868e-04,-4.016778565278744217e+00,4.016778572015805793e+00
8.231859654188156128e-02,2.995980903506278992e-04,-3.897506713867187500e+00,3.897506713867187500e+00,3.492854638962557875e-04,-3.897754565507169922e+00,3.897754581157248488e+00
8.261051028966903687e-02,3.963797644246369600e-04,-3.733985662460327148e+00,3.733985662460327148e+00,4.655822998465467097e-04,-3.734191479801927116e+00,3.734191508826533834e+00
8.290241658687591553e-02,4.886317765340209007e-04,-3.527821302413940430e+00,3.527821302413940430e+00,5.728019018866798741e-04,-3.527961880814185491e+00,3.527961927314407387e+00
8.319433033466339111e-02,5.752871511504054070e-04,-3.281217813491821289e+00,3.281217813491821289e+00,6.702335902950072154e-04,-3.281412903754838517e+00,3.281412972202955025e+00
8.348623663187026978e-02,6.553814164362847805e-04,-2.997220277786254883e+00,2.997220277786254883e+00,7.635072297935679292e-04,-2.997375810630478199e+00,2.997375907872752432e+00
8.377815037965774536e-02,7.279966375790536404e-04,-2.678987026214599609e+00,2.678987026214599609e+00,8.504383937985297197e-04,-2.679086515982886940e+00,2.679086650962746674e+00
8.407005667686462402e-02,7.922630757093429565e-04,-2.330049514770507812e+00,2.330049514770507812e+00,9.251008957095860265e-04,-2.330187677710494398e+00,2.330187861346268097e+00
8.436197042465209961e-02,8.474985370412468910e-04,-1.954548120498657227e+00,1.954548358917236328e+00,9.870983988997934604e-04,-1.954653313812694693e+00,1.954653563054639553e+00
8.465387672185897827e-02,8.930602343752980232e-04,-1.556749105453491211e+00,1.556749343872070312e+00,1.040043935672505014e-03,-1.556793832384118614e+00,1.556794179794046995e+00
8.494579046964645386e-02,9.283812833018600941e-04,-1.141077280044555664e+00,1.141077637672424316e+00,1.082268988813788173e-03,-1.141142380895853181e+00,1.141142894112223249e+00
8.523769676685333252e-02,9.531178511679172516e-04,-7.124171853065490723e-01,7.124177813529968262e-01,1.110620860020440593e-03,-7.124551518289233831e-01,7.124560174819698499e-01
8.552961051464080811e-02,9.669812861829996109e-04,-2.756063342094421387e-01,2.756080031394958496e-01,1.126031052952370564e-03,-2.756155666068783039e-01,2.756178668046808111e-01
8.582151681184768677e-02,9.697497007437050343e-04,1.643538922071456909e-01,1.643567532300949097e-01,1.129268460009718146e-03,1.643617303420235043e-01,1.643656096885197648e-01
8.611343055963516235e-02,9.614634909667074680e-04,6.024412512779235840e-01,6.024419665336608887e-01,1.119101001141298811e-03,6.024648101880965001e-01,6.024658495732599928e-01
8.640533685684204102e-02,9.422125876881182194e-04,1.033648490905761719e+00,1.033648848533630371e+00,1.095916139101591738e-03,1.033680037012115305e+00,1.033680617961637127e+00
8.669725060462951660e-02,9.121462353505194187e-04,1.453012585639953613e+00,1.453012704849243164e+00,1.062143104933067645e-03,1.453095147952973676e+00,1.453095536140845079e+00
8.698915690183639526e-02,8.716836455278098583e-04,1.855791687965393066e+00,1.855791926383972168e+00,1.014951439898392500e-03,1.855895217187397472e+00,1.855895494715551708e+00
8.728107064962387085e-02,8.212808752432465553e-04,2.237435817718505859e+00,2.237435817718505859e+00,9.518985043858166004e-04,2.237495802874133410e+00,2.237496005357356488e+00
8.757297694683074951e-02,7.614495698362588882e-04,2.593379497528076172e+00,2.593379497528076172e+00,8.815189641727167900e-04,2.593522996540391645e+00,2.593523146351220721e+00
8.786489069461822510e-02,6.929383380338549614e-04,2.919758796691894531e+00,2.919758796691894531e+00,8.066323989143701217e-04,2.919921008909974525e+00,2.919921120326655739e+00
8.815679699182510376e-02,6.165298982523381710e-04,3.212848424911499023e+00,3.212848424911499023e+00,7.176214423276633132e-04,3.212949334489296760e+00,3.212949414630698719e+00
8.844871073961257935e-02,5.330396816134452820e-04,3.469069480895996094e+00,3.469069480895996094e+00,6.137065258566730885e-04,3.469269510559581882e+00,3.469269564841281905e+00
8.874061703681945801e-02,4.434761067386716604e-04,3.685721158981323242e+00,3.685721158981323242e+00,5.090497009247306080e-04,3.685943292785898606e+00,3.685943327937225789e+00
8.903253078460693359e-02,3.488525107968598604e-04,3.860367774963378906e+00,3.860367774963378906e+00,4.058768575738325320e-04,3.860503367673032482e+00,3.860503389009112940e+00
8.932443708181381226e-02,2.502277493476867676e-04,3.990710020065307617e+00,3.990710020065307617e+00,2.909622534999757007e-04,3.990948533697371570e+00,3.990948544303751344e+00
8.961634337902069092e-02,1.487515401095151901e-04,4.075529098510742188e+00,4.075529098510742188e+00,1.727982578058567624e-04,4.075791440608239391e+00,4.075791444271238184e+00
8.990825712680816650e-02,4.557738066068850458e-05,4.113891601562500000e+00,4.113891601562500000e+00,4.482328053871240581e-05,4.114063570499937761e+00,4.114063570744114884e+00
9.020016342401504517e-02,-5.464299768209457397e-02,4.112102031707763672e+00,4.112464904785156250e+00,-6.901145167795677549e-02,4.115809925507708300e+00,4.116388456325577039e+00
9.049207717180252075e-02,-1.410615295171737671e-01,4.103471279144287109e+00,4.105895042419433594e+00,-1.696371425600421423e-01,4.112892097659598178e+00,4.116388971796362206e+00
9.078398346900939941e-02,-2.273937910795211792e-01,4.092392444610595703e+00,4.098705291748046875e+00,-2.701456931225681424e-01,4.107514736516383103e+00,4.116388709319362071e+00
9.107589721679687500e-02,-3.135918080806732178e-01,4.078856945037841797e+00,4.090893745422363281e+00,-3.705083456692181976e-01,4.099680145321162428e+00,4.116388432613118376e+00
9.136780351400375366e-02,-3.996001482009887695e-01,4.062885761260986328e+00,4.082489490509033203e+00,-4.706494544938791824e-01,4.089394133711208745e+00,4.116388622305604983e+00
9.165971726179122925e-02,-4.853702187538146973e-01,4.044489860534667969e+00,4.073509693145751953e+00,-5.705090467617005556e-01,4.076662296043785716e+00,4.116388714446429731e+00
9.195162355899810791e-02,-5.708491206169128418e-01,4.023668289184570312e+00,4.063960552215576172e+00,-6.700119754354647572e-01,4.061494728628691320e+00,4.116388645148266079e+00
9.224353730678558350e-02,-6.559889316558837891e-01,4.000441551208496094e+00,4.053868770599365234e+00,-7.691297410185496952e-01,4.043896116452529554e+00,4.116388752192765565e+00
9.253544360399246216e-02,-7.407352924346923828e-01,3.974828720092773438e+00,4.043260097503662109e+00,-8.677874909744731635e-01,4.023878460011956371e+00,4.116388343006519790e+00
9.282735735177993774e-02,-8.250396251678466797e-01,3.946831464767456055e+00,4.032141685485839844e+00,-9.659109748713340382e-01,4.001458522113399141e+00,4.116388503964468981e+00
9.311926364898681641e-02,-9.088475108146667480e-01,3.916475534439086914e+00,4.020545005798339844e+00,-1.063472126938421303e+00,3.976642174430918608e+00,4.116388702277470557e+00
9.341117739677429199e-02,-9.921151995658874512e-01,3.883782386779785156e+00,4.008497714996337891e+00,-1.160397425298985263e+00,3.949447123879662680e+00,4.116388559035923933e+00
9.370308369398117065e-02,-1.074787139892578125e+00,3.848761796951293945e+00,3.996014833450317383e+00,-1.256628485259577488e+00,3.919890392394880241e+00,4.116388688930562090e+00
9.399499744176864624e-02,-1.156818270683288574e+00,3.811438083648681641e+00,3.983125209808349609e+00,-1.352093218466299041e+00,3.887994199252254646e+00,4.116388582828609977e+00
9.428690373897552490e-02,-1.238157391548156738e+00,3.771841526031494141e+00,3.969864130020141602e+00,-1.446764446254926950e+00,3.853768220404842904e+00,4.116388812970615874e+00
9.457881748676300049e-02,-1.318756580352783203e+00,3.729983806610107422e+00,3.956248283386230469e+00,-1.540570113029336774e+00,3.817237059968462631e+00,4.116388592584026007e+00
9.487072378396987915e-02,-1.398562550544738770e+00,3.685896635055541992e+00,3.942310094833374023e+00,-1.633440245995737561e+00,3.778429348443055336e+00,4.116388633063504443e+00
9.516263753175735474e-02,-1.477538347244262695e+00,3.639608144760131836e+00,3.928086996078491211e+00,-1.725347921352807345e+00,3.737355950925965953e+00,4.116388581467763430e+00
9.545454382896423340e-02,-1.555627107620239258e+00,3.591140747070312500e+00,3.913600444793701172e+00,-1.816223669481002334e+00,3.694047399237686768e+00,4.116388539168497118e+00
9.574645757675170898e-02,-1.632786631584167480e+00,3.540522813796997070e+00,3.898883581161499023e+00,-1.906013224773647652e+00,3.648529722836706402e+00,4.116388654079560894e+00
9.603836387395858765e-02,-1.708970069885253906e+00,3.487793684005737305e+00,3.883977890014648438e+00,-1.994649319655539044e+00,3.600837478289749871e+00,4.116388763644462934e+00
9.633027762174606323e-02,-1.784132122993469238e+00,3.432974815368652344e+00,3.868907213211059570e+00,-2.082106262054752577e+00,3.550984376123436981e+00,4.116388772450966016e+00
9.662218391895294189e-02,-1.858222126960754395e+00,3.376103162765502930e+00,3.853707551956176758e+00,-2.168318012849705489e+00,3.499007579849752858e+00,4.116388835945229197e+00
9.691409766674041748e-02,-1.931207299232482910e+00,3.317214965820312500e+00,3.838421344757080078e+00,-2.253232518305393839e+00,3.444937859125458246e+00,4.116388421272312748e+00
9.720600396394729614e-02,-2.003034830093383789e+00,3.256342172622680664e+00,3.823076248168945312e+00,-2.336786905107961054e+00,3.388817104557702020e+00,4.116388515194707942e+00
9.749791771173477173e-02,-2.073664188385009766e+00,3.193517446517944336e+00,3.807707548141479492e+00,-2.418957057537791222e+00,3.330660913252656563e+00,4.116388631468232973e+00
9.778982400894165039e-02,-2.143054723739624023e+00,3.128789424896240234e+00,3.792361736297607422e+00,-2.499680360419705760e+00,3.270512603445773436e+00,4.116388537731300978e+00
9.808173775672912598e-02,-2.211164951324462891e+00,3.062187194824218750e+00,3.777067661285400391e+00,-2.578908654381578902e+00,3.208408615997698554e+00,4.116388671499870533e+00
9.837364405393600464e-02,-2.277946472167968750e+00,2.993753910064697266e+00,3.761861562728881836e+00,-2.656582473677071121e+00,3.144395803818976098e+00,4.116388636963542957e+00
9.866555780172348022e-02,-2.343372583389282227e+00,2.923530817031860352e+00,3.746788978576660156e+00,-2.732679888252018241e+00,3.078492596341944942e+00,4.116388713106335473e+00
9.895746409893035889e-02,-2.407395362854003906e+00,2.851561069488525391e+00,3.731883525848388672e+00,-2.807142892746159468e+00,3.010747973178607761e+00,4.116388535876366106e+00
9.924937784671783447e-02,-2.469976663589477539e+00,2.777880191802978516e+00,3.717176675796508789e+00,-2.879915912500254027e+00,2.941214219959381371e+00,4.116388799756825811e+00
9.954128414392471313e-02,-2.531082630157470703e+00,2.702543973922729492e+00,3.702718496322631836e+00,-2.950977977947748077e+00,2.869910229981520011e+00,4.116388678743197360e+00
9.983319789171218872e-02,-2.590677499771118164e+00,2.625589847564697266e+00,3.688540458679199219e+00,-3.020275206747938146e+00,2.796889935333092492e+00,4.116388664213311621e+00
1.001251041889190674e-01,-2.648715257644653320e+00,2.547065258026123047e+00,3.674674749374389648e+00,-3.087765741662152674e+00,2.722197084708945169e+00,4.116388495195795194e+00
1.004170104861259460e-01,-2.705174446105957031e+00,2.467019319534301758e+00,3.661168336868286133e+00,-3.153399790611472131e+00,2.645888177833077837e+00,4.116388525033238821e+00
1.007089242339134216e-01,-2.760018587112426758e+00,2.385496616363525391e+00,3.648053646087646484e+00,-3.217158572970571395e+00,2.567985178812921543e+00,4.116388849737215416e+00
1.010008305311203003e-01,-2.813205242156982422e+00,2.302545309066772461e+00,3.635359525680541992e+00,-3.278992793283221907e+00,2.488546011725001783e+00,4.116388585990846671e+00
1.012927442789077759e-01,-2.864715099334716797e+00,2.218217849731445312e+00,3.623131752014160156e+00,-3.338866138407059037e+00,2.407618642633525763e+00,4.116388540766987347e+00
1.015846505761146545e-01,-2.914512157440185547e+00,2.132567405700683594e+00,3.611402273178100586e+00,-3.396733654734761298e+00,2.325264513911224906e+00,4.116388536188313907e+00
1.018765643239021301e-01,-2.962560415267944336e+00,2.045637369155883789e+00,3.600193977355957031e+00,-3.452579201344039284e+00,2.241506746052046140e+00,4.116388664126636954e+00
1.021684706211090088e-01,-3.008841037750244141e+00,1.957486987113952637e+00,3.589551448822021484e+00,-3.506359520221886683e+00,2.156408666370387195e+00,4.116388638290604085e+00
1.024603843688964844e-01,-3.053325891494750977e+00,1.868165016174316406e+00,3.579502582550048828e+00,-3.558034943718608289e+00,2.070034506980035882e+00,4.116388650359773749e+00
1.027522906661033630e-01,-3.095976591110229492e+00,1.777724027633666992e+00,3.570066213607788086e+00,-3.607590778194884162e+00,1.982408561140341474e+00,4.116388578134879239e+00
1.030442044138908386e-01,-3.136781454086303711e+00,1.686220169067382812e+00,3.561283111572265625e+00,-3.654989056509001522e+00,1.893597303632778006e+00,4.116388678383746225e+00
1.033361107110977173e-01,-3.175712585449218750e+00,1.593711853027343750e+00,3.553177118301391602e+00,-3.700201401006591340e+00,1.803653362101163671e+00,4.116388691393218835e+00
1.036280244588851929e-01,-3.212736606597900391e+00,1.500246524810791016e+00,3.545760393142700195e+00,-3.743194165102293969e+00,1.712645179477091384e+00,4.116388716878178755e+00
1.039199307560920715e-01,-3.247843980789184570e+00,1.405886173248291016e+00,3.539068698883056641e+00,-3.783955061289478117e+00,1.620598566408222974e+00,4.116388662323158698e+00
1.042118445038795471e-01,-3.281013727188110352e+00,1.310684442520141602e+00,3.533121109008789062e+00,-3.822452837650250679e+00,1.527582648520416697e+00,4.116388519578916494e+00
1.045037508010864258e-01,-3.312211990356445312e+00,1.214697480201721191e+00,3.527922630310058594e+00,-3.858664644247661535e+00,1.433653078406782688e+00,4.116388463931966335e+00
1.047956645488739014e-01,-3.341434717178344727e+00,1.117983818054199219e+00,3.523503065109252930e+00,-3.892563789842072186e+00,1.338881065809528037e+00,4.116388631600876202e+00
1.050875708460807800e-01,-3.368663311004638672e+00,1.020605444908142090e+00,3.519876003265380859e+00,-3.924140149661861976e+00,1.243293584314383748e+00,4.116388568998987196e+00
1.053794845938682556e-01,-3.393867731094360352e+00,9.226135611534118652e-01,3.517037868499755859e+00,-3.953369663980983884e+00,1.146962403840037448e+00,4.116388521010575730e+00
1.056713908910751343e-01,-3.417047023773193359e+00,8.240714669227600098e-01,3.515011072158813477e+00,-3.980230916052204915e+00,1.049960689175704953e+00,4.116388659239078152e+00
1.059633046388626099e-01,-3.438188791275024414e+00,7.250351905822753906e-01,3.513803720474243164e+00,-4.004715932373692056e+00,9.523157421511398990e-01,4.116388583668524781e+00
1.062552109360694885e-01,-3.457264423370361328e+00,6.255658268928527832e-01,3.513404130935668945e+00,-4.026806166195817660e+00,8.541012844562616557e-01,4.116388818396835347e+00
1.065471246838569641e-01,-3.474277019500732422e+00,5.257207155227661133e-01,3.513827323913574219e+00,-4.046487873378199929e+00,7.553760041178128049e-01,4.116388832094681760e+00
1.068390309810638428e-01,-3.489216327667236328e+00,4.255669713020324707e-01,3.515072822570800781e+00,-4.063746812986565260e+00,6.562145177977709576e-01,4.116388666468099977e+00
1.071309447288513184e-01,-3.502060890197753906e+00,3.251525461673736572e-01,3.517122983932495117e+00,-4.078578126552252492e+00,5.566451579188430587e-01,4.116388388651509800e+00
1.074228510260581970e-01,-3.512814283370971680e+00,2.245466709136962891e-01,3.519983768463134766e+00,-4.090970916011901437e+00,4.567427933871373580e-01,4.116388831848412977e+00
1.077147647738456726e-01,-3.521472215652465820e+00,1.238041743636131287e-01,3.523647546768188477e+00,-4.100916462587244737e+00,3.565672954791399007e-01,4.116388716985361462e+00
1.080066710710525513e-01,-3.528016090393066406e+00,2.298989705741405487e-02,3.528090953826904297e+00,-4.108408171163966394e+00,2.561942193995058736e-01,4.116388365902878377e+00
1.082985848188400269e-01,-3.532453298568725586e+00,-7.784054428339004517e-02,3.533310651779174805e+00,-4.113444527986945154e+00,1.556522839623310783e-01,4.116388407126862603e+00
1.085904911160469055e-01,-3.534782648086547852e+00,-1.786195039749145508e-01,3.539292573928833008e+00,-4.116020849396853976e+00,5.501727900794023407e-02,4.116388530454703876e+00
1.088824048638343811e-01,-3.534991025924682617e+00,-2.792964577674865723e-01,3.546007394790649414e+00,-4.116135576177459399e+00,-4.565065541870499954e-02,4.116388716316025764e+00
1.091743111610412598e-01,-3.533087253570556641e+00,-3.798038363456726074e-01,3.553442716598510742e+00,-4.113788797241602957e+00,-1.462755844561623442e-01,4.116388564618080892e+00
1.094662249088287354e-01,-3.529075622558593750e+00,-4.800872504711151123e-01,3.561580896377563477e+00,-4.108981861742781128e+00,-2.468287484839432888e-01,4.116388753654023347e+00
1.097581312060356140e-01,-3.522947311401367188e+00,-5.800802111625671387e-01,3.570385217666625977e+00,-4.101717243382786648e+00,-3.472342491246935836e-01,4.116388704730018055e+00
1.100500449538230896e-01,-3.514712810516357422e+00,-6.797288656234741211e-01,3.579837560653686523e+00,-4.092001228152709835e+00,-4.474164919396075857e-01,4.116388656147865532e+00
1.103419512510299683e-01,-3.504382371902465820e+00,-7.789670228958129883e-01,3.589914321899414062e+00,-4.079836595009670219e+00,-5.473468170785854570e-01,4.116388608980711794e+00
1.106338649988174438e-01,-3.491950035095214844e+00,-8.777431845664978027e-01,3.600575923919677734e+00,-4.065232013044633774e+00,-6.469497895552288602e-01,4.116388629622873552e+00
1.109257712960243225e-01,-3.477430105209350586e+00,-9.759919047355651855e-01,3.611797332763671875e+00,-4.048196410886861329e+00,-7.461658103110915263e-01,4.116388902617739376e+00
1.112176850438117981e-01,-3.460835218429565430e+00,-1.073660850524902344e+00,3.623552083969116211e+00,-4.028742262725257817e+00,-8.449202718452600847e-01,4.116388524573901364e+00
1.115095913410186768e-01,-3.442166328430175781e+00,-1.170683979988098145e+00,3.635795593261718750e+00,-4.006876636748674336e+00,-9.431848266608943154e-01,4.116388951419157394e+00
1.118014976382255554e-01,-3.421438217163085938e+00,-1.267006635665893555e+00,3.648499011993408203e+00,-3.982613910104457755e+00,-1.040885251189321403e+00,4.116388667643153809e+00
1.120934113860130310e-01,-3.398669481277465820e+00,-1.362573504447937012e+00,3.661633729934692383e+00,-3.955973935244934570e+00,-1.137948112656791633e+00,4.116388670113215298e+00
1.123853176832199097e-01,-3.373863935470581055e+00,-1.457324028015136719e+00,3.675153255462646484e+00,-3.926964012291412232e+00,-1.234345543810270396e+00,4.116388620545458288e+00
1.126772314310073853e-01,-3.347039222717285156e+00,-1.551204800605773926e+00,3.689025402069091797e+00,-3.895605415591909981e+00,-1.330004787361710017e+00,4.116388500663425987e+00
1.129691377282142639e-01,-3.318218231201171875e+00,-1.644157767295837402e+00,3.703218460083007812e+00,-3.861917297877853983e+00,-1.424868620898725347e+00,4.116388684571711032e+00
1.132610514760017395e-01,-3.287409305572509766e+00,-1.736128449440002441e+00,3.717687845230102539e+00,-3.825924968889772071e+00,-1.518865714104565390e+00,4.116388577996078268e+00
1.135529577732086182e-01,-3.254632949829101562e+00,-1.827057480812072754e+00,3.732395410537719727e+00,-3.787639293725009182e+00,-1.611969143177908403e+00,4.116388701025136321e+00
1.138448715209960938e-01,-3.219915151596069336e+00,-1.916896581649780273e+00,3.747311830520629883e+00,-3.747088193983019622e+00,-1.704108448529603415e+00,4.116388652427866113e+00
1.141367778182029724e-01,-3.183269500732421875e+00,-2.005588054656982422e+00,3.762391328811645508e+00,-3.704296279683432669e+00,-1.795228510204263106e+00,4.116388748833951006e+00
1.144286915659904480e-01,-3.144716978073120117e+00,-2.093080520629882812e+00,3.777595996856689453e+00,-3.659295974139960883e+00,-1.885261077208631342e+00,4.116388751757392050e+00
1.147205978631973267e-01,-3.104289054870605469e+00,-2.179322242736816406e+00,3.792895317077636719e+00,-3.612100275702961216e+00,-1.974180209159438482e+00,4.116388696414638559e+00
1.150125116109848022e-01,-3.062002182006835938e+00,-2.264261960983276367e+00,3.808246135711669922e+00,-3.562744217907185540e+00,-2.061918645033034903e+00,4.116388570211266362e+00
1.153044179081916809e-01,-3.017881870269775391e+00,-2.347842931747436523e+00,3.823607921600341797e+00,-3.511265676440883166e+00,-2.148410594019183772e+00,4.116388554430414182e+00
1.155963316559791565e-01,-2.971961736679077148e+00,-2.430023193359375000e+00,3.838954210281372070e+00,-3.457679544423408302e+00,-2.233631095876888573e+00,4.116388672658628067e+00
1.158882379531860352e-01,-2.924263238906860352e+00,-2.510749816894531250e+00,3.854241847991943359e+00,-3.402025105516648384e+00,-2.317516048838672127e+00,4.116388642389148700e+00
1.161801517009735107e-01,-2.874810934066772461e+00,-2.589973688125610352e+00,3.869431734085083008e+00,-3.344336213290651116e+00,-2.400014634174707506e+00,4.116388581242058642e+00
1.164720579981803894e-01,-2.823645114898681641e+00,-2.667650461196899414e+00,3.884498596191406250e+00,-3.284656649845785648e+00,-2.481065197197424688e+00,4.116388443784240181e+00
1.167639717459678650e-01,-2.770789146423339844e+00,-2.743733882904052734e+00,3.899403572082519531e+00,-3.223003423537641243e+00,-2.560645072745954653e+00,4.116388496815320153e+00
1.170558780431747437e-01,-2.716274261474609375e+00,-2.818169593811035156e+00,3.914105892181396484e+00,-3.159422926687625477e+00,-2.638693596102334560e+00,4.116388845066858870e+00
1.173477917909622192e-01,-2.660137414932250977e+00,-2.890925645828247070e+00,3.928585290908813477e+00,-3.093952544265102578e+00,-2.715163336449589515e+00,4.116388500829891939e+00
1.176396980881690979e-01,-2.602410793304443359e+00,-2.961953163146972656e+00,3.942804574966430664e+00,-3.026642418820145952e+00,-2.789998451162467585e+00,4.116388670775688041e+00
1.179316118359565735e-01,-2.543122053146362305e+00,-3.031205654144287109e+00,3.956725597381591797e+00,-2.957511943548479572e+00,-2.863176307837874912e+00,4.116388643701664130e+00
1.182235181331634521e-01,-2.482318162918090820e+00,-3.098648071289062500e+00,3.970330476760864258e+00,-2.886612682076924230e+00,-2.934641798957265735e+00,4.116388619228567691e+00
1.185154318809509277e-01,-2.420028686523437500e+00,-3.164240360260009766e+00,3.983585596084594727e+00,-2.813986958747801914e+00,-3.004352570659276633e+00,4.116388826730257300e+00
1.188073381781578064e-01,-2.356290817260742188e+00,-3.227931022644042969e+00,3.996453762054443359e+00,-2.739689888241914950e+00,-3.072255472434132884e+00,4.116388510774521059e+00
1.190992519259452820e-01,-2.291143655776977539e+00,-3.289699316024780273e+00,4.008922576904296875e+00,-2.663742954422890996e+00,-3.138331955588968381e+00,4.116388464504834310e+00
1.193911582231521606e-01,-2.224629878997802734e+00,-3.349500656127929688e+00,4.020961761474609375e+00,-2.586203143810089422e+00,-3.202531519144375949e+00,4.116388566713105490e+00
1.196830719709396362e-01,-2.156779050827026367e+00,-3.407293558120727539e+00,4.032535552978515625e+00,-2.507116302317814682e+00,-3.264815912603886261e+00,4.116388598825347245e+00
1.199749782681465149e-01,-2.087643146514892578e+00,-3.463051795959472656e+00,4.043634414672851562e+00,-2.426542706104952707e+00,-3.325138258109181066e+00,4.116388458356731839e+00
1.202668920159339905e-01,-2.017258882522583008e+00,-3.516743898391723633e+00,4.054234504699707031e+00,-2.344505723976795242e+00,-3.383481702561708548e+00,4.116388650422823758e+00
1.205587983131408691e-01,-1.945667266845703125e+00,-3.568321704864501953e+00,4.064300537109375000e+00,-2.261066318062270764e+00,-3.439801524286606238e+00,4.116388638255641830e+00
1.208507120609283447e-01,-1.872911095619201660e+00,-3.617773294448852539e+00,4.073828697204589844e+00,-2.176287796021110665e+00,-3.494055896174946163e+00,4.116388608562768781e+00
1.211426183581352234e-01,-1.799038887023925781e+00,-3.665064334869384766e+00,4.082797527313232422e+00,-2.090194944459578874e+00,-3.546228938718896995e+00,4.116388537498827382e+00
1.214345321059226990e-01,-1.724084138870239258e+00,-3.710155010223388672e+00,4.091175556182861328e+00,-2.002851992215686217e+00,-3.596281222752776952e+00,4.116388555013551276e+00
1.217264384031295776e-01,-1.648102879524230957e+00,-3.753031015396118164e+00,4.098961353302001953e+00,-1.914324927275547594e+00,-3.644175490035359566e+00,4.116388578519159402e+00
1.220183521509170532e-01,-1.571135997772216797e+00,-3.793668985366821289e+00,4.106141090393066406e+00,-1.824639344733253621e+00,-3.689897780396140359e+00,4.116388510347506191e+00
1.223102584481239319e-01,-1.493229269981384277e+00,-3.832025289535522461e+00,4.112681865692138672e+00,-1.733862388961432854e+00,-3.733413475296928130e+00,4.116388582408581520e+00
1.226021721959114075e-01,-1.414427638053894043e+00,-3.868097305297851562e+00,4.118589401245117188e+00,-1.642048569269791480e+00,-3.774696131161684232e+00,4.116388512573607272e+00
1.228940784931182861e-01,-1.334784269332885742e+00,-3.901861190795898438e+00,4.123854160308837891e+00,-1.549267236665090808e+00,-3.813715453284346246e+00,4.116388529915964156e+00
1.231859847903251648e-01,-1.254338741302490234e+00,-3.933280229568481445e+00,4.128445148468017578e+00,-1.455545020110152521e+00,-3.850460358043572118e+00,4.116388741898959758e+00
1.234778985381126404e-01,-1.173143029212951660e+00,-3.962353229522705078e+00,4.132372856140136719e+00,-1.360952201617349644e+00,-3.884902233224505341e+00,4.116388739757198323e+00
1.237698048353195190e-01,-1.091249346733093262e+00,-3.989061594009399414e+00,4.135630607604980469e+00,-1.265545354958070634e+00,-3.917020626833441543e+00,4.116388664411391396e+00
1.240617185831069946e-01,-1.008700013160705566e+00,-4.013374328613281250e+00,4.138193607330322266e+00,-1.169396720467475559e+00,-3.946791962663916742e+00,4.116388646178660515e+00
1.243536248803138733e-01,-9.255488514900207520e-01,-4.035291194915771484e+00,4.140074253082275391e+00,-1.072533848286663982e+00,-3.974207555037834183e+00,4.116388531982908106e+00
1.246455386281013489e-01,-8.418433070182800293e-01,-4.054801464080810547e+00,4.141269683837890625e+00,-9.750295389272763957e-01,-3.999246459262321363e+00,4.116388568114403235e+00
1.249374449253082275e-01,-7.576343417167663574e-01,-4.071876525878906250e+00,4.141761779785156250e+00,-8.769573948372250127e-01,-4.021890126949863919e+00,4.116388522189868837e+00
1.252293586730957031e-01,-6.729731559753417969e-01,-4.086520195007324219e+00,4.141562461853027344e+00,-7.783455328856458966e-01,-4.042132026967929725e+00,4.116388355342933458e+00
1.255212724208831787e-01,-5.879082679748535156e-01,-4.098726272583007812e+00,4.140675544738769531e+00,-6.792681654906027600e-01,-4.059956958713581088e+00,4.116388677865076673e+00
1.258131712675094604e-01,-5.024948120117187500e-01,-4.108471393585205078e+00,4.139086723327636719e+00,-5.797844877858714385e-01,-4.075353331773056809e+00,4.116388566580040376e+00
1.261050850152969360e-01,-4.167769849300384521e-01,-4.115763187408447266e+00,4.136811733245849609e+00,-4.799697794730289901e-01,-4.088310730783629943e+00,4.116388662486569316e+00
1.263969987630844116e-01,-3.308103680610656738e-01,-4.120599269866943359e+00,4.133857250213623047e+00,-3.798523300611705289e-01,-4.098825250803225906e+00,4.116388736413876259e+00
1.266889125108718872e-01,-2.446452677249908447e-01,-4.122962951660156250e+00,4.130215167999267578e+00,-2.795077805821749029e-01,-4.106888389664364425e+00,4.116388811150609506e+00
1.269808113574981689e-01,-1.583384722471237183e-01,-4.122863292694091797e+00,4.125902652740478516e+00,-1.789960393315922493e-01,-4.112495245561412105e+00,4.116388796853573950e+00
1.272727251052856445e-01,-7.193274796009063721e-02,-4.120303630828857422e+00,4.120931148529052734e+00,-7.839296502551704182e-02,-4.115642089897146860e+00,4.116388619785363190e+00
1.275646388530731201e-01,1.451616082340478897e-02,-4.115272998809814453e+00,4.115298271179199219e+00,2.227268073037462146e-02,-4.116328363620257669e+00,4.116388619828252438e+00
1.278565526008605957e-01,1.009562909603118896e-01,-4.107782363891601562e+00,4.109022617340087891e+00,1.229250086304476686e-01,-4.114552723843789117e+00,4.116388547627294336e+00
1.281484514474868774e-01,1.873313635587692261e-01,-4.097840785980224609e+00,4.102120399475097656e+00,2.234881528720762955e-01,-4.110317166764075658e+00,4.116388485780907658e+00
1.284403651952743530e-01,2.735951244831085205e-01,-4.085443496704101562e+00,4.094594001770019531e+00,3.239333333400520876e-01,-4.103623041816122807e+00,4.116388571766884219e+00
1.287322789430618286e-01,3.596991002559661865e-01,-4.070601940155029297e+00,4.086463451385498047e+00,4.241847356210880493e-01,-4.094474729780482214e+00,4.116388708898236715e+00
1.290241926908493042e-01,4.455884993076324463e-01,-4.053331851959228516e+00,4.077750682830810547e+00,5.241825144760364763e-01,-4.082877346203766855e+00,4.116388554622405493e+00
1.293160915374755859e-01,5.312065482139587402e-01,-4.033633708953857422e+00,4.068461894989013672e+00,6.238511884006059383e-01,-4.068840514931940433e+00,4.116388397760889717e+00
1.296080052852630615e-01,6.165111660957336426e-01,-4.011521816253662109e+00,4.058619499206542969e+00,7.231623705886259801e-01,-4.052368442345692046e+00,4.116388442160750394e+00
1.298999190330505371e-01,7.014479041099548340e-01,-3.987015724182128906e+00,4.048249721527099609e+00,8.220411488826110391e-01,-4.033473129760622555e+00,4.116388846909046606e+00
1.301918327808380127e-01,7.859644889831542969e-01,-3.960121631622314453e+00,4.037363529205322266e+00,9.204281525522919338e-01,-4.012164933843767045e+00,4.116388640589756953e+00
1.304837316274642944e-01,8.700063228607177734e-01,-3.930858850479125977e+00,4.025986194610595703e+00,1.018249555064346445e+00,-3.988461088636968022e+00,4.116388467086157021e+00
1.307756453752517700e-01,9.535334706306457520e-01,-3.899249553680419922e+00,4.014146804809570312e+00,1.115477307026951026e+00,-3.962368658234355578e+00,4.116388587858296866e+00
1.310675591230392456e-01,1.036489486694335938e+00,-3.865304946899414062e+00,4.001861095428466797e+00,1.212037780424459088e+00,-3.933906305125019820e+00,4.116388514059215353e+00
1.313594728708267212e-01,1.118824958801269531e+00,-3.829046249389648438e+00,3.989155769348144531e+00,1.307873488154251307e+00,-3.903091277444056928e+00,4.116388536214317106e+00
1.316513717174530029e-01,1.200484752655029297e+00,-3.790507316589355469e+00,3.976066827774047852e+00,1.402912126308856866e+00,-3.869947467131023888e+00,4.116388688219111636e+00
1.319432854652404785e-01,1.281434297561645508e+00,-3.749695301055908203e+00,3.962611436843872070e+00,1.497126748156511811e+00,-3.834484069895170766e+00,4.116388779297397882e+00
1.322351992130279541e-01,1.361616134643554688e+00,-3.706637382507324219e+00,3.948817253112792969e+00,1.590445913965790714e+00,-3.796727112566954165e+00,4.116388583765079545e+00
1.325271129608154297e-01,1.440985679626464844e+00,-3.661367893218994141e+00,3.934724092483520508e+00,1.682814007158614178e+00,-3.756699780813477219e+00,4.116388735998248727e+00
1.328190118074417114e-01,1.519489049911499023e+00,-3.613910198211669922e+00,3.920356512069702148e+00,1.774161313079869462e+00,-3.714432132762982786e+00,4.116388518316929535e+00
1.331109255552291870e-01,1.597085952758789062e+00,-3.564284563064575195e+00,3.905740261077880859e+00,1.864462007312515768e+00,-3.669936926643925457e+00,4.116388662681948141e+00
1.334028393030166626e-01,1.673729896545410156e+00,-3.512532472610473633e+00,3.890919685363769531e+00,1.953647603655061404e+00,-3.623246827529809977e+00,4.116388773241905774e+00
1.336947530508041382e-01,1.749372839927673340e+00,-3.458679199218750000e+00,3.875921249389648438e+00,2.041664694125321589e+00,-3.574389522801996399e+00,4.116388609443297320e+00
1.339866518974304199e-01,1.823963403701782227e+00,-3.402755975723266602e+00,3.860775947570800781e+00,2.128447365395274016e+00,-3.523402651302610877e+00,4.116388517920089640e+00
1.342785656452178955e-01,1.897469401359558105e+00,-3.344799757003784180e+00,3.845526695251464844e+00,2.213970773190152563e+00,-3.470300866029103926e+00,4.116388548874189368e+00
1.345704793930053711e-01,1.969841122627258301e+00,-3.284843444824218750e+00,3.830204963684082031e+00,2.298170222808223251e+00,-3.415123697316821083e+00,4.116388737835302791e+00
1.348623782396316528e-01,2.041027784347534180e+00,-3.222920417785644531e+00,3.814841032028198242e+00,2.380981883723797043e+00,-3.357912810392006620e+00,4.116388365158912599e+00
1.351542919874191284e-01,2.110997200012207031e+00,-3.159075260162353516e+00,3.799482345581054688e+00,2.462382855567768480e+00,-3.298685455370041542e+00,4.116388594492013553e+00
1.354462057352066040e-01,2.179708003997802734e+00,-3.093338012695312500e+00,3.784159898757934570e+00,2.542311477101013129e+00,-3.237484937383266814e+00,4.116388753067798945e+00
1.357381194829940796e-01,2.247111558914184570e+00,-3.025745630264282227e+00,3.768905162811279297e+00,2.620719353743169222e+00,-3.174347939052117429e+00,4.116388559070734310e+00
1.360300183296203613e-01,2.313171148300170898e+00,-2.956351518630981445e+00,3.753768205642700195e+00,2.697547999890171244e+00,-3.109323208056138821e+00,4.116388711463967454e+00
1.363219320774078369e-01,2.377851963043212891e+00,-2.885187625885009766e+00,3.738781929016113281e+00,2.772775478936300608e+00,-3.042428696859640347e+00,4.116388736752820243e+00
1.366138458251953125e-01,2.441105842590332031e+00,-2.812292098999023438e+00,3.723974227905273438e+00,2.846344517352223935e+00,-2.973714567667360864e+00,4.116388640716294844e+00
1.369057595729827881e-01,2.502903223037719727e+00,-2.737719297409057617e+00,3.709397792816162109e+00,2.918200255930742060e+00,-2.903233096282384018e+00,4.116388604719389832e+00
1.371976584196090698e-01,2.563202857971191406e+00,-2.661514520645141602e+00,3.695086956024169922e+00,2.988321979968200814e+00,-2.831004365146254198e+00,4.116388462164159989e+00
1.374895721673965454e-01,2.621966838836669922e+00,-2.583708763122558594e+00,3.681068181991577148e+00,3.056656529127493194e+00,-2.757082773487734784e+00,4.116388533280179729e+00
1.377814859151840210e-01,2.679166555404663086e+00,-2.504361629486083984e+00,3.667391538619995117e+00,3.123163003381780101e+00,-2.681512295382574962e+00,4.116388627909253195e+00
1.380733996629714966e-01,2.734766483306884766e+00,-2.423518657684326172e+00,3.654092311859130859e+00,3.187791855687709397e+00,-2.604349904247023950e+00,4.116388628268761174e+00
1.383652985095977783e-01,2.788722038269042969e+00,-2.341224908828735352e+00,3.641195535659790039e+00,3.250524550455524242e+00,-2.525618037880763556e+00,4.116388748209134363e+00
1.386572122573852539e-01,2.841013193130493164e+00,-2.257534265518188477e+00,3.628748655319213867e+00,3.311312762543938693e+00,-2.445375799677276252e+00,4.116388588682274197e+00
1.389491260051727295e-01,2.891612052917480469e+00,-2.172492265701293945e+00,3.616786241531372070e+00,3.370120894262628397e+00,-2.363671145873435187e+00,4.116388724085734196e+00
1.392410397529602051e-01,2.940473318099975586e+00,-2.086144924163818359e+00,3.605327129364013672e+00,3.426904472248076150e+00,-2.280565750774431688e+00,4.116388514890111594e+00
1.395329385995864868e-01,2.987578153610229492e+00,-1.998557686805725098e+00,3.594420433044433594e+00,3.481647845649130435e+00,-2.196083682258711089e+00,4.116388618752632844e+00
1.398248523473739624e-01,3.032902956008911133e+00,-1.909773588180541992e+00,3.584095001220703125e+00,3.534308948872851630e+00,-2.110288251261783099e+00,4.116388738870059072e+00
1.401167660951614380e-01,3.076405286788940430e+00,-1.819841742515563965e+00,3.574366092681884766e+00,3.584848362580890679e+00,-2.023244402073699710e+00,4.116388671301757896e+00
1.404086798429489136e-01,3.118072032928466797e+00,-1.728824138641357422e+00,3.565277814865112305e+00,3.633251878291399173e+00,-1.934977017612287797e+00,4.116388619870058108e+00
1.407005786895751953e-01,3.157876253128051758e+00,-1.636779904365539551e+00,3.556856632232666016e+00,3.679482718006954034e+00,-1.845552317796120834e+00,4.116388760774967182e+00
1.409924924373626709e-01,3.195785760879516602e+00,-1.543747544288635254e+00,3.549113273620605469e+00,3.723512517176296388e+00,-1.755023884205070495e+00,4.116388502036561370e+00
1.412844061851501465e-01,3.231787919998168945e+00,-1.449794173240661621e+00,3.542083740234375000e+00,3.765309538724063376e+00,-1.663460252806516992e+00,4.116388700678489165e+00
1.415763199329376221e-01,3.265861988067626953e+00,-1.354975461959838867e+00,3.535790443420410156e+00,3.804861019813485346e+00,-1.570887360041683056e+00,4.116388523698272017e+00
1.418682187795639038e-01,3.297971963882446289e+00,-1.259351611137390137e+00,3.530238866806030273e+00,3.842137150895970965e+00,-1.477375146575809373e+00,4.116388612608740338e+00
1.421601325273513794e-01,3.328115463256835938e+00,-1.162968993186950684e+00,3.525457382202148438e+00,3.877115322156474253e+00,-1.382979380968235583e+00,4.116388610114912971e+00
1.424520462751388550e-01,3.356273889541625977e+00,-1.065891146659851074e+00,3.521462440490722656e+00,3.909769797929298463e+00,-1.287771379100064895e+00,4.116388586811186023e+00
1.427439600229263306e-01,3.382417440414428711e+00,-9.681732654571533203e-01,3.518253564834594727e+00,3.940091412292542561e+00,-1.191778459179938521e+00,4.116388736864723619e+00
1.430358588695526123e-01,3.406539440155029297e+00,-8.698824048042297363e-01,3.515850543975830078e+00,3.968056347279951712e+00,-1.095072626334780530e+00,4.116388615295750952e+00
1.433277726173400879e-01,3.428630828857421875e+00,-7.710673809051513672e-01,3.514264345169067383e+00,3.993644381840137925e+00,-9.977272674589321433e-01,4.116388605177403015e+00
1.436196863651275635e-01,3.448664188385009766e+00,-6.717896461486816406e-01,3.513486385345458984e+00,4.016848022715071131e+00,-8.997699163146055668e-01,4.116388458332712830e+00
1.439116001129150391e-01,3.466637134552001953e+00,-5.721106529235839844e-01,3.513528823852539062e+00,4.037649680366958371e+00,-8.012745199726234446e-01,4.116388683995324094e+00
1.442034989595413208e-01,3.482541322708129883e+00,-4.720954000949859619e-01,3.514394521713256836e+00,4.056033439559763920e+00,-7.023153602993854605e-01,4.116388481197986948e+00
1.444954127073287964e-01,3.496357202529907227e+00,-3.717917501926422119e-01,3.516069173812866211e+00,4.071994919611800157e+00,-6.029208227870466175e-01,4.116388726043074264e+00
1.447873264551162720e-01,3.508083105087280273e+00,-2.712660431861877441e-01,3.518555641174316406e+00,4.085520834343792096e+00,-5.031655706154776198e-01,4.116388718198270347e+00
1.450792253017425537e-01,3.517715930938720703e+00,-1.705835461616516113e-01,3.521849393844604492e+00,4.096602942354972576e+00,-4.031094983201107262e-01,4.116388336266066261e+00
1.453711390495300293e-01,3.525239229202270508e+00,-6.979873031377792358e-02,3.525930166244506836e+00,4.105235862414845727e+00,-3.028123418850409698e-01,4.116388805792628780e+00
1.456630527973175049e-01,3.530655384063720703e+00,3.103284910321235657e-02,3.530791759490966797e+00,4.111412046291987643e+00,-2.023497292390373514e-01,4.116388517537913572e+00
1.459549665451049805e-01,3.533965110778808594e+00,1.318459659814834595e-01,3.536423683166503906e+00,4.115130935191008810e+00,-1.017504406193395494e-01,4.116388680133625577e+00
1.462468653917312622e-01,3.535156250000000000e+00,2.325749695301055908e-01,3.542798280715942383e+00,4.116388323137189609e+00,-1.090311483095263287e-03,4.116388467533079520e+00
1.465387791395187378e-01,3.534233093261718750e+00,3.331699073314666748e-01,3.549902200698852539e+00,4.115184775269231210e+00,9.955478389134260475e-02,4.116388816621107338e+00
1.468306928873062134e-01,3.531201601028442383e+00,4.335661232471466064e-01,3.557718992233276367e+00,4.111519733201215665e+00,2.001560354562326172e-01,4.116388824568513627e+00
1.471226066350936890e-01,3.526053667068481445e+00,5.337025523185729980e-01,3.566215276718139648e+00,4.105395670353428450e+00,3.006375653289404815e-01,4.116388776080751377e+00
1.474145054817199707e-01,3.518796920776367188e+00,6.335144639015197754e-01,3.575370073318481445e+00,4.096817919702212762e+00,4.009236988939215429e-01,4.116388815397296064e+00
1.477064192295074463e-01,3.509439945220947266e+00,7.329536080360412598e-01,3.585162401199340820e+00,4.085788784260343753e+00,5.009856952232666361e-01,4.116388788295629375e+00
1.479983329772949219e-01,3.497981071472167969e+00,8.319537639617919922e-01,3.595555543899536133e+00,4.072315980411151060e+00,6.007480167959623474e-01,4.116388662893278649e+00
1.482902467250823975e-01,3.484428405761718750e+00,9.304558038711547852e-01,3.606520414352416992e+00,4.056407958587450402e+00,7.001511474335123664e-01,4.116388848948075996e+00
1.485821455717086792e-01,3.468797683715820312e+00,1.028397798538208008e+00,3.618032455444335938e+00,4.038076244365232270e+00,7.991200789953709638e-01,4.116388302378723552e+00
1.488740593194961548e-01,3.451090097427368164e+00,1.125724077224731445e+00,3.630052089691162109e+00,4.017327904295458829e+00,8.976265832267050770e-01,4.116388826817286350e+00
1.491659730672836304e-01,3.431315183639526367e+00,1.222381234169006348e+00,3.642545938491821289e+00,3.994175887078228460e+00,9.955962380411662593e-01,4.116388330335085222e+00
1.494578868150711060e-01,3.409493207931518555e+00,1.318309068679809570e+00,3.655486583709716797e+00,3.968635787020486472e+00,1.092970400606628090e+00,4.116388502877483369e+00
1.497497856616973877e-01,3.385631561279296875e+00,1.413443088531494141e+00,3.668831110000610352e+00,3.940726736208852277e+00,1.189675986048028822e+00,4.116388728151244791e+00
1.500416994094848633e-01,3.359740972518920898e+00,1.507735252380371094e+00,3.682543516159057617e+00,3.910456272429702285e+00,1.285685190009114409e+00,4.116388546577397278e+00
1.503336131572723389e-01,3.331845521926879883e+00,1.601127862930297852e+00,3.696593761444091797e+00,3.877847338600205696e+00,1.380925337753283966e+00,4.116388559154458449e+00
1.506255269050598145e-01,3.301956653594970703e+00,1.693562507629394531e+00,3.710939407348632812e+00,3.842919319384247689e+00,1.475339687111956621e+00,4.116388719213030178e+00
1.509174257516860962e-01,3.270090818405151367e+00,1.784977555274963379e+00,3.725538730621337891e+00,3.805698715304534741e+00,1.568857043389275452e+00,4.116388603407448166e+00
1.512093394994735718e-01,3.236272335052490234e+00,1.875332593917846680e+00,3.740365028381347656e+00,3.766196623390869913e+00,1.661450963027723438e+00,4.116388746047503489e+00
1.515012532472610474e-01,3.200518608093261719e+00,1.964565753936767578e+00,3.755374670028686523e+00,3.724441677418970809e+00,1.753051234749495757e+00,4.116388519096826570e+00
1.517931669950485229e-01,3.162846088409423828e+00,2.052621364593505859e+00,3.770523548126220703e+00,3.680459916674658327e+00,1.843602877495877257e+00,4.116388801869900860e+00
1.520850658416748047e-01,3.123288869857788086e+00,2.139446735382080078e+00,3.785784721374511719e+00,3.634283756282202127e+00,1.933038236483645367e+00,4.116388616844195880e+00
1.523769795894622803e-01,3.081863880157470703e+00,2.224995374679565430e+00,3.801116943359375000e+00,3.585927387012026291e+00,2.021331387708418248e+00,4.116388684740319270e+00
1.526688933372497559e-01,3.038588762283325195e+00,2.309212923049926758e+00,3.816475629806518555e+00,3.535426074331341262e+00,2.108415550390350557e+00,4.116388424358149223e+00
1.529608070850372314e-01,2.993500947952270508e+00,2.392052888870239258e+00,3.831835746765136719e+00,3.482810821467254403e+00,2.194239031796238582e+00,4.116388726394472286e+00
1.532527059316635132e-01,2.946626663208007812e+00,2.473458766937255859e+00,3.847155570983886719e+00,3.428120923546874810e+00,2.278736895464556600e+00,4.116388575585561149e+00
1.535446196794509888e-01,2.897981882095336914e+00,2.553385496139526367e+00,3.862392663955688477e+00,3.371372448092847307e+00,2.361885509195271293e+00,4.116388628677589701e+00
1.538365334272384644e-01,2.847608566284179688e+00,2.631788492202758789e+00,3.877523183822631836e+00,3.312607772507680348e+00,2.443621290774038890e+00,4.116388619555067407e+00
1.541284471750259399e-01,2.795533657073974609e+00,2.708619594573974609e+00,3.892509222030639648e+00,3.251861910023714053e+00,2.523895822690056523e+00,4.116388709251762812e+00
1.544203460216522217e-01,2.741784095764160156e+00,2.783820629119873047e+00,3.907305479049682617e+00,3.189181014478342124e+00,2.602648436949583477e+00,4.116388517798728941e+00
1.547122597694396973e-01,2.686395883560180664e+00,2.857365131378173828e+00,3.921894550323486328e+00,3.124583276819888678e+00,2.679857200222677704e+00,4.116388619575153562e+00
1.550041735172271729e-01,2.629403352737426758e+00,2.929203271865844727e+00,3.936241149902343750e+00,3.058116739103190262e+00,2.755462901625902017e+00,4.116388440395265746e+00
1.552960872650146484e-01,2.570832252502441406e+00,2.999282598495483398e+00,3.950300455093383789e+00,2.989832020846346250e+00,2.829409705085558446e+00,4.116388561847689864e+00
1.555879861116409302e-01,2.510733604431152344e+00,3.067565679550170898e+00,3.964056491851806641e+00,2.919748743901762200e+00,2.901675696926371728e+00,4.116388535797982584e+00
1.558798998594284058e-01,2.449129819869995117e+00,3.134024620056152344e+00,3.977479696273803711e+00,2.847919419280758646e+00,2.972206259700932218e+00,4.116388595470775513e+00
1.561718136072158813e-01,2.386055231094360352e+00,3.198601007461547852e+00,3.990527153015136719e+00,2.774398201176528467e+00,3.040948706764382781e+00,4.116388516146590959e+00
1.564637124538421631e-01,2.321560621261596680e+00,3.261266231536865234e+00,4.003186225891113281e+00,2.699206586555810805e+00,3.107883535487801829e+00,4.116388741003748741e+00
1.567556262016296387e-01,2.255677223205566406e+00,3.321988582611083984e+00,4.015430927276611328e+00,2.622400382621007164e+00,3.172959274576842237e+00,4.116388505096913342e+00
1.570475399494171143e-01,2.188438415527343750e+00,3.380714893341064453e+00,4.027219295501708984e+00,2.544026154014239260e+00,3.236137444878353087e+00,4.116388542697625219e+00
1.573394536972045898e-01,2.119894027709960938e+00,3.437424182891845703e+00,4.038543701171875000e+00,2.464129975306494913e+00,3.297380514623681425e+00,4.116388562007227137e+00
1.576313525438308716e-01,2.050088405609130859e+00,3.492080211639404297e+00,4.049380779266357422e+00,2.382773305249392681e+00,3.356642337785438190e+00,4.116388758125598457e+00
1.579232662916183472e-01,1.979047536849975586e+00,3.544640302658081055e+00,4.059692859649658203e+00,2.299978800471963680e+00,3.413905812953725416e+00,4.116388633540289277e+00
1.582151800394058228e-01,1.906825900077819824e+00,3.595085382461547852e+00,4.069474697113037109e+00,2.215808834352550161e+00,3.469127669012425752e+00,4.116388656857171924e+00
1.585070937871932983e-01,1.833466529846191406e+00,3.643385887145996094e+00,4.078708171844482422e+00,2.130327184967355958e+00,3.522266562372194709e+00,4.116388666223850912e+00
1.587989926338195801e-01,1.759009480476379395e+00,3.689495325088500977e+00,4.087357521057128906e+00,2.043558152127286753e+00,3.573307322425685939e+00,4.116388604301945087e+00
1.590909063816070557e-01,1.683502793312072754e+00,3.733402967453002930e+00,4.095421791076660156e+00,1.955566670295060705e+00,3.622211245286591108e+00,4.116388624443707123e+00
1.593828201293945312e-01,1.606987833976745605e+00,3.775085449218750000e+00,4.102887153625488281e+00,1.866419790807519741e+00,3.668941802906722227e+00,4.116388804356850173e+00
1.596747338771820068e-01,1.529507875442504883e+00,3.814500808715820312e+00,4.109721660614013672e+00,1.776142989516748427e+00,3.713485033477687214e+00,4.116388588686966443e+00
1.599666327238082886e-01,1.451118826866149902e+00,3.851637363433837891e+00,4.115926742553710938e+00,1.684803748866730677e+00,3.755807754279041788e+00,4.116388655034649346e+00
1.602585464715957642e-01,1.371859788894653320e+00,3.886477231979370117e+00,4.121492862701416016e+00,1.592456926065860090e+00,3.795884242100453942e+00,4.116388737813966969e+00
1.605504602193832397e-01,1.291777491569519043e+00,3.918984651565551758e+00,4.126394271850585938e+00,1.499172465055154113e+00,3.833684448909318476e+00,4.116388530470452167e+00
1.608423739671707153e-01,1.210923552513122559e+00,3.949151039123535156e+00,4.130632877349853516e+00,1.404976862452318009e+00,3.869198243382458990e+00,4.116388590818445437e+00
1.611342728137969971e-01,1.129351258277893066e+00,3.976960182189941406e+00,4.134204387664794922e+00,1.309940980100869901e+00,3.902398213914529901e+00,4.116388853268230896e+00
1.614261865615844727e-01,1.047097206115722656e+00,4.002384185791015625e+00,4.137087345123291016e+00,1.214121630256212780e+00,3.933263911787605149e+00,4.116388748991855806e+00
1.617181003093719482e-01,9.642175436019897461e-01,4.025416374206542969e+00,4.139286518096923828e+00,1.117591272082854248e+00,3.961773194975079182e+00,4.116388842159936168e+00
1.620100140571594238e-01,8.807625770568847656e-01,4.046047687530517578e+00,4.140802860260009766e+00,1.020377455721894533e+00,3.987917377798854357e+00,4.116388607055410098e+00
1.623019129037857056e-01,7.967835664749145508e-01,4.064250469207763672e+00,4.141617774963378906e+00,9.225534986193389964e-01,4.011676953840638937e+00,4.116388822717175877e+00
1.625938266515731812e-01,7.123284339904785156e-01,4.080025196075439453e+00,4.141741275787353516e+00,8.241931191893289155e-01,4.033033614834821812e+00,4.116388518605436531e+00
1.628857403993606567e-01,6.274439692497253418e-01,4.093365669250488281e+00,4.141174793243408203e+00,7.253244775431163527e-01,4.051982022887883339e+00,4.116388454887339066e+00
1.631776541471481323e-01,5.421831607818603516e-01,4.104251384735107422e+00,4.139908313751220703e+00,6.260220809280041543e-01,4.068507219975619371e+00,4.116388543954903945e+00
1.634695529937744141e-01,4.566027522087097168e-01,4.112683296203613281e+00,4.137952327728271484e+00,5.263452836861129969e-01,4.082599049045182227e+00,4.116388508501504617e+00
1.637614667415618896e-01,3.707454502582550049e-01,4.118661880493164062e+00,4.135314464569091797e+00,4.263693291569634614e-01,4.094247571292402910e+00,4.116388463189485591e+00
1.640533804893493652e-01,2.846658825874328613e-01,4.122171401977539062e+00,4.131988525390625000e+00,3.261227984031122018e-01,4.103449362837952030e+00,4.116388314167344298e+00
1.643452942371368408e-01,1.984160840511322021e-01,4.123215198516845703e+00,4.127986431121826172e+00,2.256811935597662910e-01,4.110197350780545378e+00,4.116388497638430621e+00
1.646371930837631226e-01,1.120523363351821899e-01,4.121799945831298828e+00,4.123322486877441406e+00,1.251046399496834605e-01,4.114487113353615833e+00,4.116388632878327236e+00
1.649291068315505981e-01,2.561697177588939667e-02,4.117914199829101562e+00,4.117993831634521484e+00,2.446896082797160241e-02,4.116315875588891338e+00,4.116388601391897772e+00
1.652210205793380737e-01,-6.083364039659500122e-02,4.111564636230468750e+00,4.112014770507812500e+00,-7.619704217233924659e-02,4.115683556042889713e+00,4.116388844936500924e+00
1.655129343271255493e-01,-1.472479701042175293e-01,4.102762222290039062e+00,4.105403900146484375e+00,-1.768174769813873337e-01,4.112589288924640485e+00,4.116388596760970131e+00
1.658048331737518311e-01,-2.335661500692367554e-01,4.091502666473388672e+00,4.098163604736328125e+00,-2.773164769564921972e-01,4.107036501616071256e+00,4.116388375019822909e+00
1.660967469215393066e-01,-3.197517096996307373e-01,4.077794075012207031e+00,4.090311050415039062e+00,-3.776653523760363229e-01,4.099027019368576497e+00,4.116388419950060218e+00
1.663886606693267822e-01,-4.057472348213195801e-01,4.061652183532714844e+00,4.081868648529052734e+00,-4.777883168350939846e-01,4.088566176694024001e+00,4.116388594011806568e+00
1.666805744171142578e-01,-4.914999306201934814e-01,4.043078422546386719e+00,4.072843551635742188e+00,-5.776255083871256746e-01,4.075660043484552020e+00,4.116388710750721103e+00
1.669724732637405396e-01,-5.769538283348083496e-01,4.022084236145019531e+00,4.063254356384277344e+00,-6.771018396159171893e-01,4.060318715231016284e+00,4.116388583511827015e+00
1.672643870115280151e-01,-6.620680093765258789e-01,3.998690128326416016e+00,4.053129673004150391e+00,-7.761887215933412909e-01,4.042546878148434608e+00,4.116388489143894880e+00
1.675563007593154907e-01,-7.467858791351318359e-01,3.972902297973632812e+00,4.042479991912841797e+00,-8.748113745070292824e-01,4.022357485850574399e+00,4.116388548830761884e+00
1.678481996059417725e-01,-8.310520648956298828e-01,3.944736003875732422e+00,4.031326293945312500e+00,-9.729108646284007067e-01,3.999762320175941355e+00,4.116388486089622489e+00
1.681401133537292480e-01,-9.148266911506652832e-01,3.914215087890625000e+00,4.019700050354003906e+00,-1.070413256009459246e+00,3.974779332256308084e+00,4.116388620960449884e+00
1.684320271015167236e-01,-9.980541467666625977e-01,3.881352186203002930e+00,4.007618904113769531e+00,-1.167290910053850217e+00,3.947415103485165222e+00,4.116388473883040078e+00
1.687239408493041992e-01,-1.080683350563049316e+00,3.846163272857666016e+00,3.995102882385253906e+00,-1.263470287848927898e+00,3.917690441888781017e+00,4.116388655939057450e+00
1.690158396959304810e-01,-1.162663698196411133e+00,3.808681488037109375e+00,3.982190608978271484e+00,-1.358879185074563845e+00,3.885627806864742517e+00,4.116388719874426450e+00
1.693077534437179565e-01,-1.243948698043823242e+00,3.768922328948974609e+00,3.968902111053466797e+00,-1.453490293997194982e+00,3.851236160551952725e+00,4.116388465522538453e+00
1.695996671915054321e-01,-1.324492216110229492e+00,3.726901292800903320e+00,3.955258846282958984e+00,-1.547232174885396772e+00,3.814541529780869134e+00,4.116388524595748777e+00
1.698915809392929077e-01,-1.404245376586914062e+00,3.682657241821289062e+00,3.941303014755249023e+00,-1.640048830504626354e+00,3.775565435744165033e+00,4.116388529527506002e+00
1.701834797859191895e-01,-1.483155250549316406e+00,3.636213779449462891e+00,3.927059888839721680e+00,-1.731870191749528498e+00,3.734338179967763960e+00,4.116388708982121614e+00
1.704753935337066650e-01,-1.561179518699645996e+00,3.587587118148803711e+00,3.912551879882812500e+00,-1.822670292030613259e+00,3.690870852929914570e+00,4.116388544155975993e+00
1.707673072814941406e-01,-1.638272285461425781e+00,3.536820173263549805e+00,3.897824048995971680e+00,-1.912380290696145790e+00,3.645196363101801396e+00,4.116388575172862829e+00
1.710592210292816162e-01,-1.714386105537414551e+00,3.483939647674560547e+00,3.882905721664428711e+00,-2.000946534728372583e+00,3.597341924172535954e+00,4.116388703007873850e+00
1.713511198759078979e-01,-1.789467573165893555e+00,3.428971767425537109e+00,3.867821455001831055e+00,-2.088302614176579031e+00,3.547343750631716475e+00,4.116388647045202021e+00
1.716430336236953735e-01,-1.863485217094421387e+00,3.371955156326293945e+00,3.852617263793945312e+00,-2.174423327039979537e+00,3.495216500390461167e+00,4.116388610150572447e+00
1.719349473714828491e-01,-1.936389684677124023e+00,3.312924146652221680e+00,3.837326288223266602e+00,-2.259243730305492637e+00,3.440998991607852275e+00,4.116388744175035974e+00
1.722268611192703247e-01,-2.008131980895996094e+00,3.251904964447021484e+00,3.821973323822021484e+00,-2.342712982312849856e+00,3.384723408465842631e+00,4.116388789863488995e+00
1.725187599658966064e-01,-2.078672409057617188e+00,3.188948869705200195e+00,3.806608915328979492e+00,-2.424768464611093854e+00,3.326432830715871258e+00,4.116388888848677041e+00
1.728106737136840820e-01,-2.147971868515014648e+00,3.124088764190673828e+00,3.791268110275268555e+00,-2.505386548275969627e+00,3.266143564364596408e+00,4.116388652608308441e+00
1.731025874614715576e-01,-2.215985298156738281e+00,3.057349443435668945e+00,3.775973558425903320e+00,-2.584506081794153864e+00,3.203901292832940229e+00,4.116388609090200212e+00
1.733945012092590332e-01,-2.282676458358764648e+00,2.988786220550537109e+00,3.760778427124023438e+00,-2.662080101489367578e+00,3.139742679086672705e+00,4.116388533365624269e+00
1.736864000558853149e-01,-2.348001956939697266e+00,2.918442487716674805e+00,3.745720148086547852e+00,-2.738050366793111756e+00,3.073716944497586923e+00,4.116388667993764017e+00
1.739783138036727905e-01,-2.411920309066772461e+00,2.846342086791992188e+00,3.730820894241333008e+00,-2.812395189411015295e+00,3.005842753706257309e+00,4.116388873931936310e+00
1.742702275514602661e-01,-2.474399805068969727e+00,2.772543668746948242e+00,3.716134071350097656e+00,-2.885057779333326966e+00,2.936170739333892943e+00,4.116388830104887653e+00
1.745621412992477417e-01,-2.535402774810791016e+00,2.697090864181518555e+00,3.701697826385498047e+00,-2.955983764148206294e+00,2.864753886084063783e+00,4.116388567876160032e+00
1.748540401458740234e-01,-2.594879388809204102e+00,2.620021343231201172e+00,3.687534570693969727e+00,-3.025153392915386874e+00,2.791612978747244789e+00,4.116388717526266561e+00
1.751459538936614990e-01,-2.652810811996459961e+00,2.541384696960449219e+00,3.673695802688598633e+00,-3.092513740505996811e+00,2.716802174792408042e+00,4.116388622588391222e+00
1.754378676414489746e-01,-2.709159612655639648e+00,2.461232185363769531e+00,3.660219907760620117e+00,-3.158024638724124866e+00,2.640366630888037580e+00,4.116388655641700645e+00
1.757297813892364502e-01,-2.763880491256713867e+00,2.379600524902343750e+00,3.647126674652099609e+00,-3.221636792113543812e+00,2.562364271110659342e+00,4.116388499420834179e+00
1.760216802358627319e-01,-2.816948413848876953e+00,2.296555042266845703e+00,3.634468793869018555e+00,-3.283332380536536643e+00,2.482817523432622409e+00,4.116388511273422424e+00
1.763135939836502075e-01,-2.868338108062744141e+00,2.212136268615722656e+00,3.622279644012451172e+00,-3.343064513031676288e+00,2.401785710076757230e+00,4.116388579254955715e+00
1.766055077314376831e-01,-2.918006658554077148e+00,2.126385927200317383e+00,3.610579252243041992e+00,-3.400796889559707825e+00,2.319317751043324272e+00,4.116388503815407773e+00
1.768974214792251587e-01,-2.965932846069335938e+00,2.039366722106933594e+00,3.599413156509399414e+00,-3.456487189664790627e+00,2.235475768123543538e+00,4.116388660243873510e+00
1.771893203258514404e-01,-3.012087583541870117e+00,1.951134800910949707e+00,3.588815689086914062e+00,-3.510119047043732898e+00,2.150283839023193089e+00,4.116388746557293921e+00
1.774812340736389160e-01,-3.056436300277709961e+00,1.861727118492126465e+00,3.578803062438964844e+00,-3.561651595075217003e+00,2.063805735266922348e+00,4.116388732569177478e+00
1.777731478214263916e-01,-3.098959684371948242e+00,1.771207809448242188e+00,3.569415807723999023e+00,-3.611046139700267776e+00,1.976107106769490640e+00,4.116388407386880388e+00
1.780650615692138672e-01,-3.139634370803833008e+00,1.679631829261779785e+00,3.560683488845825195e+00,-3.658289431286756432e+00,1.887213181071635493e+00,4.116388605789655486e+00
1.783569604158401489e-01,-3.178422212600708008e+00,1.587052226066589355e+00,3.552618980407714844e+00,-3.703344459904801766e+00,1.797190658335734215e+00,4.116388520428655440e+00
1.786488741636276245e-01,-3.215313911437988281e+00,1.493520021438598633e+00,3.545256853103637695e+00,-3.746184768875254534e+00,1.706093093935439065e+00,4.116388461713391678e+00
1.789407879114151001e-01,-3.250287294387817383e+00,1.399096846580505371e+00,3.538621187210083008e+00,-3.786778630950081492e+00,1.613989739290169645e+00,4.116388620909609664e+00
1.792326867580413818e-01,-3.283308744430541992e+00,1.303838849067687988e+00,3.532720327377319336e+00,-3.825114002020333359e+00,1.520906759497830718e+00,4.116388526310193363e+00
1.795246005058288574e-01,-3.314368247985839844e+00,1.207801938056945801e+00,3.527580261230468750e+00,-3.861161789627347574e+00,1.426914204638336736e+00,4.116388527954682353e+00
1.798165142536163330e-01,-3.343451976776123047e+00,1.111039638519287109e+00,3.523220062255859375e+00,-3.894900344443686269e+00,1.332068307135944041e+00,4.116388546775385571e+00
1.801084280014038086e-01,-3.370530605316162109e+00,1.013610720634460449e+00,3.519642353057861328e+00,-3.926304888015486050e+00,1.236440608252659334e+00,4.116388641927595238e+00
1.804003268480300903e-01,-3.395592927932739258e+00,9.155811667442321777e-01,3.516865253448486328e+00,-3.955366257696621979e+00,1.140058664681137701e+00,4.116388707525022284e+00
1.806922405958175659e-01,-3.418630838394165039e+00,8.170002698898315430e-01,3.514900684356689453e+00,-3.982061832854572714e+00,1.042994822895435103e+00,4.116388543524990951e+00
1.809841543436050415e-01,-3.439619302749633789e+00,7.179294824600219727e-01,3.513744831085205078e+00,-4.006372348011893791e+00,9.453225759287896546e-01,4.116388485490038995e+00
1.812760680913925171e-01,-3.458550453186035156e+00,6.184294223785400391e-01,3.513406753540039062e+00,-4.028291028638375515e+00,8.470696862000945959e-01,4.116388667835867210e+00
1.815679669380187988e-01,-3.475417375564575195e+00,5.185654759407043457e-01,3.513891935348510742e+00,-4.047800525318122844e+00,7.483102167464015242e-01,4.116388863221344785e+00
1.818598806858062744e-01,-3.490202426910400391e+00,4.183856546878814697e-01,3.515190124511718750e+00,-4.064886357813905171e+00,6.491187278844621211e-01,4.116388735874193294e+00
1.821517944335937500e-01,-3.502899646759033203e+00,3.179555833339691162e-01,3.517300128936767578e+00,-4.079544144625092628e+00,5.495235454854278112e-01,4.116388775976797199e+00
1.824437081813812256e-01,-3.513506650924682617e+00,2.173358052968978882e-01,3.520221948623657227e+00,-4.091762036209098063e+00,4.495997304215278434e-01,4.116388766693099832e+00
1.827356070280075073e-01,-3.522008657455444336e+00,1.165908649563789368e-01,3.523937940597534180e+00,-4.101532743872794207e+00,3.494070746935791227e-01,4.116388727137734627e+00
1.830275207757949829e-01,-3.528402566909790039e+00,1.577626727521419525e-02,3.528437852859497070e+00,-4.108850410236601469e+00,2.490053804582352814e-01,4.116388632429965888e+00
1.833194345235824585e-01,-3.532692193984985352e+00,-8.505290746688842773e-02,3.533715963363647461e+00,-4.113710352357771605e+00,1.484704897241990729e-01,4.116388751006693880e+00
1.836113482713699341e-01,-3.534866094589233398e+00,-1.858312189579010010e-01,3.539747476577758789e+00,-4.116110579513154732e+00,4.783112785712125004e-02,4.116388480157358032e+00
1.839032471179962158e-01,-3.534923553466796875e+00,-2.864930629730224609e-01,3.546514034271240234e+00,-4.116049271457487890e+00,-5.283683769894246401e-02,4.116388385038970199e+00
1.841951608657836914e-01,-3.532872200012207031e+00,-3.869890868663787842e-01,3.554004192352294922e+00,-4.113527470495838223e+00,-1.534575247777325291e-01,4.116388886200476271e+00
1.844870746135711670e-01,-3.528706073760986328e+00,-4.872535765171051025e-01,3.562187671661376953e+00,-4.108544618248684444e+00,-2.540021228657183827e-01,4.116388703531351112e+00
1.847789883613586426e-01,-3.522426366806030273e+00,-5.872260928153991699e-01,3.571039199829101562e+00,-4.101104618765278431e+00,-3.543947937638617374e-01,4.116388558421669508e+00
1.850708872079849243e-01,-3.514045476913452148e+00,-6.868432760238647461e-01,3.580540180206298828e+00,-4.091213757729604161e+00,-4.545599653912333338e-01,4.116388559595955066e+00
1.853628009557723999e-01,-3.503561496734619141e+00,-7.860545516014099121e-01,3.590657949447631836e+00,-4.078874815122460973e+00,-5.544689033714788051e-01,4.116388650534137383e+00
1.856547147035598755e-01,-3.490978240966796875e+00,-8.847948312759399414e-01,3.601359844207763672e+00,-4.064095983066789763e+00,-6.540461661666451265e-01,4.116388289150684443e+00
1.859466284513473511e-01,-3.476312160491943359e+00,-9.830071330070495605e-01,3.612623691558837891e+00,-4.046887142080542787e+00,-7.532323168739043506e-01,4.116388521983809667e+00
1.862385272979736328e-01,-3.459567785263061523e+00,-1.080626487731933594e+00,3.624412059783935547e+00,-4.027257694075757399e+00,-8.519680312808808331e-01,4.116388473020617056e+00
1.865304410457611084e-01,-3.440749883651733398e+00,-1.177598357200622559e+00,3.636687755584716797e+00,-4.005223451198586027e+00,-9.501788073685494274e-01,4.116388545801213716e+00
1.868223547935485840e-01,-3.419878244400024414e+00,-1.273872375488281250e+00,3.649427175521850586e+00,-3.980790520331322302e+00,-1.047836821125990747e+00,4.116388607805043343e+00
1.871142685413360596e-01,-3.396961450576782227e+00,-1.369384884834289551e+00,3.662589550018310547e+00,-3.953976614940671652e+00,-1.144868073708427136e+00,4.116388462924088110e+00
1.874061673879623413e-01,-3.372009277343750000e+00,-1.464071393013000488e+00,3.676132678985595703e+00,-3.924803011012540921e+00,-1.241199688585805427e+00,4.116388628664524596e+00
1.876980811357498169e-01,-3.345044374465942383e+00,-1.557889223098754883e+00,3.690032720565795898e+00,-3.893277722482390679e+00,-1.336803927574428785e+00,4.116388728625624438e+00
1.879899948835372925e-01,-3.316079616546630859e+00,-1.650775909423828125e+00,3.704246997833251953e+00,-3.859423682440056069e+00,-1.431608831389737713e+00,4.116388587912012120e+00
1.882819086313247681e-01,-3.285125732421875000e+00,-1.742672443389892578e+00,3.718730926513671875e+00,-3.823261708091392652e+00,-1.525557558275809633e+00,4.116388702755166662e+00
1.885738074779510498e-01,-3.252213716506958008e+00,-1.833524584770202637e+00,3.733457565307617188e+00,-3.784819247343605753e+00,-1.618579403607924849e+00,4.116388711096949038e+00
1.888657212257385254e-01,-3.217357158660888672e+00,-1.923285841941833496e+00,3.748388528823852539e+00,-3.744107400502275862e+00,-1.710647685344552471e+00,4.116388675753369419e+00
1.891576349735260010e-01,-3.180569648742675781e+00,-2.011893033981323242e+00,3.763473987579345703e+00,-3.701156220781980810e+00,-1.801693046556600786e+00,4.116388611956305787e+00
1.894495487213134766e-01,-3.141884565353393555e+00,-2.099299907684326172e+00,3.778689861297607422e+00,-3.655991504070861708e+00,-1.891660860635596908e+00,4.116388549383904305e+00
1.897414475679397583e-01,-3.101327180862426758e+00,-2.185444116592407227e+00,3.793994665145874023e+00,-3.608648050333322477e+00,-1.980483505556093871e+00,4.116388668111192750e+00
1.900333613157272339e-01,-3.058903932571411133e+00,-2.270285606384277344e+00,3.809342622756958008e+00,-3.559139086576401212e+00,-2.068135759662639739e+00,4.116388776341620925e+00
1.903252750635147095e-01,-3.014656066894531250e+00,-2.353772163391113281e+00,3.824708223342895508e+00,-3.507501309171388915e+00,-2.154550861830055286e+00,4.116388568885551713e+00
1.906171739101409912e-01,-2.968610525131225586e+00,-2.435849189758300781e+00,3.840053319931030273e+00,-3.453774485299755614e+00,-2.239664239874391338e+00,4.116388478105501569e+00
1.909090876579284668e-01,-2.920779705047607422e+00,-2.516468048095703125e+00,3.855329513549804688e+00,-3.397973735099647730e+00,-2.323451771524475795e+00,4.116388421787632979e+00
1.912010014057159424e-01,-2.871206521987915039e+00,-2.595585346221923828e+00,3.870515584945678711e+00,-3.340141200765336382e+00,-2.405849632806175808e+00,4.116388671727162496e+00
1.914929151535034180e-01,-2.819919586181640625e+00,-2.673153638839721680e+00,3.885575532913208008e+00,-3.280310471176636877e+00,-2.486808909585994432e+00,4.116388628410511785e+00
1.917848140001296997e-01,-2.766941547393798828e+00,-2.749112129211425781e+00,3.900459289550781250e+00,-3.218528190242079479e+00,-2.566267986485693431e+00,4.116388598012131972e+00
1.920767277479171753e-01,-2.712309837341308594e+00,-2.823434352874755859e+00,3.915150880813598633e+00,-3.154811111454352890e+00,-2.644205387488692161e+00,4.116388621131401138e+00
1.923686414957046509e-01,-2.656059980392456055e+00,-2.896072149276733398e+00,3.929616689682006836e+00,-3.089207525179639369e+00,-2.720561189535289692e+00,4.116388747389170710e+00
1.926605552434921265e-01,-2.598213911056518555e+00,-2.966969490051269531e+00,3.943808317184448242e+00,-3.021756224360942156e+00,-2.795289650851270125e+00,4.116388576364033547e+00
1.929524540901184082e-01,-2.538821220397949219e+00,-3.036093235015869141e+00,3.957710981369018555e+00,-2.952508775900859916e+00,-2.868335425434074715e+00,4.116388730983951305e+00
1.932443678379058838e-01,-2.477913379669189453e+00,-3.103405952453613281e+00,3.971294879913330078e+00,-2.881484556616229931e+00,-2.939677073300676735e+00,4.116388531869588085e+00
1.935362815856933594e-01,-2.415513992309570312e+00,-3.168857574462890625e+00,3.984515905380249023e+00,-2.808737263386884564e+00,-3.009260470350581418e+00,4.116388416215438717e+00
1.938281953334808350e-01,-2.351673364639282227e+00,-3.232417821884155273e+00,3.997360706329345703e+00,-2.734321987963183709e+00,-3.077034135462109354e+00,4.116388684837473555e+00
1.941200941801071167e-01,-2.286432743072509766e+00,-3.294046878814697266e+00,4.009802818298339844e+00,-2.658259760171171937e+00,-3.142977844002743382e+00,4.116388548283243409e+00
1.944120079278945923e-01,-2.219815731048583984e+00,-3.353700637817382812e+00,4.021801948547363281e+00,-2.580607795186887987e+00,-3.207041813720896695e+00,4.116388439826050849e+00
1.947039216756820679e-01,-2.151873350143432617e+00,-3.411352157592773438e+00,4.033346652984619141e+00,-2.501412412616886627e+00,-3.269188039155666470e+00,4.116388525558819289e+00
1.949958354234695435e-01,-2.082647323608398438e+00,-3.466968536376953125e+00,4.044414520263671875e+00,-2.420721117936235789e+00,-3.329379008193066536e+00,4.116388624877284741e+00
1.952877342700958252e-01,-2.012174606323242188e+00,-3.520500659942626953e+00,4.054968833923339844e+00,-2.338595115033653027e+00,-3.387569763949996648e+00,4.116388710713251520e+00
1.955796480178833008e-01,-1.940496683120727539e+00,-3.571933031082153320e+00,4.065001010894775391e+00,-2.255057289194850156e+00,-3.443743923744377433e+00,4.116388658748970641e+00
1.958715617656707764e-01,-1.867660880088806152e+00,-3.621234416961669922e+00,4.074493408203125000e+00,-2.170170964458446150e+00,-3.497858468047215119e+00,4.116388693681406252e+00
1.961634755134582520e-01,-1.793704390525817871e+00,-3.668362855911254883e+00,4.083413124084472656e+00,-2.084000382765562875e+00,-3.549873013756774665e+00,4.116388709678134639e+00
1.964553743600845337e-01,-1.718679904937744141e+00,-3.713297367095947266e+00,4.091752052307128906e+00,-1.996570317619353441e+00,-3.599772635301278001e+00,4.116388715738900750e+00
1.967472881078720093e-01,-1.642630457878112793e+00,-3.756016254425048828e+00,4.099499225616455078e+00,-1.907945809621433453e+00,-3.647519584368359435e+00,4.116388748746007131e+00
1.970392018556594849e-01,-1.565591335296630859e+00,-3.796484470367431641e+00,4.106625080108642578e+00,-1.818194499767123773e+00,-3.693077818067301621e+00,4.116388588226840284e+00
1.973311156034469604e-01,-1.487616777420043945e+00,-3.834683656692504883e+00,4.113125801086425781e+00,-1.727341725011836804e+00,-3.736434803855905429e+00,4.116388523746585371e+00
1.976230144500732422e-01,-1.408758521080017090e+00,-3.870593070983886719e+00,4.118991851806640625e+00,-1.635455921735610385e+00,-3.777557372116836287e+00,4.116388680818944934e+00
1.979149281978607178e-01,-1.329051613807678223e+00,-3.904183387756347656e+00,4.124199867248535156e+00,-1.542606689256552865e+00,-3.816414515967769816e+00,4.116388605978372084e+00
1.982068419456481934e-01,-1.248550057411193848e+00,-3.935439348220825195e+00,4.128747940063476562e+00,-1.448805666116424140e+00,-3.853001147635619628e+00,4.116388672350129063e+00
1.984987556934356689e-01,-1.167303681373596191e+00,-3.964347362518310547e+00,4.132632255554199219e+00,-1.354167486450302604e+00,-3.887272328559412848e+00,4.116388676709580530e+00
1.987906545400619507e-01,-1.085361599922180176e+00,-3.990877628326416016e+00,4.135832786560058594e+00,-1.258704845599121880e+00,-3.919224178127129754e+00,4.116388714243466751e+00
1.990825682878494263e-01,-1.002766370773315430e+00,-4.015022754669189453e+00,4.138350963592529297e+00,-1.162489284824888447e+00,-3.948831917884905174e+00,4.116388569248444540e+00
1.993744820356369019e-01,-9.195727109909057617e-01,-4.036771297454833984e+00,4.140185832977294922e+00,-1.065593849674811633e+00,-3.976074129447618954e+00,4.116388676416188552e+00
1.996663957834243774e-01,-8.358280062675476074e-01,-4.056101799011230469e+00,4.141324520111083984e+00,-9.680458452544223880e-01,-4.000942600829422879e+00,4.116388520735871026e+00
1.999582946300506592e-01,-7.515895962715148926e-01,-4.073003768920898438e+00,4.141768455505371094e+00,-8.699189998051952699e-01,-4.023418308312664671e+00,4.116388459546501011e+00
2.002502083778381348e-01,-6.668987274169921875e-01,-4.087477684020996094e+00,4.141524791717529297e+00,-7.712873036400678117e-01,-4.043484855598558525e+00,4.116388451326145059e+00
2.005421221256256104e-01,-5.818060636520385742e-01,-4.099502563476562500e+00,4.140582084655761719e+00,-6.721789201460696139e-01,-4.061136666309574927e+00,4.116388650641820135e+00
2.008340209722518921e-01,-4.963696599006652832e-01,-4.109073638916015625e+00,4.138945579528808594e+00,-5.726685256061814222e-01,-4.076359500330381636e+00,4.116388710526948991e+00
2.011259347200393677e-01,-4.106326997280120850e-01,-4.116193294525146484e+00,4.136625289916992188e+00,-4.728312870315287686e-01,-4.089142463692341245e+00,4.116388649577170433e+00
2.014178484678268433e-01,-3.246497809886932373e-01,-4.120848655700683594e+00,4.133616924285888672e+00,-3.726800855061148665e-01,-4.099483348037831654e+00,4.116388485914844964e+00
2.017097622156143188e-01,-2.384725511074066162e-01,-4.123036384582519531e+00,4.129927158355712891e+00,-2.723372446504555566e-01,-4.107369998901639896e+00,4.116388694317030250e+00
2.020016610622406006e-01,-1.521574705839157104e-01,-4.122764110565185547e+00,4.125570774078369141e+00,-1.718158858347083040e-01,-4.112801165342713894e+00,4.116388480727924737e+00
2.022935748100280762e-01,-6.574682891368865967e-02,-4.120024204254150391e+00,4.120548725128173828e+00,-7.119174428960170498e-02,-4.115772871806750111e+00,4.116388538118744833e+00
2.025854885578155518e-01,2.070312201976776123e-02,-4.114816665649414062e+00,4.114868640899658203e+00,2.945923604385993280e-02,-4.116282835392211403e+00,4.116388250339467980e+00
2.028774023056030273e-01,1.071406826376914978e-01,-4.107153892517089844e+00,4.108551025390625000e+00,1.301083026602498638e-01,-4.114331437755617493e+00,4.116388143764547536e+00
2.031693011522293091e-01,1.935098022222518921e-01,-4.097033977508544922e+00,4.101601600646972656e+00,2.306795141526508663e-01,-4.109919000340424233e+00,4.116387643020143372e+00
2.034612149000167847e-01,2.797628939151763916e-01,-4.084459304809570312e+00,4.094028949737548828e+00,3.310970953800225769e-01,-4.103049931002497708e+00,4.116387253754035136e+00
2.037531286478042603e-01,3.658533990383148193e-01,-4.069447040557861328e+00,4.085859298706054688e+00,4.313323462132210850e-01,-4.093725797595198834e+00,4.116386582767251667e+00
2.040450423955917358e-01,4.517250955104827881e-01,-4.052000522613525391e+00,4.077102661132812500e+00,5.313095174984270308e-01,-4.081953123850296627e+00,4.116385685124221538e+00
2.043369412422180176e-01,5.373215079307556152e-01,-4.032125949859619141e+00,4.067770481109619141e+00,6.309533475663292590e-01,-4.067741787918999208e+00,4.116384989282175333e+00
2.046288549900054932e-01,6.226016283035278320e-01,-4.009844779968261719e+00,4.057891845703125000e+00,7.302353668701293543e-01,-4.051095270142391236e+00,4.116383920238490646e+00
2.049207687377929688e-01,7.075095176696777344e-01,-3.985166311264038086e+00,4.047482967376708984e+00,8.290806208377144992e-01,-4.032025826009919101e+00,4.116382749145130582e+00
2.052126824855804443e-01,7.919929623603820801e-01,-3.958097219467163086e+00,4.036556243896484375e+00,9.274298491223063046e-01,-4.010544520978908345e+00,4.116381114498142146e+00
2.055045813322067261e-01,8.759993314743041992e-01,-3.928668498992919922e+00,4.025147438049316406e+00,1.025224222384581108e+00,-3.986664576393097015e+00,4.116379374016882586e+00
2.057964950799942017e-01,9.594863653182983398e-01,-3.896889686584472656e+00,4.013273239135742188e+00,1.122390262232006553e+00,-3.960404422507635580e+00,4.116377423241371680e+00
2.060884088277816772e-01,1.042397499084472656e+00,-3.862772703170776367e+00,4.000950336456298828e+00,1.218899887718690955e+00,-3.931770898250729118e+00,4.116374537455500082e+00
2.063803225755691528e-01,1.124686479568481445e+00,-3.826351165771484375e+00,3.988218069076538086e+00,1.314680470121805556e+00,-3.900786234725940105e+00,4.116371944752692968e+00
2.066722214221954346e-01,1.206299304962158203e+00,-3.787645578384399414e+00,3.975099563598632812e+00,1.409659567930008572e+00,-3.867473158219862928e+00,4.116368390585047443e+00
2.069641351699829102e-01,1.287187576293945312e+00,-3.746666193008422852e+00,3.961610555648803711e+00,1.503810374720922161e+00,-3.831842060325318933e+00,4.116364806281930022e+00
2.072560489177703857e-01,1.367311835289001465e+00,-3.703449487686157227e+00,3.947794198989868164e+00,1.597061127002458170e+00,-3.793918529649656257e+00,4.116360291932834592e+00
2.075479626655578613e-01,1.446619153022766113e+00,-3.658020734786987305e+00,3.933678150177001953e+00,1.689356717354079107e+00,-3.753725983477216310e+00,4.116355776351376505e+00
2.078398615121841431e-01,1.525053381919860840e+00,-3.610397815704345703e+00,3.919280529022216797e+00,1.780626974300951293e+00,-3.711294532369586285e+00,4.116350267847058930e+00
2.081317752599716187e-01,1.602581024169921875e+00,-3.560618162155151367e+00,3.904646635055541992e+00,1.870846260703298736e+00,-3.666636485744002805e+00,4.116344112167572789e+00
2.084236890077590942e-01,1.679151773452758789e+00,-3.508712291717529297e+00,3.889808654785156250e+00,1.959945938095822404e+00,-3.619785259253109899e+00,4.116337377252309082e+00
2.087156027555465698e-01,1.754713058471679688e+00,-3.454698801040649414e+00,3.874785423278808594e+00,2.047872914333245475e+00,-3.570768547071626386e+00,4.116329856803965015e+00
2.090075016021728516e-01,1.829222917556762695e+00,-3.398627042770385742e+00,3.859627008438110352e+00,2.134561012072994757e+00,-3.519624285385496876e+00,4.116321880579488557e+00
2.092994153499603271e-01,1.902644395828247070e+00,-3.340523242950439453e+00,3.844366073608398438e+00,2.219985209421522221e+00,-3.466366483333040538e+00,4.116312782919319346e+00
2.095913290977478027e-01,1.974921584129333496e+00,-3.280412435531616211e+00,3.829023599624633789e+00,2.304080763554304578e+00,-3.411034960971616847e+00,4.116302669866688468e+00
2.098832428455352783e-01,2.046019792556762695e+00,-3.218344211578369141e+00,3.813651323318481445e+00,2.386797512125301335e+00,-3.353662900582175865e+00,4.116291682404051855e+00
2.101751416921615601e-01,2.115892410278320312e+00,-3.154358386993408203e+00,3.798285961151123047e+00,2.468073038563158850e+00,-3.294294150379178276e+00,4.116279688372117107e+00
2.104670554399490356e-01,2.184492588043212891e+00,-3.088476657867431641e+00,3.782948017120361328e+00,2.547884152628645094e+00,-3.232945546237770529e+00,4.116266580307308409e+00
2.107589691877365112e-01,2.251791715621948242e+00,-3.020748853683471680e+00,3.767690181732177734e+00,2.626170462246773418e+00,-3.169662869144624917e+00,4.116252421901694269e+00
2.110508829355239868e-01,2.317746162414550781e+00,-2.951218366622924805e+00,3.752550840377807617e+00,2.702884493972312008e+00,-3.104484294742245520e+00,4.116237034483948953e+00
2.113427817821502686e-01,2.382303714752197266e+00,-2.879918098449707031e+00,3.737552642822265625e+00,2.777969386286668119e+00,-3.037458863880487581e+00,4.116220385367148182e+00
2.116346955299377441e-01,2.445440530776977539e+00,-2.806895256042480469e+00,3.722746372222900391e+00,2.851402940682050691e+00,-2.968606283168722992e+00,4.116202375321100781e+00
2.119266092777252197e-01,2.507117271423339844e+00,-2.732197523117065430e+00,3.708172082901000977e+00,2.923129595545296056e+00,-2.897978029592480631e+00,4.116183097525366819e+00
2.122185081243515015e-01,2.567283630371093750e+00,-2.655862808227539062e+00,3.693853378295898438e+00,2.993095230378018723e+00,-2.825627249273722441e+00,4.116161854197406100e+00
2.125104218721389771e-01,2.625918388366699219e+00,-2.577937602996826172e+00,3.679838418960571289e+00,3.061280588874534470e+00,-2.751575811762184465e+00,4.116139974745117946e+00
2.128023356199264526e-01,2.682984352111816406e+00,-2.498474597930908203e+00,3.666167020797729492e+00,3.127632571067050282e+00,-2.675877458082764893e+00,4.116115361633461589e+00
2.130942493677139282e-01,2.738437891006469727e+00,-2.417511940002441406e+00,3.652862548828125000e+00,3.192102231966529757e+00,-2.598591689017838213e+00,4.116089822338463655e+00
2.133861482143402100e-01,2.792250394821166992e+00,-2.335108995437622070e+00,3.639972209930419922e+00,3.254670908098851179e+00,-2.519739614380990478e+00,4.116062492760023339e+00
2.136780619621276855e-01,2.844395399093627930e+00,-2.251313209533691406e+00,3.627533197402954102e+00,3.315290363626993475e+00,-2.439380254646652535e+00,4.116032825660889571e+00
2.139699757099151611e-01,2.894833564758300781e+00,-2.166162252426147461e+00,3.615566253662109375e+00,3.373925262168552930e+00,-2.357562068041294978e+00,4.116001771059663916e+00
2.142618894577026367e-01,2.943539381027221680e+00,-2.079717159271240234e+00,3.604115247726440430e+00,3.430538954950347552e+00,-2.274334018557835790e+00,4.115968020940062644e+00
2.145537883043289185e-01,2.990483999252319336e+00,-1.992035984992980957e+00,3.593216180801391602e+00,3.485090450248048644e+00,-2.189759129321593445e+00,4.115932517772541210e+00
2.148457020521163940e-01,3.035634756088256836e+00,-1.903155565261840820e+00,3.582886934280395508e+00,3.537563368867241209e+00,-2.103862346420615204e+00,4.115894964820871138e+00
2.151376157999038696e-01,3.078967809677124023e+00,-1.813138127326965332e+00,3.573165416717529297e+00,3.587917595660781611e+00,-2.016707335346050733e+00,4.115854850415744615e+00
2.154295295476913452e-01,3.120461225509643555e+00,-1.722039461135864258e+00,3.564084291458129883e+00,3.636115618896452517e+00,-1.928360866768262794e+00,4.115812486796012415e+00
2.157214283943176270e-01,3.160078048706054688e+00,-1.629913449287414551e+00,3.555658817291259766e+00,3.682143691120267182e+00,-1.838848127364895779e+00,4.115767801707254314e+00
2.160133421421051025e-01,3.197804212570190430e+00,-1.536808967590332031e+00,3.547919750213623047e+00,3.725966219472413243e+00,-1.748236688666714000e+00,4.115720567318668976e+00
2.163052558898925781e-01,3.233619213104248047e+00,-1.442788600921630859e+00,3.540894031524658203e+00,3.767550563547083176e+00,-1.656594846051301140e+00,4.115670508294812180e+00
2.165971696376800537e-01,3.267492532730102539e+00,-1.347904205322265625e+00,3.534593820571899414e+00,3.806890676585216404e+00,-1.563934602457225598e+00,4.115617579930682446e+00
2.168890684843063354e-01,3.299406051635742188e+00,-1.252219796180725098e+00,3.529041528701782227e+00,3.843938505754855850e+00,-1.470369748519630537e+00,4.115561982692831577e+00
2.171809822320938110e-01,3.329348087310791016e+00,-1.155789613723754883e+00,3.524260044097900391e+00,3.878689240408325745e+00,-1.375912205644982400e+00,4.115502960915246256e+00
2.174728959798812866e-01,3.357292652130126953e+00,-1.058663487434387207e+00,3.520253181457519531e+00,3.911116915753327650e+00,-1.280633892609971847e+00,4.115441494614301199e+00
2.177648097276687622e-01,3.383224248886108398e+00,-9.609056711196899414e-01,3.517036676406860352e+00,3.941196590616574014e+00,-1.184606338566100314e+00,4.115376379294935383e+00
2.180567085742950439e-01,3.407132387161254883e+00,-8.625813722610473633e-01,3.514626264572143555e+00,3.968920076498662297e+00,-1.087857662873277009e+00,4.115308113410981683e+00
2.183486223220825195e-01,3.428997039794921875e+00,-7.637374401092529297e-01,3.513020992279052734e+00,3.994265775276042429e+00,-9.904607175449596790e-01,4.115236507971467894e+00
2.186405360698699951e-01,3.448804855346679688e+00,-6.644386649131774902e-01,3.512226581573486328e+00,4.017214731686019391e+00,-8.924894188947857243e-01,4.115161183151193391e+00
2.189324498176574707e-01,3.466551065444946289e+00,-5.647459030151367188e-01,3.512252330780029297e+00,4.037760963506888068e+00,-7.939721533622197125e-01,4.115082669732736953e+00
2.192243486642837524e-01,3.482216835021972656e+00,-4.647227823734283447e-01,3.513089895248413086e+00,4.055888400861079823e+00,-6.949830540851501537e-01,4.115000870680949774e+00
2.195162624120712280e-01,3.495793342590332031e+00,-3.644192516803741455e-01,3.514736175537109375e+00,4.071582665875041585e+00,-5.955973271123294888e-01,4.114914529017275058e+00
2.198081761598587036e-01,3.507280349731445312e+00,-2.639015018939971924e-01,3.517194747924804688e+00,4.084839962819019732e+00,-4.958435905229527929e-01,4.114824223233112477e+00
2.201000899076461792e-01,3.516663789749145508e+00,-1.632291227579116821e-01,3.520450115203857422e+00,4.095649988306631073e+00,-3.957972008228152205e-01,4.114730155295154290e+00
2.203919887542724609e-01,3.523935794830322266e+00,-6.246786192059516907e-02,3.524489402770996094e+00,4.104005604576722810e+00,-2.955184578001234796e-01,4.114631594845121754e+00
2.206839025020599365e-01,3.529101133346557617e+00,3.832671046257019043e-02,3.529309034347534180e+00,4.109902282266141960e+00,-1.950675284664051545e-01,4.114528905043496110e+00
2.209758162498474121e-01,3.532150983810424805e+00,1.390993744134902954e-01,3.534888744354248047e+00,4.113335518494657173e+00,-9.452059108585177116e-02,4.114421372422728318e+00
2.212677299976348877e-01,3.533079862594604492e+00,2.397841215133666992e-01,3.541207313537597656e+00,4.114305167183990086e+00,6.093310949161976665e-03,4.114309679296783706e+00
2.215596288442611694e-01,3.531896352767944336e+00,3.403158485889434814e-01,3.548254013061523438e+00,4.112809592248260593e+00,1.066979899225869721e-01,4.114193384266571663e+00
2.218515425920486450e-01,3.528596401214599609e+00,4.406442046165466309e-01,3.556003332138061523e+00,4.108850294877798959e+00,2.072172288030034448e-01,4.114072158534677115e+00
2.221434563398361206e-01,3.523176670074462891e+00,5.407028794288635254e-01,3.564426183700561523e+00,4.102428363997246308e+00,3.076219490340830753e-01,4.113945763528810140e+00
2.224353700876235962e-01,3.515650510787963867e+00,6.404332518577575684e-01,3.573507070541381836e+00,4.093548195550418711e+00,4.078360117461210521e-01,4.113814172002799197e+00
2.227272689342498779e-01,3.506018877029418945e+00,7.397697567939758301e-01,3.583214759826660156e+00,4.082217512840374596e+00,5.077835335963755137e-01,4.113677665925258076e+00
2.230191826820373535e-01,3.494280576705932617e+00,8.386611938476562500e-01,3.593514919281005859e+00,4.068439157651799754e+00,6.074355996190070606e-01,4.113535606652625631e+00
2.233110964298248291e-01,3.480453252792358398e+00,9.370455741882324219e-01,3.604387521743774414e+00,4.052223515313050584e+00,7.067165937227932737e-01,4.113388355346380365e+00
2.236029952764511108e-01,3.464543104171752930e+00,1.034858107566833496e+00,3.615797281265258789e+00,4.033582896590852229e+00,8.055513090043293634e-01,4.113235210282636167e+00
2.238949090242385864e-01,3.446550607681274414e+00,1.132044196128845215e+00,3.627703666687011719e+00,4.012519736706328111e+00,9.039263494761374806e-01,4.113076401276187788e+00
2.241868227720260620e-01,3.426498174667358398e+00,1.228548288345336914e+00,3.640085220336914062e+00,3.989059650861902728e+00,1.001721213894098517e+00,4.112911655810266964e+00
2.244787365198135376e-01,3.404394865036010742e+00,1.324312448501586914e+00,3.652904272079467773e+00,3.963206536310627026e+00,1.098922858234728350e+00,4.112740874138080649e+00
2.247706353664398193e-01,3.380246639251708984e+00,1.419268250465393066e+00,3.666113853454589844e+00,3.934979212081300748e+00,1.195457356907316360e+00,4.112563639835351559e+00
2.250625491142272949e-01,3.354077339172363281e+00,1.513373494148254395e+00,3.679692029953002930e+00,3.904400318599971609e+00,1.291251797224734377e+00,4.112380460477808697e+00
2.253544628620147705e-01,3.325902462005615234e+00,1.606565833091735840e+00,3.693600177764892578e+00,3.871478090844654218e+00,1.386278137341212746e+00,4.112190375208861326e+00
2.256463766098022461e-01,3.295728445053100586e+00,1.698783874511718750e+00,3.707787990570068359e+00,3.836237346116019076e+00,1.480464227989591652e+00,4.111993592661848496e+00
2.259382754564285278e-01,3.263587474822998047e+00,1.789973974227905273e+00,3.722231864929199219e+00,3.798705982033146356e+00,1.573739169179141584e+00,4.111790620951298436e+00
2.262301892042160034e-01,3.229494810104370117e+00,1.880089998245239258e+00,3.736893653869628906e+00,3.758894011037527516e+00,1.666075187460445362e+00,4.111580075407160528e+00
2.265221029520034790e-01,3.193460941314697266e+00,1.969065904617309570e+00,3.751721382141113281e+00,3.716831753265362970e+00,1.757402482693544821e+00,4.111362519683603445e+00
2.268140166997909546e-01,3.155520677566528320e+00,2.056855916976928711e+00,3.766691923141479492e+00,3.672544617210960372e+00,1.847665704173971246e+00,4.111137618687301654e+00
2.271059155464172363e-01,3.115698575973510742e+00,2.143403053283691406e+00,3.781766176223754883e+00,3.626066770638955550e+00,1.936796752656945175e+00,4.110905239267199640e+00
2.273978292942047119e-01,3.074004173278808594e+00,2.228650331497192383e+00,3.796891450881958008e+00,3.577412258688409619e+00,2.024770034628904813e+00,4.110665659202320299e+00
2.276897430419921875e-01,3.030473232269287109e+00,2.312560319900512695e+00,3.812047004699707031e+00,3.526617491552747286e+00,2.111517889731005848e+00,4.110418315741096507e+00
2.279816567897796631e-01,2.985135078430175781e+00,2.395077943801879883e+00,3.827196121215820312e+00,3.473712078202062514e+00,2.196988121402403404e+00,4.110162090213736796e+00
2.282735556364059448e-01,2.938006162643432617e+00,2.476139545440673828e+00,3.842284440994262695e+00,3.418738637400377200e+00,2.281116535493575626e+00,4.109898602077233676e+00
2.285654693841934204e-01,2.889123201370239258e+00,2.555714368820190430e+00,3.857292890548706055e+00,3.361712626591400799e+00,2.363878531955004636e+00,4.109626929250610239e+00
2.288573831319808960e-01,2.838518381118774414e+00,2.633750915527343750e+00,3.872186660766601562e+00,3.302676029680437608e+00,2.445210432126046829e+00,4.109345813435976602e+00
2.291492968797683716e-01,2.786210775375366211e+00,2.710191249847412109e+00,3.886914730072021484e+00,3.241666719824688236e+00,2.525064096199819197e+00,4.109057289979826777e+00
2.294411957263946533e-01,2.732245445251464844e+00,2.784995794296264648e+00,3.901456832885742188e+00,3.178730177036543036e+00,2.603378696216200883e+00,4.108759688070736438e+00
2.297331094741821289e-01,2.676651239395141602e+00,2.858127832412719727e+00,3.915782928466796875e+00,3.113884888429564679e+00,2.680131335898123801e+00,4.108452637679186559e+00
2.300250232219696045e-01,2.619453430175781250e+00,2.929528951644897461e+00,3.929844141006469727e+00,3.047180780533555122e+00,2.755263650838404299e+00,4.108136864186058723e+00
2.303169369697570801e-01,2.560696363449096680e+00,2.999165296554565430e+00,3.943622589111328125e+00,2.978657593947628524e+00,2.828730095133089595e+00,4.107811462700489358e+00
2.306088358163833618e-01,2.500419855117797852e+00,3.066993236541748047e+00,3.957087993621826172e+00,2.908368166767715035e+00,2.900475563675478874e+00,4.107476584102018435e+00
2.309007495641708374e-01,2.438648223876953125e+00,3.132964611053466797e+00,3.970198154449462891e+00,2.836333289411482994e+00,2.970479124317939590e+00,4.107131938059993104e+00
2.311926633119583130e-01,2.375423908233642578e+00,3.197051525115966797e+00,3.982935667037963867e+00,2.762608294653632335e+00,3.038687079247894829e+00,4.106777782553757028e+00
2.314845770597457886e-01,2.310789585113525391e+00,3.259214401245117188e+00,3.995275735855102539e+00,2.687248501857442573e+00,3.105048092622720191e+00,4.106413053777598243e+00
2.317764759063720703e-01,2.244780063629150391e+00,3.319401979446411133e+00,4.007176876068115234e+00,2.610277310310419097e+00,3.169543496576817887e+00,4.106038676560877398e+00
2.320683896541595459e-01,2.177434682846069336e+00,3.377592086791992188e+00,4.018625259399414062e+00,2.531752642909978590e+00,3.232123388860392854e+00,4.105653790287249194e+00
2.323603034019470215e-01,2.108799934387207031e+00,3.433749675750732422e+00,4.029599666595458984e+00,2.451722288268552319e+00,3.292749825405808295e+00,4.105258042011826092e+00
2.326522171497344971e-01,2.038910865783691406e+00,3.487830638885498047e+00,4.040064334869384766e+00,2.370234543283146422e+00,3.351386369103794838e+00,4.104851079538377689e+00
2.329441159963607788e-01,1.967817902565002441e+00,3.539805650711059570e+00,4.050003528594970703e+00,2.287352888463533684e+00,3.407989868061661376e+00,4.104433965502845005e+00
2.332360297441482544e-01,1.895559310913085938e+00,3.589653968811035156e+00,4.059403896331787109e+00,2.203100923309248227e+00,3.462542863404358684e+00,4.104004965786288928e+00
2.335279434919357300e-01,1.822177290916442871e+00,3.637332201004028320e+00,4.068232536315917969e+00,2.117543754695416780e+00,3.515004468664334247e+00,4.103565275194218209e+00
2.338198572397232056e-01,1.747719526290893555e+00,3.682816982269287109e+00,4.076477050781250000e+00,2.030745888807582222e+00,3.565334141307656246e+00,4.103113013808284748e+00
2.341117560863494873e-01,1.672238111495971680e+00,3.726083517074584961e+00,4.084125041961669922e+00,1.942734034710053015e+00,3.613518798252013831e+00,4.102649587149929111e+00
2.344036698341369629e-01,1.595769524574279785e+00,3.767099618911743164e+00,4.091151237487792969e+00,1.853574649632342197e+00,3.659520753204260846e+00,4.102173951076713898e+00
2.346955835819244385e-01,1.518359661102294922e+00,3.805845022201538086e+00,4.097544670104980469e+00,1.763336516385696884e+00,3.703306278421068409e+00,4.101686611847881636e+00
2.349874824285507202e-01,1.440065503120422363e+00,3.842299699783325195e+00,4.103298187255859375e+00,1.672046140278190318e+00,3.744861962608700523e+00,4.101186342293249965e+00
2.352793961763381958e-01,1.360923409461975098e+00,3.876435995101928711e+00,4.108389854431152344e+00,1.579773272746726631e+00,3.784156350998776563e+00,4.100673466894099839e+00
2.355713099241256714e-01,1.280986547470092773e+00,3.908233404159545898e+00,4.112811088562011719e+00,1.486588634684135268e+00,3.821160673408742880e+00,4.100148126687327199e+00
2.358632236719131470e-01,1.200306296348571777e+00,3.937680721282958984e+00,4.116559982299804688e+00,1.392505597200406120e+00,3.855869242368188399e+00,4.099609670746165335e+00
2.361551225185394287e-01,1.118933081626892090e+00,3.964750289916992188e+00,4.119617938995361328e+00,1.297639423154631322e+00,3.888239309937854493e+00,4.099057575086142435e+00
2.364470362663269043e-01,1.036908745765686035e+00,3.989428997039794922e+00,4.121980190277099609e+00,1.202004101347230902e+00,3.918267852037478960e+00,4.098492017799468812e+00
2.367389500141143799e-01,9.542897939682006836e-01,4.011709213256835938e+00,4.123648643493652344e+00,1.105672765579526651e+00,3.945932291291496252e+00,4.097913360724118270e+00
2.370308637619018555e-01,8.711245656013488770e-01,4.031569957733154297e+00,4.124610900878906250e+00,1.008719115452893389e+00,3.971211313733935988e+00,4.097320289190055753e+00
2.373227626085281372e-01,7.874681353569030762e-01,4.048997402191162109e+00,4.124861717224121094e+00,9.111720088691696029e-01,3.994098934413275792e+00,4.096713405600634239e+00
2.376146763563156128e-01,7.033691406250000000e-01,4.063991069793701172e+00,4.124409198760986328e+00,8.131062608770511790e-01,4.014577039042020346e+00,4.096092112475115066e+00
2.379065901041030884e-01,6.188734173774719238e-01,4.076536655426025391e+00,4.123245716094970703e+00,7.145967565620980899e-01,4.032631598343654922e+00,4.095456767254267660e+00
2.381985038518905640e-01,5.340365171432495117e-01,4.086622238159179688e+00,4.121368408203125000e+00,6.156729828183681308e-01,4.048257036127001385e+00,4.094806253331681134e+00
2.384904026985168457e-01,4.489160478115081787e-01,4.094252586364746094e+00,4.118790149688720703e+00,5.164105505345599756e-01,4.061441817455896164e+00,4.094140873648934864e+00
2.387823164463043213e-01,3.635545074939727783e-01,4.099417686462402344e+00,4.115506649017333984e+00,4.168855074986556608e-01,4.072176124851472068e+00,4.093459651465098048e+00
2.390742301940917969e-01,2.780081629753112793e-01,4.102109909057617188e+00,4.111519336700439453e+00,3.171120095788330095e-01,4.080459795893757402e+00,4.092763390733020756e+00
2.393661439418792725e-01,1.923301219940185547e-01,4.102338314056396484e+00,4.106844425201416016e+00,2.172131243548040269e-01,4.086282838422636843e+00,4.092051927453918658e+00
2.396580427885055542e-01,1.065767109394073486e-01,4.100099563598632812e+00,4.101484775543212891e+00,1.172030424519318881e-01,4.089645192389196993e+00,4.091324278615918075e+00
2.399499565362930298e-01,2.079168334603309631e-02,4.095386981964111328e+00,4.095439910888671875e+00,1.715840006005040635e-02,4.090544162830086705e+00,4.090580149411072952e+00
2.402418702840805054e-01,-6.496807932853698730e-02,4.088216781616210938e+00,4.088732719421386719e+00,-8.284420377446377604e-02,4.088980432587514535e+00,4.089819573059745750e+00
2.405337840318679810e-01,-1.506502777338027954e-01,4.078588962554931641e+00,4.081370353698730469e+00,-1.827749567098910510e-01,4.084956013637133232e+00,4.089042958706900599e+00
2.408256828784942627e-01,-2.361975610256195068e-01,4.066503047943115234e+00,4.073357105255126953e+00,-2.825572888716322839e-01,4.078473585740237439e+00,4.088249675726192578e+00
2.411175966262817383e-01,-3.215628266334533691e-01,4.051979064941406250e+00,4.064718723297119141e+00,-3.821147707437014263e-01,4.069538502063481111e+00,4.087438723430308229e+00
2.414095103740692139e-01,-4.066981077194213867e-01,4.035021305084228516e+00,4.055465221405029297e+00,-4.814178134872719728e-01,4.058155807836958395e+00,4.086611269967294291e+00
2.417014241218566895e-01,-4.915456771850585938e-01,4.015631198883056641e+00,4.045604228973388672e+00,-5.803902764607627995e-01,4.044333081077950531e+00,4.085765894384022268e+00
2.419933229684829712e-01,-5.760511159896850586e-01,3.993837118148803711e+00,4.035166740417480469e+00,-6.789562784834666243e-01,4.028082505598137075e+00,4.084902728339793399e+00
2.422852367162704468e-01,-6.601712107658386230e-01,3.969646692276000977e+00,4.024167060852050781e+00,-7.770866735299324368e-01,4.009410204185953397e+00,4.084021778052642659e+00
2.425771504640579224e-01,-7.438480257987976074e-01,3.943065404891967773e+00,4.012614250183105469e+00,-8.747061098911486088e-01,3.988330111289578817e+00,4.083122316965296150e+00
2.428690642118453979e-01,-8.270331621170043945e-01,3.914124250411987305e+00,4.000544071197509766e+00,-9.717550163838080124e-01,3.964856243042227835e+00,4.082204409367323983e+00
2.431609630584716797e-01,-9.096714258193969727e-01,3.882841348648071289e+00,3.987976789474487305e+00,-1.068174252062205953e+00,3.939003607845559252e+00,4.081267652995694384e+00
2.434528768062591553e-01,-9.917173981666564941e-01,3.849219799041748047e+00,3.974921226501464844e+00,-1.163890149198513413e+00,3.910793625336356438e+00,4.080312127689843749e+00
2.437447905540466309e-01,-1.073120594024658203e+00,3.813297510147094727e+00,3.961417198181152344e+00,-1.258874004037994210e+00,3.880235566480527698e+00,4.079337177707073714e+00
2.440367043018341064e-01,-1.153831481933593750e+00,3.775096178054809570e+00,3.947489976882934570e+00,-1.353053542671445397e+00,3.847353307989927362e+00,4.078342968147331327e+00
2.443286031484603882e-01,-1.233791828155517578e+00,3.734626770019531250e+00,3.933151245117187500e+00,-1.446356327637577044e+00,3.812173382239257169e+00,4.077329091789225757e+00
2.446205168962478638e-01,-1.312961935997009277e+00,3.691928863525390625e+00,3.918444395065307617e+00,-1.538754761247702385e+00,3.774707355544749010e+00,4.076295111405221938e+00
2.449124306440353394e-01,-1.391298413276672363e+00,3.647026538848876953e+00,3.903397560119628906e+00,-1.630177922710265070e+00,3.734984230483780809e+00,4.075240761188775984e+00
2.452043443918228149e-01,-1.468742251396179199e+00,3.599934339523315430e+00,3.888024091720581055e+00,-1.720570290970437899e+00,3.693029503425764748e+00,4.074166054463569608e+00
2.454962432384490967e-01,-1.545249342918395996e+00,3.550699949264526367e+00,3.872372150421142578e+00,-1.809862953600922530e+00,3.648876505912488799e+00,4.073070545205077053e+00
2.457881569862365723e-01,-1.620781064033508301e+00,3.499348878860473633e+00,3.856471776962280273e+00,-1.898029702651260919e+00,3.602540281958192203e+00,4.071954473625392978e+00
2.460800707340240479e-01,-1.695280313491821289e+00,3.445901870727539062e+00,3.840340375900268555e+00,-1.985002356341503793e+00,3.554056390345757155e+00,4.070817016329625559e+00
2.463719695806503296e-01,-1.768705129623413086e+00,3.390408039093017578e+00,3.824027538299560547e+00,-2.070728266274523222e+00,3.503454817233802920e+00,4.069657382280114533e+00
2.466638833284378052e-01,-1.841018795967102051e+00,3.332897663116455078e+00,3.807565927505493164e+00,-2.155142679838159658e+00,3.450777604595321346e+00,4.068477116420422313e+00
2.469557970762252808e-01,-1.912165880203247070e+00,3.273396253585815430e+00,3.790976524353027344e+00,-2.238219747519927694e+00,3.396039966339819749e+00,4.067273668093349670e+00
2.472477108240127563e-01,-1.982110381126403809e+00,3.211952209472656250e+00,3.774307966232299805e+00,-2.319896928212872744e+00,3.339285896604114345e+00,4.066048703199540704e+00
2.475396096706390381e-01,-2.050807237625122070e+00,3.148609161376953125e+00,3.757599115371704102e+00,-2.400111543082097842e+00,3.280559442689375160e+00,4.064800816307528208e+00
2.478315234184265137e-01,-2.118211507797241211e+00,3.083389997482299805e+00,3.740870475769042969e+00,-2.478840073772602626e+00,3.219880536867512966e+00,4.063530334947579981e+00
2.481234371662139893e-01,-2.184289455413818359e+00,3.016345500946044922e+00,3.724172353744506836e+00,-2.556022691177376238e+00,3.157295447578282399e+00,4.062236642677550691e+00
2.484153509140014648e-01,-2.249002218246459961e+00,2.947519063949584961e+00,3.707543611526489258e+00,-2.631611883859445555e+00,3.092844401319085890e+00,4.060919550796478816e+00
2.487072497606277466e-01,-2.312298297882080078e+00,2.876947641372680664e+00,3.691009521484375000e+00,-2.705551154056446972e+00,3.026577967339228792e+00,4.059578948560974787e+00
2.489991635084152222e-01,-2.374152183532714844e+00,2.804676771163940430e+00,3.674616813659667969e+00,-2.777818756058409999e+00,2.958517801886567433e+00,4.058214462739693218e+00
2.492910772562026978e-01,-2.434525966644287109e+00,2.730756521224975586e+00,3.658407926559448242e+00,-2.848359590030009603e+00,2.888716870296638373e+00,4.056826039017735752e+00
2.495829910039901733e-01,-2.493374586105346680e+00,2.655224561691284180e+00,3.642407894134521484e+00,-2.917131237439937408e+00,2.817219046772543756e+00,4.055413396183656261e+00
2.498748898506164551e-01,-2.550665378570556641e+00,2.578137636184692383e+00,3.626663446426391602e+00,-2.984081093269815188e+00,2.744080482359172013e+00,4.053975538267951428e+00
2.501668035984039307e-01,-2.606370210647583008e+00,2.499542713165283203e+00,3.611215591430664062e+00,-3.049190978438692134e+00,2.669325145220221795e+00,4.052513091144415824e+00
2.504587173461914062e-01,-2.660450696945190430e+00,2.419477701187133789e+00,3.596091032028198242e+00,-3.112410567499647396e+00,2.593010783743523451e+00,4.051025112893485769e+00
2.507506310939788818e-01,-2.712875604629516602e+00,2.337999820709228516e+00,3.581331968307495117e+00,-3.173693073058623693e+00,2.515198161374460728e+00,4.049512256181200698e+00
2.510425448417663574e-01,-2.763617753982543945e+00,2.255163431167602539e+00,3.566979885101318359e+00,-3.233029243461059909e+00,2.435899281725242282e+00,4.047972751857891183e+00
2.513344585895538330e-01,-2.812639236450195312e+00,2.171013355255126953e+00,3.553060531616210938e+00,-3.290347579948433854e+00,2.355213496554946939e+00,4.046408013439462437e+00
2.516263425350189209e-01,-2.859909772872924805e+00,2.085614204406738281e+00,3.539614439010620117e+00,-3.345632306740008222e+00,2.273166755406206718e+00,4.044816760965377789e+00
2.519182562828063965e-01,-2.905415534973144531e+00,1.999004960060119629e+00,3.526678562164306641e+00,-3.398858952713878612e+00,2.189797992513012659e+00,4.043198910325499718e+00
2.522101700305938721e-01,-2.949117183685302734e+00,1.911242365837097168e+00,3.514276504516601562e+00,-3.449986634023109566e+00,2.105172167041077902e+00,4.041553863036162930e+00
2.525020837783813477e-01,-2.990991830825805664e+00,1.822383522987365723e+00,3.502444028854370117e+00,-3.498985827156129602e+00,2.019342280767002951e+00,4.039881813312456771e+00
2.527939975261688232e-01,-3.031020164489746094e+00,1.732486605644226074e+00,3.491216659545898438e+00,-3.545827229748979903e+00,1.932362325859933394e+00,4.038182128338460686e+00
2.530859112739562988e-01,-3.069171905517578125e+00,1.641603469848632812e+00,3.480614662170410156e+00,-3.590477125336692055e+00,1.844301092398035413e+00,4.036455438498810722e+00
2.533778250217437744e-01,-3.105425357818603516e+00,1.549791455268859863e+00,3.470665454864501953e+00,-3.632923191785383921e+00,1.755186224064867462e+00,4.034700682647870629e+00
2.536697387695312500e-01,-3.139767408370971680e+00,1.457110762596130371e+00,3.461402893066406250e+00,-3.673133179903825152e+00,1.665086941305172319e+00,4.032917291417640548e+00
2.539616227149963379e-01,-3.172167062759399414e+00,1.363625526428222656e+00,3.452842235565185547e+00,-3.711078252222196561e+00,1.574074574410142979e+00,4.031105625001784709e+00
2.542535364627838135e-01,-3.202613115310668945e+00,1.269374966621398926e+00,3.445002555847167969e+00,-3.746748296814507828e+00,1.482177578536547191e+00,4.029264594687084866e+00
2.545454502105712891e-01,-3.231091976165771484e+00,1.174429774284362793e+00,3.437912225723266602e+00,-3.780117760869602161e+00,1.389467713199292520e+00,4.027395040477787624e+00
2.548373639583587646e-01,-3.257581472396850586e+00,1.078846812248229980e+00,3.431581020355224609e+00,-3.811166685229280926e+00,1.296003324902071485e+00,4.025495760867072725e+00
2.551292777061462402e-01,-3.282065868377685547e+00,9.826853871345520020e-01,3.426021814346313477e+00,-3.839878485868790214e+00,1.201843080678784981e+00,4.023567270074338786e+00
2.554211914539337158e-01,-3.304539680480957031e+00,8.860071897506713867e-01,3.421255826950073242e+00,-3.866232731887162988e+00,1.107060495601739580e+00,4.021608941460823594e+00
2.557131052017211914e-01,-3.324985027313232422e+00,7.888710498809814453e-01,3.417285919189453125e+00,-3.890223432132547732e+00,1.011685709863639593e+00,4.019620172038079531e+00
2.560050189495086670e-01,-3.343388557434082031e+00,6.913367509841918945e-01,3.414116859436035156e+00,-3.911832735976674691e+00,9.157928770612366876e-01,4.017600272293754493e+00
2.562969028949737549e-01,-3.359748125076293945e+00,5.934765338897705078e-01,3.411762475967407227e+00,-3.931048113771389740e+00,8.194574326985173407e-01,4.015550990435864165e+00
2.565888166427612305e-01,-3.374052524566650391e+00,4.953404068946838379e-01,3.410218715667724609e+00,-3.947862960291551815e+00,7.227093139927774912e-01,4.013468662612663884e+00
2.568807303905487061e-01,-3.386291742324829102e+00,3.969787955284118652e-01,3.409481287002563477e+00,-3.962268750328844291e+00,6.256242638112218257e-01,4.011356300467689984e+00
2.571726441383361816e-01,-3.396468400955200195e+00,2.984637320041656494e-01,3.409556865692138672e+00,-3.974255632501584312e+00,5.282781471727288070e-01,4.009212595167637616e+00
2.574645578861236572e-01,-3.404574632644653320e+00,1.998558640480041504e-01,3.410435676574707031e+00,-3.983822083927742508e+00,4.307015168405439742e-01,4.007036584933948653e+00
2.577564716339111328e-01,-3.410601139068603516e+00,1.012164205312728882e-01,3.412102699279785156e+00,-3.990961993529047458e+00,3.329703228868447495e-01,4.004827945082873875e+00
2.580483853816986084e-01,-3.414557218551635742e+00,2.606645459309220314e-03,3.414557933807373047e+00,-3.995673870962523466e+00,2.351458131548397334e-01,4.002587067952037891e+00
2.583402693271636963e-01,-3.416439056396484375e+00,-9.590244293212890625e-02,3.417784690856933594e+00,-3.997956511579926264e+00,1.373041577470463792e-01,4.000313575236190466e+00
2.586321830749511719e-01,-3.416241168975830078e+00,-1.942692101001739502e-01,3.421760559082031250e+00,-3.997811917433660156e+00,3.947595815757948268e-02,3.998006813206683052e+00
2.589240968227386475e-01,-3.413976669311523438e+00,-2.924235761165618896e-01,3.426477432250976562e+00,-3.995242156967550251e+00,-5.826257196670492355e-02,3.995666955603644155e+00
2.592160105705261230e-01,-3.409647226333618164e+00,-3.903047442436218262e-01,3.431913614273071289e+00,-3.990251065288487275e+00,-1.558505151031900904e-01,3.993293496237640294e+00
2.595079243183135986e-01,-3.403248548507690430e+00,-4.878505468368530273e-01,3.438037157058715820e+00,-3.982844874735044005e+00,-2.532118905718609425e-01,3.990885811161500651e+00
2.597998380661010742e-01,-3.394799709320068359e+00,-5.850026011466979980e-01,3.444835901260375977e+00,-3.973029335534664419e+00,-3.503165465631339348e-01,3.988443779698410019e+00
2.600917518138885498e-01,-3.384306669235229492e+00,-6.817008852958679199e-01,3.452281713485717773e+00,-3.960814150367566455e+00,-4.470888114348994802e-01,3.985967528601082055e+00
2.603836655616760254e-01,-3.371767759323120117e+00,-7.778828144073486328e-01,3.460335254669189453e+00,-3.946209409617749131e+00,-5.434686870956962901e-01,3.983456654516173590e+00
2.606755495071411133e-01,-3.357208251953125000e+00,-8.734825849533081055e-01,3.468979358673095703e+00,-3.929228945900407943e+00,-6.393811664701679609e-01,3.980910497026827422e+00
2.609674632549285889e-01,-3.340635776519775391e+00,-9.684605598449707031e-01,3.478183746337890625e+00,-3.909881510710335295e+00,-7.347969429857185153e-01,3.978328791743549697e+00
2.612593770027160645e-01,-3.322052717208862305e+00,-1.062744379043579102e+00,3.487902164459228516e+00,-3.888187347064029797e+00,-8.296268329076352810e-01,3.975711449256494223e+00
2.615512907505035400e-01,-3.301486968994140625e+00,-1.156280517578125000e+00,3.498113870620727539e+00,-3.864153593185290170e+00,-9.238566945762001215e-01,3.973058542714925867e+00
2.618432044982910156e-01,-3.278954029083251953e+00,-1.249011516571044922e+00,3.508784770965576172e+00,-3.837811235823057832e+00,-1.017369122908535095e+00,3.970369631918089670e+00
2.621351182460784912e-01,-3.254457712173461914e+00,-1.340874433517456055e+00,3.519863367080688477e+00,-3.809168513260090538e+00,-1.110150515617848388e+00,3.967644002394703939e+00
2.624270319938659668e-01,-3.228029727935791016e+00,-1.431819081306457520e+00,3.531328678131103516e+00,-3.778249531707537301e+00,-1.202128747482209326e+00,3.964881215039281148e+00
2.627189457416534424e-01,-3.199689865112304688e+00,-1.521789908409118652e+00,3.543142557144165039e+00,-3.745076442645207671e+00,-1.293247138920634365e+00,3.962080983975780235e+00
2.630108296871185303e-01,-3.169448375701904297e+00,-1.610715270042419434e+00,3.555250406265258789e+00,-3.709679936731346217e+00,-1.383435775096909293e+00,3.959244849312185899e+00
2.633027434349060059e-01,-3.137338399887084961e+00,-1.698557257652282715e+00,3.567630767822265625e+00,-3.672072502421007467e+00,-1.472666978319015829e+00,3.956370115657499742e+00
2.635946571826934814e-01,-3.103379249572753906e+00,-1.785271525382995605e+00,3.580245494842529297e+00,-3.632292727282859346e+00,-1.560858295586156519e+00,3.953457863133496453e+00
2.638865709304809570e-01,-3.067585706710815430e+00,-1.870787620544433594e+00,3.593038797378540039e+00,-3.590356038458093035e+00,-1.647983107946789261e+00,3.950506905065532592e+00
2.641784846782684326e-01,-3.029995918273925781e+00,-1.955061316490173340e+00,3.605986833572387695e+00,-3.546298180849391635e+00,-1.733974487699166067e+00,3.947517993814251280e+00
2.644703984260559082e-01,-2.990636587142944336e+00,-2.038041830062866211e+00,3.619050025939941406e+00,-3.500148840693785957e+00,-1.818779463669117691e+00,3.944489909287964391e+00
2.647623121738433838e-01,-2.949525117874145508e+00,-2.119670152664184570e+00,3.632175683975219727e+00,-3.451940257900999676e+00,-1.902346378892149081e+00,3.941422749389069224e+00
2.650542259216308594e-01,-2.906699419021606445e+00,-2.199904441833496094e+00,3.645337104797363281e+00,-3.401713537386302999e+00,-1.984611589847993685e+00,3.938316664895830765e+00
2.653461098670959473e-01,-2.862195968627929688e+00,-2.278689146041870117e+00,3.658495426177978516e+00,-3.349487863247254005e+00,-2.065551082333906052e+00,3.935170926373011913e+00
2.656380236148834229e-01,-2.816026687622070312e+00,-2.355983734130859375e+00,3.671602725982666016e+00,-3.295306090959785550e+00,-2.145102065068791752e+00,3.931984880779560765e+00
2.659299373626708984e-01,-2.768236398696899414e+00,-2.431740522384643555e+00,3.684629440307617188e+00,-3.239214169705809887e+00,-2.223204939880783382e+00,3.928759173318367104e+00
2.662218511104583740e-01,-2.718860387802124023e+00,-2.505916357040405273e+00,3.697542190551757812e+00,-3.181233237487546273e+00,-2.299837086478722981e+00,3.925493030899231961e+00
2.665137648582458496e-01,-2.667923450469970703e+00,-2.578456640243530273e+00,3.710290431976318359e+00,-3.121410535902146677e+00,-2.374939269511999296e+00,3.922185649291873855e+00
2.668056786060333252e-01,-2.615468025207519531e+00,-2.649325132369995117e+00,3.722847700119018555e+00,-3.059787545379093920e+00,-2.448467083712608794e+00,3.918837950576822049e+00
2.670975923538208008e-01,-2.561531782150268555e+00,-2.718482017517089844e+00,3.735182762145996094e+00,-2.996404976113457685e+00,-2.520375981441643543e+00,3.915448616532391402e+00
2.673895061016082764e-01,-2.506145000457763672e+00,-2.785876512527465820e+00,3.747248411178588867e+00,-2.931315646811772702e+00,-2.590611892674286487e+00,3.912017561273079647e+00
2.676813900470733643e-01,-2.449355840682983398e+00,-2.851468086242675781e+00,3.759017705917358398e+00,-2.864554847739036347e+00,-2.659145217551744711e+00,3.908545479297065750e+00
2.679733037948608398e-01,-2.391194343566894531e+00,-2.915234804153442383e+00,3.770464658737182617e+00,-2.796155670617169520e+00,-2.725944958856339362e+00,3.905030403599803357e+00
2.682652175426483154e-01,-2.331699848175048828e+00,-2.977122783660888672e+00,3.781545400619506836e+00,-2.726174776601448357e+00,-2.790961171067276148e+00,3.901473205211485329e+00
2.685571312904357910e-01,-2.270915746688842773e+00,-3.037100791931152344e+00,3.792234182357788086e+00,-2.654659230256262159e+00,-2.854155790623702948e+00,3.897873895591747129e+00
2.688490450382232666e-01,-2.208887100219726562e+00,-3.095137596130371094e+00,3.802506923675537109e+00,-2.581655968065331930e+00,-2.915490823085110428e+00,3.894230896716428525e+00
2.691409587860107422e-01,-2.145649909973144531e+00,-3.151190757751464844e+00,3.812324523925781250e+00,-2.507226014077198695e+00,-2.974922102927422429e+00,3.890545437872632295e+00
2.694328725337982178e-01,-2.081249713897705078e+00,-3.205231189727783203e+00,3.821663141250610352e+00,-2.431395897505370218e+00,-3.032433465307867504e+00,3.886816014673839081e+00
2.697247564792633057e-01,-2.015739917755126953e+00,-3.257228136062622070e+00,3.830501556396484375e+00,-2.354227376898765378e+00,-3.087982741728832359e+00,3.883043130761588468e+00
2.700166702270507812e-01,-1.949152112007141113e+00,-3.307149410247802734e+00,3.838806152343750000e+00,-2.275783934596668612e+00,-3.141528903862127020e+00,3.879226259290565526e+00
2.703085839748382568e-01,-1.881529808044433594e+00,-3.354970216751098633e+00,3.846554040908813477e+00,-2.196093909416906076e+00,-3.193059430409149968e+00,3.875365400204584088e+00
2.706004977226257324e-01,-1.812924504280090332e+00,-3.400668621063232422e+00,3.853731155395507812e+00,-2.115221690304249336e+00,-3.242536224051270288e+00,3.871460184919668368e+00
2.708924114704132080e-01,-1.743379712104797363e+00,-3.444209098815917969e+00,3.860304117202758789e+00,-2.033220620017868630e+00,-3.289930768879778977e+00,3.867509606153259227e+00
2.711843252182006836e-01,-1.672942876815795898e+00,-3.485568284988403320e+00,3.866254568099975586e+00,-1.950145465077468998e+00,-3.335217216206523450e+00,3.863514101726899685e+00
2.714762389659881592e-01,-1.601664066314697266e+00,-3.524730682373046875e+00,3.871570110321044922e+00,-1.866063619162049436e+00,-3.378364531038754670e+00,3.859474100877070768e+00
2.717681527137756348e-01,-1.529587984085083008e+00,-3.561667203903198242e+00,3.876224040985107422e+00,-1.781004945629214964e+00,-3.419362117486650643e+00,3.855387906146217070e+00
2.720600366592407227e-01,-1.456770300865173340e+00,-3.596354007720947266e+00,3.880198955535888672e+00,-1.695051424973221810e+00,-3.458175177013333990e+00,3.851256274024744020e+00
2.723519504070281982e-01,-1.383247613906860352e+00,-3.628787994384765625e+00,3.883487701416015625e+00,-1.608233457604136607e+00,-3.494795985056433629e+00,3.847078609974576846e+00
2.726438641548156738e-01,-1.309073805809020996e+00,-3.658941507339477539e+00,3.886068105697631836e+00,-1.520620770185806769e+00,-3.529199047334232731e+00,3.842854855758324639e+00
2.729357779026031494e-01,-1.234297990798950195e+00,-3.686796665191650391e+00,3.887925148010253906e+00,-1.432271050128269163e+00,-3.561365875388233793e+00,3.838584017501158741e+00
2.732276916503906250e-01,-1.158972024917602539e+00,-3.712349176406860352e+00,3.889055252075195312e+00,-1.343255736670622813e+00,-3.591276197655629332e+00,3.834266644607077001e+00
2.735196053981781006e-01,-1.083144307136535645e+00,-3.735580444335937500e+00,3.889442443847656250e+00,-1.253592129792632459e+00,-3.618930810722177593e+00,3.829902536706685900e+00
2.738115191459655762e-01,-1.006864428520202637e+00,-3.756474733352661133e+00,3.889071702957153320e+00,-1.163393770373374991e+00,-3.644296510327917016e+00,3.825491095288527266e+00
2.741034328937530518e-01,-9.301845431327819824e-01,-3.775033950805664062e+00,3.887945890426635742e+00,-1.072677982321664336e+00,-3.667375858611667372e+00,3.821031764076993742e+00
2.743953168392181396e-01,-8.531621694564819336e-01,-3.791242599487304688e+00,3.886052608489990234e+00,-9.815318063926117276e-01,-3.688151619990486463e+00,3.816525521858696202e+00
2.746872305870056152e-01,-7.758316993713378906e-01,-3.805092096328735352e+00,3.883380174636840820e+00,-8.899863154188797365e-01,-3.706621819065164303e+00,3.811970743749592661e+00
2.749791443347930908e-01,-6.982530355453491211e-01,-3.816587686538696289e+00,3.879935264587402344e+00,-7.981151978834440941e-01,-3.722775904018596815e+00,3.807367634026691761e+00
2.752710580825805664e-01,-6.204764246940612793e-01,-3.825720787048339844e+00,3.875710248947143555e+00,-7.059777113559960737e-01,-3.736609043920562367e+00,3.802716354928459275e+00
2.755629718303680420e-01,-5.425524711608886719e-01,-3.832482814788818359e+00,3.870696067810058594e+00,-6.136481070007364647e-01,-3.748114916860981083e+00,3.798016512499831521e+00
2.758548855781555176e-01,-4.645327031612396240e-01,-3.836885452270507812e+00,3.864903450012207031e+00,-5.211572861075801644e-01,-3.757295994941230344e+00,3.793267471516400757e+00
2.761467993259429932e-01,-3.864676058292388916e-01,-3.838926792144775391e+00,3.858330488204956055e+00,-4.285793417497942293e-01,-3.764149915969989824e+00,3.788469986956683133e+00
2.764387130737304688e-01,-3.084081709384918213e-01,-3.838600158691406250e+00,3.850969552993774414e+00,-3.359737567590712071e-01,-3.768676200425740586e+00,3.783622426839945430e+00
2.767305970191955566e-01,-2.304128408432006836e-01,-3.835923910140991211e+00,3.842838048934936523e+00,-2.434146261074467410e-01,-3.770878047941558009e+00,3.778726231503224398e+00
2.770225107669830322e-01,-1.525240242481231689e-01,-3.830900907516479492e+00,3.833935976028442383e+00,-1.509325091664751872e-01,-3.770760448797326081e+00,3.773779933241669493e+00
2.773144245147705078e-01,-7.478494942188262939e-02,-3.823527336120605469e+00,3.824258327484130859e+00,-5.860108034962684120e-02,-3.768327529230722117e+00,3.768783152978725681e+00
2.776063382625579834e-01,2.747326856479048729e-03,-3.813826799392700195e+00,3.813827753067016602e+00,3.352061335995840802e-02,-3.763586719881221399e+00,3.763735993608786856e+00
2.778982520103454590e-01,8.002302795648574829e-02,-3.801807403564453125e+00,3.802649497985839844e+00,1.253594573320978012e-01,-3.756548750677668913e+00,3.758639848370758152e+00
2.781901657581329346e-01,1.569908261299133301e-01,-3.787468910217285156e+00,3.790721178054809570e+00,2.168855737007895079e-01,-3.747219934247367767e+00,3.753491253180213150e+00
2.784820795059204102e-01,2.336034774780273438e-01,-3.770839929580688477e+00,3.778069019317626953e+00,3.080264871305718466e-01,-3.735615080182081549e+00,3.748292990690266002e+00
2.787739634513854980e-01,3.098044693470001221e-01,-3.751936197280883789e+00,3.764705181121826172e+00,3.987102540492212799e-01,-3.721747981747800083e+00,3.743043935933402899e+00
2.790658771991729736e-01,3.855580091476440430e-01,-3.730756521224975586e+00,3.750626564025878906e+00,4.889077173372531337e-01,-3.705630056414755291e+00,3.737743285871347965e+00
2.793577909469604492e-01,4.608113169670104980e-01,-3.707336187362670898e+00,3.735865354537963867e+00,5.785478259168603810e-01,-3.687278938505861525e+00,3.732391131328821388e+00
2.796497046947479248e-01,5.355171561241149902e-01,-3.681694030761718750e+00,3.720436811447143555e+00,6.675601727107469685e-01,-3.666715122734747645e+00,3.726987573829740885e+00
2.799416184425354004e-01,6.096239686012268066e-01,-3.653836488723754883e+00,3.704344034194946289e+00,7.559167283074940125e-01,-3.643952078304510067e+00,3.721531519296170654e+00
2.802335321903228760e-01,6.830897331237792969e-01,-3.623800992965698242e+00,3.687620639801025391e+00,8.435481568953158149e-01,-3.619014071656342146e+00,3.716024265777619906e+00
2.805254459381103516e-01,7.558687329292297363e-01,-3.591611623764038086e+00,3.670287847518920898e+00,9.303997369096470571e-01,-3.591922187901046115e+00,3.710464751803657979e+00
2.808173596858978271e-01,8.279103040695190430e-01,-3.557278156280517578e+00,3.652350425720214844e+00,1.016417315120076825e+00,-3.562699756206586077e+00,3.704852724650518514e+00
2.811092436313629150e-01,8.991674184799194336e-01,-3.520846366882324219e+00,3.633849382400512695e+00,1.101533844257301498e+00,-3.531376252376147384e+00,3.699188430708886255e+00
2.814011573791503906e-01,9.696111679077148438e-01,-3.482336759567260742e+00,3.614804983139038086e+00,1.185723993887895844e+00,-3.497969459011635251e+00,3.693471500615594483e+00
2.816930711269378662e-01,1.039184808731079102e+00,-3.441768169403076172e+00,3.595229148864746094e+00,1.268921689426903532e+00,-3.462510264210116873e+00,3.687701124502694938e+00
2.819849848747253418e-01,1.107851147651672363e+00,-3.399184465408325195e+00,3.575162649154663086e+00,1.351063279481411028e+00,-3.425033503030721516e+00,3.681878118847222492e+00
2.822768986225128174e-01,1.175568938255310059e+00,-3.354618072509765625e+00,3.554634571075439453e+00,1.432124240599939036e+00,-3.385558952514678310e+00,3.676001803789850531e+00
2.825688123703002930e-01,1.242290616035461426e+00,-3.308089971542358398e+00,3.533658981323242188e+00,1.512042268002219636e+00,-3.344123236401836952e+00,3.670072484361581733e+00
2.828607261180877686e-01,1.307981252670288086e+00,-3.259644746780395508e+00,3.512278318405151367e+00,1.590768317628565187e+00,-3.300758347018372785e+00,3.664089178197260210e+00
2.831526398658752441e-01,1.372602701187133789e+00,-3.209320545196533203e+00,3.490526676177978516e+00,1.668254816098858617e+00,-3.255498846654707457e+00,3.658052333142209900e+00
2.834445238113403320e-01,1.436103105545043945e+00,-3.157147407531738281e+00,3.468425035476684570e+00,1.744443392546015659e+00,-3.208387148357107588e+00,3.651962601607593673e+00
2.837364375591278076e-01,1.498456597328186035e+00,-3.103167772293090820e+00,3.446015596389770508e+00,1.819300090545965976e+00,-3.159451904093640628e+00,3.645818036290551234e+00
2.840283513069152832e-01,1.559633970260620117e+00,-3.047416448593139648e+00,3.423332452774047852e+00,1.892804185871178602e+00,-3.108716876831469911e+00,3.639619252936804994e+00
2.843202650547027588e-01,1.619586586952209473e+00,-2.989929914474487305e+00,3.400403022766113281e+00,1.964864232123844978e+00,-3.056248990454509151e+00,3.633366117298645115e+00
2.846121788024902344e-01,1.678283929824829102e+00,-2.930756092071533203e+00,3.377272367477416992e+00,2.035473378476101214e+00,-3.002066924156060690e+00,3.627059096788574077e+00
2.849040925502777100e-01,1.735694527626037598e+00,-2.869939804077148438e+00,3.353981256484985352e+00,2.104577865238447476e+00,-2.946217632685083743e+00,3.620696939816438142e+00
2.851960062980651855e-01,1.791778445243835449e+00,-2.807516098022460938e+00,3.330557823181152344e+00,2.172127038269044963e+00,-2.888752306664950087e+00,3.614280808078077278e+00
2.854879200458526611e-01,1.846507906913757324e+00,-2.743534326553344727e+00,3.307048797607421875e+00,2.238114218073567585e+00,-2.829687646133636214e+00,3.607809228302457427e+00
2.857798039913177490e-01,1.899850010871887207e+00,-2.678049564361572266e+00,3.283500909805297852e+00,2.302458604170038114e+00,-2.769103301048687182e+00,3.601284314768188111e+00
2.860717177391052246e-01,1.951778650283813477e+00,-2.611087322235107422e+00,3.259941339492797852e+00,2.365144228348243338e+00,-2.707024883175340513e+00,3.594703178152470535e+00
2.863636314868927002e-01,2.002263307571411133e+00,-2.542705297470092773e+00,3.236419200897216797e+00,2.426156169146665320e+00,-2.643480710031243408e+00,3.588066891990129736e+00
2.866555452346801758e-01,2.051280021667480469e+00,-2.472954511642456055e+00,3.212981939315795898e+00,2.485419851800782620e+00,-2.578554007661019831e+00,3.581375798509579766e+00
2.869474589824676514e-01,2.098795890808105469e+00,-2.401877164840698242e+00,3.189664125442504883e+00,2.542932134214731743e+00,-2.512264038125954002e+00,3.574629272593567109e+00
2.872393727302551270e-01,2.144788026809692383e+00,-2.329525709152221680e+00,3.166513204574584961e+00,2.598651455831531454e+00,-2.444668228450811220e+00,3.567827369155094797e+00
2.875312864780426025e-01,2.189236640930175781e+00,-2.255953550338745117e+00,3.143578052520751953e+00,2.652537885028574571e+00,-2.375825565883639801e+00,3.560969580187141048e+00
2.878232002258300781e-01,2.232112884521484375e+00,-2.181206941604614258e+00,3.120895862579345703e+00,2.704590333779923306e+00,-2.305755888794152941e+00,3.554056709210576592e+00
2.881150841712951660e-01,2.273391485214233398e+00,-2.105345726013183594e+00,3.098514080047607422e+00,2.754745452691087504e+00,-2.234550320743511787e+00,3.547088615337535611e+00
2.884069979190826416e-01,2.313066482543945312e+00,-2.028411149978637695e+00,3.076479673385620117e+00,2.802994777673075255e+00,-2.162239207985099831e+00,3.540064705088109775e+00
2.886989116668701172e-01,2.351108312606811523e+00,-1.950459241867065430e+00,3.054832458496093750e+00,2.849320785654424704e+00,-2.088863025475200530e+00,3.532984245472905904e+00
2.889908254146575928e-01,2.387498617172241211e+00,-1.871543765068054199e+00,3.033616065979003906e+00,2.893692063607506526e+00,-2.014485149843626477e+00,3.525848008341478046e+00
2.892827391624450684e-01,2.422227144241333008e+00,-1.791722059249877930e+00,3.012881040573120117e+00,2.936079567149833647e+00,-1.939169179917107355e+00,3.518656040731339196e+00
2.895746529102325439e-01,2.455272436141967773e+00,-1.711045145988464355e+00,2.992664098739624023e+00,2.976484430935802727e+00,-1.862934791508962018e+00,3.511407923471405290e+00
2.898665666580200195e-01,2.486619710922241211e+00,-1.629567861557006836e+00,2.973006725311279297e+00,3.014858731635523537e+00,-1.785881047177104275e+00,3.504103920603004685e+00
2.901584506034851074e-01,2.516259431838989258e+00,-1.547356963157653809e+00,2.953959465026855469e+00,3.051200116034696652e+00,-1.708039917405248076e+00,3.496744558520091584e+00
2.904503643512725830e-01,2.544180870056152344e+00,-1.464448809623718262e+00,2.935552120208740234e+00,3.085503942475961381e+00,-1.629441296908503922e+00,3.489328519802279871e+00
2.907422780990600586e-01,2.570366144180297852e+00,-1.380915522575378418e+00,2.917826175689697266e+00,3.117729787522835139e+00,-1.550187307370602507e+00,3.481855786206559777e+00
2.910341918468475342e-01,2.594818592071533203e+00,-1.296799063682556152e+00,2.900822639465332031e+00,3.147883835387536688e+00,-1.470298069104678751e+00,3.474327136742752842e+00
2.913261055946350098e-01,2.617523670196533203e+00,-1.212162613868713379e+00,2.884574174880981445e+00,3.175947580841418816e+00,-1.389840428072362633e+00,3.466741907289440761e+00
2.916180193424224854e-01,2.638470411300659180e+00,-1.127061963081359863e+00,2.869110345840454102e+00,3.201906218650767855e+00,-1.308882289196866111e+00,3.459100501576628961e+00
2.919099330902099609e-01,2.657662868499755859e+00,-1.041556119918823242e+00,2.854472160339355469e+00,3.225766304667182727e+00,-1.227443115394808881e+00,3.451403316602724036e+00
2.922018468379974365e-01,2.675092935562133789e+00,-9.557008743286132812e-01,2.840684175491333008e+00,3.247499891461031574e+00,-1.145627110905243384e+00,3.443648794851255523e+00
2.924937307834625244e-01,2.690751552581787109e+00,-8.695614337921142578e-01,2.827769756317138672e+00,3.267113454536310080e+00,-1.063466774690962513e+00,3.435839330597951768e+00
2.927856445312500000e-01,2.704649209976196289e+00,-7.831785082817077637e-01,2.815758466720581055e+00,3.284604362586037496e+00,-9.810049842642082352e-01,3.427972665858123325e+00
2.930775582790374756e-01,2.716781616210937500e+00,-6.966173052787780762e-01,2.804670572280883789e+00,3.299966470588609813e+00,-8.983101039687694245e-01,3.420049670677522080e+00
2.933694720268249512e-01,2.727143526077270508e+00,-6.099346280097961426e-01,2.794518470764160156e+00,3.313198772905844969e+00,-8.154387365101694041e-01,3.412070697067412617e+00
2.936613857746124268e-01,2.735747098922729492e+00,-5.231878757476806641e-01,2.785325527191162109e+00,3.324300971918140668e+00,-7.324461622575816344e-01,3.404035007531760915e+00
2.939532995223999023e-01,2.742593765258789062e+00,-4.364335536956787109e-01,2.777101993560791016e+00,3.333273128150968656e+00,-6.494015048531949219e-01,3.395943471461051466e+00
2.942452132701873779e-01,2.747681140899658203e+00,-3.497285842895507812e-01,2.769848585128784180e+00,3.340123088813875540e+00,-5.663346759488799842e-01,3.387795332308264573e+00
2.945371270179748535e-01,2.751026153564453125e+00,-2.631290853023529053e-01,2.763581275939941406e+00,3.344852840658449455e+00,-4.833140390584368951e-01,3.379590653616481699e+00
2.948290109634399414e-01,2.752634286880493164e+00,-1.766998469829559326e-01,2.758299827575683594e+00,3.347468701208200503e+00,-4.004076536908344197e-01,3.371331041992571276e+00
2.951209247112274170e-01,2.752505540847778320e+00,-9.048034995794296265e-02,2.753992319107055664e+00,3.347979676058626897e+00,-3.176447548584120928e-01,3.363014436720527467e+00
2.954128384590148926e-01,2.750661611557006836e+00,-4.533603787422180176e-03,2.750665187835693359e+00,3.346393634114726456e+00,-2.350929006491646323e-01,3.354641415468902821e+00
2.957047522068023682e-01,2.747111797332763672e+00,8.108527213335037231e-02,2.748308181762695312e+00,3.342721142877651985e+00,-1.528191077096584805e-01,3.346212533405858558e+00
2.959966659545898438e-01,2.741859674453735352e+00,1.663191467523574829e-01,2.746899366378784180e+00,3.336975649916513742e+00,-7.083903838923807927e-02,3.337727469026740668e+00
2.962885797023773193e-01,2.734929561614990234e+00,2.511161863803863525e-01,2.746433734893798828e+00,3.329169443073128232e+00,1.074287365727769061e-02,3.329186776080046872e+00
2.965804934501647949e-01,2.726336002349853516e+00,3.354226648807525635e-01,2.746892213821411133e+00,3.319317464428531483e+00,9.191182778298562228e-02,3.320589738848607642e+00
2.968724071979522705e-01,2.716084718704223633e+00,4.191814959049224854e-01,2.748241186141967773e+00,3.307436636528642726e+00,1.726026434468954651e-01,3.311937314801830290e+00
2.971642911434173584e-01,2.704205751419067383e+00,5.023351907730102539e-01,2.750467300415039062e+00,3.293545773000856158e+00,2.527508572041906043e-01,3.303229745971245634e+00
2.974562048912048340e-01,2.690716266632080078e+00,5.848404169082641602e-01,2.753541707992553711e+00,3.277661594523512356e+00,3.323302492016541598e-01,3.294466409412736496e+00
2.977481186389923096e-01,2.675622940063476562e+00,6.666488051414489746e-01,2.757422447204589844e+00,3.259804021726699474e+00,4.112774444637339322e-01,3.285646267690754740e+00
2.980400323867797852e-01,2.658959865570068359e+00,7.477059364318847656e-01,2.762088298797607422e+00,3.239998901644448370e+00,4.895301227614005657e-01,3.276771677085240420e+00
2.983319461345672607e-01,2.640747547149658203e+00,8.279618620872497559e-01,2.767502307891845703e+00,3.218261983136985638e+00,5.670759385771032557e-01,3.267841078176523695e+00
2.986238598823547363e-01,2.620999336242675781e+00,9.073609709739685059e-01,2.773615121841430664e+00,3.194626951879333543e+00,6.438170429218562640e-01,3.258855895315177165e+00
2.989157736301422119e-01,2.599749326705932617e+00,9.858602285385131836e-01,2.780398607254028320e+00,3.169112038756763727e+00,7.197424222990311815e-01,3.249815420704678548e+00
2.992076873779296875e-01,2.577022552490234375e+00,1.063412070274353027e+00,2.787811040878295898e+00,3.141746219323336309e+00,7.947926168469466868e-01,3.240719767339794721e+00
2.994995713233947754e-01,2.552837610244750977e+00,1.139955043792724609e+00,2.795796394348144531e+00,3.112562233628926478e+00,8.689099411772024384e-01,3.231570538312549701e+00
2.997914850711822510e-01,2.527225494384765625e+00,1.215464115142822266e+00,2.804322004318237305e+00,3.081583871442551636e+00,9.420603719084932326e-01,3.222365109830857222e+00
3.000833988189697266e-01,2.500217199325561523e+00,1.289887189865112305e+00,2.813342332839965820e+00,3.048835194357134792e+00,1.014223299363576469e+00,3.213105187092798687e+00
3.003753125667572021e-01,2.471832990646362305e+00,1.363172411918640137e+00,2.822799682617187500e+00,3.014363440525676729e+00,1.085308277297968305e+00,3.203791661196039087e+00
3.006672263145446777e-01,2.442109346389770508e+00,1.435282230377197266e+00,2.832654953002929688e+00,2.978188321627907253e+00,1.155307651885261189e+00,3.194423492523414065e+00
3.009591400623321533e-01,2.411078691482543945e+00,1.506175279617309570e+00,2.842862129211425781e+00,2.940347637914401346e+00,1.224168000208670559e+00,3.185001024257871904e+00
3.012510538101196289e-01,2.378764629364013672e+00,1.575802683830261230e+00,2.853362083435058594e+00,2.900876153466904750e+00,1.291848836494733588e+00,3.175524503779767915e+00
3.015429377555847168e-01,2.345208406448364258e+00,1.644122242927551270e+00,2.864112377166748047e+00,2.859816030333551140e+00,1.358300172837236586e+00,3.165995433806311876e+00
3.018348515033721924e-01,2.310438156127929688e+00,1.711110711097717285e+00,2.875069379806518555e+00,2.817191197446219153e+00,1.423504338804791880e+00,3.156411070434985255e+00
3.021267652511596680e-01,2.274483919143676758e+00,1.776714801788330078e+00,2.886172771453857422e+00,2.773052386340085551e+00,1.487403316763036720e+00,3.146774247400681013e+00
3.024186789989471436e-01,2.237385034561157227e+00,1.840902090072631836e+00,2.897380113601684570e+00,2.727420022721085413e+00,1.549992250571309516e+00,3.137083989499005909e+00
3.027105927467346191e-01,2.199178218841552734e+00,1.903639197349548340e+00,2.908647060394287109e+00,2.680357013303840130e+00,1.611193963992199940e+00,3.127340676736703351e+00
3.030025064945220947e-01,2.159893751144409180e+00,1.964883446693420410e+00,2.919915676116943359e+00,2.631886176255458398e+00,1.671005869104982056e+00,3.117544780648367375e+00
3.032944202423095703e-01,2.119571447372436523e+00,2.024605035781860352e+00,2.931144714355468750e+00,2.582054295830889412e+00,1.729384668572673478e+00,3.107696207564852209e+00
3.035863339900970459e-01,2.078250408172607422e+00,2.082774639129638672e+00,2.942290544509887695e+00,2.530910133718044186e+00,1.786289058442710243e+00,3.097795136103876246e+00
3.038782179355621338e-01,2.035967826843261719e+00,2.139347791671752930e+00,2.953298807144165039e+00,2.478484552745993330e+00,1.841709291573856211e+00,3.087843712507157168e+00
3.041701316833496094e-01,1.992755651473999023e+00,2.194308757781982422e+00,2.964129924774169922e+00,2.424824635545798746e+00,1.895604442003973045e+00,3.077838643219460657e+00
3.044620454311370850e-01,1.948662996292114258e+00,2.247621536254882812e+00,2.974742174148559570e+00,2.369983397190945418e+00,1.947938553288211638e+00,3.067781920271925866e+00
3.047539591789245605e-01,1.903716564178466797e+00,2.299262046813964844e+00,2.985086679458618164e+00,2.313991245407715613e+00,1.998703360635472048e+00,3.057674051896160261e+00
3.050458729267120361e-01,1.857961535453796387e+00,2.349200487136840820e+00,2.995123386383056641e+00,2.256900420767953275e+00,2.047864623782813087e+00,3.047515221718127609e+00
3.053377866744995117e-01,1.811439990997314453e+00,2.397416830062866211e+00,3.004816532135009766e+00,2.198756350054792641e+00,2.095397541181481138e+00,3.037304782614953957e+00
3.056297004222869873e-01,1.764188885688781738e+00,2.443879842758178711e+00,3.014118432998657227e+00,2.139606642905763856e+00,2.141280337588256533e+00,3.027044444752760910e+00
3.059216141700744629e-01,1.716249942779541016e+00,2.488567829132080078e+00,3.022992610931396484e+00,2.079505681017112195e+00,2.185483219884555517e+00,3.016733462170532842e+00
3.062134981155395508e-01,1.667670726776123047e+00,2.531461715698242188e+00,3.031406402587890625e+00,2.018493740552015137e+00,2.227995894121344023e+00,3.006373676852103216e+00
3.065054118633270264e-01,1.618480324745178223e+00,2.572543144226074219e+00,3.039318561553955078e+00,1.956599943753019044e+00,2.268812473601436785e+00,2.995962846943164060e+00
3.067973256111145020e-01,1.568724989891052246e+00,2.611788988113403320e+00,3.046693086624145508e+00,1.893907622138037539e+00,2.307886894952243306e+00,2.985502972881598716e+00
3.070892393589019775e-01,1.518448114395141602e+00,2.649188756942749023e+00,3.053503990173339844e+00,1.830439117653851477e+00,2.345224919225178173e+00,2.974993661370080034e+00
3.073811531066894531e-01,1.467689752578735352e+00,2.684720516204833984e+00,3.059712171554565430e+00,1.766251812682067213e+00,2.380804888217039839e+00,2.964435423746120346e+00
3.076730668544769287e-01,1.416491389274597168e+00,2.718367815017700195e+00,3.065284967422485352e+00,1.701404108430337736e+00,2.414607161876174857e+00,2.953828648782347521e+00
3.079649806022644043e-01,1.364896655082702637e+00,2.750125408172607422e+00,3.070200681686401367e+00,1.635917684913944514e+00,2.446639171608286034e+00,2.943173441688796910e+00
3.082568943500518799e-01,1.312945842742919922e+00,2.779975652694702148e+00,3.074425697326660156e+00,1.569879716496212163e+00,2.476866301397186110e+00,2.932471483111677824e+00
3.085487782955169678e-01,1.260686278343200684e+00,2.807902812957763672e+00,3.077929258346557617e+00,1.503320520561994167e+00,2.505291611284672371e+00,2.921721863065704916e+00
3.088406920433044434e-01,1.208150029182434082e+00,2.833911418914794922e+00,3.080694913864135742e+00,1.436270372398577688e+00,2.531917861769295452e+00,2.910924362015672173e+00
3.091326057910919189e-01,1.155383706092834473e+00,2.857986450195312500e+00,3.082693099975585938e+00,1.368817770312786175e+00,2.556717257511229580e+00,2.900080209783827634e+00
3.094245195388793945e-01,1.102428436279296875e+00,2.880116462707519531e+00,3.083896636962890625e+00,1.300983532098204831e+00,2.579701034552040806e+00,2.889189432775149502e+00
3.097164332866668701e-01,1.049326658248901367e+00,2.900305986404418945e+00,3.084292650222778320e+00,1.232827084252010374e+00,2.600860613499863749e+00,2.878252690526007740e+00
3.100083470344543457e-01,9.961192607879638672e-01,2.918547391891479492e+00,3.083856821060180664e+00,1.164407952185013029e+00,2.620189264806494389e+00,2.867270071430120915e+00
3.103002607822418213e-01,9.428473114967346191e-01,2.934832811355590820e+00,3.082564830780029297e+00,1.095745959121511071e+00,2.637699704036644999e+00,2.856242100313998833e+00
3.105921745300292969e-01,8.895518779754638672e-01,2.949170351028442383e+00,3.080406904220581055e+00,1.026930549137758941e+00,2.653375273466695550e+00,2.845169009847542174e+00
3.108840584754943848e-01,8.362789750099182129e-01,2.961556673049926758e+00,3.077365636825561523e+00,9.579915007011566841e-01,2.667228291888813274e+00,2.834052659438030197e+00
3.111759722232818604e-01,7.830636501312255859e-01,2.971987485885620117e+00,3.073418140411376953e+00,8.889667996155135032e-01,2.679263292698655707e+00,2.822891029143897335e+00
3.114678859710693359e-01,7.299400568008422852e-01,2.980477571487426758e+00,3.068559885025024414e+00,8.199157127678182722e-01,2.689481881559985688e+00,2.811685360648129350e+00
3.117597997188568115e-01,6.769531965255737305e-01,2.987027168273925781e+00,3.062776088714599609e+00,7.508971346389075041e-01,2.697887810445372292e+00,2.800436598917862341e+00
3.120517134666442871e-01,6.241430044174194336e-01,2.991633892059326172e+00,3.056047677993774414e+00,6.819283940477411932e-01,2.704496577740767460e+00,2.789144684956313736e+00
3.123436272144317627e-01,5.715472698211669922e-01,2.994315385818481445e+00,3.048375129699707031e+00,6.130985833726636525e-01,2.709306343020539742e+00,2.777810420684769799e+00
3.126355409622192383e-01,5.192041993141174316e-01,2.995078563690185547e+00,3.039748430252075195e+00,5.444241512887133538e-01,2.712334686707636777e+00,2.766434005940472840e+00
3.129274249076843262e-01,4.671584069728851318e-01,2.993922948837280273e+00,3.030150413513183594e+00,4.759626133487019350e-01,2.713591155999249604e+00,2.755016764236303040e+00
3.132193386554718018e-01,4.154345393180847168e-01,2.990871429443359375e+00,3.019585609436035156e+00,4.077704370728697514e-01,2.713085290451500597e+00,2.743557639747140620e+00
3.135112524032592773e-01,3.640746772289276123e-01,2.985934495925903320e+00,3.008048295974731445e+00,3.398732156196083154e-01,2.710834463772858083e+00,2.732057337003433339e+00
3.138031661510467529e-01,3.131172358989715576e-01,2.979114532470703125e+00,2.995524406433105469e+00,2.723267200310770519e-01,2.706852329017325420e+00,2.720516747522316425e+00
3.140950798988342285e-01,2.625949382781982422e-01,2.970438957214355469e+00,2.982023477554321289e+00,2.051862486815934361e-01,2.701154547337374812e+00,2.708936559842145986e+00
3.143869936466217041e-01,2.125424593687057495e-01,2.959922075271606445e+00,2.967543363571166992e+00,1.384651581641938578e-01,2.693760587095316961e+00,2.697316944783008541e+00
3.146789073944091797e-01,1.629972904920578003e-01,2.947569370269775391e+00,2.952072620391845703e+00,7.224831538256171193e-02,2.684686712796531705e+00,2.685658683627140331e+00
3.149708211421966553e-01,1.139892488718032837e-01,2.933410882949829102e+00,2.935624837875366211e+00,6.547849989683538798e-03,2.673953521764456109e+00,2.673961538783986569e+00
3.152627050876617432e-01,6.555560976266860962e-02,2.917468309402465820e+00,2.918204545974731445e+00,-5.857350648205850163e-02,2.661583670334513929e+00,2.662228106277323647e+00
3.155546188354492188e-01,1.772273518145084381e-02,2.899745464324951172e+00,2.899799346923828125e+00,-1.230945222649184045e-01,2.647596037022252879e+00,2.650456005420117833e+00
3.158465325832366943e-01,-2.947761118412017822e-02,2.880278348922729492e+00,2.880429029464721680e+00,-1.869641566776774066e-01,2.632014276318886292e+00,2.638646385294669550e+00
3.161384463310241699e-01,-7.601545006036758423e-02,2.859088897705078125e+00,2.860099077224731445e+00,-2.501424432878860959e-01,2.614863840767669423e+00,2.626801124502629925e+00
3.164303600788116455e-01,-1.218565851449966431e-01,2.836189985275268555e+00,2.838806629180908203e+00,-3.125802274808274217e-01,2.596170198093505466e+00,2.614919902421647180e+00
3.167222738265991211e-01,-1.669768393039703369e-01,2.811616182327270508e+00,2.816570043563842773e+00,-3.742590642749649699e-01,2.575957320558344144e+00,2.603003258647613727e+00
3.170141875743865967e-01,-2.113490849733352661e-01,2.785394191741943359e+00,2.793401002883911133e+00,-4.351313668758311493e-01,2.554252790186347433e+00,2.591051258198874496e+00
3.173061013221740723e-01,-2.549414336681365967e-01,2.757539987564086914e+00,2.769299745559692383e+00,-4.951607418199494015e-01,2.531085683940092146e+00,2.579065508994714762e+00
3.175979852676391602e-01,-2.977280914783477783e-01,2.728093385696411133e+00,2.744291305541992188e+00,-5.543019890649848458e-01,2.506487460457913929e+00,2.567046957987749956e+00
3.178898990154266357e-01,-3.396893739700317383e-01,2.697081089019775391e+00,2.718388319015502930e+00,-6.125393438165384064e-01,2.480482105228462686e+00,2.554994309598716651e+00
3.181818127632141113e-01,-3.808003365993499756e-01,2.664519786834716797e+00,2.691593170166015625e+00,-6.698200739086354050e-01,2.453105500835955244e+00,2.542908871674836924e+00
3.184737265110015869e-01,-4.210377335548400879e-01,2.630450487136840820e+00,2.663933515548706055e+00,-7.261395225688835886e-01,2.424381636814169294e+00,2.530791363814551165e+00
3.187656402587890625e-01,-4.603807628154754639e-01,2.594905614852905273e+00,2.635429143905639648e+00,-7.814286184494160237e-01,2.394353339260913760e+00,2.518642213368475158e+00
3.190575540065765381e-01,-4.988031387329101562e-01,2.557908773422241211e+00,2.606089353561401367e+00,-8.356845368011164288e-01,2.363045543598834897e+00,2.506462225163349711e+00
3.193494677543640137e-01,-5.362886190414428711e-01,2.519498348236083984e+00,2.575942039489746094e+00,-8.888682163808410142e-01,2.330494640201135947e+00,2.494251786427801321e+00
3.196413815021514893e-01,-5.728198885917663574e-01,2.479710578918457031e+00,2.545012235641479492e+00,-9.409422938417792981e-01,2.296739000189129243e+00,2.482011771795208599e+00
3.199332654476165771e-01,-6.083701252937316895e-01,2.438575744628906250e+00,2.513317584991455078e+00,-9.918972748384510263e-01,2.261807324624148574e+00,2.469743423425881268e+00
3.202251791954040527e-01,-6.429331302642822266e-01,2.396125316619873047e+00,2.480882883071899414e+00,-1.041696863720637634e+00,2.225737173732191820e+00,2.457445487171338705e+00
3.205170929431915283e-01,-6.764913797378540039e-01,2.352401256561279297e+00,2.447740316390991211e+00,-1.090308234216705197e+00,2.188570322788188083e+00,2.445120059095246656e+00
3.208090066909790039e-01,-7.090250253677368164e-01,2.307433366775512695e+00,2.413910865783691406e+00,-1.137731368370816565e+00,2.150330167782577906e+00,2.432766428790643420e+00
3.211009204387664795e-01,-7.405232787132263184e-01,2.261261463165283203e+00,2.379428148269653320e+00,-1.183910811847396882e+00,2.111072190319650321e+00,2.420386457396869861e+00
3.213928341865539551e-01,-7.709758281707763672e-01,2.213926076889038086e+00,2.344327688217163086e+00,-1.228848745415310972e+00,2.070820741081228711e+00,2.407980020847555469e+00
3.216847479343414307e-01,-8.003665208816528320e-01,2.165458917617797852e+00,2.308635711669921875e+00,-1.272516478736444023e+00,2.029618867904418256e+00,2.395548149716346664e+00
3.219766616821289062e-01,-8.286869525909423828e-01,2.115900516510009766e+00,2.272390127182006836e+00,-1.314886885020973839e+00,1.987510569183726039e+00,2.383091643856185993e+00
3.222685456275939941e-01,-8.559280037879943848e-01,2.065297842025756836e+00,2.235635995864868164e+00,-1.355949914228063991e+00,1.944531190610590654e+00,2.370612098415203484e+00
3.225604593753814697e-01,-8.820827007293701172e-01,2.013675928115844727e+00,2.198399543762207031e+00,-1.395701266076386338e+00,1.900707570258080903e+00,2.358107565774641756e+00
3.228523731231689453e-01,-9.071422815322875977e-01,1.961079716682434082e+00,2.160727024078369141e+00,-1.434096581838096185e+00,1.856101361141961892e+00,2.345579942972047860e+00
3.231442868709564209e-01,-9.311042428016662598e-01,1.907552480697631836e+00,2.122666120529174805e+00,-1.471142201801112659e+00,1.810736999281421289e+00,2.333029759451625829e+00
3.234362006187438965e-01,-9.539596438407897949e-01,1.853130936622619629e+00,2.084258556365966797e+00,-1.506817592841275921e+00,1.764660168723325206e+00,2.320457879207164620e+00
3.237281143665313721e-01,-9.757051467895507812e-01,1.797855973243713379e+00,2.045552968978881836e+00,-1.541110341594954525e+00,1.717911827017830406e+00,2.307865275612650979e+00
3.240200281143188477e-01,-9.963420033454895020e-01,1.741771459579467773e+00,2.006605386734008789e+00,-1.574009068554209190e+00,1.670532411679285456e+00,2.295252292529494476e+00
3.243119120597839355e-01,-1.015863060951232910e+00,1.684921264648437500e+00,1.967469811439514160e+00,-1.605498173374360515e+00,1.622569862645156791e+00,2.282620718357023293e+00
3.246038258075714111e-01,-1.034271478652954102e+00,1.627335190773010254e+00,1.928195357322692871e+00,-1.635573424787685193e+00,1.574057410673004087e+00,2.269968537219474225e+00
3.248957395553588867e-01,-1.051568388938903809e+00,1.569068908691406250e+00,1.888854980468750000e+00,-1.664240270935454458e+00,1.525024884294546190e+00,2.257298513072852231e+00
3.251876533031463623e-01,-1.067756056785583496e+00,1.510149836540222168e+00,1.849501490592956543e+00,-1.691468056461226332e+00,1.475538046438317208e+00,2.244610592623077938e+00
3.254795670509338379e-01,-1.082834005355834961e+00,1.450625419616699219e+00,1.810205340385437012e+00,-1.717268957385087447e+00,1.425618965814542838e+00,2.231905488072599919e+00
3.257714807987213135e-01,-1.096811056137084961e+00,1.390539646148681641e+00,1.771043539047241211e+00,-1.741633302059036215e+00,1.375315532666700813e+00,2.219184393698584223e+00
3.260633945465087891e-01,-1.109689474105834961e+00,1.329932689666748047e+00,1.732088804244995117e+00,-1.764552772242448775e+00,1.324674959736667379e+00,2.206447424023933568e+00
3.263553082942962646e-01,-1.121472954750061035e+00,1.268845796585083008e+00,1.693420052528381348e+00,-1.786040991124424160e+00,1.273718560829180779e+00,2.193695829912952089e+00
3.266471922397613525e-01,-1.132173061370849609e+00,1.207328915596008301e+00,1.655131101608276367e+00,-1.806078531124935216e+00,1.222514223321920168e+00,2.180931151323856287e+00
3.269391059875488281e-01,-1.141797304153442383e+00,1.145410418510437012e+00,1.617302060127258301e+00,-1.824673772203939226e+00,1.171087788419400644e+00,2.168151512960751592e+00
3.272310197353363037e-01,-1.150351285934448242e+00,1.083137392997741699e+00,1.580029964447021484e+00,-1.841833759107613933e+00,1.119473708805215129e+00,2.155359130375861021e+00
3.275229334831237793e-01,-1.157850384712219238e+00,1.020553112030029297e+00,1.543420314788818359e+00,-1.857556967113416668e+00,1.067718474095385783e+00,2.142554696150409832e+00
3.278148472309112549e-01,-1.164303660392761230e+00,9.576981067657470703e-01,1.507577061653137207e+00,-1.871847307804906047e+00,1.015862377312039877e+00,2.129739118618649840e+00
3.281067609786987305e-01,-1.169720172882080078e+00,8.946131467819213867e-01,1.472609281539916992e+00,-1.884709633035123399e+00,9.639447003966797878e-01,2.116912796096767302e+00
3.283986747264862061e-01,-1.174118518829345703e+00,8.313404321670532227e-01,1.438638687133789062e+00,-1.896146363979641425e+00,9.120117288451915494e-01,2.104076145766690331e+00
3.286905884742736816e-01,-1.177510976791381836e+00,7.679204344749450684e-01,1.405785799026489258e+00,-1.906175954524834459e+00,8.600810615600270603e-01,2.091230786418105225e+00
3.289824724197387695e-01,-1.179908633232116699e+00,7.043999433517456055e-01,1.374177455902099609e+00,-1.914793710132693505e+00,8.082203636512763634e-01,2.078377999446762381e+00
3.292743861675262451e-01,-1.181333541870117188e+00,6.408067345619201660e-01,1.343942880630493164e+00,-1.922013995798811381e+00,7.564520700172239209e-01,2.065516287585226873e+00
3.295662999153137207e-01,-1.181800842285156250e+00,5.771872997283935547e-01,1.315217971801757812e+00,-1.927850655091269516e+00,7.048070692313689323e-01,2.052647352365804867e+00
3.298582136631011963e-01,-1.181324124336242676e+00,5.135812759399414062e-01,1.288135290145874023e+00,-1.932312408015457672e+00,6.533296167303533908e-01,2.039772249607177734e+00
3.301501274108886719e-01,-1.179927468299865723e+00,4.500280022621154785e-01,1.262835741043090820e+00,-1.935409292656998348e+00,6.020636072547906892e-01,2.026891639255466782e+00
3.304420411586761475e-01,-1.177629590034484863e+00,3.865663409233093262e-01,1.239453434944152832e+00,-1.937161464351502271e+00,5.510230530445163755e-01,2.014006192630736880e+00
3.307339549064636230e-01,-1.174445509910583496e+00,3.232356607913970947e-01,1.218114852905273438e+00,-1.937574451453131452e+00,5.002728461097499801e-01,2.001116607166772088e+00
3.310258686542510986e-01,-1.170402288436889648e+00,2.600732147693634033e-01,1.198949337005615234e+00,-1.936670037480003437e+00,4.498256260927999128e-01,1.988223812341703534e+00
3.313177525997161865e-01,-1.165521621704101562e+00,1.971230059862136841e-01,1.182073712348937988e+00,-1.934463193321267704e+00,3.997233358107847856e-01,1.975329489352704693e+00
3.316096663475036621e-01,-1.159820199012756348e+00,1.344174295663833618e-01,1.167583465576171875e+00,-1.930967629631876292e+00,3.500063993217548131e-01,1.962432283227201424e+00
3.319015800952911377e-01,-1.153326630592346191e+00,7.198516279458999634e-02,1.155570983886718750e+00,-1.926205270927422442e+00,3.006932501822150994e-01,1.949534092149642239e+00
3.321934938430786133e-01,-1.146064758300781250e+00,9.868682362139225006e-03,1.146107196807861328e+00,-1.920193130887282162e+00,2.518235159677073010e-01,1.936635418219196270e+00
3.324854075908660889e-01,-1.138054013252258301e+00,-5.189376696944236755e-02,1.139236450195312500e+00,-1.912950453313630117e+00,2.034359312364539818e-01,1.923737408003198812e+00
3.327773213386535645e-01,-1.129325151443481445e+00,-1.132695525884628296e-01,1.134991288185119629e+00,-1.904499502202259720e+00,1.555394966758508746e-01,1.910840361965078449e+00
3.330692350864410400e-01,-1.119903564453125000e+00,-1.742243170738220215e-01,1.133374691009521484e+00,-1.894859407215805591e+00,1.081933591681100287e-01,1.897945725273068485e+00
3.333611488342285156e-01,-1.109810948371887207e+00,-2.347207814455032349e-01,1.134360790252685547e+00,-1.884053148919153653e+00,6.140493932302966418e-02,1.885053536249154726e+00
3.336530327796936035e-01,-1.099080085754394531e+00,-2.947224974632263184e-01,1.137909650802612305e+00,-1.872103993261714949e+00,1.521715931154432426e-02,1.872165837612675743e+00
3.339449465274810791e-01,-1.087736129760742188e+00,-3.542093336582183838e-01,1.143955469131469727e+00,-1.859033769258499724e+00,-3.035668681357199181e-02,1.859281604189575887e+00
3.342368602752685547e-01,-1.075804233551025391e+00,-4.131391644477844238e-01,1.152405619621276855e+00,-1.844867006276379451e+00,-7.527548646466630800e-02,1.846402087766817468e+00
3.345287740230560303e-01,-1.063316345214843750e+00,-4.714838564395904541e-01,1.163158893585205078e+00,-1.829628314134892353e+00,-1.195343636481881189e-01,1.833528901320310878e+00
3.348206877708435059e-01,-1.050301671028137207e+00,-5.292131304740905762e-01,1.176095247268676758e+00,-1.813343189393833654e+00,-1.630800787859656431e-01,1.820661592558550534e+00
3.351126015186309814e-01,-1.036786079406738281e+00,-5.862925052642822266e-01,1.191076874732971191e+00,-1.796037208931723805e+00,-2.059093567819857695e-01,1.807802068556629393e+00
3.354045152664184570e-01,-1.022801876068115234e+00,-6.426959633827209473e-01,1.207965970039367676e+00,-1.777736529095613749e+00,-2.479917542993080870e-01,1.794950438614216770e+00
3.356963992118835449e-01,-1.008381009101867676e+00,-6.983900070190429688e-01,1.226613521575927734e+00,-1.758470950527432075e+00,-2.892983051956232732e-01,1.782109310126040125e+00
3.359883129596710205e-01,-9.935481548309326172e-01,-7.533533573150634766e-01,1.246867775917053223e+00,-1.738262343579475955e+00,-3.298203595590697423e-01,1.769275966231974140e+00
3.362802267074584961e-01,-9.783373475074768066e-01,-8.075562715530395508e-01,1.268578290939331055e+00,-1.717141754561611222e+00,-3.695308395401034063e-01,1.756453485472969200e+00
3.365721404552459717e-01,-9.627797007560729980e-01,-8.609731793403625488e-01,1.291595697402954102e+00,-1.695138361915210279e+00,-4.084033310562941166e-01,1.743641977831016598e+00
3.368640542030334473e-01,-9.469045400619506836e-01,-9.135736227035522461e-01,1.315767765045166016e+00,-1.672276231496820476e+00,-4.464383967040680412e-01,1.730842291048178216e+00
3.371559679508209229e-01,-9.307442307472229004e-01,-9.653353095054626465e-01,1.340953826904296875e+00,-1.648590961856788661e+00,-4.835924496204174194e-01,1.718055242664148885e+00
3.374478816986083984e-01,-9.143305420875549316e-01,-1.016235351562500000e+00,1.367016673088073730e+00,-1.624107231981985366e+00,-5.198678182631112366e-01,1.705282043956903193e+00
3.377397954463958740e-01,-8.976936936378479004e-01,-1.066245675086975098e+00,1.393819808959960938e+00,-1.598855735263195577e+00,-5.552418366359005431e-01,1.692522720478168985e+00
3.380316793918609619e-01,-8.808677792549133301e-01,-1.115340590476989746e+00,1.421236395835876465e+00,-1.572870251276914821e+00,-5.896940757111129860e-01,1.679779726714395460e+00
3.383235931396484375e-01,-8.638813495635986328e-01,-1.163509845733642578e+00,1.449153661727905273e+00,-1.546174266043116807e+00,-6.232215385592984047e-01,1.667051273086161078e+00
3.386155068874359131e-01,-8.467687368392944336e-01,-1.210717797279357910e+00,1.477448821067810059e+00,-1.518801464395554079e+00,-6.558055129889872603e-01,1.654339372413299092e+00
3.389074206352233887e-01,-8.295585513114929199e-01,-1.256955385208129883e+00,1.506022691726684570e+00,-1.490785190703217022e+00,-6.874280086482755792e-01,1.641644831226949819e+00
3.391993343830108643e-01,-8.122842311859130859e-01,-1.302200078964233398e+00,1.534773826599121094e+00,-1.462150825575898372e+00,-7.180893479515965128e-01,1.628968185193876206e+00
3.394912481307983398e-01,-7.949771285057067871e-01,-1.346428036689758301e+00,1.563603878021240234e+00,-1.432931981940451571e+00,-7.477733221556335241e-01,1.616310306282634501e+00
3.397831618785858154e-01,-7.776688933372497559e-01,-1.389622688293457031e+00,1.592425823211669922e+00,-1.403160018858135238e+00,-7.764710057176660296e-01,1.603672429532342347e+00
3.400750756263732910e-01,-7.603906989097595215e-01,-1.431768774986267090e+00,1.621158719062805176e+00,-1.372865216522452858e+00,-8.041735243343698381e-01,1.591054354815574001e+00
3.403669595718383789e-01,-7.431756854057312012e-01,-1.472841143608093262e+00,1.649718523025512695e+00,-1.342083663776307390e+00,-8.308693938785232103e-01,1.578458903569966543e+00
3.406588733196258545e-01,-7.260513901710510254e-01,-1.512832403182983398e+00,1.678038239479064941e+00,-1.310841092406633601e+00,-8.565559952310272118e-01,1.565883949246569040e+00
3.409507870674133301e-01,-7.090498805046081543e-01,-1.551726460456848145e+00,1.706050038337707520e+00,-1.279163029159166687e+00,-8.812382766269213352e-01,1.553331566459666524e+00
3.412427008152008057e-01,-6.922021508216857910e-01,-1.589504480361938477e+00,1.733686447143554688e+00,-1.247093770827518711e+00,-9.048919063777166594e-01,1.540802464777590419e+00
3.415346145629882812e-01,-6.755385994911193848e-01,-1.626152276992797852e+00,1.760887145996093750e+00,-1.214654338344551388e+00,-9.275279352283398726e-01,1.528297494694075276e+00
3.418265283107757568e-01,-6.590883731842041016e-01,-1.661660432815551758e+00,1.787599682807922363e+00,-1.181878950702038855e+00,-9.491387941373351511e-01,1.515817371799461633e+00
3.421184420585632324e-01,-6.428817510604858398e-01,-1.696012496948242188e+00,1.813768267631530762e+00,-1.148802315951663600e+00,-9.697180800502867015e-01,1.503362869008118219e+00
3.424103558063507080e-01,-6.269482374191284180e-01,-1.729195594787597656e+00,1.839342594146728516e+00,-1.115443665662801953e+00,-9.892782513345605988e-01,1.490934616215893849e+00
3.427022397518157959e-01,-6.113170385360717773e-01,-1.761199951171875000e+00,1.864278316497802734e+00,-1.081849660936763380e+00,-1.007802987565980857e+00,1.478534933850366162e+00
3.429941534996032715e-01,-5.960143804550170898e-01,-1.792018055915832520e+00,1.888534307479858398e+00,-1.048040744383950784e+00,-1.025299636054195274e+00,1.466161227690096602e+00
3.432860672473907471e-01,-5.810703039169311523e-01,-1.821634888648986816e+00,1.912065982818603516e+00,-1.014040393670778917e+00,-1.041778979176736897e+00,1.453816137429528199e+00
3.435779809951782227e-01,-5.665106177330017090e-01,-1.850046157836914062e+00,1.934839725494384766e+00,-9.798941403010253959e-01,-1.057228094380121108e+00,1.441500527139309762e+00
3.438698947429656982e-01,-5.523632764816284180e-01,-1.877240300178527832e+00,1.956817865371704102e+00,-9.456193116060823689e-01,-1.071661673491848932e+00,1.429214688181489112e+00
3.441618084907531738e-01,-5.386557579040527344e-01,-1.903206706047058105e+00,1.977964997291564941e+00,-9.112492982597967250e-01,-1.085080195187717367e+00,1.416959531379632153e+00
3.444537222385406494e-01,-5.254117250442504883e-01,-1.927943587303161621e+00,1.998255133628845215e+00,-8.768170009948096366e-01,-1.097485611159318086e+00,1.404735818556383853e+00
3.447456359863281250e-01,-5.126575231552124023e-01,-1.951441407203674316e+00,2.017657518386840820e+00,-8.423383641393675791e-01,-1.108893471048663315e+00,1.392543948978034463e+00
3.450375199317932129e-01,-5.004205703735351562e-01,-1.973688364028930664e+00,2.036140203475952148e+00,-8.078591963759100825e-01,-1.119298871517850458e+00,1.380386339018995434e+00
3.453294336795806885e-01,-4.887208640575408936e-01,-1.994687557220458984e+00,2.053686141967773438e+00,-7.733972801457389412e-01,-1.128713603097453388e+00,1.368260848944404362e+00
3.456213474273681641e-01,-4.775816798210144043e-01,-2.014433622360229492e+00,2.070272207260131836e+00,-7.389763775540795221e-01,-1.137149846896536420e+00,1.356169554620574091e+00
3.459132611751556396e-01,-4.670290946960449219e-01,-2.032915353775024414e+00,2.085871696472167969e+00,-7.046276926659792439e-01,-1.144613520376458915e+00,1.344113200701626987e+00
3.462051749229431152e-01,-4.570818245410919189e-01,-2.050135374069213867e+00,2.100471258163452148e+00,-6.703774991038793374e-01,-1.151114179235846580e+00,1.332092280940996964e+00
3.464970886707305908e-01,-4.477620422840118408e-01,-2.066088914871215820e+00,2.114051580429077148e+00,-6.362520918082049670e-01,-1.156662496015914199e+00,1.320107894840448548e+00
3.467890024185180664e-01,-4.390931427478790283e-01,-2.080766916275024414e+00,2.126592159271240234e+00,-6.022809690168307029e-01,-1.161266819772659220e+00,1.308160155464443974e+00
3.470808863639831543e-01,-4.310917854309082031e-01,-2.094173908233642578e+00,2.138084173202514648e+00,-5.684855115138237602e-01,-1.164942920756066203e+00,1.296251436034231652e+00
3.473728001117706299e-01,-4.237760603427886963e-01,-2.106308221817016602e+00,2.148515939712524414e+00,-5.348799145142405509e-01,-1.167704681301555247e+00,1.284379517776707669e+00
3.476647138595581055e-01,-4.171685576438903809e-01,-2.117161273956298828e+00,2.157869815826416016e+00,-5.015066429178530738e-01,-1.169558155656083009e+00,1.272546734840176219e+00
3.479566276073455811e-01,-4.112822413444519043e-01,-2.126739501953125000e+00,2.166142702102661133e+00,-4.683756048130398031e-01,-1.170523008300935031e+00,1.260753671478235916e+00
3.482485413551330566e-01,-4.061340689659118652e-01,-2.135041236877441406e+00,2.173326015472412109e+00,-4.355139093335647082e-01,-1.170611077050733639e+00,1.249000664105861302e+00
3.485404551029205322e-01,-4.017440974712371826e-01,-2.142059326171875000e+00,2.179407358169555664e+00,-4.029483093203488075e-01,-1.169835943155100644e+00,1.237288759296596430e+00
3.488323688507080078e-01,-3.981221318244934082e-01,-2.147801637649536133e+00,2.184388399124145508e+00,-3.706868855925721240e-01,-1.168217011677421757e+00,1.225618110800769101e+00
3.491242825984954834e-01,-3.952822089195251465e-01,-2.152268409729003906e+00,2.188265800476074219e+00,-3.387685500186315979e-01,-1.165764804501838503e+00,1.213989995797714938e+00
3.494161665439605713e-01,-3.932426571846008301e-01,-2.155452251434326172e+00,2.191030263900756836e+00,-3.072049045714950188e-01,-1.162499357128922384e+00,1.202405758767787658e+00
3.497080802917480469e-01,-3.920096158981323242e-01,-2.157363414764404297e+00,2.192689895629882812e+00,-2.760106471285488361e-01,-1.158436188675875167e+00,1.190863670015257725e+00
3.499999940395355225e-01,-3.915942907333374023e-01,-2.158003091812133789e+00,2.193244934082031250e+00,-2.452095411457153318e-01,-1.153592592370629388e+00,1.179365756769833240e+00
