x_m,Pre_sim,Pim_sim,p_abs_sim,Pre_analytic,Pim_analytic,p_abs_analytic
0.000000000000000000e+00,1.115771941840648651e-03,8.808897435665130615e-02,8.809604495763778687e-02,1.129723497446448845e-03,5.655142116827019394e-02,5.656270424344791992e-02
2.919099351856857538e-04,1.109365606680512428e-03,4.941154420375823975e-01,4.941166937351226807e-01,1.123829236726053707e-03,4.955853036306491211e-01,4.955865778719557024e-01
5.838198703713715076e-04,1.090313657186925411e-03,9.274827241897583008e-01,9.274833798408508301e-01,1.102784334698604434e-03,9.289409104631966008e-01,9.289415650435076666e-01
8.757297764532268047e-04,1.058832276612520218e-03,1.350288987159729004e+00,1.350289344787597656e+00,1.072330761828443023e-03,1.351697202461735747e+00,1.351697627813315927e+00
1.167639740742743015e-03,1.015196670778095722e-03,1.757596492767333984e+00,1.757596731185913086e+00,1.024001254904483883e-03,1.758993647152161222e+00,1.758993945214204713e+00
1.459549646824598312e-03,9.599854238331317902e-04,2.144849300384521484e+00,2.144849538803100586e+00,9.703981034584875740e-04,2.146205041990608464e+00,2.146205261371425088e+00
1.751459552906453609e-03,8.938295650295913219e-04,2.507661342620849609e+00,2.507661342620849609e+00,8.971908965392745355e-04,2.508880000298891577e+00,2.508880160719373809e+00
2.043369458988308907e-03,8.174171671271324158e-04,2.841700315475463867e+00,2.841700315475463867e+00,8.229124741550310727e-04,2.842899499919187001e+00,2.842899619020289315e+00
2.335279481485486031e-03,7.316818810068070889e-04,3.143313169479370117e+00,3.143313169479370117e+00,7.399102838943876891e-04,3.144433852496885340e+00,3.144433939550269841e+00
2.627189271152019501e-03,6.376042147167026997e-04,3.409100055694580078e+00,3.409100055694580078e+00,6.495030754875054119e-04,3.410036331965256906e+00,3.410036393820058187e+00
2.919099293649196625e-03,5.362122901715338230e-04,3.635784626007080078e+00,3.635784626007080078e+00,5.383014833780847734e-04,3.636666225131720331e+00,3.636666264971571749e+00
3.211009083315730095e-03,4.287040210328996181e-04,3.820971727371215820e+00,3.820971727371215820e+00,4.346592329311939188e-04,3.821749477863683353e+00,3.821749502581243796e+00
3.502919105812907219e-03,3.163066285196691751e-04,3.962605237960815430e+00,3.962605237960815430e+00,3.114274263195385074e-04,3.963157561429512032e+00,3.963157573665593958e+00
3.794829128310084343e-03,2.002815308514982462e-04,4.058804512023925781e+00,4.058804512023925781e+00,1.993371802215729684e-04,4.059285120657850854e+00,4.059285125552223761e+00
4.086738917976617813e-03,8.197310671675950289e-05,4.108664989471435547e+00,4.108664989471435547e+00,6.995986061776536514e-05,4.109026660158657585e+00,4.109026660754222071e+00
4.378648940473794937e-03,-3.727180228452198207e-05,4.111689567565917969e+00,4.111689567565917969e+00,-4.512980150700796799e-05,4.111817299885829335e+00,4.111817300133493447e+00
4.670558962970972061e-03,-1.560904929647222161e-04,4.067586898803710938e+00,4.067586898803710938e+00,-1.595400277820228647e-04,4.067623458857783980e+00,4.067623461986516809e+00
4.962468519806861877e-03,-2.731236163526773453e-04,3.977031230926513672e+00,3.977031230926513672e+00,-2.720468165550330797e-04,3.976949165683343335e+00,3.976949174988147817e+00
5.254378542304039001e-03,-3.870448854286223650e-04,3.841138362884521484e+00,3.841138362884521484e+00,-3.969508609439669150e-04,3.840836357171083737e+00,3.840836377683541247e+00
5.546288564801216125e-03,-4.965327680110931396e-04,3.661234378814697266e+00,3.661234378814697266e+00,-5.095191024680292315e-04,3.660834857493095118e+00,3.660834892950814989e+00
5.838198587298393250e-03,-6.003455491736531258e-04,3.439504861831665039e+00,3.439504861831665039e+00,-6.093383546287017968e-04,3.438998168563802693e+00,3.438998222546563177e+00
6.130108609795570374e-03,-6.973156123422086239e-04,3.178565025329589844e+00,3.178565025329589844e+00,-7.027962360065872095e-04,3.177864866887303297e+00,3.177864944600259367e+00
6.422018166631460190e-03,-7.863001083023846149e-04,2.881217718124389648e+00,2.881217718124389648e+00,-8.000502980927972577e-04,2.880429783178833691e+00,2.880429894287334314e+00
6.713928189128637314e-03,-8.662961772643029690e-04,2.550946474075317383e+00,2.550946474075317383e+00,-8.819177184308248877e-04,2.550076476394969038e+00,2.550076628896050135e+00
7.005838211625814438e-03,-9.364176657982170582e-04,2.191593647003173828e+00,2.191593885421752930e+00,-9.490552978088253157e-04,2.190578466437267835e+00,2.190578672023584694e+00
7.297748234122991562e-03,-9.958189912140369415e-04,1.807143807411193848e+00,1.807144045829772949e+00,-1.006412138223129055e-03,1.806048760293331501e+00,1.806049040702514041e+00
7.589658256620168686e-03,-1.043833559378981590e-03,1.402040004730224609e+00,1.402040362358093262e+00,-1.058956256523529852e-03,1.400896140662178935e+00,1.400896540901768850e+00
7.881567813456058502e-03,-1.079949201084673405e-03,9.809530377388000488e-01,9.809536337852478027e-01,-1.095259664824362999e-03,9.797299798232843582e-01,9.797305920293938319e-01
8.173477835953235626e-03,-1.103705726563930511e-03,5.486315488815307617e-01,5.486326813697814941e-01,-1.117707295513693279e-03,5.473607191754927825e-01,5.473618603500897128e-01
8.465387858450412750e-03,-1.114838058128952980e-03,1.100440397858619690e-01,1.100496798753738403e-01,-1.128607074927602321e-03,1.087364249595847987e-01,1.087422818728804863e-01
8.757297880947589874e-03,-1.113261794671416283e-03,-3.297997415065765381e-01,3.298016190528869629e-01,-1.126710887119101653e-03,-3.311142841978850782e-01,3.311162011700741203e-01
9.049207903444766998e-03,-1.098949345760047436e-03,-7.658776640892028809e-01,7.658783793449401855e-01,-1.111019369067358037e-03,-7.671893145313863904e-01,7.671901190025697259e-01
9.341117925941944122e-03,-1.072063110768795013e-03,-1.193184137344360352e+00,1.193184614181518555e+00,-1.084691377685273288e-03,-1.194505681896618432e+00,1.194506174382824248e+00
9.633027948439121246e-03,-1.032955828122794628e-03,-1.606889724731445312e+00,1.606889963150024414e+00,-1.047031159025147784e-03,-1.608173025177023652e+00,1.608173366021607542e+00
9.924937039613723755e-03,-9.820350678637623787e-04,-2.002224445343017578e+00,2.002224683761596680e+00,-9.916313527493878389e-04,-2.003449061133100173e+00,2.003449306543052977e+00
1.021684706211090088e-02,-9.198742918670177460e-04,-2.374635934829711914e+00,2.374635934829711914e+00,-9.311481242510482757e-04,-2.375847590741040793e+00,2.375847773209983416e+00
1.050875708460807800e-02,-8.472278132103383541e-04,-2.719977378845214844e+00,2.719977378845214844e+00,-8.563424061689020681e-04,-2.721091542697642307e+00,2.721091677445460544e+00
1.080066710710525513e-02,-7.648944738321006298e-04,-3.034229755401611328e+00,3.034229755401611328e+00,-7.655398725390319967e-04,-3.035237532426919405e+00,3.035237628968175283e+00
1.109257712960243225e-02,-6.738037336617708206e-04,-3.313735723495483398e+00,3.313735723495483398e+00,-6.768902774433000835e-04,-3.314712406146266055e+00,3.314712475259418145e+00
1.138448715209960938e-02,-5.750327254645526409e-04,-3.555464982986450195e+00,3.555464982986450195e+00,-5.816037651376515689e-04,-3.556310451766952596e+00,3.556310499325081143e+00
1.167639717459678650e-02,-4.696885298471897840e-04,-3.756567716598510742e+00,3.756567716598510742e+00,-4.730323562481789806e-04,-3.757267503816474452e+00,3.757267533593380726e+00
1.196830719709396362e-02,-3.589651314541697502e-04,-3.914638280868530273e+00,3.914638280868530273e+00,-3.665318231999654605e-04,-3.915295087377325345e+00,3.915295104533832227e+00
1.226021721959114075e-02,-2.441510441713035107e-04,-4.028082847595214844e+00,4.028082847595214844e+00,-2.406870103602292571e-04,-4.028579849296582971e+00,4.028579856486491195e+00
1.255212631076574326e-02,-1.265458413399755955e-04,-4.095514774322509766e+00,4.095514774322509766e+00,-1.273717152792372995e-04,-4.095835363383677930e+00,4.095835365364171032e+00
1.284403633326292038e-02,-7.491030373785179108e-06,-4.116015911102294922e+00,4.116015911102294922e+00,-4.881147031279540123e-06,-4.116288497515796507e+00,4.116288497518690193e+00
1.313594635576009750e-02,1.116474304581061006e-04,-4.089597225189208984e+00,4.089597225189208984e+00,1.254442623399957830e-04,-4.089707896966111811e+00,4.089707898889997750e+00
1.342785637825727463e-02,2.295136364409700036e-04,-4.016477584838867188e+00,4.016477584838867188e+00,2.388484416363068714e-04,-4.016394925389410453e+00,4.016394932491373027e+00
1.371976640075445175e-02,3.447482013143599033e-04,-3.897316455841064453e+00,3.897316455841064453e+00,3.497126349780770244e-04,-3.897187099127072951e+00,3.897187114817739051e+00
1.401167642325162888e-02,4.560506495181471109e-04,-3.733731508255004883e+00,3.733731508255004883e+00,4.642297191466717679e-04,-3.733449673162590354e+00,3.733449702024534744e+00
1.430358644574880600e-02,5.621503805741667747e-04,-3.527520895004272461e+00,3.527520895004272461e+00,5.731965009605735802e-04,-3.527052602811514781e+00,3.527052649387830030e+00
1.459549646824598312e-02,6.618030020035803318e-04,-3.280859470367431641e+00,3.280859470367431641e+00,6.754423217153606796e-04,-3.280353763408343504e+00,3.280353832946929504e+00
1.488740649074316025e-02,7.539092912338674068e-04,-2.996804952621459961e+00,2.996804952621459961e+00,7.645626610054848202e-04,-2.996165976999314307e+00,2.996166074549993841e+00
1.517931651324033737e-02,8.374155731871724129e-04,-2.678545475006103516e+00,2.678545475006103516e+00,8.503430225157130760e-04,-2.677748131023077516e+00,2.677748266040114622e+00
1.547122560441493988e-02,9.113146807067096233e-04,-2.329560995101928711e+00,2.329560995101928711e+00,9.252571202657758212e-04,-2.328733841254422288e+00,2.328734025066906632e+00
1.576313562691211700e-02,9.748237789608538151e-04,-1.954029202461242676e+00,1.954029440879821777e+00,9.901929002936330285e-04,-1.953109630825021314e+00,1.953109881830366934e+00
1.605504564940929413e-02,1.027215388603508472e-03,-1.556198239326477051e+00,1.556198596954345703e+00,1.040321935472544347e-03,-1.555161097498569678e+00,1.555161445459179781e+00
1.634695567190647125e-02,1.067818724550306797e-03,-1.140506863594055176e+00,1.140507221221923828e+00,1.081842597837792685e-03,-1.139449546375419065e+00,1.139450059949340011e+00
1.663886569440364838e-02,1.096248510293662548e-03,-7.118279337882995605e-01,7.118287682533264160e-01,1.110923565980910131e-03,-7.107171060465162782e-01,7.107179742895943786e-01
1.693077571690082550e-02,1.112179481424391270e-03,-2.750198245048522949e-01,2.750220596790313721e-01,1.126524663728454417e-03,-2.738646078196185774e-01,2.738669247536318907e-01
1.722268573939800262e-02,1.115342136472463608e-03,1.649478971958160400e-01,1.649516671895980835e-01,1.129348130287384250e-03,1.661249676874304027e-01,1.661288064013859422e-01
1.751459576189517975e-02,1.105790841393172741e-03,6.030200123786926270e-01,6.030210256576538086e-01,1.120200509070341886e-03,6.042163438042572610e-01,6.042173822138561246e-01
1.780650578439235687e-02,1.083633862435817719e-03,1.034230947494506836e+00,1.034231424331665039e+00,1.095649709632263080e-03,1.035388020321829972e+00,1.035388600031043715e+00
1.809841580688953400e-02,1.049034646712243557e-03,1.453570008277893066e+00,1.453570365905761719e+00,1.059475581196846986e-03,1.454736787217131289e+00,1.454737173021755314e+00
1.839032582938671112e-02,1.002477132715284824e-03,1.856322407722473145e+00,1.856322646141052246e+00,1.014179516226581266e-03,1.857470213631177369e+00,1.857470490502377336e+00
1.868223585188388824e-02,9.444905444979667664e-04,2.237924337387084961e+00,2.237924337387084961e+00,9.586559245963633281e-04,2.238978353484239570e+00,2.238978558716491651e+00
1.897414587438106537e-02,8.756631868891417980e-04,2.593843936920166016e+00,2.593843936920166016e+00,8.823658711416415426e-04,2.594890733511296066e+00,2.594890883531005610e+00
1.926605589687824249e-02,7.968514109961688519e-04,2.920168399810791016e+00,2.920168399810791016e+00,8.006787296190423552e-04,2.921158415630326743e+00,2.921158525361865266e+00
1.955796405673027039e-02,7.089546415954828262e-04,3.213210582733154297e+00,3.213210582733154297e+00,7.173329799509731196e-04,3.214051334548864158e+00,3.214051414598393830e+00
1.984987407922744751e-02,6.129224202595651150e-04,3.469392061233520508e+00,3.469392061233520508e+00,6.116988544771303658e-04,3.470210956981280237e+00,3.470211010893778258e+00
2.014178410172462463e-02,5.099005647934973240e-04,3.685981750488281250e+00,3.685981750488281250e+00,5.112339820763434680e-04,3.686726890583578164e+00,3.686726926029678886e+00
2.043369412422180176e-02,4.010639968328177929e-04,3.860557794570922852e+00,3.860557794570922852e+00,3.989223437284728359e-04,3.861112236707084477e+00,3.861112257315011398e+00
2.072560414671897888e-02,2.876268699765205383e-04,3.990859508514404297e+00,3.990859508514404297e+00,2.895419345397031493e-04,3.991380251694493175e+00,3.991380262196440487e+00
2.101751416921615601e-02,1.709095085971057415e-04,4.075608253479003906e+00,4.075608253479003906e+00,1.771831690470064286e-04,4.076039571008083229e+00,4.076039574859110282e+00
2.130942419171333313e-02,5.224233973422087729e-05,4.113897800445556641e+00,4.113897800445556641e+00,4.728541551241424230e-05,4.114122282455650037e+00,4.114122282727386448e+00
2.160133421421051025e-02,-6.702483369736000896e-05,4.105024814605712891e+00,4.105024814605712891e+00,-6.758963921072230958e-05,4.105195426089761845e+00,4.105195426646173651e+00
2.189324423670768738e-02,-1.855241862358525395e-04,4.049280643463134766e+00,4.049280643463134766e+00,-1.904538163899049659e-04,4.049360299181650191e+00,4.049360303660463067e+00
2.218515425920486450e-02,-3.019098367076367140e-04,3.947376966476440430e+00,3.947376966476440430e+00,-3.176446142465419323e-04,3.947257879486175458e+00,3.947257892266959445e+00
2.247706428170204163e-02,-4.148365987930446863e-04,3.800233840942382812e+00,3.800233840942382812e+00,-4.260673669867369234e-04,3.800047973740924956e+00,3.800047997626597063e+00
2.276897430419921875e-02,-5.230231327004730701e-04,3.609686613082885742e+00,3.609686613082885742e+00,-5.301765827324733194e-04,3.609415113792095120e+00,3.609415152730149678e+00
2.306088432669639587e-02,-6.252481834962964058e-04,3.377990484237670898e+00,3.377990484237670898e+00,-6.353017178416918041e-04,3.377542720984041402e+00,3.377542780732844641e+00
2.335279434919357300e-02,-7.203113636933267117e-04,3.107593059539794922e+00,3.107593059539794922e+00,-7.269113600059278531e-04,3.107071988106143934e+00,3.107072073137987278e+00
2.364470437169075012e-02,-8.071425836533308029e-04,2.801691293716430664e+00,2.801691293716430664e+00,-8.217689878085877040e-04,2.801108571124912849e+00,2.801108691667233419e+00
2.393661439418792725e-02,-8.847730932757258415e-04,2.463851213455200195e+00,2.463851213455200195e+00,-8.962912104996556984e-04,2.463126730465853065e+00,2.463126893538645223e+00
2.422852441668510437e-02,-9.522723266854882240e-04,2.097791671752929688e+00,2.097791910171508789e+00,-9.656113854131407551e-04,2.097006409649950331e+00,2.097006631968130641e+00
2.452043443918228149e-02,-1.008885446935892105e-03,1.707757711410522461e+00,1.707757949829101562e+00,-1.026695327872541611e-03,1.706931568437620284e+00,1.706931877208991200e+00
2.481234446167945862e-02,-1.053998013958334923e-03,1.298256754875183105e+00,1.298257231712341309e+00,-1.069171083199296464e-03,1.297338154013253364e+00,1.297338594579426241e+00
2.510425262153148651e-02,-1.087045297026634216e-03,8.738908171653747559e-01,8.738914132118225098e-01,-1.100821652755744513e-03,8.729206085302972928e-01,8.729213026414326393e-01
2.539616264402866364e-02,-1.107662334106862545e-03,4.395346939563751221e-01,4.395360648632049561e-01,-1.121727664818349341e-03,4.385360374604126976e-01,4.385374720869751886e-01
2.568807266652584076e-02,-1.115652499720454216e-03,1.696123072179034352e-04,1.128471922129392624e-03,-1.129642632438698563e-03,-8.594800899649039389e-04,1.419435980264383912e-03
2.597998268902301788e-02,-1.110876095481216908e-03,-4.392042160034179688e-01,4.392056167125701904e-01,-1.124070915357815170e-03,-4.402451456752339287e-01,4.402465807090734651e-01
2.627189271152019501e-02,-1.093392143957316875e-03,-8.735478520393371582e-01,8.735484480857849121e-01,-1.106861182303326948e-03,-8.746081131922811558e-01,8.746088135866451063e-01
2.656380273401737213e-02,-1.063444418832659721e-03,-1.297933578491210938e+00,1.297934055328369141e+00,-1.075835916232754626e-03,-1.298969459040074215e+00,1.298969904555829835e+00
2.685571275651454926e-02,-1.021331292577087879e-03,-1.707478165626525879e+00,1.707478404045104980e+00,-1.032078539959856199e-03,-1.708488341309917002e+00,1.708488653043392036e+00
2.714762277901172638e-02,-9.675313485786318779e-04,-2.097478151321411133e+00,2.097478389739990234e+00,-9.762952918011004975e-04,-2.098485247970668599e+00,2.098485475075539952e+00
2.743953280150890350e-02,-9.027022751979529858e-04,-2.463567256927490234e+00,2.463567256927490234e+00,-9.136484921165485525e-04,-2.464510252738168816e+00,2.464510422093020736e+00
2.773144282400608063e-02,-8.275498985312879086e-04,-2.801491498947143555e+00,2.801491498947143555e+00,-8.361077030719955838e-04,-2.802367877831849263e+00,2.802368002561382632e+00
2.802335284650325775e-02,-7.429252145811915398e-04,-3.107340574264526367e+00,3.107340574264526367e+00,-7.487444913291415151e-04,-3.108204279714602780e+00,3.108204369898235342e+00
2.831526286900043488e-02,-6.498315487988293171e-04,-3.377768039703369141e+00,3.377768039703369141e+00,-6.525601945078174588e-04,-3.378525022157968571e+00,3.378525085178784249e+00
2.860717289149761200e-02,-5.493087228387594223e-04,-3.609589576721191406e+00,3.609589576721191406e+00,-5.555638402886551924e-04,-3.610245319498522232e+00,3.610245362245088074e+00
2.889908291399478912e-02,-4.424964135978370905e-04,-3.800071716308593750e+00,3.800071716308593750e+00,-4.528471110727478243e-04,-3.800711230561654830e+00,3.800711257539566290e+00
2.919099293649196625e-02,-3.306402650196105242e-04,-3.947234869003295898e+00,3.947234869003295898e+00,-3.304187382835778474e-04,-3.947743123609835258e+00,3.947743137437551120e+00
2.948290295898914337e-02,-2.150044019799679518e-04,-4.049297809600830078e+00,4.049297809600830078e+00,-2.092781556518170081e-04,-4.049669198734380693e+00,4.049669204141901346e+00
2.977481298148632050e-02,-9.690663864603266120e-05,-4.104970455169677734e+00,4.104970455169677734e+00,-9.548540562520514815e-05,-4.105322178204724004e+00,4.105322179315168185e+00
3.006672300398349762e-02,2.229513665952254087e-05,-4.113849163055419922e+00,4.113849163055419922e+00,1.931786218861108578e-05,-4.114064597699728765e+00,4.114064597745082708e+00
3.035863302648067474e-02,1.412442361470311880e-04,-4.075738430023193359e+00,4.075738430023193359e+00,1.494996144600645757e-04,-4.075797985911617793e+00,4.075797988653428128e+00
3.065054304897785187e-02,2.585735637694597244e-04,-3.990918874740600586e+00,3.990918874740600586e+00,2.700958675416528635e-04,-3.990959432357180869e+00,3.990959441496810367e+00
3.094245120882987976e-02,3.729535965248942375e-04,-3.860607147216796875e+00,3.860607147216796875e+00,3.782516895264873610e-04,-3.860515972854011491e+00,3.860515991384480206e+00
3.123436123132705688e-02,4.830781545024365187e-04,-3.686213016510009766e+00,3.686213016510009766e+00,4.984502400836014367e-04,-3.685965948869318609e+00,3.685965982571832722e+00
3.152627125382423401e-02,5.876634968444705009e-04,-3.469558477401733398e+00,3.469558477401733398e+00,5.988525256743245772e-04,-3.469291258216557594e+00,3.469291309902092557e+00
3.181818127632141113e-02,6.855488172732293606e-04,-3.213356018066406250e+00,3.213356018066406250e+00,6.992505937034972823e-04,-3.212978532483810046e+00,3.212978608573858974e+00
3.211009129881858826e-02,7.756107952445745468e-04,-2.920474529266357422e+00,2.920474529266357422e+00,7.856939721888686482e-04,-2.919947319834322208e+00,2.919947425540854180e+00
3.240200132131576538e-02,8.567780023440718651e-04,-2.594096183776855469e+00,2.594096183776855469e+00,8.640987791300018279e-04,-2.593550064227546414e+00,2.593550208174387972e+00
3.269391134381294250e-02,9.281767997890710831e-04,-2.238153457641601562e+00,2.238153457641601562e+00,9.421933664257149893e-04,-2.237530133776227004e+00,2.237530332148594869e+00
3.298582136631011963e-02,9.889869252219796181e-04,-1.856670260429382324e+00,1.856670498847961426e+00,1.001597795002553493e-03,-1.855928104564108061e+00,1.855928374832678251e+00
3.327773138880729675e-02,1.038450631313025951e-03,-1.453881382942199707e+00,1.453881740570068359e+00,1.052333463763424279e-03,-1.453127763596330224e+00,1.453128144638383690e+00
3.356964141130447388e-02,1.076075364835560322e-03,-1.034528732299804688e+00,1.034529209136962891e+00,1.092569496127834610e-03,-1.033730956928730960e+00,1.033731534307091637e+00
3.386155143380165100e-02,1.101428410038352013e-03,-6.033707857131958008e-01,6.033717989921569824e-01,1.116147138921505435e-03,-6.025071566930171318e-01,6.025081905258546922e-01
3.415346145629882812e-02,1.114139799028635025e-03,-1.652830690145492554e-01,1.652868092060089111e-01,1.128116934466407871e-03,-1.643985698592158318e-01,1.644024404307104226e-01
3.444537147879600525e-02,1.114150392822921276e-03,2.746771574020385742e-01,2.746794223785400391e-01,1.127890925383894394e-03,2.755806921052803560e-01,2.755830001998760825e-01
3.473728150129318237e-02,1.101459027267992496e-03,7.115134596824645996e-01,7.115142941474914551e-01,1.115585804591519813e-03,7.124188232537529419e-01,7.124196967083022969e-01
3.502919152379035950e-02,1.076120766811072826e-03,1.140185475349426270e+00,1.140185832977294922e+00,1.087674805279036658e-03,1.141101224509910583e+00,1.141101742884699677e+00
3.532110154628753662e-02,1.038516173139214516e-03,1.555847764015197754e+00,1.555848121643066406e+00,1.051258304754194763e-03,1.556759705776921354e+00,1.556760060726980033e+00
3.561301156878471375e-02,9.890724904835224152e-04,1.953780770301818848e+00,1.953781008720397949e+00,1.000090359300734267e-03,1.954622527699857226e+00,1.954622783549937681e+00
3.590492159128189087e-02,9.282734827138483524e-04,2.329289674758911133e+00,2.329289674758911133e+00,9.327833941643508611e-04,2.330144500951653708e+00,2.330144687653556534e+00
3.619683161377906799e-02,8.568917983211576939e-04,2.678228139877319336e+00,2.678228139877319336e+00,8.633401756225618333e-04,2.679054240377849005e+00,2.679054379485939386e+00
3.648874163627624512e-02,7.757412386126816273e-04,2.996640920639038086e+00,2.996640920639038086e+00,7.849864028577943197e-04,2.997350805858852496e+00,2.997350908650231016e+00
3.678065165877342224e-02,6.856870022602379322e-04,3.280669689178466797e+00,3.280669689178466797e+00,6.921582426730882309e-04,3.281392021531480907e+00,3.281392094531449199e+00
3.707256168127059937e-02,5.878140218555927277e-04,3.527269363403320312e+00,3.527269363403320312e+00,5.979947674229684016e-04,3.527942660393053043e+00,3.527942711073829063e+00
3.736447170376777649e-02,4.832393315155059099e-04,3.733662366867065430e+00,3.733662366867065430e+00,4.833168308380539737e-04,3.734173504954536593e+00,3.734173536232562984e+00
3.765638172626495361e-02,3.731193137355148792e-04,3.897228240966796875e+00,3.897228240966796875e+00,3.771517372444679428e-04,3.897742837590330023e+00,3.897742855837228237e+00
3.794829174876213074e-02,2.587446360848844051e-04,4.016319274902343750e+00,4.016319274902343750e+00,2.575202784012663019e-04,4.016771463393276953e+00,4.016771471648251435e+00
3.824020177125930786e-02,1.414196740370243788e-04,4.089627265930175781e+00,4.089627265930175781e+00,1.366830821989269108e-04,4.089902797769851439e+00,4.089902800053801357e+00
3.853211179375648499e-02,2.247075644845608622e-05,4.116039276123046875e+00,4.116039276123046875e+00,1.427072287535619142e-05,4.116300075881914822e+00,4.116300075906652367e+00
3.882402181625366211e-02,-9.673165914136916399e-05,4.095466136932373047e+00,4.095466136932373047e+00,-1.005112567188496021e-04,4.095662400565871053e+00,4.095662401799189389e+00
3.911592811346054077e-02,-2.148303610738366842e-04,4.028208255767822266e+00,4.028208255767822266e+00,-2.181405734888534605e-04,4.028226725736513636e+00,4.028226731642996938e+00
3.940783813595771790e-02,-3.304704150650650263e-04,3.914772748947143555e+00,3.914772748947143555e+00,-3.370859989290063961e-04,3.914762328480751563e+00,3.914762342993378219e+00
3.969974815845489502e-02,-4.423339269123971462e-04,3.756635427474975586e+00,3.756635427474975586e+00,-4.519951756919933549e-04,3.756566164539931307e+00,3.756566191732270354e+00
3.999165818095207214e-02,-5.491552874445915222e-04,3.555675029754638672e+00,3.555675029754638672e+00,-5.566062286827965118e-04,3.555440406589568170e+00,3.555440450158079635e+00
4.028356820344924927e-02,-6.496862624771893024e-04,3.313966035842895508e+00,3.313966035842895508e+00,-6.661213632052329124e-04,3.313697623086456101e+00,3.313697690038501342e+00
4.057547822594642639e-02,-7.427926757372915745e-04,3.034406423568725586e+00,3.034406423568725586e+00,-7.553258665439533965e-04,3.034081721037941826e+00,3.034081815056034692e+00
4.086738824844360352e-02,-8.274327265098690987e-04,2.720254182815551758e+00,2.720254182815551758e+00,-8.419768293065175860e-04,2.719801625823364599e+00,2.719801756149958560e+00
4.115929827094078064e-02,-9.025962790474295616e-04,2.374936819076538086e+00,2.374936819076538086e+00,-9.142630153308472802e-04,2.374437581576861689e+00,2.374437757592612996e+00
4.145120829343795776e-02,-9.674431057646870613e-04,2.002488136291503906e+00,2.002488374710083008e+00,-9.769971961379290970e-04,2.001940993755012776e+00,2.001941232154512917e+00
4.174311831593513489e-02,-1.021262141875922680e-03,1.607209920883178711e+00,1.607210159301757812e+00,-1.035837060688791621e-03,1.606583362138900739e+00,1.606583696064400657e+00
4.203502833843231201e-02,-1.063388423062860966e-03,1.193520665168762207e+00,1.193521142005920410e+00,-1.078543213507487464e-03,1.192861126667574601e+00,1.192861614257957115e+00
4.232693836092948914e-02,-1.093356753699481487e-03,7.662004232406616211e-01,7.662011384963989258e-01,-1.107082656359271522e-03,7.655009511660748611e-01,7.655017517081024181e-01
4.261884838342666626e-02,-1.110862009227275848e-03,3.301385045051574707e-01,3.301403522491455078e-01,-1.125646262745121562e-03,3.294091408887735994e-01,3.294110641441612142e-01
4.291075840592384338e-02,-1.115652266889810562e-03,-1.097085326910018921e-01,1.097141951322555542e-01,-1.129358102412523785e-03,-1.104621364323317562e-01,1.104679095254298832e-01
4.320266842842102051e-02,-1.107683638110756874e-03,-5.482874512672424316e-01,5.482885837554931641e-01,-1.120692918425675528e-03,-5.490634345649474390e-01,5.490645782864468361e-01
4.349457845091819763e-02,-1.087087905034422874e-03,-9.806225895881652832e-01,9.806231856346130371e-01,-1.100533358277534053e-03,-9.813985370092861427e-01,9.813991540742431630e-01
4.378648847341537476e-02,-1.054053311236202717e-03,-1.401744484901428223e+00,1.401744842529296875e+00,-1.068342995196595174e-03,-1.402521119968532570e+00,1.402521526863150347e+00
4.407839849591255188e-02,-1.008961116895079613e-03,-1.806817412376403809e+00,1.806817650794982910e+00,-1.019677194293043977e-03,-1.807599598048970524e+00,1.807599885651794303e+00
4.437030851840972900e-02,-9.523667395114898682e-04,-2.191298484802246094e+00,2.191298723220825195e+00,-9.597897216308321931e-04,-2.192034190372583513e+00,2.192034400496191360e+00
4.466221854090690613e-02,-8.848783909343183041e-04,-2.550722837448120117e+00,2.550722837448120117e+00,-8.954892939332970451e-04,-2.551424965097241149e+00,2.551425122244925348e+00
4.495412856340408325e-02,-8.072647615335881710e-04,-2.880944967269897461e+00,2.880944967269897461e+00,-8.087461708874087683e-04,-2.881652397847474845e+00,2.881652511336241673e+00
4.524603858590126038e-02,-7.204480934888124466e-04,-3.178328990936279297e+00,3.178328990936279297e+00,-7.259797200683487748e-04,-3.178961450796831123e+00,3.178961533692858055e+00
4.553794860839843750e-02,-6.253926549106836319e-04,-3.439379215240478516e+00,3.439379215240478516e+00,-6.328340363249081212e-04,-3.439947640737688772e+00,3.439947698947718902e+00
4.582985863089561462e-02,-5.231795366853475571e-04,-3.661045312881469727e+00,3.661045312881469727e+00,-5.291636229745671442e-04,-3.661620050426973805e+00,3.661620088663346984e+00
4.612176865339279175e-02,-4.150018794462084770e-04,-3.840979337692260742e+00,3.840979337692260742e+00,-4.232670492720974273e-04,-3.841457542226758282e+00,3.841457565545380870e+00
4.641367867588996887e-02,-3.020789008587598801e-04,-3.977017641067504883e+00,3.977017641067504883e+00,-3.014611097371296404e-04,-3.977394266968335756e+00,3.977394278392750060e+00
4.670558869838714600e-02,-1.856988528743386269e-04,-4.067502975463867188e+00,4.067502975463867188e+00,-1.874422429993197073e-04,-4.067888221569567975e+00,4.067888225888097509e+00
4.699749872088432312e-02,-6.720165401929989457e-05,-4.111620903015136719e+00,4.111620903015136719e+00,-6.745008329006821498e-05,-4.111898037895783453e+00,4.111898038448996040e+00
4.728940874338150024e-02,5.206594141782261431e-05,-4.108765602111816406e+00,4.108765602111816406e+00,6.506316436412086209e-05,-4.108924146262574517e+00,4.108924146777699349e+00
4.758131876587867737e-02,1.707342598820105195e-04,-4.058833599090576172e+00,4.058833599090576172e+00,1.811954678659924108e-04,-4.058998906550755237e+00,4.058998910595077447e+00
4.787322878837585449e-02,2.874562924262136221e-04,-3.962633848190307617e+00,3.962633848190307617e+00,2.916298405288031436e-04,-3.962692494880851513e+00,3.962692505611933758e+00
4.816513881087303162e-02,4.008981632068753242e-04,-3.821175575256347656e+00,3.821175575256347656e+00,4.101109104641650406e-04,-3.821106487951721142e+00,3.821106509959869335e+00
4.845704883337020874e-02,5.097425892017781734e-04,-3.635922908782958984e+00,3.635922908782958984e+00,5.131847397695962461e-04,-3.635857241959187469e+00,3.635857278176035212e+00
4.874895885586738586e-02,6.127759697847068310e-04,-3.409223794937133789e+00,3.409223794937133789e+00,6.273815232991487943e-04,-3.409067777727435189e+00,3.409067835456937257e+00
4.904086887836456299e-02,7.088161655701696873e-04,-3.143597841262817383e+00,3.143597841262817383e+00,7.180624866660061025e-04,-3.143318500810975191e+00,3.143318582828392049e+00
4.933277890086174011e-02,7.967271376401185989e-04,-2.841932058334350586e+00,2.841932058334350586e+00,8.097519380711504277e-04,-2.841654374206525890e+00,2.841654489579140463e+00
4.962468892335891724e-02,8.755555027164518833e-04,-2.507872343063354492e+00,2.507872343063354492e+00,8.891824876880032339e-04,-2.507523039920680485e+00,2.507523197575357798e+00
4.991659894585609436e-02,9.443939779885113239e-04,-2.145183563232421875e+00,2.145183801651000977e+00,9.604821235298469659e-04,-2.144736373345793812e+00,2.144736588413219902e+00
5.020850524306297302e-02,1.002397970296442509e-03,-1.757899999618530273e+00,1.757900238037109375e+00,1.015170016407358463e-03,-1.757439290299016355e+00,1.757439583501200220e+00
5.050041526556015015e-02,1.048975624144077301e-03,-1.350576639175415039e+00,1.350576996803283691e+00,1.062149751493679430e-03,-1.350067830992579987e+00,1.350068248809334959e+00
5.079232528805732727e-02,1.083587994799017906e-03,-9.278345108032226562e-01,9.278350472450256348e-01,1.098077940244966341e-03,-9.272660818925423376e-01,9.272667320698558813e-01
5.108423531055450439e-02,1.105766044929623604e-03,-4.944527149200439453e-01,4.944539666175842285e-01,1.120083093557514399e-03,-4.938729117350482700e-01,4.938741818842035114e-01
5.137614533305168152e-02,1.115338876843452454e-03,-5.543963611125946045e-02,5.545085296034812927e-02,1.129210746168212353e-03,-5.482477581169251796e-02,5.483640359935729874e-02
5.166805535554885864e-02,1.112192985601723194e-03,3.842183947563171387e-01,3.842200040817260742e-01,1.125215353511161255e-03,3.848303107240156895e-01,3.848319557437171468e-01
5.195996537804603577e-02,1.096280408091843128e-03,8.194596767425537109e-01,8.194603323936462402e-01,1.109068362857819475e-03,8.201076043465574950e-01,8.201083542677047866e-01
5.225187540054321289e-02,1.067871344275772572e-03,1.245353341102600098e+00,1.245353817939758301e+00,1.079805856783673610e-03,1.246002477406556563e+00,1.246002945295060060e+00
5.254378542304039001e-02,1.027288031764328480e-03,1.657063245773315430e+00,1.657063484191894531e+00,1.039908444705659862e-03,1.657670559067833560e+00,1.657670885251302462e+00
5.283569544553756714e-02,9.749091113917529583e-04,2.049740314483642578e+00,2.049740552902221680e+00,9.906205240343851116e-04,2.050393225933829111e+00,2.050393465236454826e+00
5.312760546803474426e-02,9.114177664741873741e-04,2.419044733047485352e+00,2.419044733047485352e+00,9.201463979947268517e-04,2.419677145037184118e+00,2.419677319992211917e+00
5.341951549053192139e-02,8.375358884222805500e-04,2.760778903961181641e+00,2.760778903961181641e+00,8.450304311840080729e-04,2.761316203818394044e+00,2.761316333118402078e+00
5.371142551302909851e-02,7.540390943177044392e-04,3.070827722549438477e+00,3.070827722549438477e+00,7.631101081796513299e-04,3.071411377391468633e+00,3.071411472191050152e+00
5.400333553552627563e-02,6.619459018111228943e-04,3.345848560333251953e+00,3.345848560333251953e+00,6.601089787340870107e-04,3.346400993023196602e+00,3.346401058129539141e+00
5.429524555802345276e-02,5.623057950288057327e-04,3.582732439041137695e+00,3.582732439041137695e+00,5.654552259729796670e-04,3.583159293741616125e+00,3.583159338358612445e+00
5.458715558052062988e-02,4.562120011541992426e-04,3.778510093688964844e+00,3.778510093688964844e+00,4.542144833756618020e-04,3.778972431045310554e+00,3.778972458342519047e+00
5.487906560301780701e-02,3.449166542850434780e-04,3.931176900863647461e+00,3.931176900863647461e+00,3.486569450229445324e-04,3.931606409606205776e+00,3.931606425065746979e+00
5.517097562551498413e-02,2.296884777024388313e-04,4.039032459259033203e+00,4.039032459259033203e+00,2.281480845626163883e-04,4.039313959529486020e+00,4.039313965972603171e+00
5.546288564801216125e-02,1.118236759793944657e-04,4.100561141967773438e+00,4.100561141967773438e+00,1.087621990232560867e-04,4.100865684567389202e+00,4.100865686009671940e+00
5.575479567050933838e-02,-7.314197773666819558e-06,4.115292072296142578e+00,4.115292072296142578e+00,-1.580544093177291740e-05,4.115559268716520336e+00,4.115559268746869392e+00
5.604670569300651550e-02,-1.263693702640011907e-04,4.083110809326171875e+00,4.083110809326171875e+00,-1.285017443471162739e-04,4.083226067676946514e+00,4.083226069698961957e+00
5.633861571550369263e-02,-2.439779782434925437e-04,4.004112243652343750e+00,4.004112243652343750e+00,-2.513700681776208303e-04,4.004235498628744949e+00,4.004235506518753596e+00
5.663052573800086975e-02,-3.587982209865003824e-04,3.879402875900268555e+00,3.879402875900268555e+00,-3.674962524720210792e-04,3.879491580317373955e+00,3.879491597723455865e+00
5.692243576049804688e-02,-4.695287498179823160e-04,3.710470438003540039e+00,3.710470438003540039e+00,-4.758597462687103735e-04,3.710414528480875163e+00,3.710414558995322132e+00
5.721434578299522400e-02,-5.748801049776375294e-04,3.499006509780883789e+00,3.499006509780883789e+00,-5.825215726318316162e-04,3.498944454825686723e+00,3.498944503316222310e+00
5.750625580549240112e-02,-6.736633367836475372e-04,3.247585535049438477e+00,3.247585535049438477e+00,-6.856292987300653067e-04,3.247492436020062989e+00,3.247492508397064714e+00
5.779816582798957825e-02,-7.647672900930047035e-04,2.959144830703735352e+00,2.959144830703735352e+00,-7.775588490164021295e-04,2.958934998107270342e+00,2.958935100272027885e+00
5.809007585048675537e-02,-8.471110486425459385e-04,2.636792898178100586e+00,2.636792898178100586e+00,-8.580569470296328270e-04,2.636558835782057297e+00,2.636558975407559569e+00
5.838198587298393250e-02,-9.197746985591948032e-04,2.284322261810302734e+00,2.284322261810302734e+00,-9.315640037740233713e-04,2.284064665627168367e+00,2.284064855598028299e+00
5.867389589548110962e-02,-9.819533443078398705e-04,1.905813455581665039e+00,1.905813694000244141e+00,-9.961769853959196851e-04,1.905468626707843782e+00,1.905468887107963916e+00
5.896580591797828674e-02,-1.032887026667594910e-03,1.505467772483825684e+00,1.505468130111694336e+00,-1.048768958534203885e-03,1.505099467166975957e+00,1.505099832563489226e+00
5.925771594047546387e-02,-1.072014449164271355e-03,1.087923526763916016e+00,1.087924003601074219e+00,-1.085611557783199184e-03,1.087528408146336556e+00,1.087528949995244743e+00
5.954962596297264099e-02,-1.098921406082808971e-03,6.579803228378295898e-01,6.579811573028564453e-01,-1.113319057985456264e-03,6.575345260187721586e-01,6.575354685384326991e-01
5.984153598546981812e-02,-1.113247708417475224e-03,2.204927057027816772e-01,2.204955220222473145e-01,-1.127342909464217838e-03,2.200311186990210888e-01,2.200340066852808640e-01
6.013344600796699524e-02,-1.114845159463584423e-03,-2.195076495409011841e-01,2.195104807615280151e-01,-1.128378090973155634e-03,-2.199903653155233230e-01,2.199932591439419383e-01
6.042535603046417236e-02,-1.103734248317778111e-03,-6.570017933845520020e-01,6.570027470588684082e-01,-1.117499380854444216e-03,-6.575019579898212507e-01,6.575029076478026147e-01
6.071726605296134949e-02,-1.079991110600531101e-03,-1.086989045143127441e+00,1.086989521980285645e+00,-1.092423088937606980e-03,-1.087496784790884297e+00,1.087497333476600492e+00
6.100917607545852661e-02,-1.043895608745515347e-03,-1.504535794258117676e+00,1.504536151885986328e+00,-1.055351591146096646e-03,-1.505061461636831188e+00,1.505061831643927928e+00
6.130108609795570374e-02,-9.959008311852812767e-04,-1.904927015304565430e+00,1.904927253723144531e+00,-1.004339521577351547e-03,-1.905432418231078229e+00,1.905432682921075926e+00
6.159299239516258240e-02,-9.365120204165577888e-04,-2.283532142639160156e+00,2.283532142639160156e+00,-9.478720350821647064e-04,-2.284033949879100689e+00,2.284034146562113232e+00
6.188490241765975952e-02,-8.664077031426131725e-04,-2.636007785797119141e+00,2.636007785797119141e+00,-8.767750451464948261e-04,-2.636530665827547359e+00,2.636530811612777470e+00
6.217681244015693665e-02,-7.864281069487333298e-04,-2.958429574966430664e+00,2.958429574966430664e+00,-7.931090850670750869e-04,-2.958903857634990420e+00,2.958903963928070535e+00
6.246872246265411377e-02,-6.974522839300334454e-04,-3.247028589248657227e+00,3.247028589248657227e+00,-7.026282599613150161e-04,-3.247464753213825883e+00,3.247464829224884664e+00
6.276063621044158936e-02,-6.004943861626088619e-04,-3.498456001281738281e+00,3.498456001281738281e+00,-6.075434091716906638e-04,-3.498925260541944748e+00,3.498925313287997163e+00
6.305254250764846802e-02,-4.966931301169097424e-04,-3.709999561309814453e+00,3.709999561309814453e+00,-5.024650527937162383e-04,-3.710398388993723540e+00,3.710398423015828673e+00
6.334445625543594360e-02,-3.872088564094156027e-04,-3.879139661788940430e+00,3.879139661788940430e+00,-3.878839140935413650e-04,-3.879476672021253680e+00,3.879476691412262479e+00
6.363636255264282227e-02,-2.732950379140675068e-04,-4.003854751586914062e+00,4.003854751586914062e+00,-2.724006437048183513e-04,-4.004225041911197991e+00,4.004225051176674377e+00
6.392827630043029785e-02,-1.562637626193463802e-04,-4.082929611206054688e+00,4.082929611206054688e+00,-1.538070200127635543e-04,-4.083221835437808700e+00,4.083221838334614162e+00
6.422018259763717651e-02,-3.745032881852239370e-05,-4.115346431732177734e+00,4.115346431732177734e+00,-3.740270030120904977e-05,-4.115558091342802705e+00,4.115558091512762751e+00
6.451209634542465210e-02,8.179681026376783848e-05,-4.100623130798339844e+00,4.100623130798339844e+00,9.115766926308675787e-05,-4.100869140254900458e+00,4.100869141268066009e+00
6.480400264263153076e-02,2.001071843551471829e-04,-4.039155960083007812e+00,4.039155960083007812e+00,2.069641490942124729e-04,-4.039322771697329451e+00,4.039322776999475728e+00
6.509591639041900635e-02,3.161373024340718985e-04,-3.931544542312622070e+00,3.931544542312622070e+00,3.243088982878243186e-04,-3.931616248177801420e+00,3.931616261553503744e+00
6.538782268762588501e-02,4.285406903363764286e-04,-3.778884649276733398e+00,3.778884649276733398e+00,4.343648992824949507e-04,-3.778990280318891060e+00,3.778990305282287299e+00
6.567973643541336060e-02,5.360602517612278461e-04,-3.583145380020141602e+00,3.583145380020141602e+00,5.501282173612521411e-04,-3.583179511091629799e+00,3.583179553322427324e+00
6.597164273262023926e-02,6.374557851813733578e-04,-3.346497058868408203e+00,3.346497058868408203e+00,6.523115647315087719e-04,-3.346429240456295418e+00,3.346429304033072594e+00
6.626355648040771484e-02,7.315482362173497677e-04,-3.071475744247436523e+00,3.071475744247436523e+00,7.439904977439310702e-04,-3.071433611324835056e+00,3.071433701432895624e+00
6.655546277761459351e-02,8.172976667992770672e-04,-2.761453628540039062e+00,2.761453628540039062e+00,8.304742793111090631e-04,-2.761349482204937811e+00,2.761349607087267177e+00
6.684737652540206909e-02,8.937218808569014072e-04,-2.419893503189086914e+00,2.419893503189086914e+00,9.051124752766220036e-04,-2.419703834373786222e+00,2.419704003656603319e+00
6.713928282260894775e-02,9.598947362974286079e-04,-2.050593614578247070e+00,2.050593852996826172e+00,9.760919815667664550e-04,-2.050425366685675321e+00,2.050425599016858058e+00
6.743118911981582642e-02,1.015124493278563023e-03,-1.657926201820373535e+00,1.657926440238952637e+00,1.029570129147157429e-03,-1.657715122924242612e+00,1.657715442645808279e+00
6.772310286760330200e-02,1.058772788383066654e-03,-1.246330738067626953e+00,1.246331214904785156e+00,1.073343056400740238e-03,-1.246045057129291145e+00,1.246045519417992686e+00
6.801500916481018066e-02,1.090274658054113388e-03,-8.204393386840820312e-01,8.204399943351745605e-01,1.104846247414470245e-03,-8.201514365304112264e-01,8.201521807129014130e-01
6.830692291259765625e-02,1.109348144382238388e-03,-3.851943016052246094e-01,3.851959109306335449e-01,1.123316834433632071e-03,-3.848748302353843243e-01,3.848764695190216578e-01
6.859882920980453491e-02,1.115768216550350189e-03,5.444559827446937561e-02,5.445702746510505676e-02,1.129510156306590303e-03,5.478004963837961733e-02,5.479169308915846082e-02
6.889074295759201050e-02,1.109383185394108295e-03,4.934706389904022217e-01,4.934718608856201172e-01,1.122556790842055502e-03,4.938285200008415421e-01,4.938297958811013744e-01
6.918264925479888916e-02,1.090352539904415607e-03,9.268480539321899414e-01,9.268487095832824707e-01,1.102947323851830941e-03,9.272225497207486899e-01,9.272232057080136425e-01
6.947456300258636475e-02,1.058889203704893589e-03,1.349670410156250000e+00,1.349670767784118652e+00,1.071995154541682685e-03,1.350032980955704121e+00,1.350033406565095184e+00
6.976646929979324341e-02,1.015269546769559383e-03,1.756997823715209961e+00,1.756998062133789062e+00,1.024430226514477316e-03,1.757398848089895882e+00,1.757399146672429024e+00
7.005838304758071899e-02,9.600764024071395397e-04,2.144294977188110352e+00,2.144295215606689453e+00,9.698183889110132067e-04,2.144701585683662870e+00,2.144701804956046676e+00
7.035028934478759766e-02,8.939388208091259003e-04,2.507149934768676758e+00,2.507149934768676758e+00,9.023263078787153134e-04,2.507487538483195610e+00,2.507487700835496103e+00
7.064220309257507324e-02,8.175355033017694950e-04,2.841228008270263672e+00,2.841228008270263672e+00,8.274507455156199145e-04,2.841630826456973402e+00,2.841630946929118107e+00
7.093410938978195190e-02,7.318167481571435928e-04,3.142892837524414062e+00,3.142892837524414062e+00,7.405797971570249588e-04,3.143294885674967176e+00,3.143294972917565655e+00
7.122602313756942749e-02,6.377518293447792530e-04,3.408743619918823242e+00,3.408743619918823242e+00,6.420118222678940223e-04,3.409045141033995474e+00,3.409045201487753030e+00
7.151792943477630615e-02,5.363680538721382618e-04,3.635470390319824219e+00,3.635470390319824219e+00,5.391587559469066112e-04,3.635839733890696923e+00,3.635839773866628821e+00
7.180984318256378174e-02,4.288671480026096106e-04,3.820732831954956055e+00,3.820732831954956055e+00,4.337793388262851935e-04,3.821094226589724752e+00,3.821094251211535120e+00
7.210174947977066040e-02,3.164775844197720289e-04,3.962440490722656250e+00,3.962440490722656250e+00,3.199794387514883951e-04,3.962682290583512401e+00,3.962682303502392589e+00
7.239366322755813599e-02,2.004537091124802828e-04,4.058690547943115234e+00,4.058690547943115234e+00,1.986116115718601432e-04,4.058991720010419080e+00,4.058991724869577489e+00
7.268556952476501465e-02,8.215191337512806058e-05,4.108627796173095703e+00,4.108627796173095703e+00,7.877840083134284553e-05,4.108921351466685579e+00,4.108921352221875267e+00
7.297748327255249023e-02,-3.709480733959935606e-05,4.111732482910156250e+00,4.111732482910156250e+00,-3.803924838118403486e-05,4.111899928317645170e+00,4.111899928493595979e+00
7.326938956975936890e-02,-1.559137599542737007e-04,4.067680835723876953e+00,4.067680835723876953e+00,-1.583173951659817467e-04,4.067893967547935752e+00,4.067893970628693623e+00
7.356130331754684448e-02,-2.729530970100313425e-04,3.977200984954833984e+00,3.977200984954833984e+00,-2.806190654797823133e-04,3.977405830988671731e+00,3.977405840887970889e+00
7.385320961475372314e-02,-3.868799831252545118e-04,3.841383934020996094e+00,3.841383934020996094e+00,-3.957859741934085119e-04,3.841470860335867599e+00,3.841470880724742187e+00
7.414512336254119873e-02,-4.963751998730003834e-04,3.661522626876831055e+00,3.661522626876831055e+00,-5.029855105236930458e-04,3.661636643236886535e+00,3.661636677783517868e+00
7.443702965974807739e-02,-6.001948495395481586e-04,3.439869165420532227e+00,3.439869165420532227e+00,-6.081739391184311791e-04,3.439967804979837229e+00,3.439967858741319162e+00
7.472894340753555298e-02,-6.971792900003492832e-04,3.178988695144653320e+00,3.178988695144653320e+00,-7.091707808810639819e-04,3.178989920663311430e+00,3.178989999764410435e+00
7.502084970474243164e-02,-7.861724589020013809e-04,2.881680727005004883e+00,2.881680727005004883e+00,-7.990782164339596712e-04,2.881690183815041717e+00,2.881690294605228075e+00
7.531276345252990723e-02,-8.661858155392110348e-04,2.551456212997436523e+00,2.551456212997436523e+00,-8.772743089658603189e-04,2.551453806674374825e+00,2.551453957492349378e+00
7.560466974973678589e-02,-9.363240096718072891e-04,2.192151069641113281e+00,2.192151308059692383e+00,-9.483445521598971766e-04,2.192072383383672829e+00,2.192072588522278931e+00
7.589658349752426147e-02,-9.957381989806890488e-04,1.807719349861145020e+00,1.807719588279724121e+00,-1.011894689097705925e-03,1.807636214805679487e+00,1.807636498029364880e+00
7.618848979473114014e-02,-1.043770695105195045e-03,1.402660369873046875e+00,1.402660727500915527e+00,-1.058189504505182600e-03,1.402555836039172110e+00,1.402556235226441350e+00
7.648040354251861572e-02,-1.079907640814781189e-03,9.815877079963684082e-01,9.815883040428161621e-01,-1.094318055582461317e-03,9.814304660626365084e-01,9.814310761576334752e-01
7.677230983972549438e-02,-1.103677321225404739e-03,5.492797493934631348e-01,5.492808818817138672e-01,-1.117553637431123372e-03,5.491096159805145538e-01,5.491107532077665887e-01
7.706422358751296997e-02,-1.114831073209643364e-03,1.106906011700630188e-01,1.106962114572525024e-01,-1.128940258426227184e-03,1.105029140458794329e-01,1.105086807392890308e-01
7.735612988471984863e-02,-1.113276346586644650e-03,-3.291516602039337158e-01,3.291535377502441406e-01,-1.126948006197652213e-03,-3.293547782196116214e-01,3.293567062440025950e-01
7.764804363250732422e-02,-1.098977052606642246e-03,-7.652432918548583984e-01,7.652440071105957031e-01,-1.111829026015099739e-03,-7.654685773813714178e-01,7.654693848365482500e-01
7.793994992971420288e-02,-1.072112470865249634e-03,-1.192554473876953125e+00,1.192554950714111328e+00,-1.084280047529613458e-03,-1.192820111004159411e+00,1.192820603812323688e+00
7.823185622692108154e-02,-1.033026026561856270e-03,-1.606283783912658691e+00,1.606284022331237793e+00,-1.045794206268488681e-03,-1.606538607416389652e+00,1.606538947802048867e+00
7.852376997470855713e-02,-9.821167914196848869e-04,-2.001648664474487305e+00,2.001648902893066406e+00,-9.904250500033708743e-04,-2.001910770984119736e+00,2.001911015985478937e+00
7.881567627191543579e-02,-9.199749329127371311e-04,-2.374099254608154297e+00,2.374099254608154297e+00,-9.289691689004639027e-04,-2.374398020023231304e+00,2.374398201750068438e+00
7.910759001970291138e-02,-8.473442285321652889e-04,-2.719495773315429688e+00,2.719495773315429688e+00,-8.549857919197625684e-04,-2.719769596295221081e+00,2.719769730681731001e+00
7.939949631690979004e-02,-7.650213665328919888e-04,-3.033781290054321289e+00,3.033781290054321289e+00,-7.742604930014047046e-04,-3.034048585101795759e+00,3.034048683893769915e+00
7.969141006469726562e-02,-6.739454111084342003e-04,-3.313345432281494141e+00,3.313345432281494141e+00,-6.756584696071897111e-04,-3.313667632166688914e+00,3.313667701050236669e+00
7.998331636190414429e-02,-5.751874414272606373e-04,-3.555139303207397461e+00,3.555139303207397461e+00,-5.752115295594489777e-04,-3.555417788412358338e+00,3.555417834942516286e+00
8.027523010969161987e-02,-4.698477277997881174e-04,-3.756291151046752930e+00,3.756291151046752930e+00,-4.716912726541928912e-04,-3.756547604846237398e+00,3.756547634460217555e+00
8.056713640689849854e-02,-3.591335553210228682e-04,-3.914434194564819336e+00,3.914434194564819336e+00,-3.594467636661646749e-04,-3.914747804511327534e+00,3.914747821013280671e+00
8.085905015468597412e-02,-2.443232224322855473e-04,-4.027956962585449219e+00,4.027956962585449219e+00,-2.469656522499052141e-04,-4.028218802619274008e+00,4.028218810189869714e+00
8.115095645189285278e-02,-1.267207990167662501e-04,-4.095438480377197266e+00,4.095438480377197266e+00,-1.200468555335272504e-04,-4.095658274245878694e+00,4.095658276005210041e+00
8.144287019968032837e-02,-7.668626494705677032e-06,-4.116018295288085938e+00,4.116018295288085938e+00,-3.401969767453237924e-06,-4.116300403648511796e+00,4.116300403649917783e+00
8.173477649688720703e-02,1.114698898163624108e-04,-4.089679718017578125e+00,4.089679718017578125e+00,1.171799119948328810e-04,-4.089906943677434015e+00,4.089906945356093892e+00
8.202669024467468262e-02,2.293403231306001544e-04,-4.016608715057373047e+00,4.016608715057373047e+00,2.326425750772194868e-04,-4.016778565278744217e+00,4.016778572015805793e+00
8.231859654188156128e-02,3.445791080594062805e-04,-3.897525310516357422e+00,3.897525310516357422e+00,3.492854638962557875e-04,-3.897754565507169922e+00,3.897754581157248488e+00
8.261051028966903687e-02,4.558913642540574074e-04,-3.734009981155395508e+00,3.734009981155395508e+00,4.655822998465467097e-04,-3.734191479801927116e+00,3.734191508826533834e+00
8.290241658687591553e-02,5.619939183816313744e-04,-3.527851104736328125e+00,3.527851104736328125e+00,5.728019018866798741e-04,-3.527961880814185491e+00,3.527961927314407387e+00
8.319433033466339111e-02,6.616595201194286346e-04,-3.281252861022949219e+00,3.281252861022949219e+00,6.702335902950072154e-04,-3.281412903754838517e+00,3.281412972202955025e+00
8.348623663187026978e-02,7.537789060734212399e-04,-2.997260570526123047e+00,2.997260570526123047e+00,7.635072297935679292e-04,-2.997375810630478199e+00,2.997375907872752432e+00
8.377815037965774536e-02,8.372964221052825451e-04,-2.679031372070312500e+00,2.679031372070312500e+00,8.504383937985297197e-04,-2.679086515982886940e+00,2.679086650962746674e+00
8.407005667686462402e-02,9.112116531468927860e-04,-2.330097913742065430e+00,2.330097913742065430e+00,9.251008957095860265e-04,-2.330187677710494398e+00,2.330187861346268097e+00
8.436197042465209961e-02,9.747401345521211624e-04,-1.954599976539611816e+00,1.954600214958190918e+00,9.870983988997934604e-04,-1.954653313812694693e+00,1.954653563054639553e+00
8.465387672185897827e-02,1.027142396196722984e-03,-1.556803822517395020e+00,1.556804180145263672e+00,1.040043935672505014e-03,-1.556793832384118614e+00,1.556794179794046995e+00
8.494579046964645386e-02,1.067766454070806503e-03,-1.141134142875671387e+00,1.141134500503540039e+00,1.082268988813788173e-03,-1.141142380895853181e+00,1.141142894112223249e+00
8.523769676685333252e-02,1.096216845326125622e-03,-7.124755978584289551e-01,7.124764323234558105e-01,1.110620860020440593e-03,-7.124551518289233831e-01,7.124560174819698499e-01
8.552961051464080811e-02,1.112161786295473576e-03,-2.756655812263488770e-01,2.756678164005279541e-01,1.126031052952370564e-03,-2.756155666068783039e-01,2.756178668046808111e-01
8.582151681184768677e-02,1.115345861762762070e-03,1.642944663763046265e-01,1.642982512712478638e-01,1.129268460009718146e-03,1.643617303420235043e-01,1.643656096885197648e-01
8.611343055963516235e-02,1.105815521441400051e-03,6.023823618888854980e-01,6.023833751678466797e-01,1.119101001141298811e-03,6.024648101880965001e-01,6.024658495732599928e-01
8.640533685684204102e-02,1.083674258552491665e-03,1.033590793609619141e+00,1.033591270446777344e+00,1.095916139101591738e-03,1.033680037012115305e+00,1.033680617961637127e+00
8.669725060462951660e-02,1.049093785695731640e-03,1.452956676483154297e+00,1.452957034111022949e+00,1.062143104933067645e-03,1.453095147952973676e+00,1.453095536140845079e+00
8.698915690183639526e-02,1.002556295134127140e-03,1.855738401412963867e+00,1.855738639831542969e+00,1.014951439898392500e-03,1.855895217187397472e+00,1.855895494715551708e+00
8.728107064962387085e-02,9.445862378925085068e-04,2.237385272979736328e+00,2.237385272979736328e+00,9.518985043858166004e-04,2.237495802874133410e+00,2.237496005357356488e+00
8.757297694683074951e-02,8.757719187997281551e-04,2.593333005905151367e+00,2.593333005905151367e+00,8.815189641727167900e-04,2.593522996540391645e+00,2.593523146351220721e+00
8.786489069461822510e-02,7.969746366143226624e-04,2.919716358184814453e+00,2.919716358184814453e+00,8.066323989143701217e-04,2.919921008909974525e+00,2.919921120326655739e+00
8.815679699182510376e-02,7.090943399816751480e-04,3.212810516357421875e+00,3.212810516357421875e+00,7.176214423276633132e-04,3.212949334489296760e+00,3.212949414630698719e+00
8.844871073961257935e-02,6.130691035650670528e-04,3.469036817550659180e+00,3.469036817550659180e+00,6.137065258566730885e-04,3.469269510559581882e+00,3.469269564841281905e+00
8.874061703681945801e-02,5.100586568005383015e-04,3.685693979263305664e+00,3.685693979263305664e+00,5.090497009247306080e-04,3.685943292785898606e+00,3.685943327937225789e+00
8.903253078460693359e-02,4.012284916825592518e-04,3.860346317291259766e+00,3.860346317291259766e+00,4.058768575738325320e-04,3.860503367673032482e+00,3.860503389009112940e+00
8.932443708181381226e-02,2.877963997889310122e-04,3.990694761276245117e+00,3.990694761276245117e+00,2.909622534999757007e-04,3.990948533697371570e+00,3.990948544303751344e+00
8.961634337902069092e-02,1.710847573122009635e-04,4.075520038604736328e+00,4.075520038604736328e+00,1.727982578058567624e-04,4.075791440608239391e+00,4.075791444271238184e+00
8.990825712680816650e-02,5.242026963969692588e-05,4.113888740539550781e+00,4.113888740539550781e+00,4.482328053871240581e-05,4.114063570499937761e+00,4.114063570744114884e+00
9.020016342401504517e-02,-6.284697353839874268e-02,4.115450382232666016e+00,4.115930080413818359e+00,-6.901145167795677549e-02,4.115809925507708300e+00,4.116388456325577039e+00
9.049207717180252075e-02,-1.622401922941207886e-01,4.112115383148193359e+00,4.115314483642578125e+00,-1.696371425600421423e-01,4.112892097659598178e+00,4.116388971796362206e+00
9.078398346900939941e-02,-2.615341842174530029e-01,4.106326580047607422e+00,4.114646911621093750e+00,-2.701456931225681424e-01,4.107514736516383103e+00,4.116388709319362071e+00
9.107589721679687500e-02,-3.606737852096557617e-01,4.098073482513427734e+00,4.113914489746093750e+00,-3.705083456692181976e-01,4.099680145321162428e+00,4.116388432613118376e+00
9.136780351400375366e-02,-4.595952630043029785e-01,4.087371826171875000e+00,4.113129615783691406e+00,-4.706494544938791824e-01,4.089394133711208745e+00,4.116388622305604983e+00
9.165971726179122925e-02,-5.582426190376281738e-01,4.074232578277587891e+00,4.112299442291259766e+00,-5.705090467617005556e-01,4.076662296043785716e+00,4.116388714446429731e+00
9.195162355899810791e-02,-6.565551757812500000e-01,4.058648586273193359e+00,4.111410140991210938e+00,-6.700119754354647572e-01,4.061494728628691320e+00,4.116388645148266079e+00
9.224353730678558350e-02,-7.544777393341064453e-01,4.040638923645019531e+00,4.110474586486816406e+00,-7.691297410185496952e-01,4.043896116452529554e+00,4.116388752192765565e+00
9.253544360399246216e-02,-8.519476652145385742e-01,4.020219326019287109e+00,4.109498500823974609e+00,-8.677874909744731635e-01,4.023878460011956371e+00,4.116388343006519790e+00
9.282735735177993774e-02,-9.489092826843261719e-01,3.997387886047363281e+00,4.108471870422363281e+00,-9.659109748713340382e-01,4.001458522113399141e+00,4.116388503964468981e+00
9.311926364898681641e-02,-1.045300006866455078e+00,3.972167730331420898e+00,4.107403755187988281e+00,-1.063472126938421303e+00,3.976642174430918608e+00,4.116388702277470557e+00
9.341117739677429199e-02,-1.141069173812866211e+00,3.944577217102050781e+00,4.106303691864013672e+00,-1.160397425298985263e+00,3.949447123879662680e+00,4.116388559035923933e+00
9.370308369398117065e-02,-1.236153364181518555e+00,3.914622068405151367e+00,4.105160236358642578e+00,-1.256628485259577488e+00,3.919890392394880241e+00,4.116388688930562090e+00
9.399499744176864624e-02,-1.330500602722167969e+00,3.882325172424316406e+00,4.103983402252197266e+00,-1.352093218466299041e+00,3.887994199252254646e+00,4.116388582828609977e+00
9.428690373897552490e-02,-1.424051642417907715e+00,3.847712993621826172e+00,4.102781772613525391e+00,-1.446764446254926950e+00,3.853768220404842904e+00,4.116388812970615874e+00
9.457881748676300049e-02,-1.516751766204833984e+00,3.810794353485107422e+00,4.101547241210937500e+00,-1.540570113029336774e+00,3.817237059968462631e+00,4.116388592584026007e+00
9.487072378396987915e-02,-1.608539700508117676e+00,3.771597385406494141e+00,4.100286006927490234e+00,-1.633440245995737561e+00,3.778429348443055336e+00,4.116388633063504443e+00
9.516263753175735474e-02,-1.699372649192810059e+00,3.730148553848266602e+00,4.099009037017822266e+00,-1.725347921352807345e+00,3.737355950925965953e+00,4.116388581467763430e+00
9.545454382896423340e-02,-1.789185404777526855e+00,3.686465978622436523e+00,4.097708702087402344e+00,-1.816223669481002334e+00,3.694047399237686768e+00,4.116388539168497118e+00
9.574645757675170898e-02,-1.877929568290710449e+00,3.640576124191284180e+00,4.096390247344970703e+00,-1.906013224773647652e+00,3.648529722836706402e+00,4.116388654079560894e+00
9.603836387395858765e-02,-1.965551137924194336e+00,3.592515468597412109e+00,4.095065116882324219e+00,-1.994649319655539044e+00,3.600837478289749871e+00,4.116388763644462934e+00
9.633027762174606323e-02,-2.051997900009155273e+00,3.542302131652832031e+00,4.093727111816406250e+00,-2.082106262054752577e+00,3.550984376123436981e+00,4.116388772450966016e+00
9.662218391895294189e-02,-2.137211561203002930e+00,3.489970922470092773e+00,4.092379570007324219e+00,-2.168318012849705489e+00,3.499007579849752858e+00,4.116388835945229197e+00
9.691409766674041748e-02,-2.221154451370239258e+00,3.435554742813110352e+00,4.091034889221191406e+00,-2.253232518305393839e+00,3.444937859125458246e+00,4.116388421272312748e+00
9.720600396394729614e-02,-2.303766012191772461e+00,3.379083633422851562e+00,4.089687347412109375e+00,-2.336786905107961054e+00,3.388817104557702020e+00,4.116388515194707942e+00
9.749791771173477173e-02,-2.384999752044677734e+00,3.320586919784545898e+00,4.088339805603027344e+00,-2.418957057537791222e+00,3.330660913252656563e+00,4.116388631468232973e+00
9.778982400894165039e-02,-2.464808464050292969e+00,3.260110855102539062e+00,4.087004184722900391e+00,-2.499680360419705760e+00,3.270512603445773436e+00,4.116388537731300978e+00
9.808173775672912598e-02,-2.543144464492797852e+00,3.197682142257690430e+00,4.085676670074462891e+00,-2.578908654381578902e+00,3.208408615997698554e+00,4.116388671499870533e+00
9.837364405393600464e-02,-2.619952440261840820e+00,3.133341073989868164e+00,4.084357738494873047e+00,-2.656582473677071121e+00,3.144395803818976098e+00,4.116388636963542957e+00
9.866555780172348022e-02,-2.695201396942138672e+00,3.067127227783203125e+00,4.083059787750244141e+00,-2.732679888252018241e+00,3.078492596341944942e+00,4.116388713106335473e+00
9.895746409893035889e-02,-2.768836498260498047e+00,2.999080896377563477e+00,4.081781864166259766e+00,-2.807142892746159468e+00,3.010747973178607761e+00,4.116388535876366106e+00
9.924937784671783447e-02,-2.840813636779785156e+00,2.929234504699707031e+00,4.080519199371337891e+00,-2.879915912500254027e+00,2.941214219959381371e+00,4.116388799756825811e+00
9.954128414392471313e-02,-2.911094188690185547e+00,2.857642889022827148e+00,4.079288482666015625e+00,-2.950977977947748077e+00,2.869910229981520011e+00,4.116388678743197360e+00
9.983319789171218872e-02,-2.979635715484619141e+00,2.784340381622314453e+00,4.078085422515869141e+00,-3.020275206747938146e+00,2.796889935333092492e+00,4.116388664213311621e+00
1.001251041889190674e-01,-3.046387434005737305e+00,2.709372282028198242e+00,4.076907157897949219e+00,-3.087765741662152674e+00,2.722197084708945169e+00,4.116388495195795194e+00
1.004170104861259460e-01,-3.111323356628417969e+00,2.632786035537719727e+00,4.075769424438476562e+00,-3.153399790611472131e+00,2.645888177833077837e+00,4.116388525033238821e+00
1.007089242339134216e-01,-3.174401521682739258e+00,2.554624319076538086e+00,4.074669361114501953e+00,-3.217158572970571395e+00,2.567985178812921543e+00,4.116388849737215416e+00
1.010008305311203003e-01,-3.235573768615722656e+00,2.474931955337524414e+00,4.073601245880126953e+00,-3.278992793283221907e+00,2.488546011725001783e+00,4.116388585990846671e+00
1.012927442789077759e-01,-3.294816970825195312e+00,2.393761157989501953e+00,4.072580337524414062e+00,-3.338866138407059037e+00,2.407618642633525763e+00,4.116388540766987347e+00
1.015846505761146545e-01,-3.352090597152709961e+00,2.311162233352661133e+00,4.071607112884521484e+00,-3.396733654734761298e+00,2.325264513911224906e+00,4.116388536188313907e+00
1.018765643239021301e-01,-3.407352685928344727e+00,2.227176189422607422e+00,4.070671081542968750e+00,-3.452579201344039284e+00,2.241506746052046140e+00,4.116388664126636954e+00
1.021684706211090088e-01,-3.460581779479980469e+00,2.141861915588378906e+00,4.069790840148925781e+00,-3.506359520221886683e+00,2.156408666370387195e+00,4.116388638290604085e+00
1.024603843688964844e-01,-3.511745452880859375e+00,2.055265665054321289e+00,4.068964958190917969e+00,-3.558034943718608289e+00,2.070034506980035882e+00,4.116388650359773749e+00
1.027522906661033630e-01,-3.560799837112426758e+00,1.967438340187072754e+00,4.068182468414306641e+00,-3.607590778194884162e+00,1.982408561140341474e+00,4.116388578134879239e+00
1.030442044138908386e-01,-3.607730865478515625e+00,1.878434896469116211e+00,4.067461490631103516e+00,-3.654989056509001522e+00,1.893597303632778006e+00,4.116388678383746225e+00
1.033361107110977173e-01,-3.652507066726684570e+00,1.788312196731567383e+00,4.066800594329833984e+00,-3.700201401006591340e+00,1.803653362101163671e+00,4.116388691393218835e+00
1.036280244588851929e-01,-3.695089817047119141e+00,1.697115540504455566e+00,4.066188812255859375e+00,-3.743194165102293969e+00,1.712645179477091384e+00,4.116388716878178755e+00
1.039199307560920715e-01,-3.735468149185180664e+00,1.604906558990478516e+00,4.065642356872558594e+00,-3.783955061289478117e+00,1.620598566408222974e+00,4.116388662323158698e+00
1.042118445038795471e-01,-3.773618221282958984e+00,1.511737346649169922e+00,4.065162181854248047e+00,-3.822452837650250679e+00,1.527582648520416697e+00,4.116388519578916494e+00
1.045037508010864258e-01,-3.809500455856323242e+00,1.417662143707275391e+00,4.064733505249023438e+00,-3.858664644247661535e+00,1.433653078406782688e+00,4.116388463931966335e+00
1.047956645488739014e-01,-3.843110561370849609e+00,1.322739124298095703e+00,4.064374446868896484e+00,-3.892563789842072186e+00,1.338881065809528037e+00,4.116388631600876202e+00
1.050875708460807800e-01,-3.874427318572998047e+00,1.227029085159301758e+00,4.064085006713867188e+00,-3.924140149661861976e+00,1.243293584314383748e+00,4.116388568998987196e+00
1.053794845938682556e-01,-3.903415679931640625e+00,1.130581855773925781e+00,4.063848972320556641e+00,-3.953369663980983884e+00,1.146962403840037448e+00,4.116388521010575730e+00
1.056713908910751343e-01,-3.930075407028198242e+00,1.033460259437561035e+00,4.063684463500976562e+00,-3.980230916052204915e+00,1.049960689175704953e+00,4.116388659239078152e+00
1.059633046388626099e-01,-3.954390764236450195e+00,9.357194304466247559e-01,4.063591480255126953e+00,-4.004715932373692056e+00,9.523157421511398990e-01,4.116388583668524781e+00
1.062552109360694885e-01,-3.976330518722534180e+00,8.374189734458923340e-01,4.063554763793945312e+00,-4.026806166195817660e+00,8.541012844562616557e-01,4.116388818396835347e+00
1.065471246838569641e-01,-3.995897531509399414e+00,7.386164069175720215e-01,4.063588619232177734e+00,-4.046487873378199929e+00,7.553760041178128049e-01,4.116388832094681760e+00
1.068390309810638428e-01,-4.013079643249511719e+00,6.393780708312988281e-01,4.063694477081298828e+00,-4.063746812986565260e+00,6.562145177977709576e-01,4.116388666468099977e+00
1.071309447288513184e-01,-4.027852535247802734e+00,5.397506952285766602e-01,4.063856124877929688e+00,-4.078578126552252492e+00,5.566451579188430587e-01,4.116388388651509800e+00
1.074228510260581970e-01,-4.040220260620117188e+00,4.398038089275360107e-01,4.064087390899658203e+00,-4.090970916011901437e+00,4.567427933871373580e-01,4.116388831848412977e+00
1.077147647738456726e-01,-4.050178527832031250e+00,3.395918309688568115e-01,4.064390182495117188e+00,-4.100916462587244737e+00,3.565672954791399007e-01,4.116388716985361462e+00
1.080066710710525513e-01,-4.057704925537109375e+00,2.391785532236099243e-01,4.064747810363769531e+00,-4.108408171163966394e+00,2.561942193995058736e-01,4.116388365902878377e+00
1.082985848188400269e-01,-4.062808036804199219e+00,1.386200040578842163e-01,4.065172195434570312e+00,-4.113444527986945154e+00,1.556522839623310783e-01,4.116388407126862603e+00
1.085904911160469055e-01,-4.065486907958984375e+00,3.798378258943557739e-02,4.065664291381835938e+00,-4.116020849396853976e+00,5.501727900794023407e-02,4.116388530454703876e+00
1.088824048638343811e-01,-4.065726280212402344e+00,-6.268040835857391357e-02,4.066209316253662109e+00,-4.116135576177459399e+00,-4.565065541870499954e-02,4.116388716316025764e+00
1.091743111610412598e-01,-4.063537597656250000e+00,-1.633044332265853882e-01,4.066817760467529297e+00,-4.113788797241602957e+00,-1.462755844561623442e-01,4.116388564618080892e+00
1.094662249088287354e-01,-4.058923244476318359e+00,-2.638337016105651855e-01,4.067489147186279297e+00,-4.108981861742781128e+00,-2.468287484839432888e-01,4.116388753654023347e+00
1.097581312060356140e-01,-4.051874637603759766e+00,-3.642022013664245605e-01,4.068210124969482422e+00,-4.101717243382786648e+00,-3.472342491246935836e-01,4.116388704730018055e+00
1.100500449538230896e-01,-4.042404651641845703e+00,-4.643554091453552246e-01,4.068987846374511719e+00,-4.092001228152709835e+00,-4.474164919396075857e-01,4.116388656147865532e+00
1.103419512510299683e-01,-4.030522823333740234e+00,-5.642265677452087402e-01,4.069823741912841797e+00,-4.079836595009670219e+00,-5.473468170785854570e-01,4.116388608980711794e+00
1.106338649988174438e-01,-4.016223907470703125e+00,-6.637645959854125977e-01,4.070704936981201172e+00,-4.065232013044633774e+00,-6.469497895552288602e-01,4.116388629622873552e+00
1.109257712960243225e-01,-3.999523878097534180e+00,-7.629030346870422363e-01,4.071634769439697266e+00,-4.048196410886861329e+00,-7.461658103110915263e-01,4.116388902617739376e+00
1.112176850438117981e-01,-3.980437517166137695e+00,-8.615889549255371094e-01,4.072618007659912109e+00,-4.028742262725257817e+00,-8.449202718452600847e-01,4.116388524573901364e+00
1.115095913410186768e-01,-3.958965539932250977e+00,-9.597559571266174316e-01,4.073639392852783203e+00,-4.006876636748674336e+00,-9.431848266608943154e-01,4.116388951419157394e+00
1.118014976382255554e-01,-3.935125589370727539e+00,-1.057348728179931641e+00,4.074702262878417969e+00,-3.982613910104457755e+00,-1.040885251189321403e+00,4.116388667643153809e+00
1.120934113860130310e-01,-3.908937931060791016e+00,-1.154310941696166992e+00,4.075809955596923828e+00,-3.955973935244934570e+00,-1.137948112656791633e+00,4.116388670113215298e+00
1.123853176832199097e-01,-3.880408525466918945e+00,-1.250581502914428711e+00,4.076950073242187500e+00,-3.926964012291412232e+00,-1.234345543810270396e+00,4.116388620545458288e+00
1.126772314310073853e-01,-3.849556446075439453e+00,-1.346105933189392090e+00,4.078123092651367188e+00,-3.895605415591909981e+00,-1.330004787361710017e+00,4.116388500663425987e+00
1.129691377282142639e-01,-3.816408395767211914e+00,-1.440825104713439941e+00,4.079331874847412109e+00,-3.861917297877853983e+00,-1.424868620898725347e+00,4.116388684571711032e+00
1.132610514760017395e-01,-3.780973911285400391e+00,-1.534683704376220703e+00,4.080565929412841797e+00,-3.825924968889772071e+00,-1.518865714104565390e+00,4.116388577996078268e+00
1.135529577732086182e-01,-3.743276596069335938e+00,-1.627621054649353027e+00,4.081821918487548828e+00,-3.787639293725009182e+00,-1.611969143177908403e+00,4.116388701025136321e+00
1.138448715209960938e-01,-3.703346252441406250e+00,-1.719587564468383789e+00,4.083106040954589844e+00,-3.747088193983019622e+00,-1.704108448529603415e+00,4.116388652427866113e+00
1.141367778182029724e-01,-3.661198616027832031e+00,-1.810524582862854004e+00,4.084406375885009766e+00,-3.704296279683432669e+00,-1.795228510204263106e+00,4.116388748833951006e+00
1.144286915659904480e-01,-3.616857528686523438e+00,-1.900379657745361328e+00,4.085719108581542969e+00,-3.659295974139960883e+00,-1.885261077208631342e+00,4.116388751757392050e+00
1.147205978631973267e-01,-3.570359945297241211e+00,-1.989098668098449707e+00,4.087050914764404297e+00,-3.612100275702961216e+00,-1.974180209159438482e+00,4.116388696414638559e+00
1.150125116109848022e-01,-3.521724462509155273e+00,-2.076629638671875000e+00,4.088389873504638672e+00,-3.562744217907185540e+00,-2.061918645033034903e+00,4.116388570211266362e+00
1.153044179081916809e-01,-3.470980405807495117e+00,-2.162914276123046875e+00,4.089731216430664062e+00,-3.511265676440883166e+00,-2.148410594019183772e+00,4.116388554430414182e+00
1.155963316559791565e-01,-3.418165683746337891e+00,-2.247908115386962891e+00,4.091081619262695312e+00,-3.457679544423408302e+00,-2.233631095876888573e+00,4.116388672658628067e+00
1.158882379531860352e-01,-3.363305330276489258e+00,-2.331557750701904297e+00,4.092430114746093750e+00,-3.402025105516648384e+00,-2.317516048838672127e+00,4.116388642389148700e+00
1.161801517009735107e-01,-3.306428670883178711e+00,-2.413812160491943359e+00,4.093770503997802734e+00,-3.344336213290651116e+00,-2.400014634174707506e+00,4.116388581242058642e+00
1.164720579981803894e-01,-3.247580766677856445e+00,-2.494624137878417969e+00,4.095110416412353516e+00,-3.284656649845785648e+00,-2.481065197197424688e+00,4.116388443784240181e+00
1.167639717459678650e-01,-3.186789274215698242e+00,-2.573946475982666016e+00,4.096440792083740234e+00,-3.223003423537641243e+00,-2.560645072745954653e+00,4.116388496815320153e+00
1.170558780431747437e-01,-3.124089717864990234e+00,-2.651722669601440430e+00,4.097752094268798828e+00,-3.159422926687625477e+00,-2.638693596102334560e+00,4.116388845066858870e+00
1.173477917909622192e-01,-3.059524536132812500e+00,-2.727918863296508789e+00,4.099052429199218750e+00,-3.093952544265102578e+00,-2.715163336449589515e+00,4.116388500829891939e+00
1.176396980881690979e-01,-2.993131160736083984e+00,-2.802483320236206055e+00,4.100335121154785156e+00,-3.026642418820145952e+00,-2.789998451162467585e+00,4.116388670775688041e+00
1.179316118359565735e-01,-2.924941062927246094e+00,-2.875369071960449219e+00,4.101588249206542969e+00,-2.957511943548479572e+00,-2.863176307837874912e+00,4.116388643701664130e+00
1.182235181331634521e-01,-2.855007886886596680e+00,-2.946537256240844727e+00,4.102822303771972656e+00,-2.886612682076924230e+00,-2.934641798957265735e+00,4.116388619228567691e+00
1.185154318809509277e-01,-2.783366441726684570e+00,-3.015946626663208008e+00,4.104030132293701172e+00,-2.813986958747801914e+00,-3.004352570659276633e+00,4.116388826730257300e+00
1.188073381781578064e-01,-2.710059165954589844e+00,-3.083543062210083008e+00,4.105199337005615234e+00,-2.739689888241914950e+00,-3.072255472434132884e+00,4.116388510774521059e+00
1.190992519259452820e-01,-2.635131120681762695e+00,-3.149303197860717773e+00,4.106339454650878906e+00,-2.663742954422890996e+00,-3.138331955588968381e+00,4.116388464504834310e+00
1.193911582231521606e-01,-2.558630943298339844e+00,-3.213180541992187500e+00,4.107447147369384766e+00,-2.586203143810089422e+00,-3.202531519144375949e+00,4.116388566713105490e+00
1.196830719709396362e-01,-2.480593204498291016e+00,-3.275130987167358398e+00,4.108506202697753906e+00,-2.507116302317814682e+00,-3.264815912603886261e+00,4.116388598825347245e+00
1.199749782681465149e-01,-2.401077508926391602e+00,-3.335126161575317383e+00,4.109530448913574219e+00,-2.426542706104952707e+00,-3.325138258109181066e+00,4.116388458356731839e+00
1.202668920159339905e-01,-2.320125818252563477e+00,-3.393131017684936523e+00,4.110513687133789062e+00,-2.344505723976795242e+00,-3.383481702561708548e+00,4.116388650422823758e+00
1.205587983131408691e-01,-2.237785339355468750e+00,-3.449095726013183594e+00,4.111440658569335938e+00,-2.261066318062270764e+00,-3.439801524286606238e+00,4.116388638255641830e+00
1.208507120609283447e-01,-2.154105901718139648e+00,-3.503005743026733398e+00,4.112325668334960938e+00,-2.176287796021110665e+00,-3.494055896174946163e+00,4.116388608562768781e+00
1.211426183581352234e-01,-2.069142580032348633e+00,-3.554823398590087891e+00,4.113164424896240234e+00,-2.090194944459578874e+00,-3.546228938718896995e+00,4.116388537498827382e+00
1.214345321059226990e-01,-1.982934355735778809e+00,-3.604506969451904297e+00,4.113939762115478516e+00,-2.002851992215686217e+00,-3.596281222752776952e+00,4.116388555013551276e+00
1.217264384031295776e-01,-1.895545363426208496e+00,-3.652039051055908203e+00,4.114666938781738281e+00,-1.914324927275547594e+00,-3.644175490035359566e+00,4.116388578519159402e+00
1.220183521509170532e-01,-1.807023048400878906e+00,-3.697393417358398438e+00,4.115343093872070312e+00,-1.824639344733253621e+00,-3.689897780396140359e+00,4.116388510347506191e+00
1.223102584481239319e-01,-1.717419385910034180e+00,-3.740523576736450195e+00,4.115950107574462891e+00,-1.733862388961432854e+00,-3.733413475296928130e+00,4.116388582408581520e+00
1.226021721959114075e-01,-1.626786828041076660e+00,-3.781424522399902344e+00,4.116504192352294922e+00,-1.642048569269791480e+00,-3.774696131161684232e+00,4.116388512573607272e+00
1.228940784931182861e-01,-1.535185933113098145e+00,-3.820068836212158203e+00,4.117003917694091797e+00,-1.549267236665090808e+00,-3.813715453284346246e+00,4.116388529915964156e+00
1.231859847903251648e-01,-1.442662477493286133e+00,-3.856417417526245117e+00,4.117430210113525391e+00,-1.455545020110152521e+00,-3.850460358043572118e+00,4.116388741898959758e+00
1.234778985381126404e-01,-1.349276065826416016e+00,-3.890465736389160156e+00,4.117798805236816406e+00,-1.360952201617349644e+00,-3.884902233224505341e+00,4.116388739757198323e+00
1.237698048353195190e-01,-1.255087018013000488e+00,-3.922192573547363281e+00,4.118110656738281250e+00,-1.265545354958070634e+00,-3.917020626833441543e+00,4.116388664411391396e+00
1.240617185831069946e-01,-1.160143971443176270e+00,-3.951563596725463867e+00,4.118347644805908203e+00,-1.169396720467475559e+00,-3.946791962663916742e+00,4.116388646178660515e+00
1.243536248803138733e-01,-1.064508676528930664e+00,-3.978575706481933594e+00,4.118524551391601562e+00,-1.072533848286663982e+00,-3.974207555037834183e+00,4.116388531982908106e+00
1.246455386281013489e-01,-9.682357907295227051e-01,-4.003215312957763672e+00,4.118641853332519531e+00,-9.750295389272763957e-01,-3.999246459262321363e+00,4.116388568114403235e+00
1.249374449253082275e-01,-8.713839650154113770e-01,-4.025449752807617188e+00,4.118683815002441406e+00,-8.769573948372250127e-01,-4.021890126949863919e+00,4.116388522189868837e+00
1.252293586730957031e-01,-7.740119099617004395e-01,-4.045281410217285156e+00,4.118664741516113281e+00,-7.783455328856458966e-01,-4.042132026967929725e+00,4.116388355342933458e+00
1.255212724208831787e-01,-6.761755347251892090e-01,-4.062700271606445312e+00,4.118585586547851562e+00,-6.792681654906027600e-01,-4.059956958713581088e+00,4.116388677865076673e+00
1.258131712675094604e-01,-5.779383182525634766e-01,-4.077679634094238281e+00,4.118432044982910156e+00,-5.797844877858714385e-01,-4.075353331773056809e+00,4.116388566580040376e+00
1.261050850152969360e-01,-4.793509244918823242e-01,-4.090224266052246094e+00,4.118216991424560547e+00,-4.799697794730289901e-01,-4.088310730783629943e+00,4.116388662486569316e+00
1.263969987630844116e-01,-3.804775178432464600e-01,-4.100327968597412109e+00,4.117942810058593750e+00,-3.798523300611705289e-01,-4.098825250803225906e+00,4.116388736413876259e+00
1.266889125108718872e-01,-2.813757658004760742e-01,-4.107972145080566406e+00,4.117597579956054688e+00,-2.795077805821749029e-01,-4.106888389664364425e+00,4.116388811150609506e+00
1.269808113574981689e-01,-1.821110695600509644e-01,-4.113160610198974609e+00,4.117189884185791016e+00,-1.789960393315922493e-01,-4.112495245561412105e+00,4.116388796853573950e+00
1.272727251052856445e-01,-8.273257315158843994e-02,-4.115896224975585938e+00,4.116727352142333984e+00,-7.839296502551704182e-02,-4.115642089897146860e+00,4.116388619785363190e+00
1.275646388530731201e-01,1.669558510184288025e-02,-4.116162300109863281e+00,4.116196155548095703e+00,2.227268073037462146e-02,-4.116328363620257669e+00,4.116388619828252438e+00
1.278565526008605957e-01,1.161136478185653687e-01,-4.113968849182128906e+00,4.115606784820556641e+00,1.229250086304476686e-01,-4.114552723843789117e+00,4.116388547627294336e+00
1.281484514474868774e-01,2.154568731784820557e-01,-4.109320640563964844e+00,4.114965438842773438e+00,2.234881528720762955e-01,-4.110317166764075658e+00,4.116388485780907658e+00
1.284403651952743530e-01,3.146720826625823975e-01,-4.102208614349365234e+00,4.114260196685791016e+00,3.239333333400520876e-01,-4.103623041816122807e+00,4.116388571766884219e+00
1.287322789430618286e-01,4.137035310268402100e-01,-4.092643260955810547e+00,4.113499641418457031e+00,4.241847356210880493e-01,-4.094474729780482214e+00,4.116388708898236715e+00
1.290241926908493042e-01,5.124881863594055176e-01,-4.080636978149414062e+00,4.112692832946777344e+00,5.241825144760364763e-01,-4.082877346203766855e+00,4.116388554622405493e+00
1.293160915374755859e-01,6.109607815742492676e-01,-4.066184997558593750e+00,4.111828327178955078e+00,6.238511884006059383e-01,-4.068840514931940433e+00,4.116388397760889717e+00
1.296080052852630615e-01,7.090727686882019043e-01,-4.049299716949462891e+00,4.110913753509521484e+00,7.231623705886259801e-01,-4.052368442345692046e+00,4.116388442160750394e+00
1.298999190330505371e-01,8.067618012428283691e-01,-4.029999256134033203e+00,4.109958171844482422e+00,8.220411488826110391e-01,-4.033473129760622555e+00,4.116388846909046606e+00
1.301918327808380127e-01,9.039674997329711914e-01,-4.008283615112304688e+00,4.108952999114990234e+00,9.204281525522919338e-01,-4.012164933843767045e+00,4.116388640589756953e+00
1.304837316274642944e-01,1.000627160072326660e+00,-3.984170913696289062e+00,4.107903480529785156e+00,1.018249555064346445e+00,-3.988461088636968022e+00,4.116388467086157021e+00
1.307756453752517700e-01,1.096694827079772949e+00,-3.957679748535156250e+00,4.106819629669189453e+00,1.115477307026951026e+00,-3.962368658234355578e+00,4.116388587858296866e+00
1.310675591230392456e-01,1.192105889320373535e+00,-3.928818702697753906e+00,4.105694770812988281e+00,1.212037780424459088e+00,-3.933906305125019820e+00,4.116388514059215353e+00
1.313594728708267212e-01,1.286803007125854492e+00,-3.897605419158935547e+00,4.104532718658447266e+00,1.307873488154251307e+00,-3.903091277444056928e+00,4.116388536214317106e+00
1.316513717174530029e-01,1.380722999572753906e+00,-3.864070177078247070e+00,4.103343963623046875e+00,1.402912126308856866e+00,-3.869947467131023888e+00,4.116388688219111636e+00
1.319432854652404785e-01,1.473825931549072266e+00,-3.828218460083007812e+00,4.102123737335205078e+00,1.497126748156511811e+00,-3.834484069895170766e+00,4.116388779297397882e+00
1.322351992130279541e-01,1.566046237945556641e+00,-3.790073871612548828e+00,4.100872993469238281e+00,1.590445913965790714e+00,-3.796727112566954165e+00,4.116388583765079545e+00
1.325271129608154297e-01,1.657332062721252441e+00,-3.749668359756469727e+00,4.099605560302734375e+00,1.682814007158614178e+00,-3.756699780813477219e+00,4.116388735998248727e+00
1.328190118074417114e-01,1.747621774673461914e+00,-3.707020759582519531e+00,4.098314762115478516e+00,1.774161313079869462e+00,-3.714432132762982786e+00,4.116388518316929535e+00
1.331109255552291870e-01,1.836868882179260254e+00,-3.662150382995605469e+00,4.097002506256103516e+00,1.864462007312515768e+00,-3.669936926643925457e+00,4.116388662681948141e+00
1.334028393030166626e-01,1.925019979476928711e+00,-3.615095138549804688e+00,4.095682144165039062e+00,1.953647603655061404e+00,-3.623246827529809977e+00,4.116388773241905774e+00
1.336947530508041382e-01,2.012019872665405273e+00,-3.565876722335815430e+00,4.094349384307861328e+00,2.041664694125321589e+00,-3.574389522801996399e+00,4.116388609443297320e+00
1.339866518974304199e-01,2.097809314727783203e+00,-3.514524221420288086e+00,4.093004703521728516e+00,2.128447365395274016e+00,-3.523402651302610877e+00,4.116388517920089640e+00
1.342785656452178955e-01,2.182351350784301758e+00,-3.461072206497192383e+00,4.091659545898437500e+00,2.213970773190152563e+00,-3.470300866029103926e+00,4.116388548874189368e+00
1.345704793930053711e-01,2.265588760375976562e+00,-3.405550718307495117e+00,4.090313911437988281e+00,2.298170222808223251e+00,-3.415123697316821083e+00,4.116388737835302791e+00
1.348623782396316528e-01,2.347463130950927734e+00,-3.347989797592163086e+00,4.088963031768798828e+00,2.380981883723797043e+00,-3.357912810392006620e+00,4.116388365158912599e+00
1.351542919874191284e-01,2.427937746047973633e+00,-3.288432121276855469e+00,4.087623596191406250e+00,2.462382855567768480e+00,-3.298685455370041542e+00,4.116388594492013553e+00
1.354462057352066040e-01,2.506964683532714844e+00,-3.226905584335327148e+00,4.086293220520019531e+00,2.542311477101013129e+00,-3.237484937383266814e+00,4.116388753067798945e+00
1.357381194829940796e-01,2.584488153457641602e+00,-3.163443326950073242e+00,4.084966659545898438e+00,2.620719353743169222e+00,-3.174347939052117429e+00,4.116388559070734310e+00
1.360300183296203613e-01,2.660465478897094727e+00,-3.098097324371337891e+00,4.083660602569580078e+00,2.697547999890171244e+00,-3.109323208056138821e+00,4.116388711463967454e+00
1.363219320774078369e-01,2.734857320785522461e+00,-3.030896902084350586e+00,4.082374572753906250e+00,2.772775478936300608e+00,-3.042428696859640347e+00,4.116388736752820243e+00
1.366138458251953125e-01,2.807608127593994141e+00,-2.961877584457397461e+00,4.081100463867187500e+00,2.846344517352223935e+00,-2.973714567667360864e+00,4.116388640716294844e+00
1.369057595729827881e-01,2.878683805465698242e+00,-2.891091346740722656e+00,4.079856395721435547e+00,2.918200255930742060e+00,-2.903233096282384018e+00,4.116388604719389832e+00
1.371976584196090698e-01,2.948036670684814453e+00,-2.818581581115722656e+00,4.078642368316650391e+00,2.988321979968200814e+00,-2.831004365146254198e+00,4.116388462164159989e+00
1.374895721673965454e-01,3.015623331069946289e+00,-2.744376897811889648e+00,4.077448844909667969e+00,3.056656529127493194e+00,-2.757082773487734784e+00,4.116388533280179729e+00
1.377814859151840210e-01,3.081410884857177734e+00,-2.668534517288208008e+00,4.076293468475341797e+00,3.123163003381780101e+00,-2.681512295382574962e+00,4.116388627909253195e+00
1.380733996629714966e-01,3.145358562469482422e+00,-2.591098785400390625e+00,4.075177669525146484e+00,3.187791855687709397e+00,-2.604349904247023950e+00,4.116388628268761174e+00
1.383652985095977783e-01,3.207414388656616211e+00,-2.512111186981201172e+00,4.074090003967285156e+00,3.250524550455524242e+00,-2.525618037880763556e+00,4.116388748209134363e+00
1.386572122573852539e-01,3.267556905746459961e+00,-2.431624889373779297e+00,4.073049068450927734e+00,3.311312762543938693e+00,-2.445375799677276252e+00,4.116388588682274197e+00
1.389491260051727295e-01,3.325752258300781250e+00,-2.349683523178100586e+00,4.072055816650390625e+00,3.370120894262628397e+00,-2.363671145873435187e+00,4.116388724085734196e+00
1.392410397529602051e-01,3.381949424743652344e+00,-2.266330480575561523e+00,4.071097373962402344e+00,3.426904472248076150e+00,-2.280565750774431688e+00,4.116388514890111594e+00
1.395329385995864868e-01,3.436126708984375000e+00,-2.181629657745361328e+00,4.070193767547607422e+00,3.481647845649130435e+00,-2.196083682258711089e+00,4.116388618752632844e+00
1.398248523473739624e-01,3.488256454467773438e+00,-2.095622777938842773e+00,4.069344997406005859e+00,3.534308948872851630e+00,-2.110288251261783099e+00,4.116388738870059072e+00
1.401167660951614380e-01,3.538289785385131836e+00,-2.008356809616088867e+00,4.068536758422851562e+00,3.584848362580890679e+00,-2.023244402073699710e+00,4.116388671301757896e+00
1.404086798429489136e-01,3.586212396621704102e+00,-1.919892430305480957e+00,4.067789077758789062e+00,3.633251878291399173e+00,-1.934977017612287797e+00,4.116388619870058108e+00
1.407005786895751953e-01,3.631993293762207031e+00,-1.830287337303161621e+00,4.067102909088134766e+00,3.679482718006954034e+00,-1.845552317796120834e+00,4.116388760774967182e+00
1.409924924373626709e-01,3.675594091415405273e+00,-1.739577889442443848e+00,4.066462993621826172e+00,3.723512517176296388e+00,-1.755023884205070495e+00,4.116388502036561370e+00
1.412844061851501465e-01,3.717001676559448242e+00,-1.647830486297607422e+00,4.065888404846191406e+00,3.765309538724063376e+00,-1.663460252806516992e+00,4.116388700678489165e+00
1.415763199329376221e-01,3.756191253662109375e+00,-1.555099964141845703e+00,4.065379142761230469e+00,3.804861019813485346e+00,-1.570887360041683056e+00,4.116388523698272017e+00
1.418682187795639038e-01,3.793122291564941406e+00,-1.461443543434143066e+00,4.064922332763671875e+00,3.842137150895970965e+00,-1.477375146575809373e+00,4.116388612608740338e+00
1.421601325273513794e-01,3.827791452407836914e+00,-1.366908192634582520e+00,4.064532756805419922e+00,3.877115322156474253e+00,-1.382979380968235583e+00,4.116388610114912971e+00
1.424520462751388550e-01,3.860177516937255859e+00,-1.271555900573730469e+00,4.064212799072265625e+00,3.909769797929298463e+00,-1.287771379100064895e+00,4.116388586811186023e+00
1.427439600229263306e-01,3.890246152877807617e+00,-1.175440073013305664e+00,4.063948154449462891e+00,3.940091412292542561e+00,-1.191778459179938521e+00,4.116388736864723619e+00
1.430358588695526123e-01,3.917989969253540039e+00,-1.078627347946166992e+00,4.063752174377441406e+00,3.968056347279951712e+00,-1.095072626334780530e+00,4.116388615295750952e+00
1.433277726173400879e-01,3.943397760391235352e+00,-9.811659455299377441e-01,4.063627719879150391e+00,3.993644381840137925e+00,-9.977272674589321433e-01,4.116388605177403015e+00
1.436196863651275635e-01,3.966439247131347656e+00,-8.831158280372619629e-01,4.063561916351318359e+00,4.016848022715071131e+00,-8.997699163146055668e-01,4.116388458332712830e+00
1.439116001129150391e-01,3.987110614776611328e+00,-7.845381498336791992e-01,4.063563823699951172e+00,4.037649680366958371e+00,-8.012745199726234446e-01,4.116388683995324094e+00
1.442034989595413208e-01,4.005402565002441406e+00,-6.854975223541259766e-01,4.063638210296630859e+00,4.056033439559763920e+00,-7.023153602993854605e-01,4.116388481197986948e+00
1.444954127073287964e-01,4.021292686462402344e+00,-5.860403776168823242e-01,4.063771247863769531e+00,4.071994919611800157e+00,-6.029208227870466175e-01,4.116388726043074264e+00
1.447873264551162720e-01,4.034779071807861328e+00,-4.862332642078399658e-01,4.063971519470214844e+00,4.085520834343792096e+00,-5.031655706154776198e-01,4.116388718198270347e+00
1.450792253017425537e-01,4.045858383178710938e+00,-3.861410617828369141e-01,4.064243316650390625e+00,4.096602942354972576e+00,-4.031094983201107262e-01,4.116388336266066261e+00
1.453711390495300293e-01,4.054511070251464844e+00,-2.858172357082366943e-01,4.064572811126708984e+00,4.105235862414845727e+00,-3.028123418850409698e-01,4.116388805792628780e+00
1.456630527973175049e-01,4.060740470886230469e+00,-1.853175312280654907e-01,4.064967155456542969e+00,4.111412046291987643e+00,-2.023497292390373514e-01,4.116388517537913572e+00
1.459549665451049805e-01,4.064546585083007812e+00,-8.470721542835235596e-02,4.065428733825683594e+00,4.115130935191008810e+00,-1.017504406193395494e-01,4.116388680133625577e+00
1.462468653917312622e-01,4.065917015075683594e+00,1.594878733158111572e-02,4.065948009490966797e+00,4.116388323137189609e+00,-1.090311483095263287e-03,4.116388467533079520e+00
1.465387791395187378e-01,4.064854621887207031e+00,1.166002824902534485e-01,4.066526412963867188e+00,4.115184775269231210e+00,9.955478389134260475e-02,4.116388816621107338e+00
1.468306928873062134e-01,4.061368465423583984e+00,2.171822637319564819e-01,4.067171096801757812e+00,4.111519733201215665e+00,2.001560354562326172e-01,4.116388824568513627e+00
1.471226066350936890e-01,4.055447578430175781e+00,3.176341652870178223e-01,4.067867755889892578e+00,4.105395670353428450e+00,3.006375653289404815e-01,4.116388776080751377e+00
1.474145054817199707e-01,4.047101020812988281e+00,4.178907871246337891e-01,4.068618774414062500e+00,4.096817919702212762e+00,4.009236988939215429e-01,4.116388815397296064e+00
1.477064192295074463e-01,4.036339759826660156e+00,5.179032683372497559e-01,4.069430351257324219e+00,4.085788784260343753e+00,5.009856952232666361e-01,4.116388788295629375e+00
1.479983329772949219e-01,4.023160457611083984e+00,6.176055669784545898e-01,4.070289611816406250e+00,4.072315980411151060e+00,6.007480167959623474e-01,4.116388662893278649e+00
1.482902467250823975e-01,4.007572650909423828e+00,7.169381380081176758e-01,4.071196079254150391e+00,4.056407958587450402e+00,7.001511474335123664e-01,4.116388848948075996e+00
1.485821455717086792e-01,3.989595413208007812e+00,8.158379197120666504e-01,4.072156906127929688e+00,4.038076244365232270e+00,7.991200789953709638e-01,4.116388302378723552e+00
1.488740593194961548e-01,3.969229221343994141e+00,9.142493009567260742e-01,4.073159694671630859e+00,4.017327904295458829e+00,8.976265832267050770e-01,4.116388826817286350e+00
1.491659730672836304e-01,3.946485280990600586e+00,1.012118220329284668e+00,4.074203014373779297e+00,3.994175887078228460e+00,9.955962380411662593e-01,4.116388330335085222e+00
1.494578868150711060e-01,3.921386957168579102e+00,1.109383106231689453e+00,4.075292110443115234e+00,3.968635787020486472e+00,1.092970400606628090e+00,4.116388502877483369e+00
1.497497856616973877e-01,3.893942594528198242e+00,1.205979466438293457e+00,4.076416969299316406e+00,3.940726736208852277e+00,1.189675986048028822e+00,4.116388728151244791e+00
1.500416994094848633e-01,3.864164829254150391e+00,1.301858067512512207e+00,4.077573299407958984e+00,3.910456272429702285e+00,1.285685190009114409e+00,4.116388546577397278e+00
1.503336131572723389e-01,3.832081317901611328e+00,1.396960020065307617e+00,4.078767776489257812e+00,3.877847338600205696e+00,1.380925337753283966e+00,4.116388559154458449e+00
1.506255269050598145e-01,3.797705411911010742e+00,1.491226196289062500e+00,4.079990386962890625e+00,3.842919319384247689e+00,1.475339687111956621e+00,4.116388719213030178e+00
1.509174257516860962e-01,3.761055231094360352e+00,1.584594011306762695e+00,4.081234455108642578e+00,3.805698715304534741e+00,1.568857043389275452e+00,4.116388603407448166e+00
1.512093394994735718e-01,3.722159624099731445e+00,1.677021145820617676e+00,4.082508087158203125e+00,3.766196623390869913e+00,1.661450963027723438e+00,4.116388746047503489e+00
1.515012532472610474e-01,3.681037425994873047e+00,1.768445372581481934e+00,4.083801269531250000e+00,3.724441677418970809e+00,1.753051234749495757e+00,4.116388519096826570e+00
1.517931669950485229e-01,3.637708663940429688e+00,1.858809351921081543e+00,4.085106372833251953e+00,3.680459916674658327e+00,1.843602877495877257e+00,4.116388801869900860e+00
1.520850658416748047e-01,3.592212677001953125e+00,1.948058843612670898e+00,4.086431980133056641e+00,3.634283756282202127e+00,1.933038236483645367e+00,4.116388616844195880e+00
1.523769795894622803e-01,3.544568061828613281e+00,2.036145687103271484e+00,4.087769031524658203e+00,3.585927387012026291e+00,2.021331387708418248e+00,4.116388684740319270e+00
1.526688933372497559e-01,3.494795799255371094e+00,2.123015165328979492e+00,4.089106559753417969e+00,3.535426074331341262e+00,2.108415550390350557e+00,4.116388424358149223e+00
1.529608070850372314e-01,3.442938804626464844e+00,2.208617925643920898e+00,4.090454578399658203e+00,3.482810821467254403e+00,2.194239031796238582e+00,4.116388726394472286e+00
1.532527059316635132e-01,3.389026641845703125e+00,2.292896509170532227e+00,4.091805934906005859e+00,3.428120923546874810e+00,2.278736895464556600e+00,4.116388575585561149e+00
1.535446196794509888e-01,3.333078622817993164e+00,2.375803947448730469e+00,4.093147277832031250e+00,3.371372448092847307e+00,2.361885509195271293e+00,4.116388628677589701e+00
1.538365334272384644e-01,3.275142192840576172e+00,2.457293748855590820e+00,4.094490051269531250e+00,3.312607772507680348e+00,2.443621290774038890e+00,4.116388619555067407e+00
1.541284471750259399e-01,3.215249300003051758e+00,2.537315368652343750e+00,4.095826625823974609e+00,3.251861910023714053e+00,2.523895822690056523e+00,4.116388709251762812e+00
1.544203460216522217e-01,3.153429269790649414e+00,2.615810632705688477e+00,4.097143173217773438e+00,3.189181014478342124e+00,2.602648436949583477e+00,4.116388517798728941e+00
1.547122597694396973e-01,3.089725494384765625e+00,2.692748785018920898e+00,4.098451137542724609e+00,3.124583276819888678e+00,2.679857200222677704e+00,4.116388619575153562e+00
1.550041735172271729e-01,3.024176120758056641e+00,2.768079280853271484e+00,4.099744319915771484e+00,3.058116739103190262e+00,2.755462901625902017e+00,4.116388440395265746e+00
1.552960872650146484e-01,2.956811428070068359e+00,2.841747760772705078e+00,4.101007461547851562e+00,2.989832020846346250e+00,2.829409705085558446e+00,4.116388561847689864e+00
1.555879861116409302e-01,2.887689590454101562e+00,2.913713693618774414e+00,4.102252960205078125e+00,2.919748743901762200e+00,2.901675696926371728e+00,4.116388535797982584e+00
1.558798998594284058e-01,2.816837072372436523e+00,2.983947277069091797e+00,4.103475570678710938e+00,2.847919419280758646e+00,2.972206259700932218e+00,4.116388595470775513e+00
1.561718136072158813e-01,2.744292497634887695e+00,3.052389144897460938e+00,4.104658126831054688e+00,2.774398201176528467e+00,3.040948706764382781e+00,4.116388516146590959e+00
1.564637124538421631e-01,2.670114517211914062e+00,3.119006633758544922e+00,4.105814933776855469e+00,2.699206586555810805e+00,3.107883535487801829e+00,4.116388741003748741e+00
1.567556262016296387e-01,2.594339370727539062e+00,3.183765649795532227e+00,4.106940746307373047e+00,2.622400382621007164e+00,3.172959274576842237e+00,4.116388505096913342e+00
1.570475399494171143e-01,2.517005681991577148e+00,3.246612310409545898e+00,4.108017444610595703e+00,2.544026154014239260e+00,3.236137444878353087e+00,4.116388542697625219e+00
1.573394536972045898e-01,2.438170433044433594e+00,3.307521820068359375e+00,4.109060287475585938e+00,2.464129975306494913e+00,3.297380514623681425e+00,4.116388562007227137e+00
1.576313525438308716e-01,2.357884407043457031e+00,3.366455554962158203e+00,4.110065937042236328e+00,2.382773305249392681e+00,3.356642337785438190e+00,4.116388758125598457e+00
1.579232662916183472e-01,2.276177406311035156e+00,3.423368692398071289e+00,4.111013889312744141e+00,2.299978800471963680e+00,3.413905812953725416e+00,4.116388633540289277e+00
1.582151800394058228e-01,2.193112611770629883e+00,3.478239536285400391e+00,4.111921310424804688e+00,2.215808834352550161e+00,3.469127669012425752e+00,4.116388656857171924e+00
1.585070937871932983e-01,2.108739137649536133e+00,3.531035423278808594e+00,4.112783908843994141e+00,2.130327184967355958e+00,3.522266562372194709e+00,4.116388666223850912e+00
1.587989926338195801e-01,2.023103237152099609e+00,3.581707477569580078e+00,4.113584518432617188e+00,2.043558152127286753e+00,3.573307322425685939e+00,4.116388604301945087e+00
1.590909063816070557e-01,1.936260223388671875e+00,3.630241632461547852e+00,4.114335536956787109e+00,1.955566670295060705e+00,3.622211245286591108e+00,4.116388624443707123e+00
1.593828201293945312e-01,1.848257422447204590e+00,3.676612854003906250e+00,4.115038394927978516e+00,1.866419790807519741e+00,3.668941802906722227e+00,4.116388804356850173e+00
1.596747338771820068e-01,1.759144783020019531e+00,3.720776319503784180e+00,4.115673542022705078e+00,1.776142989516748427e+00,3.713485033477687214e+00,4.116388588686966443e+00
1.599666327238082886e-01,1.668986439704895020e+00,3.762715816497802734e+00,4.116253852844238281e+00,1.684803748866730677e+00,3.755807754279041788e+00,4.116388655034649346e+00
1.602585464715957642e-01,1.577827930450439453e+00,3.802412986755371094e+00,4.116781234741210938e+00,1.592456926065860090e+00,3.795884242100453942e+00,4.116388737813966969e+00
1.605504602193832397e-01,1.485722064971923828e+00,3.839827537536621094e+00,4.117237567901611328e+00,1.499172465055154113e+00,3.833684448909318476e+00,4.116388530470452167e+00
1.608423739671707153e-01,1.392728805541992188e+00,3.874948740005493164e+00,4.117635250091552734e+00,1.404976862452318009e+00,3.869198243382458990e+00,4.116388590818445437e+00
1.611342728137969971e-01,1.298909544944763184e+00,3.907756090164184570e+00,4.117975711822509766e+00,1.309940980100869901e+00,3.902398213914529901e+00,4.116388853268230896e+00
1.614261865615844727e-01,1.204306006431579590e+00,3.938220500946044922e+00,4.118244171142578125e+00,1.214121630256212780e+00,3.933263911787605149e+00,4.116388748991855806e+00
1.617181003093719482e-01,1.108983039855957031e+00,3.966331720352172852e+00,4.118450164794921875e+00,1.117591272082854248e+00,3.961773194975079182e+00,4.116388842159936168e+00
1.620100140571594238e-01,1.012998342514038086e+00,3.992076635360717773e+00,4.118597030639648438e+00,1.020377455721894533e+00,3.987917377798854357e+00,4.116388607055410098e+00
1.623019129037857056e-01,9.164109230041503906e-01,4.015425682067871094e+00,4.118671417236328125e+00,9.225534986193389964e-01,4.011676953840638937e+00,4.116388822717175877e+00
1.625938266515731812e-01,8.192758560180664062e-01,4.036375045776367188e+00,4.118681907653808594e+00,8.241931191893289155e-01,4.033033614834821812e+00,4.116388518605436531e+00
1.628857403993606567e-01,7.216470241546630859e-01,4.054917335510253906e+00,4.118631839752197266e+00,7.253244775431163527e-01,4.051982022887883339e+00,4.116388454887339066e+00
1.631776541471481323e-01,6.235854029655456543e-01,4.071028232574462891e+00,4.118510246276855469e+00,6.260220809280041543e-01,4.068507219975619371e+00,4.116388543954903945e+00
1.634695529937744141e-01,5.251560807228088379e-01,4.084703922271728516e+00,4.118324279785156250e+00,5.263452836861129969e-01,4.082599049045182227e+00,4.116388508501504617e+00
1.637614667415618896e-01,4.264083206653594971e-01,4.095943450927734375e+00,4.118079185485839844e+00,4.263693291569634614e-01,4.094247571292402910e+00,4.116388463189485591e+00
1.640533804893493652e-01,3.274049758911132812e-01,4.104728221893310547e+00,4.117764949798583984e+00,3.261227984031122018e-01,4.103449362837952030e+00,4.116388314167344298e+00
1.643452942371368408e-01,2.282058447599411011e-01,4.111057281494140625e+00,4.117386817932128906e+00,2.256811935597662910e-01,4.110197350780545378e+00,4.116388497638430621e+00
1.646371930837631226e-01,1.288756281137466431e-01,4.114933490753173828e+00,4.116950988769531250e+00,1.251046399496834605e-01,4.114487113353615833e+00,4.116388632878327236e+00
1.649291068315505981e-01,2.946304716169834137e-02,4.116344451904296875e+00,4.116449832916259766e+00,2.446896082797160241e-02,4.116315875588891338e+00,4.116388601391897772e+00
1.652210205793380737e-01,-6.996706873178482056e-02,4.115292072296142578e+00,4.115886688232421875e+00,-7.619704217233924659e-02,4.115683556042889713e+00,4.116388844936500924e+00
1.655129343271255493e-01,-1.693554669618606567e-01,4.111784934997558594e+00,4.115271091461181641e+00,-1.768174769813873337e-01,4.112589288924640485e+00,4.116388596760970131e+00
1.658048331737518311e-01,-2.686332464218139648e-01,4.105814933776855469e+00,4.114593505859375000e+00,-2.773164769564921972e-01,4.107036501616071256e+00,4.116388375019822909e+00
1.660967469215393066e-01,-3.677585124969482422e-01,4.097387313842773438e+00,4.113858222961425781e+00,-3.776653523760363229e-01,4.099027019368576497e+00,4.116388419950060218e+00
1.663886606693267822e-01,-4.666652381420135498e-01,4.086515426635742188e+00,4.113074779510498047e+00,-4.777883168350939846e-01,4.088566176694024001e+00,4.116388594011806568e+00
1.666805744171142578e-01,-5.652927160263061523e-01,4.073195934295654297e+00,4.112235546112060547e+00,-5.776255083871256746e-01,4.075660043484552020e+00,4.116388710750721103e+00
1.669724732637405396e-01,-6.635764837265014648e-01,4.057438373565673828e+00,4.111342906951904297e+00,-6.771018396159171893e-01,4.060318715231016284e+00,4.116388583511827015e+00
1.672643870115280151e-01,-7.614694237709045410e-01,4.039259910583496094e+00,4.110408306121826172e+00,-7.761887215933412909e-01,4.042546878148434608e+00,4.116388489143894880e+00
1.675563007593154907e-01,-8.589066267013549805e-01,4.018663883209228516e+00,4.109426021575927734e+00,-8.748113745070292824e-01,4.022357485850574399e+00,4.116388548830761884e+00
1.678481996059417725e-01,-9.558243751525878906e-01,3.995661020278930664e+00,4.108395099639892578e+00,-9.729108646284007067e-01,3.999762320175941355e+00,4.116388486089622489e+00
1.681401133537292480e-01,-1.052176833152770996e+00,3.970273494720458984e+00,4.107328414916992188e+00,-1.070413256009459246e+00,3.974779332256308084e+00,4.116388620960449884e+00
1.684320271015167236e-01,-1.147899746894836426e+00,3.942510604858398438e+00,4.106222629547119141e+00,-1.167290910053850217e+00,3.947415103485165222e+00,4.116388473883040078e+00
1.687239408493041992e-01,-1.242934823036193848e+00,3.912384986877441406e+00,4.105074882507324219e+00,-1.263470287848927898e+00,3.917690441888781017e+00,4.116388655939057450e+00
1.690158396959304810e-01,-1.337223529815673828e+00,3.879926681518554688e+00,4.103900432586669922e+00,-1.358879185074563845e+00,3.885627806864742517e+00,4.116388719874426450e+00
1.693077534437179565e-01,-1.430712461471557617e+00,3.845148324966430664e+00,4.102694511413574219e+00,-1.453490293997194982e+00,3.851236160551952725e+00,4.116388465522538453e+00
1.695996671915054321e-01,-1.523348569869995117e+00,3.808063268661499023e+00,4.101455211639404297e+00,-1.547232174885396772e+00,3.814541529780869134e+00,4.116388524595748777e+00
1.698915809392929077e-01,-1.615075826644897461e+00,3.768706083297729492e+00,4.100196838378906250e+00,-1.640048830504626354e+00,3.775565435744165033e+00,4.116388529527506002e+00
1.701834797859191895e-01,-1.705832839012145996e+00,3.727097988128662109e+00,4.098917484283447266e+00,-1.731870191749528498e+00,3.734338179967763960e+00,4.116388708982121614e+00
1.704753935337066650e-01,-1.795571565628051758e+00,3.683252573013305664e+00,4.097612380981445312e+00,-1.822670292030613259e+00,3.690870852929914570e+00,4.116388544155975993e+00
1.707673072814941406e-01,-1.884238958358764648e+00,3.637209653854370117e+00,4.096297264099121094e+00,-1.912380290696145790e+00,3.645196363101801396e+00,4.116388575172862829e+00
1.710592210292816162e-01,-1.971780419349670410e+00,3.588993310928344727e+00,4.094971179962158203e+00,-2.000946534728372583e+00,3.597341924172535954e+00,4.116388703007873850e+00
1.713511198759078979e-01,-2.058134317398071289e+00,3.538626194000244141e+00,4.093627929687500000e+00,-2.088302614176579031e+00,3.547343750631716475e+00,4.116388647045202021e+00
1.716430336236953735e-01,-2.143265008926391602e+00,3.486145257949829102e+00,4.092284679412841797e+00,-2.174423327039979537e+00,3.495216500390461167e+00,4.116388610150572447e+00
1.719349473714828491e-01,-2.227114915847778320e+00,3.431581735610961914e+00,4.090940475463867188e+00,-2.259243730305492637e+00,3.440998991607852275e+00,4.116388744175035974e+00
1.722268611192703247e-01,-2.309628725051879883e+00,3.374958753585815430e+00,4.089588165283203125e+00,-2.342712982312849856e+00,3.384723408465842631e+00,4.116388789863488995e+00
1.725187599658966064e-01,-2.390759944915771484e+00,3.316325187683105469e+00,4.088244915008544922e+00,-2.424768464611093854e+00,3.326432830715871258e+00,4.116388888848677041e+00
1.728106737136840820e-01,-2.470463991165161133e+00,3.255711555480957031e+00,4.086912155151367188e+00,-2.505386548275969627e+00,3.266143564364596408e+00,4.116388652608308441e+00
1.731025874614715576e-01,-2.548688650131225586e+00,3.193139791488647461e+00,4.085578918457031250e+00,-2.584506081794153864e+00,3.203901292832940229e+00,4.116388609090200212e+00
1.733945012092590332e-01,-2.625392675399780273e+00,3.128663301467895508e+00,4.084264755249023438e+00,-2.662080101489367578e+00,3.139742679086672705e+00,4.116388533365624269e+00
1.736864000558853149e-01,-2.700525760650634766e+00,3.062322616577148438e+00,4.082971572875976562e+00,-2.738050366793111756e+00,3.073716944497586923e+00,4.116388667993764017e+00
1.739783138036727905e-01,-2.774040937423706055e+00,2.994138956069946289e+00,4.081686973571777344e+00,-2.812395189411015295e+00,3.005842753706257309e+00,4.116388873931936310e+00
1.742702275514602661e-01,-2.845900774002075195e+00,2.924169063568115234e+00,4.080430984497070312e+00,-2.885057779333326966e+00,2.936170739333892943e+00,4.116388830104887653e+00
1.745621412992477417e-01,-2.916062593460083008e+00,2.852454185485839844e+00,4.079205513000488281e+00,-2.955983764148206294e+00,2.864753886084063783e+00,4.116388567876160032e+00
1.748540401458740234e-01,-2.984468698501586914e+00,2.779029369354248047e+00,4.077996730804443359e+00,-3.025153392915386874e+00,2.791612978747244789e+00,4.116388717526266561e+00
1.751459538936614990e-01,-3.051097869873046875e+00,2.703943014144897461e+00,4.076825618743896484e+00,-3.092513740505996811e+00,2.716802174792408042e+00,4.116388622588391222e+00
1.754378676414489746e-01,-3.115906715393066406e+00,2.627243280410766602e+00,4.075694084167480469e+00,-3.158024638724124866e+00,2.640366630888037580e+00,4.116388655641700645e+00
1.757297813892364502e-01,-3.178843498229980469e+00,2.548964738845825195e+00,4.074587821960449219e+00,-3.221636792113543812e+00,2.562364271110659342e+00,4.116388499420834179e+00
1.760216802358627319e-01,-3.239878892898559570e+00,2.469171047210693359e+00,4.073526859283447266e+00,-3.283332380536536643e+00,2.482817523432622409e+00,4.116388511273422424e+00
1.763135939836502075e-01,-3.298984050750732422e+00,2.387901544570922852e+00,4.072513580322265625e+00,-3.343064513031676288e+00,2.401785710076757230e+00,4.116388579254955715e+00
1.766055077314376831e-01,-3.356109380722045898e+00,2.305194616317749023e+00,4.071534633636474609e+00,-3.400796889559707825e+00,2.319317751043324272e+00,4.116388503815407773e+00
1.768974214792251587e-01,-3.411231517791748047e+00,2.221112012863159180e+00,4.070606708526611328e+00,-3.456487189664790627e+00,2.235475768123543538e+00,4.116388660243873510e+00
1.771893203258514404e-01,-3.464315891265869141e+00,2.135708570480346680e+00,4.069734096527099609e+00,-3.510119047043732898e+00,2.150283839023193089e+00,4.116388746557293921e+00
1.774812340736389160e-01,-3.515322923660278320e+00,2.049018383026123047e+00,4.068902969360351562e+00,-3.561651595075217003e+00,2.063805735266922348e+00,4.116388732569177478e+00
1.777731478214263916e-01,-3.564230442047119141e+00,1.961104869842529297e+00,4.068129062652587891e+00,-3.611046139700267776e+00,1.976107106769490640e+00,4.116388407386880388e+00
1.780650615692138672e-01,-3.611011981964111328e+00,1.872021198272705078e+00,4.067415714263916016e+00,-3.658289431286756432e+00,1.887213181071635493e+00,4.116388605789655486e+00
1.783569604158401489e-01,-3.655623674392700195e+00,1.781818509101867676e+00,4.066751003265380859e+00,-3.703344459904801766e+00,1.797190658335734215e+00,4.116388520428655440e+00
1.786488741636276245e-01,-3.698054075241088867e+00,1.690546989440917969e+00,4.066146850585937500e+00,-3.746184768875254534e+00,1.706093093935439065e+00,4.116388461713391678e+00
1.789407879114151001e-01,-3.738278150558471680e+00,1.598266839981079102e+00,4.065609455108642578e+00,-3.786778630950081492e+00,1.613989739290169645e+00,4.116388620909609664e+00
1.792326867580413818e-01,-3.776257276535034180e+00,1.505032420158386230e+00,4.065124988555908203e+00,-3.825114002020333359e+00,1.520906759497830718e+00,4.116388526310193363e+00
1.795246005058288574e-01,-3.811980009078979492e+00,1.410898685455322266e+00,4.064704895019531250e+00,-3.861161789627347574e+00,1.426914204638336736e+00,4.116388527954682353e+00
1.798165142536163330e-01,-3.845430612564086914e+00,1.315918564796447754e+00,4.064354419708251953e+00,-3.894900344443686269e+00,1.332068307135944041e+00,4.116388546775385571e+00
1.801084280014038086e-01,-3.876574754714965820e+00,1.220149159431457520e+00,4.064061641693115234e+00,-3.926304888015486050e+00,1.236440608252659334e+00,4.116388641927595238e+00
1.804003268480300903e-01,-3.905399799346923828e+00,1.123655319213867188e+00,4.063834667205810547e+00,-3.955366257696621979e+00,1.140058664681137701e+00,4.116388707525022284e+00
1.806922405958175659e-01,-3.931896448135375977e+00,1.026486039161682129e+00,4.063678741455078125e+00,-3.982061832854572714e+00,1.042994822895435103e+00,4.116388543524990951e+00
1.809841543436050415e-01,-3.956036090850830078e+00,9.287014007568359375e-01,4.063583374023437500e+00,-4.006372348011893791e+00,9.453225759287896546e-01,4.116388485490038995e+00
1.812760680913925171e-01,-3.977809429168701172e+00,8.303614258766174316e-01,4.063553810119628906e+00,-4.028291028638375515e+00,8.470696862000945959e-01,4.116388667835867210e+00
1.815679669380187988e-01,-3.997209072113037109e+00,7.315310835838317871e-01,4.063596725463867188e+00,-4.047800525318122844e+00,7.483102167464015242e-01,4.116388863221344785e+00
1.818598806858062744e-01,-4.014213562011718750e+00,6.322571635246276855e-01,4.063700199127197266e+00,-4.064886357813905171e+00,6.491187278844621211e-01,4.116388735874193294e+00
1.821517944335937500e-01,-4.028817176818847656e+00,5.326051712036132812e-01,4.063869953155517578e+00,-4.079544144625092628e+00,5.495235454854278112e-01,4.116388775976797199e+00
1.824437081813812256e-01,-4.041017055511474609e+00,4.326353371143341064e-01,4.064110755920410156e+00,-4.091762036209098063e+00,4.495997304215278434e-01,4.116388766693099832e+00
1.827356070280075073e-01,-4.050795078277587891e+00,3.324114084243774414e-01,4.064411163330078125e+00,-4.101532743872794207e+00,3.494070746935791227e-01,4.116388727137734627e+00
1.830275207757949829e-01,-4.058149337768554688e+00,2.319886237382888794e-01,4.064774990081787109e+00,-4.108850410236601469e+00,2.490053804582352814e-01,4.116388632429965888e+00
1.833194345235824585e-01,-4.063083171844482422e+00,1.314222961664199829e-01,4.065207958221435547e+00,-4.113710352357771605e+00,1.484704897241990729e-01,4.116388751006693880e+00
1.836113482713699341e-01,-4.065582752227783203e+00,3.077718988060951233e-02,4.065699100494384766e+00,-4.116110579513154732e+00,4.783112785712125004e-02,4.116388480157358032e+00
1.839032471179962158e-01,-4.065649509429931641e+00,-6.988111883401870728e-02,4.066249847412109375e+00,-4.116049271457487890e+00,-5.283683769894246401e-02,4.116388385038970199e+00
1.841951608657836914e-01,-4.063290119171142578e+00,-1.705028712749481201e-01,4.066865921020507812e+00,-4.113527470495838223e+00,-1.534575247777325291e-01,4.116388886200476271e+00
1.844870746135711670e-01,-4.058498382568359375e+00,-2.710226178169250488e-01,4.067537307739257812e+00,-4.108544618248684444e+00,-2.540021228657183827e-01,4.116388703531351112e+00
1.847789883613586426e-01,-4.051275730133056641e+00,-3.713800013065338135e-01,4.068262577056884766e+00,-4.101104618765278431e+00,-3.543947937638617374e-01,4.116388558421669508e+00
1.850708872079849243e-01,-4.041636943817138672e+00,-4.715106487274169922e-01,4.069047927856445312e+00,-4.091213757729604161e+00,-4.545599653912333338e-01,4.116388559595955066e+00
1.853628009557723999e-01,-4.029578685760498047e+00,-5.713644027709960938e-01,4.069884300231933594e+00,-4.078874815122460973e+00,-5.544689033714788051e-01,4.116388650534137383e+00
1.856547147035598755e-01,-4.015106201171875000e+00,-6.708757281303405762e-01,4.070767879486083984e+00,-4.064095983066789763e+00,-6.540461661666451265e-01,4.116388289150684443e+00
1.859466284513473511e-01,-3.998238325119018555e+00,-7.699867486953735352e-01,4.071706295013427734e+00,-4.046887142080542787e+00,-7.532323168739043506e-01,4.116388521983809667e+00
1.862385272979736328e-01,-3.978979825973510742e+00,-8.686323165893554688e-01,4.072690010070800781e+00,-4.027257694075757399e+00,-8.519680312808808331e-01,4.116388473020617056e+00
1.865304410457611084e-01,-3.957336425781250000e+00,-9.667571187019348145e-01,4.073712348937988281e+00,-4.005223451198586027e+00,-9.501788073685494274e-01,4.116388545801213716e+00
1.868223547935485840e-01,-3.933331251144409180e+00,-1.064310193061828613e+00,4.074782371520996094e+00,-3.980790520331322302e+00,-1.047836821125990747e+00,4.116388607805043343e+00
1.871142685413360596e-01,-3.906973838806152344e+00,-1.161227107048034668e+00,4.075891494750976562e+00,-3.953976614940671652e+00,-1.144868073708427136e+00,4.116388462924088110e+00
1.874061673879623413e-01,-3.878275394439697266e+00,-1.257442474365234375e+00,4.077031135559082031e+00,-3.924803011012540921e+00,-1.241199688585805427e+00,4.116388628664524596e+00
1.876980811357498169e-01,-3.847261905670166016e+00,-1.352912664413452148e+00,4.078209877014160156e+00,-3.893277722482390679e+00,-1.336803927574428785e+00,4.116388728625624438e+00
1.879899948835372925e-01,-3.813948631286621094e+00,-1.447574257850646973e+00,4.079420566558837891e+00,-3.859423682440056069e+00,-1.431608831389737713e+00,4.116388587912012120e+00
1.882819086313247681e-01,-3.778347492218017578e+00,-1.541367530822753906e+00,4.080652236938476562e+00,-3.823261708091392652e+00,-1.525557558275809633e+00,4.116388702755166662e+00
1.885738074779510498e-01,-3.740494251251220703e+00,-1.634236454963684082e+00,4.081914424896240234e+00,-3.784819247343605753e+00,-1.618579403607924849e+00,4.116388711096949038e+00
1.888657212257385254e-01,-3.700403928756713867e+00,-1.726133584976196289e+00,4.083200454711914062e+00,-3.744107400502275862e+00,-1.710647685344552471e+00,4.116388675753369419e+00
1.891576349735260010e-01,-3.658093452453613281e+00,-1.816995143890380859e+00,4.084497451782226562e+00,-3.701156220781980810e+00,-1.801693046556600786e+00,4.116388611956305787e+00
1.894495487213134766e-01,-3.613600254058837891e+00,-1.906772494316101074e+00,4.085815429687500000e+00,-3.655991504070861708e+00,-1.891660860635596908e+00,4.116388549383904305e+00
1.897414475679397583e-01,-3.566953659057617188e+00,-1.995402097702026367e+00,4.087149143218994141e+00,-3.608648050333322477e+00,-1.980483505556093871e+00,4.116388668111192750e+00
1.900333613157272339e-01,-3.518161058425903320e+00,-2.082842826843261719e+00,4.088482856750488281e+00,-3.559139086576401212e+00,-2.068135759662639739e+00,4.116388776341620925e+00
1.903252750635147095e-01,-3.467269897460937500e+00,-2.169040918350219727e+00,4.089828491210937500e+00,-3.507501309171388915e+00,-2.154550861830055286e+00,4.116388568885551713e+00
1.906171739101409912e-01,-3.414310932159423828e+00,-2.253939628601074219e+00,4.091181278228759766e+00,-3.453774485299755614e+00,-2.239664239874391338e+00,4.116388478105501569e+00
1.909090876579284668e-01,-3.359299182891845703e+00,-2.337489366531372070e+00,4.092523097991943359e+00,-3.397973735099647730e+00,-2.323451771524475795e+00,4.116388421787632979e+00
1.912010014057159424e-01,-3.302283048629760742e+00,-2.419644355773925781e+00,4.093867778778076172e+00,-3.340141200765336382e+00,-2.405849632806175808e+00,4.116388671727162496e+00
1.914929151535034180e-01,-3.243295907974243164e+00,-2.500355482101440430e+00,4.095210075378417969e+00,-3.280310471176636877e+00,-2.486808909585994432e+00,4.116388628410511785e+00
1.917848140001296997e-01,-3.182363986968994141e+00,-2.579560518264770508e+00,4.096531867980957031e+00,-3.218528190242079479e+00,-2.566267986485693431e+00,4.116388598012131972e+00
1.920767277479171753e-01,-3.119530200958251953e+00,-2.657230377197265625e+00,4.097846031188964844e+00,-3.154811111454352890e+00,-2.644205387488692161e+00,4.116388621131401138e+00
1.923686414957046509e-01,-3.054835081100463867e+00,-2.733314990997314453e+00,4.099149703979492188e+00,-3.089207525179639369e+00,-2.720561189535289692e+00,4.116388747389170710e+00
1.926605552434921265e-01,-2.988304138183593750e+00,-2.807756900787353516e+00,4.100421905517578125e+00,-3.021756224360942156e+00,-2.795289650851270125e+00,4.116388576364033547e+00
1.929524540901184082e-01,-2.919994115829467773e+00,-2.880520105361938477e+00,4.101677894592285156e+00,-2.952508775900859916e+00,-2.868335425434074715e+00,4.116388730983951305e+00
1.932443678379058838e-01,-2.849941968917846680e+00,-2.951565027236938477e+00,4.102914333343505859e+00,-2.881484556616229931e+00,-2.939677073300676735e+00,4.116388531869588085e+00
1.935362815856933594e-01,-2.778174161911010742e+00,-3.020840644836425781e+00,4.104111194610595703e+00,-2.808737263386884564e+00,-3.009260470350581418e+00,4.116388416215438717e+00
1.938281953334808350e-01,-2.704748392105102539e+00,-3.088312625885009766e+00,4.105281829833984375e+00,-2.734321987963183709e+00,-3.077034135462109354e+00,4.116388684837473555e+00
1.941200941801071167e-01,-2.629712820053100586e+00,-3.153939485549926758e+00,4.106424808502197266e+00,-2.658259760171171937e+00,-3.142977844002743382e+00,4.116388548283243409e+00
1.944120079278945923e-01,-2.553093910217285156e+00,-3.217675447463989258e+00,4.107520103454589844e+00,-2.580607795186887987e+00,-3.207041813720896695e+00,4.116388439826050849e+00
1.947039216756820679e-01,-2.474951267242431641e+00,-3.279490232467651367e+00,4.108581066131591797e+00,-2.501412412616886627e+00,-3.269188039155666470e+00,4.116388525558819289e+00
1.949958354234695435e-01,-2.395331621170043945e+00,-3.339348554611206055e+00,4.109606266021728516e+00,-2.420721117936235789e+00,-3.329379008193066536e+00,4.116388624877284741e+00
1.952877342700958252e-01,-2.314278125762939453e+00,-3.397199392318725586e+00,4.110577583312988281e+00,-2.338595115033653027e+00,-3.387569763949996648e+00,4.116388710713251520e+00
1.955796480178833008e-01,-2.231838703155517578e+00,-3.453023910522460938e+00,4.111505508422851562e+00,-2.255057289194850156e+00,-3.443743923744377433e+00,4.116388658748970641e+00
1.958715617656707764e-01,-2.148067474365234375e+00,-3.506788730621337891e+00,4.112391471862792969e+00,-2.170170964458446150e+00,-3.497858468047215119e+00,4.116388693681406252e+00
1.961634755134582520e-01,-2.063007354736328125e+00,-3.558448791503906250e+00,4.113217353820800781e+00,-2.084000382765562875e+00,-3.549873013756774665e+00,4.116388709678134639e+00
1.964553743600845337e-01,-1.976718783378601074e+00,-3.607980251312255859e+00,4.113992691040039062e+00,-1.996570317619353441e+00,-3.599772635301278001e+00,4.116388715738900750e+00
1.967472881078720093e-01,-1.889251112937927246e+00,-3.655359745025634766e+00,4.114720344543457031e+00,-1.907945809621433453e+00,-3.647519584368359435e+00,4.116388748746007131e+00
1.970392018556594849e-01,-1.800645828247070312e+00,-3.700548648834228516e+00,4.115384101867675781e+00,-1.818194499767123773e+00,-3.693077818067301621e+00,4.116388588226840284e+00
1.973311156034469604e-01,-1.710964322090148926e+00,-3.743525743484497070e+00,4.115991115570068359e+00,-1.727341725011836804e+00,-3.736434803855905429e+00,4.116388523746585371e+00
1.976230144500732422e-01,-1.620266556739807129e+00,-3.784267663955688477e+00,4.116545200347900391e+00,-1.635455921735610385e+00,-3.777557372116836287e+00,4.116388680818944934e+00
1.979149281978607178e-01,-1.528592467308044434e+00,-3.822742223739624023e+00,4.117032051086425781e+00,-1.542606689256552865e+00,-3.816414515967769816e+00,4.116388605978372084e+00
1.982068419456481934e-01,-1.436004638671875000e+00,-3.858931064605712891e+00,4.117457389831542969e+00,-1.448805666116424140e+00,-3.853001147635619628e+00,4.116388672350129063e+00
1.984987556934356689e-01,-1.342560052871704102e+00,-3.892817497253417969e+00,4.117826461791992188e+00,-1.354167486450302604e+00,-3.887272328559412848e+00,4.116388676709580530e+00
1.987906545400619507e-01,-1.248315453529357910e+00,-3.924369335174560547e+00,4.118126392364501953e+00,-1.258704845599121880e+00,-3.919224178127129754e+00,4.116388714243466751e+00
1.990825682878494263e-01,-1.153319358825683594e+00,-3.953575134277343750e+00,4.118361473083496094e+00,-1.162489284824888447e+00,-3.948831917884905174e+00,4.116388569248444540e+00
1.993744820356369019e-01,-1.057635307312011719e+00,-3.980422496795654297e+00,4.118537902832031250e+00,-1.065593849674811633e+00,-3.976074129447618954e+00,4.116388676416188552e+00
1.996663957834243774e-01,-9.613173604011535645e-01,-4.004884719848632812e+00,4.118644714355468750e+00,-9.680458452544223880e-01,-4.000942600829422879e+00,4.116388520735871026e+00
1.999582946300506592e-01,-8.644316196441650391e-01,-4.026948451995849609e+00,4.118683338165283203e+00,-8.699189998051952699e-01,-4.023418308312664671e+00,4.116388459546501011e+00
2.002502083778381348e-01,-7.670254707336425781e-01,-4.046611309051513672e+00,4.118663787841796875e+00,-7.712873036400678117e-01,-4.043484855598558525e+00,4.116388451326145059e+00
2.005421221256256104e-01,-6.691572070121765137e-01,-4.063851356506347656e+00,4.118574619293212891e+00,-6.721789201460696139e-01,-4.061136666309574927e+00,4.116388650641820135e+00
2.008340209722518921e-01,-5.708935260772705078e-01,-4.078657150268554688e+00,4.118417739868164062e+00,-5.726685256061814222e-01,-4.076359500330381636e+00,4.116388710526948991e+00
2.011259347200393677e-01,-4.722841978073120117e-01,-4.091030597686767578e+00,4.118201255798339844e+00,-4.728312870315287686e-01,-4.089142463692341245e+00,4.116388649577170433e+00
2.014178484678268433e-01,-3.733919858932495117e-01,-4.100955009460449219e+00,4.117918491363525391e+00,-3.726800855061148665e-01,-4.099483348037831654e+00,4.116388485914844964e+00
2.017097622156143188e-01,-2.742762863636016846e-01,-4.108423233032226562e+00,4.117568492889404297e+00,-2.723372284178908198e-01,-4.107369754083309843e+00,4.116388448961143531e+00
2.020016610622406006e-01,-1.750020384788513184e-01,-4.113440513610839844e+00,4.117161273956298828e+00,-1.718158755936834703e-01,-4.112800920200661459e+00,4.116388235372052229e+00
2.022935748100280762e-01,-7.561788707971572876e-02,-4.115995407104492188e+00,4.116689682006835938e+00,-7.119174004624283236e-02,-4.115772626487554930e+00,4.116388292762853673e+00
2.025854885578155518e-01,2.381146512925624847e-02,-4.116084575653076172e+00,4.116153240203857422e+00,2.945922902023031739e-02,-4.116281853993847939e+00,4.116387268915971731e+00
2.028774023056030273e-01,1.232265755534172058e-01,-4.113718509674072266e+00,4.115563869476318359e+00,1.301082716400095152e-01,-4.114330456822445470e+00,4.116387162341019312e+00
2.031693011522293091e-01,2.225629538297653198e-01,-4.108890533447265625e+00,4.114913940429687500e+00,2.306794729039270686e-01,-4.109918265429418405e+00,4.116386906952453906e+00
2.034612149000167847e-01,3.217658400535583496e-01,-4.101600646972656250e+00,4.114202499389648438e+00,3.310969572354999224e-01,-4.103048219076049996e+00,4.116385536262820999e+00
2.037531286478042603e-01,4.207817316055297852e-01,-4.091863632202148438e+00,4.113441944122314453e+00,4.313321405378328088e-01,-4.093723845553691731e+00,4.116384619920235188e+00
2.040450423955917358e-01,5.195459723472595215e-01,-4.079678058624267578e+00,4.112627029418945312e+00,5.313092008130499977e-01,-4.081950690814897698e+00,4.116383231565401424e+00
2.043369412422180176e-01,6.179935336112976074e-01,-4.065048217773437500e+00,4.111755371093750000e+00,6.309528210573563944e-01,-4.067738393527704055e+00,4.116381554299793244e+00
2.046288549900054932e-01,7.160772681236267090e-01,-4.047991752624511719e+00,4.110839843750000000e+00,7.302345834116418244e-01,-4.051090923783507769e+00,4.116379503832400921e+00
2.049207687377929688e-01,8.137327432632446289e-01,-4.028513908386230469e+00,4.109876632690429688e+00,8.290793854095497295e-01,-4.032019817814647134e+00,4.116376615248068305e+00
2.052126824855804443e-01,9.108999967575073242e-01,-4.006620407104492188e+00,4.108861923217773438e+00,9.274281907455395046e-01,-4.010537349553639608e+00,4.116373753821958026e+00
2.055045813322067261e-01,1.007518529891967773e+00,-3.982337474822998047e+00,4.107810497283935547e+00,1.025221961378813162e+00,-3.986655784295324079e+00,4.116370295849097083e+00
2.057964950799942017e-01,1.103539586067199707e+00,-3.955672740936279297e+00,4.106719493865966797e+00,1.122387051038903794e+00,-3.960393091668627630e+00,4.116365646158805625e+00
2.060884088277816772e-01,1.198898077011108398e+00,-3.926633834838867188e+00,4.105582714080810547e+00,1.218895673882874897e+00,-3.931757305799701285e+00,4.116360306814712544e+00
2.063803225755691528e-01,1.293540835380554199e+00,-3.895251989364624023e+00,4.104416847229003906e+00,1.314674984825203952e+00,-3.900769959311523039e+00,4.116354769840953054e+00
2.066722214221954346e-01,1.387405633926391602e+00,-3.861543893814086914e+00,4.103219985961914062e+00,1.409652594048525609e+00,-3.867454025019154695e+00,4.116348026047432995e+00
2.069641351699829102e-01,1.480437040328979492e+00,-3.825517892837524414e+00,4.101984977722167969e+00,1.503801590529981747e+00,-3.831819677428594417e+00,4.116340761405630211e+00
2.072560489177703857e-01,1.572589278221130371e+00,-3.787207126617431641e+00,4.100728511810302734e+00,1.597050275010300613e+00,-3.793892750063994956e+00,4.116332321363111113e+00
2.075479626655578613e-01,1.663801431655883789e+00,-3.746633529663085938e+00,4.099450588226318359e+00,1.689343123622055520e+00,-3.753695778402950545e+00,4.116322653307106449e+00
2.078398615121841431e-01,1.754009246826171875e+00,-3.703811883926391602e+00,4.098142147064208984e+00,1.780610311164802173e+00,-3.711259802015067777e+00,4.116311746974387731e+00
2.081317752599716187e-01,1.843174219131469727e+00,-3.658777952194213867e+00,4.096821784973144531e+00,1.870825965459267382e+00,-3.666596709476003024e+00,4.116299457398215900e+00
2.084236890077590942e-01,1.931237697601318359e+00,-3.611558198928833008e+00,4.095489025115966797e+00,1.959921638841782388e+00,-3.619740381443026234e+00,4.116286343228512834e+00
2.087156027555465698e-01,2.018140077590942383e+00,-3.562168836593627930e+00,4.094134330749511719e+00,2.047843618858891546e+00,-3.570717466090154169e+00,4.116270971394178524e+00
2.090075016021728516e-01,2.103832244873046875e+00,-3.510655879974365234e+00,4.092775821685791016e+00,2.134526150556063762e+00,-3.519566803101822572e+00,4.116254653068012637e+00
2.092994153499603271e-01,2.188271999359130859e+00,-3.457044363021850586e+00,4.091416835784912109e+00,2.219944056698905932e+00,-3.466302225959716932e+00,4.116236477240597935e+00
2.095913290977478027e-01,2.271395206451416016e+00,-3.401354551315307617e+00,4.090042591094970703e+00,2.304032558344344395e+00,-3.410963596434801737e+00,4.116216549953880310e+00
2.098832428455352783e-01,2.353161096572875977e+00,-3.343634843826293945e+00,4.088675022125244141e+00,2.386741316436184146e+00,-3.353583940638231287e+00,4.116194766831396734e+00
2.101751416921615601e-01,2.433517456054687500e+00,-3.283922195434570312e+00,4.087316036224365234e+00,2.468007573496210139e+00,-3.294206769988187400e+00,4.116170505004701496e+00
2.104670554399490356e-01,2.512408971786499023e+00,-3.222235202789306641e+00,4.085951328277587891e+00,2.547808673124944079e+00,-3.232849772210889316e+00,4.116144638437124748e+00
2.107589691877365112e-01,2.589802980422973633e+00,-3.158622026443481445e+00,4.084601879119873047e+00,2.626083584136370774e+00,-3.169558011396568009e+00,4.116116249388334758e+00
2.110508829355239868e-01,2.665649652481079102e+00,-3.093123197555541992e+00,4.083270549774169922e+00,2.702785088852586171e+00,-3.104370119817755125e+00,4.116085649903459043e+00
2.113427817821502686e-01,2.739888191223144531e+00,-3.025768995285034180e+00,4.081943511962890625e+00,2.777855959432032229e+00,-3.037334841849605560e+00,4.116052316585107285e+00
2.116346955299377441e-01,2.812491893768310547e+00,-2.956604719161987305e+00,4.080639839172363281e+00,2.851273937589682728e+00,-2.968471977566000675e+00,4.116016150207962632e+00
2.119266092777252197e-01,2.883414506912231445e+00,-2.885675430297851562e+00,4.079362869262695312e+00,2.922983407510509224e+00,-2.897833099407501223e+00,4.115977243936539409e+00
2.122185081243515015e-01,2.952599048614501953e+00,-2.813016414642333984e+00,4.078100681304931641e+00,2.992930734325946585e+00,-2.825471957012248403e+00,4.115935636077837856e+00
2.125104218721389771e-01,3.020020008087158203e+00,-2.738673686981201172e+00,4.076868534088134766e+00,3.061095374140132552e+00,-2.751409334901156356e+00,4.115890938516634456e+00
2.128023356199264526e-01,3.085635423660278320e+00,-2.662696599960327148e+00,4.075671672821044922e+00,3.127425443106904623e+00,-2.675700247676203958e+00,4.115842771244659914e+00
2.130942493677139282e-01,3.149394750595092773e+00,-2.585120916366577148e+00,4.074498653411865234e+00,3.191870473443517486e+00,-2.598403021573002736e+00,4.115790978871528338e+00
2.133861482143402100e-01,3.211265087127685547e+00,-2.506004571914672852e+00,4.073362350463867188e+00,3.254412488281789528e+00,-2.519539547870864649e+00,4.115735678729841140e+00
2.136780619621276855e-01,3.271215200424194336e+00,-2.425393581390380859e+00,4.072269916534423828e+00,3.315003611515785931e+00,-2.439169263342321425e+00,4.115676814279351170e+00
2.139699757099151611e-01,3.329200267791748047e+00,-2.343323230743408203e+00,4.071208477020263672e+00,3.373607692865293384e+00,-2.357340163498318208e+00,4.115614354115575857e+00
2.142618894577026367e-01,3.385191440582275391e+00,-2.259852886199951172e+00,4.070190906524658203e+00,3.430188447182008549e+00,-2.274101643484481627e+00,4.115547480965289218e+00
2.145537883043289185e-01,3.439154624938964844e+00,-2.175039052963256836e+00,4.069223403930664062e+00,3.484704241886163345e+00,-2.189516466097114034e+00,4.115476401187329714e+00
2.148457020521163940e-01,3.491052150726318359e+00,-2.088916540145874023e+00,4.068294048309326172e+00,3.537138866425331596e+00,-2.103609886009203844e+00,4.115401063431404438e+00
2.151376157999038696e-01,3.540857076644897461e+00,-2.001546859741210938e+00,4.067414283752441406e+00,3.587452183463687216e+00,-2.016445735081603186e+00,4.115320956033340138e+00
2.154295295476913452e-01,3.588543415069580078e+00,-1.912984251976013184e+00,4.066589832305908203e+00,3.635606667083945087e+00,-1.928090951600216485e+00,4.115236391191623433e+00
2.157214283943176270e-01,3.634069204330444336e+00,-1.823280215263366699e+00,4.065809726715087891e+00,3.681588340987699048e+00,-1.838570787685358754e+00,4.115147051300416692e+00
2.160133421421051025e-01,3.677417993545532227e+00,-1.732483386993408203e+00,4.065083503723144531e+00,3.725361162021088468e+00,-1.747952793544522931e+00,4.115052217889248354e+00
2.163052558898925781e-01,3.718565464019775391e+00,-1.640654683113098145e+00,4.064415931701660156e+00,3.766892926847842826e+00,-1.656305682694855008e+00,4.114952106266071219e+00
2.165971696376800537e-01,3.757477760314941406e+00,-1.547845244407653809e+00,4.063799381256103516e+00,3.806177596911255900e+00,-1.563641657355524739e+00,4.114846671729904592e+00
2.168890684843063354e-01,3.794132471084594727e+00,-1.454117178916931152e+00,4.063237190246582031e+00,3.843166456886284887e+00,-1.470074427119710370e+00,4.114735378685636213e+00
2.171809822320938110e-01,3.828516721725463867e+00,-1.359524965286254883e+00,4.062738895416259766e+00,3.877854934965632605e+00,-1.375616247146972615e+00,4.114617716878694154e+00
2.174728959798812866e-01,3.860600948333740234e+00,-1.264116525650024414e+00,4.062293529510498047e+00,3.910216629465257387e+00,-1.280339107984917124e+00,4.114494175567909195e+00
2.177648097276687622e-01,3.890367269515991211e+00,-1.167955636978149414e+00,4.061905860900878906e+00,3.940227803497258652e+00,-1.184315150005500694e+00,4.114364776971699555e+00
2.180567085742950439e-01,3.917802810668945312e+00,-1.071107029914855957e+00,4.061582088470458984e+00,3.967878439224200360e+00,-1.087572156219296371e+00,4.114228056810143030e+00
2.183486223220825195e-01,3.942885160446166992e+00,-9.736168384552001953e-01,4.061314582824707031e+00,3.993147929989150580e+00,-9.901835247122211525e-01,4.114084807510432817e+00
2.186405360698699951e-01,3.965598583221435547e+00,-8.755489587783813477e-01,4.061103343963623047e+00,4.016017630383295511e+00,-8.922234634213082050e-01,4.113934894505378637e+00
2.189324498176574707e-01,3.985937595367431641e+00,-7.769644856452941895e-01,4.060956954956054688e+00,4.036480196509084628e+00,-7.937203075148819842e-01,4.113777376496148719e+00
2.192243486642837524e-01,4.003880500793457031e+00,-6.779259443283081055e-01,4.060867309570312500e+00,4.054520602864765344e+00,-6.947486796806057185e-01,4.113613137738258985e+00
2.195162624120712280e-01,4.019417762756347656e+00,-5.784832239151000977e-01,4.060832977294921875e+00,4.070124333411815343e+00,-5.953840000136515487e-01,4.113440676234827009e+00
2.198081761598587036e-01,4.032547473907470703e+00,-4.787026941776275635e-01,4.060861110687255859e+00,4.083287216909440076e+00,-4.956551084492402115e-01,4.113260079585033147e+00
2.201000899076461792e-01,4.043254852294921875e+00,-3.786433935165405273e-01,4.060945987701416016e+00,4.093999806166622513e+00,-3.956377298050945401e-01,4.113072285547346496e+00
2.203919887542724609e-01,4.051530838012695312e+00,-2.783709466457366943e-01,4.061082839965820312e+00,4.102253393261448444e+00,-2.953922857537080726e-01,4.112874846747450519e+00
2.206839025020599365e-01,4.057380199432373047e+00,-1.779415011405944824e-01,4.061280250549316406e+00,4.108045801204498915e+00,-1.949794146506821091e-01,4.112670334093341040e+00
2.209758162498474121e-01,4.060793399810791016e+00,-7.741006463766098022e-02,4.061531066894531250e+00,4.111370000673846725e+00,-9.447542533037729673e-02,4.112455335737061013e+00
2.212677299976348877e-01,4.061763286590576172e+00,2.315731532871723175e-02,4.061829090118408203e+00,4.112227495878769901e+00,6.090233905336001931e-03,4.112232005713004845e+00
2.215596288442611694e-01,4.060300350189208984e+00,1.236947104334831238e-01,4.062184333801269531e+00,4.110615867231874887e+00,1.066410784501637260e-01,4.111998921151545971e+00
2.218515425920486450e-01,4.056400299072265625e+00,2.241516560316085815e-01,4.062588691711425781e+00,4.106538055257771269e+00,2.071006181085257580e-01,4.111756980331062294e+00
2.221434563398361206e-01,4.050059318542480469e+00,3.244617283344268799e-01,4.063035011291503906e+00,4.099993418185381877e+00,3.074393638162614129e-01,4.111503981706353450e+00
2.224353700876235962e-01,4.041292667388916016e+00,4.245650172233581543e-01,4.063533306121826172e+00,4.090988312484988398e+00,4.075809732196231105e-01,4.111241615694634532e+00
2.227272689342498779e-01,4.030101776123046875e+00,5.243957042694091797e-01,4.064075469970703125e+00,4.079529499293225392e+00,5.074491738977476851e-01,4.110968936843617527e+00
2.230191826820373535e-01,4.016484260559082031e+00,6.239022016525268555e-01,4.064652442932128906e+00,4.065619863384662303e+00,6.070146667655709205e-01,4.110685062032414017e+00
2.233110964298248291e-01,4.000462055206298828e+00,7.230210900306701660e-01,4.065274715423583984e+00,4.049270091240596336e+00,7.062015101415405338e-01,4.110390351869493308e+00
2.236029952764511108e-01,3.982041597366333008e+00,8.216868042945861816e-01,4.065934658050537109e+00,4.030493293073824645e+00,8.049342808630336465e-01,4.110084595482382142e+00
2.238949090242385864e-01,3.961223602294921875e+00,9.198444485664367676e-01,4.066620826721191406e+00,4.009291283885444201e+00,9.031990549668691415e-01,4.109767041078221439e+00
2.241868227720260620e-01,3.938034057617187500e+00,1.017436504364013672e+00,4.067344188690185547e+00,3.985690507216645972e+00,1.000875164208834711e+00,4.109437907262615930e+00
2.244787365198135376e-01,3.912484169006347656e+00,1.114404439926147461e+00,4.068099021911621094e+00,3.959694766558333523e+00,1.097949110331787770e+00,4.109096603048876695e+00
2.247706353664398193e-01,3.884579658508300781e+00,1.210678935050964355e+00,4.068870067596435547e+00,3.931322806815381821e+00,1.194346531070789252e+00,4.108742222100042696e+00
2.250625491142272949e-01,3.854349613189697266e+00,1.306215643882751465e+00,4.069669246673583984e+00,3.900598154155134001e+00,1.289994356575180134e+00,4.108375761805906023e+00
2.253544628620147705e-01,3.821811437606811523e+00,1.400951504707336426e+00,4.070492267608642578e+00,3.867529947111144395e+00,1.384864407181202628e+00,4.107996752442590882e+00
2.256463766098022461e-01,3.786972045898437500e+00,1.494824171066284180e+00,4.071321010589599609e+00,3.832142290007658492e+00,1.478883881537311762e+00,4.107604175907898281e+00
2.259382754564285278e-01,3.749870300292968750e+00,1.587777256965637207e+00,4.072169303894042969e+00,3.794462650122556457e+00,1.571981229062926255e+00,4.107197558883828314e+00
2.262301892042160034e-01,3.710522890090942383e+00,1.679763913154602051e+00,4.073031902313232422e+00,3.754502926984885303e+00,1.664128903217080513e+00,4.106776988741969170e+00
2.265221029520034790e-01,3.668942451477050781e+00,1.770716905593872070e+00,4.073889255523681641e+00,3.712293494718883480e+00,1.755256690963886479e+00,4.106342538330872038e+00
2.268140166997909546e-01,3.625169277191162109e+00,1.860587954521179199e+00,4.074756145477294922e+00,3.667860076304523265e+00,1.845308900792451912e+00,4.105893627298748072e+00
2.271059155464172363e-01,3.579232454299926758e+00,1.949318289756774902e+00,4.075628280639648438e+00,3.621237170615656087e+00,1.934217110793342576e+00,4.105429877312999132e+00
2.273978292942047119e-01,3.531142234802246094e+00,2.036849975585937500e+00,4.076484203338623047e+00,3.572438781999957236e+00,2.021955109806570672e+00,4.104950830059994615e+00
2.276897430419921875e-01,3.480941772460937500e+00,2.123142957687377930e+00,4.077338695526123047e+00,3.521501934328225225e+00,2.108455014150823370e+00,4.104455922552364022e+00
2.279816567897796631e-01,3.428663492202758789e+00,2.208140611648559570e+00,4.078188419342041016e+00,3.468457913770474743e+00,2.193665066242901585e+00,4.103945263091542728e+00
2.282735556364059448e-01,3.374327898025512695e+00,2.291777610778808594e+00,4.079011440277099609e+00,3.413348706333043214e+00,2.277520162039238016e+00,4.103418998776592552e+00
2.285654693841934204e-01,3.317977190017700195e+00,2.374020576477050781e+00,4.079821586608886719e+00,3.356190273332425811e+00,2.359995340925675755e+00,4.102875962054187475e+00
2.288573831319808960e-01,3.259648799896240234e+00,2.454816102981567383e+00,4.080616474151611328e+00,3.297026078592101506e+00,2.441027363845039044e+00,4.102315876911073467e+00
2.291492968797683716e-01,3.199365139007568359e+00,2.534104824066162109e+00,4.081375598907470703e+00,3.235892925318764934e+00,2.520566656312929421e+00,4.101738569563469383e+00
2.294411957263946533e-01,3.137179136276245117e+00,2.611844062805175781e+00,4.082109928131103516e+00,3.172838578537806598e+00,2.598553479490014251e+00,4.101144331918527897e+00
2.297331094741821289e-01,3.073123216629028320e+00,2.687995195388793945e+00,4.082818508148193359e+00,3.107881710980882950e+00,2.674964380608622516e+00,4.100532059010675745e+00
2.300250232219696045e-01,3.007228374481201172e+00,2.762497901916503906e+00,4.083480834960937500e+00,3.041072254252765728e+00,2.749740315784189093e+00,4.099901493918473250e+00
2.303169369697570801e-01,2.939545154571533203e+00,2.835315704345703125e+00,4.084108352661132812e+00,2.972450937185890929e+00,2.822835843706620551e+00,4.099251977433461924e+00
2.306088358163833618e-01,2.870120286941528320e+00,2.906402587890625000e+00,4.084698677062988281e+00,2.902071555479635911e+00,2.894196039857373393e+00,4.098583905478829337e+00
2.309007495641708374e-01,2.798982858657836914e+00,2.975708484649658203e+00,4.085235118865966797e+00,2.829955410867841969e+00,2.963799600743595608e+00,4.097896497090681045e+00
2.311926633119583130e-01,2.726181030273437500e+00,3.043202877044677734e+00,4.085724830627441406e+00,2.756157989688903243e+00,3.031592168836070300e+00,4.097189029355878809e+00
2.314845770597457886e-01,2.651765346527099609e+00,3.108844041824340820e+00,4.086168289184570312e+00,2.680736605505878778e+00,3.097523760082650401e+00,4.096462155613760814e+00
2.317764759063720703e-01,2.575776815414428711e+00,3.172578334808349609e+00,4.086548805236816406e+00,2.603714117476366052e+00,3.161574103791697343e+00,4.095714592023229628e+00
2.320683896541595459e-01,2.498260736465454102e+00,3.234380245208740234e+00,4.086872100830078125e+00,2.525150115173552923e+00,3.223694372549395393e+00,4.094946704386718928e+00
2.323603034019470215e-01,2.419271230697631836e+00,3.294213533401489258e+00,4.087140083312988281e+00,2.445092820226544728e+00,3.283846215138729541e+00,4.094157405890052281e+00
2.326522171497344971e-01,2.338849544525146484e+00,3.352030754089355469e+00,4.087337493896484375e+00,2.363591446115376637e+00,3.341993380819244130e+00,4.093346342735906696e+00
2.329441159963607788e-01,2.257054328918457031e+00,3.407800674438476562e+00,4.087468624114990234e+00,2.280710079414915548e+00,3.398092564481029587e+00,4.092514085879980001e+00
2.332360297441482544e-01,2.173930168151855469e+00,3.461499214172363281e+00,4.087535858154296875e+00,2.196473474939196091e+00,3.452126715958042436e+00,4.091659148700283133e+00
2.335279434919357300e-01,2.089526653289794922e+00,3.513081312179565430e+00,4.087525367736816406e+00,2.110947001398253420e+00,3.504054226306041020e+00,4.090781497905443764e+00
2.338198572397232056e-01,2.003898859024047852e+00,3.562520742416381836e+00,4.087439537048339844e+00,2.024196857970715246e+00,3.553836157555061881e+00,4.089880726202689942e+00
2.341117560863494873e-01,1.917108058929443359e+00,3.609790086746215820e+00,4.087283611297607422e+00,1.936249935837893510e+00,3.601458262560739421e+00,4.088956521045346904e+00
2.344036698341369629e-01,1.829196333885192871e+00,3.654854774475097656e+00,4.087043285369873047e+00,1.847174109725917557e+00,3.646884138528980301e+00,4.088008819889702217e+00
2.346955835819244385e-01,1.740217804908752441e+00,3.697692394256591797e+00,4.086720943450927734e+00,1.757038529975792907e+00,3.690079436921174683e+00,4.087036903015189182e+00
2.349874824285507202e-01,1.650238633155822754e+00,3.738279819488525391e+00,4.086321353912353516e+00,1.665871017843233215e+00,3.731031613933468716e+00,4.086040033120213799e+00
2.352793961763381958e-01,1.559301137924194336e+00,3.776587247848510742e+00,4.085833072662353516e+00,1.573742252669583452e+00,3.769709769757253692e+00,4.085018534357074849e+00
2.355713099241256714e-01,1.467467665672302246e+00,3.812592029571533203e+00,4.085256099700927734e+00,1.480723596809452980e+00,3.806085048886999722e+00,4.083971813016034957e+00
2.358632236719131470e-01,1.374797701835632324e+00,3.846279621124267578e+00,4.084597110748291016e+00,1.386829260273708231e+00,3.840151378821372585e+00,4.082898236475531739e+00
2.361551225185394287e-01,1.281350374221801758e+00,3.877620458602905273e+00,4.083846092224121094e+00,1.292175949659475576e+00,3.871868589355842438e+00,4.081799242750525636e+00
2.364470362663269043e-01,1.187174677848815918e+00,3.906598567962646484e+00,4.083000659942626953e+00,1.196778304726177966e+00,3.901232909412401639e+00,4.080673538050503701e+00
2.367389500141143799e-01,1.092336177825927734e+00,3.933205127716064453e+00,4.082070827484130859e+00,1.100710254580586689e+00,3.928222049160007057e+00,4.079520992965436577e+00
2.370308637619018555e-01,9.968914985656738281e-01,3.957415103912353516e+00,4.081044673919677734e+00,1.004046431283500684e+00,3.952815492781671658e+00,4.078340294304528157e+00
2.373227626085281372e-01,9.009045958518981934e-01,3.979213237762451172e+00,4.079922676086425781e+00,9.068169766303243451e-01,3.975008763232430908e+00,4.077132778912109679e+00
2.376146763563156128e-01,8.044322729110717773e-01,3.998596668243408203e+00,4.078711509704589844e+00,8.090971529185928546e-01,3.994782734740752073e+00,4.075895889328354116e+00
2.379065901041030884e-01,7.075281143188476562e-01,4.015549182891845703e+00,4.077404975891113281e+00,7.109629604217184706e-01,4.012125262423333893e+00,4.074630959052258028e+00
2.381985038518905640e-01,6.102568507194519043e-01,4.030055522918701172e+00,4.075998306274414062e+00,6.124449263010036670e-01,4.027031478283590538e+00,4.073336631661906182e+00
2.384904026985168457e-01,5.126854777336120605e-01,4.042119503021240234e+00,4.074503421783447266e+00,5.136194675226797290e-01,4.039490636852193894e+00,4.072012961992486524e+00
2.387823164463043213e-01,4.148636758327484131e-01,4.051728248596191406e+00,4.072912216186523438e+00,4.145633695410144703e-01,4.049493266897365551e+00,4.070658239893432118e+00
2.390742301940917969e-01,3.168570995330810547e-01,4.058870792388916016e+00,4.071219921112060547e+00,3.152920056629205936e-01,4.057040774907724412e+00,4.069273755610307575e+00
2.393661439418792725e-01,2.187273800373077393e-01,4.063557147979736328e+00,4.069439411163330078e+00,2.159289016220294621e-01,4.062123629216303655e+00,4.067858609833081118e+00
2.396580427885055542e-01,1.205401569604873657e-01,4.065778732299804688e+00,4.067565441131591797e+00,1.164893962214346990e-01,4.064743450808413705e+00,4.066412313123440647e+00
2.399499565362930298e-01,2.234663441777229309e-02,4.065528869628906250e+00,4.065589904785156250e+00,1.705082370022922150e-02,4.064898074081426671e+00,4.064933835040829280e+00
2.402418702840805054e-01,-7.578722387552261353e-02,4.062821388244628906e+00,4.063528060913085938e+00,-8.230950376420639869e-02,4.062588992032433843e+00,4.063422716453828798e+00
2.405337840318679810e-01,-1.738004833459854126e-01,4.057654857635498047e+00,4.061375141143798828e+00,-1.815607790560908041e-01,4.057819570013800003e+00,4.061879365426604771e+00
2.408256828784942627e-01,-2.716263532638549805e-01,4.050024986267089844e+00,4.059123516082763672e+00,-2.806257790518716377e-01,4.050593888097503203e+00,4.060303150524763538e+00
2.411175966262817383e-01,-3.692101538181304932e-01,4.039951324462890625e+00,4.056787014007568359e+00,-3.794274798027626461e-01,4.040918739657771930e+00,4.058693074494156505e+00
2.414095103740692139e-01,-4.664959907531738281e-01,4.027437210083007812e+00,4.054364681243896484e+00,-4.779353073581452671e-01,4.028799701606965655e+00,4.057049321081504623e+00
2.417014241218566895e-01,-5.634167790412902832e-01,4.012482643127441406e+00,4.051846027374267578e+00,-5.760726572862147066e-01,4.014246618972478586e+00,4.055371206733703993e+00
2.419933229684829712e-01,-6.599093675613403320e-01,3.995111465454101562e+00,4.049246311187744141e+00,-6.737629562626245017e-01,3.997271787667324716e+00,4.053657393726421532e+00
2.422852367162704468e-01,-7.559235692024230957e-01,3.975333213806152344e+00,4.046565532684326172e+00,-7.709763933119622159e-01,3.977883965619694706e+00,4.051908864100795427e+00
2.425771504640579224e-01,-8.513918519020080566e-01,3.953149318695068359e+00,4.043792247772216797e+00,-8.676370856857479330e-01,3.956098025818788333e+00,4.050124158880141323e+00
2.428690642118453979e-01,-9.462583661079406738e-01,3.928591251373291016e+00,4.040944576263427734e+00,-9.636850398096286074e-01,3.931929943242503001e+00,4.048303587247364277e+00
2.431609630584716797e-01,-1.040459156036376953e+00,3.901674509048461914e+00,4.038022041320800781e+00,-1.059060583617852380e+00,3.905396007949090365e+00,4.046446255503423295e+00
2.434528768062591553e-01,-1.133941292762756348e+00,3.872401475906372070e+00,4.035011291503906250e+00,-1.153689598185461573e+00,3.876518698356149262e+00,4.044551508840775078e+00
2.437447905540466309e-01,-1.226646423339843750e+00,3.840808868408203125e+00,4.031931877136230469e+00,-1.247542914805526815e+00,3.845309676116794861e+00,4.042619179383450501e+00
2.440367043018341064e-01,-1.318517208099365234e+00,3.806917190551757812e+00,4.028784751892089844e+00,-1.340547884179783322e+00,3.811793971238556900e+00,4.040648699027112656e+00
2.443286031484603882e-01,-1.409486174583435059e+00,3.770735979080200195e+00,4.025556087493896484e+00,-1.432632061440064053e+00,3.776000219866205931e+00,4.038639905202696667e+00
2.446205168962478638e-01,-1.499507904052734375e+00,3.732304096221923828e+00,4.022265434265136719e+00,-1.523767149108888885e+00,3.737941360594028151e+00,4.036591624123373023e+00
2.449124306440353394e-01,-1.588531255722045898e+00,3.691645145416259766e+00,4.018914699554443359e+00,-1.613882531888803262e+00,3.697649024982689880e+00,4.034504323791368918e+00
2.452043443918228149e-01,-1.676488995552062988e+00,3.648771762847900391e+00,4.015489101409912109e+00,-1.702921967150191840e+00,3.655149167530030940e+00,4.032376304748622964e+00
2.454962432384490967e-01,-1.763329982757568359e+00,3.603731155395507812e+00,4.012008190155029297e+00,-1.790817197430183860e+00,3.610478232667281517e+00,4.030208344884412597e+00
2.457881569862365723e-01,-1.849009752273559570e+00,3.556549072265625000e+00,4.008475780487060547e+00,-1.877541165231493059e+00,3.563652175375866982e+00,4.027999212288897901e+00
2.460800707340240479e-01,-1.933462381362915039e+00,3.507244348526000977e+00,4.004877090454101562e+00,-1.963026426840448924e+00,3.514709488601538201e+00,4.025749065918001968e+00
2.463719695806503296e-01,-2.016639471054077148e+00,3.455866336822509766e+00,4.001230716705322266e+00,-2.047220587477399434e+00,3.463682292820477127e+00,4.023457115390870698e+00
2.466638833284378052e-01,-2.098499298095703125e+00,3.402444601058959961e+00,3.997540473937988281e+00,-2.130057963408554134e+00,3.410612385613436270e+00,4.021122203114445348e+00
2.469557970762252808e-01,-2.178978204727172852e+00,3.347003698348999023e+00,3.993792772293090820e+00,-2.211514283982837004e+00,3.355519896050884299e+00,4.018744729521079861e+00
2.472477108240127563e-01,-2.258034706115722656e+00,3.289592266082763672e+00,3.990005016326904297e+00,-2.291526144102869367e+00,3.298448668836794884e+00,4.016323653549124906e+00
2.475396096706390381e-01,-2.335617303848266602e+00,3.230253458023071289e+00,3.986181497573852539e+00,-2.370032637902414585e+00,3.239446504960550755e+00,4.013859534565678011e+00
2.478315234184265137e-01,-2.411674022674560547e+00,3.169009923934936523e+00,3.982310533523559570e+00,-2.447009412586517385e+00,3.178534212224343403e+00,4.011350745517978211e+00
2.481234371662139893e-01,-2.486167192459106445e+00,3.105911970138549805e+00,3.978406429290771484e+00,-2.522397728339246470e+00,3.115760627695711715e+00,4.008797149897930012e+00
2.484153509140014648e-01,-2.559052228927612305e+00,3.041003227233886719e+00,3.974474668502807617e+00,-2.596150533955735806e+00,3.051167876682003843e+00,4.006198073816972460e+00
2.487072497606277466e-01,-2.630270719528198242e+00,2.974320650100708008e+00,3.970504760742187500e+00,-2.668212476134148137e+00,2.984808873541179075e+00,4.003553650117365414e+00
2.489991635084152222e-01,-2.699793100357055664e+00,2.905909538269042969e+00,3.966509103775024414e+00,-2.738561765751592159e+00,2.916707117003724203e+00,4.000862525908213563e+00
2.492910772562026978e-01,-2.767577171325683594e+00,2.835820436477661133e+00,3.962494373321533203e+00,-2.807144959997070810e+00,2.846918286474596549e+00,3.998125380262655959e+00
2.495829910039901733e-01,-2.833570957183837891e+00,2.764090538024902344e+00,3.958449125289916992e+00,-2.873920231903924538e+00,2.775488024779483531e+00,3.995341196323666910e+00
2.498748898506164551e-01,-2.897738695144653320e+00,2.690777063369750977e+00,3.954386472702026367e+00,-2.938836323849092658e+00,2.702474612808153154e+00,3.992508981987069827e+00
2.501668035984039307e-01,-2.960048437118530273e+00,2.615927457809448242e+00,3.950311899185180664e+00,-3.001875275368806051e+00,2.627903995524674574e+00,3.989628375997580800e+00
2.504587173461914062e-01,-3.020456314086914062e+00,2.539579391479492188e+00,3.946215867996215820e+00,-3.062989391759121993e+00,2.551837025056726826e+00,3.986699915529043459e+00
2.507506310939788818e-01,-3.078928470611572266e+00,2.461791276931762695e+00,3.942108154296875000e+00,-3.122131619990941687e+00,2.474334955964164529e+00,3.983721793355234464e+00
2.510425448417663574e-01,-3.135433673858642578e+00,2.382617473602294922e+00,3.937995672225952148e+00,-3.179295309648860979e+00,2.395413891423828101e+00,3.980694207946836816e+00
2.513344585895538330e-01,-3.189930200576782227e+00,2.302103042602539062e+00,3.933870077133178711e+00,-3.234409659012824623e+00,2.315173426879744145e+00,3.977616602796900658e+00
2.516263425350189209e-01,-3.242383956909179688e+00,2.220312833786010742e+00,3.929738521575927734e+00,-3.287461506064601746e+00,2.233643006796921515e+00,3.974489179211504020e+00
2.519182562828063965e-01,-3.292780876159667969e+00,2.137287139892578125e+00,3.925608396530151367e+00,-3.338426647856735041e+00,2.150863002358907483e+00,3.971310128664888417e+00
2.522101700305938721e-01,-3.341076374053955078e+00,2.053082942962646484e+00,3.921471834182739258e+00,-3.387266881500235804e+00,2.066900749977386820e+00,3.968079590528069911e+00
2.525020837783813477e-01,-3.387245893478393555e+00,1.967757940292358398e+00,3.917334079742431641e+00,-3.433954069719525659e+00,1.981811012030469499e+00,3.964797023852359548e+00
2.527939975261688232e-01,-3.431268930435180664e+00,1.881371021270751953e+00,3.913203716278076172e+00,-3.478461448350008478e+00,1.895650131612188316e+00,3.961462289248573132e+00
2.530859112739562988e-01,-3.473111867904663086e+00,1.793974518775939941e+00,3.909072875976562500e+00,-3.520756124653959152e+00,1.808487880606527209e+00,3.958074292328158883e+00
2.533778250217437744e-01,-3.512752056121826172e+00,1.705626845359802246e+00,3.904944419860839844e+00,-3.560829094008368667e+00,1.720355163628267459e+00,3.954633450240224501e+00
2.536697387695312500e-01,-3.550175666809082031e+00,1.616388678550720215e+00,3.900828361511230469e+00,-3.598649767200178040e+00,1.631322481438804761e+00,3.951138213909703101e+00
2.539616227149963379e-01,-3.585349082946777344e+00,1.526324510574340820e+00,3.896715879440307617e+00,-3.634192135745196950e+00,1.541462898545018723e+00,3.947589181652904955e+00
2.542535364627838135e-01,-3.618261337280273438e+00,1.435475230216979980e+00,3.892609119415283203e+00,-3.667447970863150886e+00,1.450807132543238565e+00,3.943984781262038997e+00
2.545454502105712891e-01,-3.648898839950561523e+00,1.343911886215209961e+00,3.888516902923583984e+00,-3.698394280842438597e+00,1.359428401174815004e+00,3.940325600060072375e+00
2.548373639583587646e-01,-3.677237987518310547e+00,1.251692295074462891e+00,3.884432315826416016e+00,-3.727014110156549265e+00,1.267386886393617740e+00,3.936610686505401357e+00
2.551292777061462402e-01,-3.703262805938720703e+00,1.158876061439514160e+00,3.880354404449462891e+00,-3.753292331522884773e+00,1.174742491202796169e+00,3.932839082203319236e+00
2.554211914539337158e-01,-3.726969718933105469e+00,1.065526485443115234e+00,3.876293659210205078e+00,-3.777212476986314016e+00,1.081570357179311159e+00,3.929011139438277400e+00
2.557131052017211914e-01,-3.748340368270874023e+00,9.717025160789489746e-01,3.872242450714111328e+00,-3.798771160917824297e+00,9.879027684628184369e-01,3.925126012366667361e+00
2.560050189495086670e-01,-3.767360925674438477e+00,8.774650692939758301e-01,3.868197917938232422e+00,-3.817954004127974699e+00,8.938150779738950336e-01,3.921183261625285521e+00
2.562969028949737549e-01,-3.784032583236694336e+00,7.828869223594665527e-01,3.864170312881469727e+00,-3.834749837331346001e+00,7.993833109627894729e-01,3.917182660121763860e+00
2.565888166427612305e-01,-3.798344612121582031e+00,6.880189180374145508e-01,3.860154151916503906e+00,-3.849157366008049141e+00,7.046399298603019945e-01,3.913122775871919146e+00
2.568807303905487061e-01,-3.810287475585937500e+00,5.929129123687744141e-01,3.856142997741699219e+00,-3.861169325491938142e+00,6.096611231913237061e-01,3.909004380305907578e+00
2.571726441383361816e-01,-3.819867849349975586e+00,4.976412355899810791e-01,3.852146863937377930e+00,-3.870779864068240705e+00,5.145236249980108534e-01,3.904826669233506742e+00
2.574645578861236572e-01,-3.827078819274902344e+00,4.022652208805084229e-01,3.848161697387695312e+00,-3.877991128544262978e+00,4.192598530181955718e-01,3.900588932125614861e+00
2.577564716339111328e-01,-3.831912517547607422e+00,3.068469166755676270e-01,3.844178438186645508e+00,-3.882800677490741315e+00,3.239463060248614079e-01,3.896290840056695792e+00
2.580483853816986084e-01,-3.834383249282836914e+00,2.114481776952743530e-01,3.840209007263183594e+00,-3.885209486526735478e+00,2.286449729107021267e-01,3.891931561298923370e+00
2.583402693271636963e-01,-3.834489107131958008e+00,1.161403730511665344e-01,3.836247682571411133e+00,-3.885221097393944500e+00,1.334324195107158273e-01,3.887511695958159930e+00
2.586321830749511719e-01,-3.832226276397705078e+00,2.096637897193431854e-02,3.832283496856689453e+00,-3.882840322705632286e+00,3.834068367330426691e-02,3.883029613543182545e+00
2.589240968227386475e-01,-3.827614068984985352e+00,-7.400346547365188599e-02,3.828329563140869141e+00,-3.878073625905425370e+00,-5.655390458059043890e-02,3.878485966465079482e+00
2.592160105705261230e-01,-3.820656299591064453e+00,-1.687078624963760376e-01,3.824379205703735352e+00,-3.870927823414188396e+00,-1.511900091837342364e-01,3.873879274443007947e+00
2.595079243183135986e-01,-3.811352729797363281e+00,-2.630841434001922607e-01,3.820421934127807617e+00,-3.861413383648232500e+00,-2.454918064611040229e-01,3.869209162924283074e+00
2.597998380661010742e-01,-3.799727201461791992e+00,-3.570736050605773926e-01,3.816468238830566406e+00,-3.849539936271495932e+00,-3.394280339865693996e-01,3.864475269840025984e+00
2.600917518138885498e-01,-3.785790681838989258e+00,-4.506157636642456055e-01,3.812514543533325195e+00,-3.835321761930272633e+00,-4.329234806062995378e-01,3.859678193528082613e+00
2.603836655616760254e-01,-3.769544124603271484e+00,-5.436477661132812500e-01,3.808545351028442383e+00,-3.818772406759666449e+00,-5.259181687522206383e-01,3.854816806912191751e+00
2.606755495071411133e-01,-3.751020669937133789e+00,-6.361038684844970703e-01,3.804574251174926758e+00,-3.799910569931405746e+00,-6.183379197641298841e-01,3.849891183201760381e+00
2.609674632549285889e-01,-3.730231761932373047e+00,-7.279438376426696777e-01,3.800596237182617188e+00,-3.778748216671517390e+00,-7.101526300265094127e-01,3.844899848231646988e+00
2.612593770027160645e-01,-3.707184076309204102e+00,-8.190953135490417480e-01,3.796594619750976562e+00,-3.755309459418377571e+00,-8.012745311148318228e-01,3.839842446013956412e+00
2.615512907505035400e-01,-3.681913614273071289e+00,-9.095048904418945312e-01,3.792583465576171875e+00,-3.729606579020093182e+00,-8.916886772409233775e-01,3.834719537513744836e+00
2.618432044982910156e-01,-3.654440879821777344e+00,-9.991151094436645508e-01,3.788557529449462891e+00,-3.701673996429269753e+00,-9.812803693647345060e-01,3.829530198228136229e+00
2.621351182460784912e-01,-3.624774456024169922e+00,-1.087863445281982422e+00,3.784499168395996094e+00,-3.671524958483966206e+00,-1.070035445157127452e+00,3.824273966998612106e+00
2.624270319938659668e-01,-3.592954397201538086e+00,-1.175699710845947266e+00,3.780422210693359375e+00,-3.639187155593766043e+00,-1.157883157397004759e+00,3.818949667071078302e+00
2.627189457416534424e-01,-3.559007406234741211e+00,-1.262568593025207520e+00,3.776322841644287109e+00,-3.604688573504491345e+00,-1.244768499596209832e+00,3.813558486445545626e+00
2.630108296871185303e-01,-3.522948503494262695e+00,-1.348399639129638672e+00,3.772180795669555664e+00,-3.568062253183616139e+00,-1.330622871248684058e+00,3.808099981366539488e+00
2.633027434349060059e-01,-3.484819173812866211e+00,-1.433154702186584473e+00,3.768009662628173828e+00,-3.529326245988222865e+00,-1.415419280189792239e+00,3.802572220136563264e+00
2.635946571826934814e-01,-3.444645643234252930e+00,-1.516790151596069336e+00,3.763805866241455078e+00,-3.488522693487771775e+00,-1.499077853657504233e+00,3.796975769517836774e+00
2.638865709304809570e-01,-3.402449369430541992e+00,-1.599236369132995605e+00,3.759550571441650391e+00,-3.445672168897060406e+00,-1.581572821480782709e+00,3.791309705782218931e+00
2.641784846782684326e-01,-3.358276605606079102e+00,-1.680449843406677246e+00,3.755254030227661133e+00,-3.400814404048265516e+00,-1.662839703063867525e+00,3.785574525599475049e+00
2.644703984260559082e-01,-3.312162399291992188e+00,-1.760381340980529785e+00,3.750914812088012695e+00,-3.353983954990833016e+00,-1.742827924313042676e+00,3.779769509388271498e+00
2.647623121738433838e-01,-3.264130353927612305e+00,-1.838972568511962891e+00,3.746513843536376953e+00,-3.305216789059687077e+00,-1.821487835929273880e+00,3.773894004754284826e+00
2.650542259216308594e-01,-3.214228391647338867e+00,-1.916182518005371094e+00,3.742060899734497070e+00,-3.254557646414074412e+00,-1.898758597369889056e+00,3.767947675448584555e+00
2.653461098670959473e-01,-3.162501096725463867e+00,-1.991957783699035645e+00,3.737553834915161133e+00,-3.202031769440573772e+00,-1.974618346765240062e+00,3.761931029124354620e+00
2.656380236148834229e-01,-3.108966827392578125e+00,-2.066258430480957031e+00,3.732974529266357422e+00,-3.147685152604963399e+00,-2.049007204387703229e+00,3.755842427946418205e+00
2.659299373626708984e-01,-3.053680181503295898e+00,-2.139038801193237305e+00,3.728330850601196289e+00,-3.091567426826157039e+00,-2.121868951912700307e+00,3.749682253698786383e+00
2.662218511104583740e-01,-2.996684789657592773e+00,-2.210257291793823242e+00,3.723621368408203125e+00,-3.033704932491910977e+00,-2.193183143870519380e+00,3.743450002335215743e+00
2.665137648582458496e-01,-2.938014030456542969e+00,-2.279861450195312500e+00,3.718829870223999023e+00,-2.974148903354259410e+00,-2.262894592912180425e+00,3.737145118664048749e+00
2.668056786060333252e-01,-2.877719163894653320e+00,-2.347816467285156250e+00,3.713961601257324219e+00,-2.912944120270170689e+00,-2.330961770841525116e+00,3.730767511510361345e+00
2.670975923538208008e-01,-2.815847396850585938e+00,-2.414084672927856445e+00,3.709016323089599609e+00,-2.850136327776287892e+00,-2.397344551763167964e+00,3.724317116838823605e+00
2.673895061016082764e-01,-2.752436637878417969e+00,-2.478618144989013672e+00,3.703978300094604492e+00,-2.785781415701896524e+00,-2.461992953149803487e+00,3.717793350554781995e+00
2.676813900470733643e-01,-2.687546014785766602e+00,-2.541378021240234375e+00,3.698851823806762695e+00,-2.719918456930388917e+00,-2.524880318694483261e+00,3.711196173214418081e+00
2.679733037948608398e-01,-2.621213197708129883e+00,-2.602344989776611328e+00,3.693637609481811523e+00,-2.652585612782682123e+00,-2.585979906298928821e+00,3.704524599584067435e+00
2.682652175426483154e-01,-2.553486347198486328e+00,-2.661467790603637695e+00,3.688319921493530273e+00,-2.583842389123045091e+00,-2.645246314394460452e+00,3.697779003083684124e+00
2.685571312904357910e-01,-2.484419584274291992e+00,-2.718717336654663086e+00,3.682901859283447266e+00,-2.513738625342377464e+00,-2.702645059623275170e+00,3.690958167582542693e+00
2.688490450382232666e-01,-2.414066314697265625e+00,-2.774066448211669922e+00,3.677385330200195312e+00,-2.442326460871313110e+00,-2.758144567567747618e+00,3.684062974092010556e+00
2.691409587860107422e-01,-2.342472076416015625e+00,-2.827474594116210938e+00,3.671755313873291016e+00,-2.369668522911752007e+00,-2.811704738958761940e+00,3.677092934311278150e+00
2.694328725337982178e-01,-2.269691705703735352e+00,-2.878916501998901367e+00,3.666014194488525391e+00,-2.295795859940406913e+00,-2.863313293545263427e+00,3.670046545687470463e+00
2.697247564792633057e-01,-2.195788860321044922e+00,-2.928364515304565430e+00,3.660164833068847656e+00,-2.220773725248680108e+00,-2.912934835498543595e+00,3.662925783388987000e+00
2.700166702270507812e-01,-2.120803833007812500e+00,-2.975789546966552734e+00,3.654193878173828125e+00,-2.144666853086329983e+00,-2.960532766622157919e+00,3.655728405252593571e+00
2.703085839748382568e-01,-2.044788599014282227e+00,-3.021171092987060547e+00,3.648100376129150391e+00,-2.067508152233341168e+00,-3.006099317806179005e+00,3.648454887766340526e+00
2.706004977226257324e-01,-1.967804551124572754e+00,-3.064489603042602539e+00,3.641888380050659180e+00,-1.989364257172052675e+00,-3.049602647458379945e+00,3.641105114535815090e+00
2.708924114704132080e-01,-1.889904618263244629e+00,-3.105713844299316406e+00,3.635546207427978516e+00,-1.910290983549286281e+00,-3.091019745922693129e+00,3.633677849165179996e+00
2.711843252182006836e-01,-1.811145424842834473e+00,-3.144824743270874023e+00,3.629072666168212891e+00,-1.830346161311735553e+00,-3.130331628149554124e+00,3.626174729990550905e+00
2.714762389659881592e-01,-1.731586217880249023e+00,-3.181810379028320312e+00,3.622472763061523438e+00,-1.749597477568031190e+00,-3.167511547363496494e+00,3.618593751195830155e+00
2.717681527137756348e-01,-1.651281118392944336e+00,-3.216646194458007812e+00,3.615735292434692383e+00,-1.668079695059546230e+00,-3.202556249062070926e+00,3.610935667867328558e+00
2.720600366592407227e-01,-1.570295572280883789e+00,-3.249312639236450195e+00,3.608858585357666016e+00,-1.585875089562559959e+00,-3.235438044987740014e+00,3.603201235380720124e+00
2.723519504070281982e-01,-1.488673448562622070e+00,-3.279810428619384766e+00,3.601847410202026367e+00,-1.503016621059726665e+00,-3.266152950565943680e+00,3.595387887234479773e+00
2.726438641548156738e-01,-1.406478285789489746e+00,-3.308116674423217773e+00,3.594692945480346680e+00,-1.419575379516462954e+00,-3.294683444575374320e+00,3.587496795550954243e+00
2.729357779026031494e-01,-1.323768258094787598e+00,-3.334218502044677734e+00,3.587391376495361328e+00,-1.335610710313102967e+00,-3.321018326863578007e+00,3.579527719807018116e+00
2.732276916503906250e-01,-1.240603804588317871e+00,-3.358115434646606445e+00,3.579949140548706055e+00,-1.251194042887034952e+00,-3.345143640336106117e+00,3.571480436378883461e+00
2.735196053981781006e-01,-1.157041788101196289e+00,-3.379793882369995117e+00,3.572359323501586914e+00,-1.166346441210779350e+00,-3.367065708024246096e+00,3.563354529523811820e+00
2.738115191459655762e-01,-1.073140501976013184e+00,-3.399243831634521484e+00,3.564616441726684570e+00,-1.081178780302485931e+00,-3.386760490244340005e+00,3.555150372805130132e+00
2.741034328937530518e-01,-9.889602065086364746e-01,-3.416471481323242188e+00,3.556728839874267578e+00,-9.957118434890168679e-01,-3.404236534287619520e+00,3.546867414584717881e+00
2.743953168392181396e-01,-9.045673012733459473e-01,-3.431466579437255859e+00,3.548690557479858398e+00,-9.100310079610766101e-01,-3.419484029344526999e+00,3.538506388632488786e+00
2.746872305870056152e-01,-8.200029134750366211e-01,-3.444225788116455078e+00,3.540493726730346680e+00,-8.241695291300705772e-01,-3.432507563719532584e+00,3.530065663374873264e+00
2.749791443347930908e-01,-7.353351116180419922e-01,-3.454759120941162109e+00,3.532149076461791992e+00,-7.382000954973766405e-01,-3.443304343971655967e+00,3.521545709799378976e+00
2.752710580825805664e-01,-6.506220102310180664e-01,-3.463063716888427734e+00,3.523651361465454102e+00,-6.521817033926433638e-01,-3.451876754714731099e+00,3.512946641208777532e+00
2.755629718303680420e-01,-5.659221410751342773e-01,-3.469136238098144531e+00,3.514992713928222656e+00,-5.661869784101423164e-01,-3.458226034271712823e+00,3.504268111694061272e+00
2.758548855781555176e-01,-4.812933802604675293e-01,-3.472993612289428711e+00,3.506184101104736328e+00,-4.802483955777760438e-01,-3.462362364264917947e+00,3.495510214966218498e+00
2.761467993259429932e-01,-3.967936933040618896e-01,-3.474639892578125000e+00,3.497222900390625000e+00,-3.944379419007193466e-01,-3.464290975386662641e+00,3.486673665853509796e+00
2.764387130737304688e-01,-3.124815225601196289e-01,-3.474073886871337891e+00,3.488098859786987305e+00,-3.088138814882150363e-01,-3.464019144686687479e+00,3.477757128977770673e+00
2.767305970191955566e-01,-2.284215688705444336e-01,-3.471318960189819336e+00,3.478826045989990234e+00,-2.234476263957273223e-01,-3.461557601178664623e+00,3.468762007982051365e+00
2.770225107669830322e-01,-1.446621567010879517e-01,-3.466384172439575195e+00,3.469401597976684570e+00,-1.383703316275811945e-01,-3.456918437715507331e+00,3.459686609173170613e+00
2.773144245147705078e-01,-6.125306338071823120e-02,-3.459271430969238281e+00,3.459813594818115234e+00,-5.365255559519720163e-02,-3.450113906718288881e+00,3.450531055656915758e+00
2.776063382625579834e-01,2.174336090683937073e-02,-3.450008869171142578e+00,3.450077056884765625e+00,3.064889530503052059e-02,-3.441159447482911915e+00,3.441295932898581711e+00
2.778982520103454590e-01,1.042715460062026978e-01,-3.438611268997192383e+00,3.440191984176635742e+00,1.144646382182400307e-01,-3.430072232654785225e+00,3.431981595905173155e+00
2.781901657581329346e-01,1.862735599279403687e-01,-3.425084829330444336e+00,3.430146217346191406e+00,1.977651553206450641e-01,-3.416868718706994379e+00,3.422587164344740973e+00
2.784820795059204102e-01,2.676984369754791260e-01,-3.409462213516235352e+00,3.419955253601074219e+00,2.804821562044058081e-01,-3.401569073490148476e+00,3.413113300444873488e+00
2.787739634513854980e-01,3.484843373298645020e-01,-3.391765356063842773e+00,3.409620523452758789e+00,3.625483654000253853e-01,-3.384196000755310241e+00,3.403560472326364827e+00
2.790658771991729736e-01,4.285903275012969971e-01,-3.371999263763427734e+00,3.399127721786499023e+00,4.439356167786468466e-01,-3.364768250351012124e+00,3.393927549376215769e+00
2.793577909469604492e-01,5.079604983329772949e-01,-3.350204706192016602e+00,3.388494491577148438e+00,5.245780147695151552e-01,-3.343311267996730063e+00,3.384215171689505475e+00
2.796497046947479248e-01,5.865435600280761719e-01,-3.326405525207519531e+00,3.377722024917602539e+00,6.044103956142260481e-01,-3.319851645638918658e+00,3.374422450639217530e+00
2.799416184425354004e-01,6.642827987670898438e-01,-3.300614595413208008e+00,3.366797924041748047e+00,6.834068183493708926e-01,-3.294412734624191152e+00,3.364550511646459352e+00
2.802335321903228760e-01,7.411343455314636230e-01,-3.272874116897583008e+00,3.355739116668701172e+00,7.615037206574735151e-01,-3.267024719514694642e+00,3.354599593766034449e+00
2.805254459381103516e-01,8.170495033264160156e-01,-3.243213176727294922e+00,3.344548225402832031e+00,8.386514208580114760e-01,-3.237716571696716450e+00,3.344569449771779279e+00
2.808173596858978271e-01,8.919730782508850098e-01,-3.211649179458618164e+00,3.333212375640869141e+00,9.148009874543908682e-01,-3.206518824992934835e+00,3.334460049495509892e+00
2.811092436313629150e-01,9.658572077751159668e-01,-3.178230524063110352e+00,3.321750879287719727e+00,9.898923310523214392e-01,-3.173467877098560930e+00,3.324272129963587563e+00
2.814011573791503906e-01,1.038671374320983887e+00,-3.142983675003051758e+00,3.310163736343383789e+00,1.063902739425534705e+00,-3.138588161370362339e+00,3.314004327946984851e+00
2.816930711269378662e-01,1.110355138778686523e+00,-3.105934381484985352e+00,3.298441648483276367e+00,1.136774170057236466e+00,-3.101918947961096684e+00,3.303658074533349254e+00
2.819849848747253418e-01,1.180871367454528809e+00,-3.067129373550415039e+00,3.286600112915039062e+00,1.208450126086242804e+00,-3.063499860773196470e+00,3.293232925894439500e+00
2.822768986225128174e-01,1.250177860260009766e+00,-3.026606082916259766e+00,3.274643182754516602e+00,1.278910163357629637e+00,-3.023359028685668637e+00,3.282729203311565591e+00
2.825688123703002930e-01,1.318224906921386719e+00,-2.984391689300537109e+00,3.262561798095703125e+00,1.348100135322021220e+00,-2.981538997241983235e+00,3.272147424388146764e+00
2.828607261180877686e-01,1.384978175163269043e+00,-2.940534830093383789e+00,3.250370740890502930e+00,1.415978112856358662e+00,-2.938078111948702720e+00,3.261486932060330357e+00
2.831526398658752441e-01,1.450399994850158691e+00,-2.895076513290405273e+00,3.238074779510498047e+00,1.482504149799501070e+00,-2.893017603341415001e+00,3.250749053282342871e+00
2.834445238113403320e-01,1.514436841011047363e+00,-2.848053693771362305e+00,3.225666999816894531e+00,1.547628755597522554e+00,-2.846404894021813625e+00,3.239934503329298554e+00
2.837364375591278076e-01,1.577064990997314453e+00,-2.799511194229125977e+00,3.213160037994384766e+00,1.611324053912278398e+00,-2.798274389530354789e+00,3.229040843008613493e+00
2.840283513069152832e-01,1.638256669044494629e+00,-2.749488353729248047e+00,3.200557947158813477e+00,1.673575091721858366e+00,-2.748657875503347281e+00,3.218069872485431748e+00
2.843202650547027588e-01,1.697962403297424316e+00,-2.698026657104492188e+00,3.187855720520019531e+00,1.734304521384265163e+00,-2.697624780360531105e+00,3.207022236983882557e+00
2.846121788024902344e-01,1.756154894828796387e+00,-2.645175933837890625e+00,3.175064802169799805e+00,1.793509396211094620e+00,-2.645200518691849911e+00,3.195897642038167064e+00
2.849040925502777100e-01,1.812804818153381348e+00,-2.590984821319580078e+00,3.162192821502685547e+00,1.851146907091756999e+00,-2.591437336886686538e+00,3.184696585649211098e+00
2.851960062980651855e-01,1.867873311042785645e+00,-2.535492420196533203e+00,3.149233579635620117e+00,1.907175878036689198e+00,-2.536388811441071756e+00,3.173418981566800134e+00
2.854879200458526611e-01,1.921336054801940918e+00,-2.478750705718994141e+00,3.136197805404663086e+00,1.961595625784195107e+00,-2.480080267650067949e+00,3.162065074137931475e+00
2.857798039913177490e-01,1.973163485527038574e+00,-2.420815467834472656e+00,3.123094797134399414e+00,2.014340035411428698e+00,-2.422591064781803194e+00,3.150636958683425526e+00
2.860717177391052246e-01,2.023331880569458008e+00,-2.361718654632568359e+00,3.109917640686035156e+00,2.065400651926928344e+00,-2.363953492340482132e+00,3.139132996056226865e+00
2.863636314868927002e-01,2.071814537048339844e+00,-2.301518201828002930e+00,3.096675872802734375e+00,2.114769192569115219e+00,-2.304201039412502983e+00,3.127553543565495087e+00
2.866555452346801758e-01,2.118592023849487305e+00,-2.240265846252441406e+00,3.083378553390502930e+00,2.162386344813247874e+00,-2.243415723701474018e+00,3.115899358706216038e+00
2.869474589824676514e-01,2.163635015487670898e+00,-2.178008556365966797e+00,3.070022583007812500e+00,2.208255837511960529e+00,-2.181623981591694683e+00,3.104170910398080352e+00
2.872393727302551270e-01,2.206925392150878906e+00,-2.114798307418823242e+00,3.056614637374877930e+00,2.252347840837719772e+00,-2.118884852202635560e+00,3.092368641190781808e+00
2.875312864780426025e-01,2.248449087142944336e+00,-2.050689220428466797e+00,3.043164253234863281e+00,2.294634774511977948e+00,-2.055258849429202783e+00,3.080493091463879285e+00
2.878232002258300781e-01,2.288181304931640625e+00,-1.985729932785034180e+00,3.029669523239135742e+00,2.335121589929717967e+00,-1.990771130763397290e+00,3.068544041534497779e+00
2.881150841712951660e-01,2.326103687286376953e+00,-1.919980168342590332e+00,3.016136884689331055e+00,2.373762264035527814e+00,-1.925510476217581646e+00,3.056523822937216028e+00
2.884069979190826416e-01,2.362214565277099609e+00,-1.853481292724609375e+00,3.002573966979980469e+00,2.410554896664698799e+00,-1.859509818600455278e+00,3.044429614115861771e+00
2.886989116668701172e-01,2.396491289138793945e+00,-1.786290287971496582e+00,2.988980293273925781e+00,2.445494423989027943e+00,-1.792814240851856589e+00,3.032264150756435850e+00
2.889908254146575928e-01,2.428921461105346680e+00,-1.718460679054260254e+00,2.975359916687011719e+00,2.478560636799151506e+00,-1.725485464957924320e+00,3.020026973401277459e+00
2.892827391624450684e-01,2.459501981735229492e+00,-1.650047540664672852e+00,2.961723566055297852e+00,2.509737178823574943e+00,-1.657586204855879375e+00,3.007718858752897795e+00
2.895746529102325439e-01,2.488218069076538086e+00,-1.581102490425109863e+00,2.948069572448730469e+00,2.539033953741025584e+00,-1.589141418004860862e+00,2.995340358735261166e+00
2.898665666580200195e-01,2.515061616897583008e+00,-1.511679172515869141e+00,2.934401035308837891e+00,2.566419119955501316e+00,-1.520243458623044219e+00,2.982892433990760317e+00
2.901584506034851074e-01,2.540032386779785156e+00,-1.441839933395385742e+00,2.920730352401733398e+00,2.591899786331985922e+00,-1.450926890604124164e+00,2.970375960087535017e+00
2.904503643512725830e-01,2.563125371932983398e+00,-1.371622920036315918e+00,2.907053709030151367e+00,2.615480869980158829e+00,-1.381224143696927253e+00,2.957789768790790585e+00
2.907422780990600586e-01,2.584331512451171875e+00,-1.301095604896545410e+00,2.893375158309936523e+00,2.637137733770229975e+00,-1.311228913756126380e+00,2.945134409690813193e+00
2.910341918468475342e-01,2.603661537170410156e+00,-1.230298399925231934e+00,2.879702568054199219e+00,2.656886616214245933e+00,-1.240965507600743312e+00,2.932412297490439634e+00
2.913261055946350098e-01,2.621109724044799805e+00,-1.159291028976440430e+00,2.866037607192993164e+00,2.674721038336279832e+00,-1.170496470193809424e+00,2.919622341957068379e+00
2.916180193424224854e-01,2.636674165725708008e+00,-1.088126659393310547e+00,2.852379798889160156e+00,2.690639093491525191e+00,-1.099885385642484170e+00,2.906765658420852549e+00
2.919099330902099609e-01,2.650367021560668945e+00,-1.016858816146850586e+00,2.838740587234497070e+00,2.704656842176017317e+00,-1.029154658733697936e+00,2.893843110039453936e+00
2.922018468379974365e-01,2.662189245223999023e+00,-9.455398321151733398e-01,2.825119018554687500e+00,2.716762528539480304e+00,-9.583978169699212124e-01,2.880854909926728435e+00
2.924937307834625244e-01,2.672141075134277344e+00,-8.742297291755676270e-01,2.811514854431152344e+00,2.726972435336086686e+00,-8.876473440037363494e-01,2.867803422551782333e+00
2.927856445312500000e-01,2.680242300033569336e+00,-8.029657602310180664e-01,2.797937154769897461e+00,2.735294445226479354e+00,-8.169438958196874045e-01,2.854686152802770494e+00
2.930775582790374756e-01,2.686497688293457031e+00,-7.318068742752075195e-01,2.784386873245239258e+00,2.741736034809752809e+00,-7.463497597433351727e-01,2.841505665741886233e+00
2.933694720268249512e-01,2.690911293029785156e+00,-6.608050465583801270e-01,2.770860433578491211e+00,2.746307487381360435e+00,-6.759164363732291791e-01,2.828262336525098064e+00
2.936613857746124268e-01,2.693506002426147461e+00,-5.900101065635681152e-01,2.757369279861450195e+00,2.749020830598368104e+00,-6.056941818285838108e-01,2.814956654899812172e+00
2.939532995223999023e-01,2.694292306900024414e+00,-5.194724798202514648e-01,2.743913650512695312e+00,2.749887372273865260e+00,-5.357439756885609139e-01,2.801589221794988482e+00
2.942452132701873779e-01,2.693277597427368164e+00,-4.492433667182922363e-01,2.730487823486328125e+00,2.748927152041277022e+00,-4.660944301939543566e-01,2.788161491931123948e+00
2.945371270179748535e-01,2.690489292144775391e+00,-3.793700337409973145e-01,2.717104196548461914e+00,2.746153069704974747e+00,-3.968050001657354442e-01,2.774673114153554554e+00
2.948290109634399414e-01,2.685942649841308594e+00,-3.099081218242645264e-01,2.703762531280517578e+00,2.741583749994800812e+00,-3.279346917675813877e-01,2.761127056167508975e+00
2.951209247112274170e-01,2.679647922515869141e+00,-2.408937662839889526e-01,2.690454006195068359e+00,2.735238149106006045e+00,-2.595099538880653589e-01,2.747521273528529928e+00
2.954128384590148926e-01,2.671636581420898438e+00,-1.723783314228057861e-01,2.677191972732543945e+00,2.727135688844825712e+00,-1.915884111834308678e-01,2.733857199026850093e+00
2.957047522068023682e-01,2.661928415298461914e+00,-1.044083088636398315e-01,2.663975238800048828e+00,2.717298070967216095e+00,-1.242266551223310256e-01,2.720136222383915392e+00
2.959966659545898438e-01,2.650537014007568359e+00,-3.703280165791511536e-02,2.650795698165893555e+00,2.705749212896843670e+00,-5.743903836063220247e-02,2.706358816975251713e+00
2.962885797023773193e-01,2.637497186660766602e+00,2.970732934772968292e-02,2.637664556503295898e+00,2.692512242221860141e+00,8.688448976079208436e-03,2.692526260533070204e+00
2.965804934501647949e-01,2.622833490371704102e+00,9.576819837093353271e-02,2.624581336975097656e+00,2.677612303791041093e+00,7.414302596031319137e-02,2.678638616482581281e+00
2.968724071979522705e-01,2.606562137603759766e+00,1.611019372940063477e-01,2.611536026000976562e+00,2.661075966718100538e+00,1.388715179591829274e-01,2.664697093319419174e+00
2.971642911434173584e-01,2.588723421096801758e+00,2.256649434566497803e-01,2.598540544509887695e+00,2.642933110226864724e+00,2.028220207592675850e-01,2.650704094620582207e+00
2.974562048912048340e-01,2.569344282150268555e+00,2.894230484962463379e-01,2.585593938827514648e+00,2.623208314483626236e+00,2.659736057916399221e-01,2.636657698707557618e+00
2.977481186389923096e-01,2.548441171646118164e+00,3.523361384868621826e-01,2.572682142257690430e+00,2.601932588396862478e+00,3.282762333227430274e-01,2.622559528385612460e+00
2.980400323867797852e-01,2.526057720184326172e+00,4.143647849559783936e-01,2.559817314147949219e+00,2.579138717888846521e+00,3.896810250602239512e-01,2.608410977473700765e+00
2.983319461345672607e-01,2.502225637435913086e+00,4.754710495471954346e-01,2.546999454498291016e+00,2.554853690223818585e+00,4.501796503523434745e-01,2.594212615812671263e+00
2.986238598823547363e-01,2.476967811584472656e+00,5.356110930442810059e-01,2.534215688705444336e+00,2.529117782660824876e+00,5.096961731559565001e-01,2.579966462476021238e+00
2.989157736301422119e-01,2.450326919555664062e+00,5.947553515434265137e-01,2.521475076675415039e+00,2.501957581028482647e+00,5.682238393077769789e-01,2.565671465488823078e+00
2.992076873779296875e-01,2.422338008880615234e+00,6.528694629669189453e-01,2.508776664733886719e+00,2.473410709686638231e+00,6.257184486761339093e-01,2.551329872009150179e+00
2.994995713233947754e-01,2.393030643463134766e+00,7.099068164825439453e-01,2.496109485626220703e+00,2.443516776478968477e+00,6.821376920841258906e-01,2.536944238231504389e+00
2.997914850711822510e-01,2.362442731857299805e+00,7.658528089523315430e-01,2.483478784561157227e+00,2.412306475737808320e+00,7.374578887015673656e-01,2.522511976283707824e+00
3.000833988189697266e-01,2.330614805221557617e+00,8.206711411476135254e-01,2.470883846282958984e+00,2.379812039775952126e+00,7.916665431158748101e-01,2.508035338696729344e+00
3.003753125667572021e-01,2.297577142715454102e+00,8.743243217468261719e-01,2.458313226699829102e+00,2.346083776487092987e+00,8.446971282971375006e-01,2.493516056665641134e+00
3.006672263145446777e-01,2.263374567031860352e+00,9.267894029617309570e-01,2.445772409439086914e+00,2.311150636200702380e+00,8.965484134336620947e-01,2.478954683095544009e+00
3.009591400623321533e-01,2.228046655654907227e+00,9.780400395393371582e-01,2.433260202407836914e+00,2.275054738743897520e+00,9.471836506613963147e-01,2.464352030932535520e+00
3.012510538101196289e-01,2.191626787185668945e+00,1.028042316436767578e+00,2.420764207839965820e+00,2.237836050203279470e+00,9.965768081019384939e-01,2.449709272962010687e+00
3.015429377555847168e-01,2.154164075851440430e+00,1.076771736145019531e+00,2.408289909362792969e+00,2.199540431900794069e+00,1.044695224141700907e+00,2.435028998371643549e+00
3.018348515033721924e-01,2.115692615509033203e+00,1.124216318130493164e+00,2.395833253860473633e+00,2.160198190957549169e+00,1.091530990262167711e+00,2.420309097392103315e+00
3.021267652511596680e-01,2.076252460479736328e+00,1.170341014862060547e+00,2.383384704589843750e+00,2.119860866652726106e+00,1.137045985740255505e+00,2.405552674055106976e+00
3.024186789989471436e-01,2.035888671875000000e+00,1.215129137039184570e+00,2.370945215225219727e+00,2.078556600873793236e+00,1.181243298387887553e+00,2.390759978128777608e+00
3.027105927467346191e-01,1.994644880294799805e+00,1.258563637733459473e+00,2.358514547348022461e+00,2.036345803808250032e+00,1.224071290284036051e+00,2.375932397267458640e+00
3.030025064945220947e-01,1.952559113502502441e+00,1.300618290901184082e+00,2.346080780029296875e+00,1.993257817493151229e+00,1.265535546985277815e+00,2.361071144137949940e+00
3.032944202423095703e-01,1.909676790237426758e+00,1.341280102729797363e+00,2.333644628524780273e+00,1.949340018278623354e+00,1.305611096904299551e+00,2.346177069878177868e+00
3.035863339900970459e-01,1.866042494773864746e+00,1.380535721778869629e+00,2.321205139160156250e+00,1.904640812914556669e+00,1.344274930605547702e+00,2.331251105152418734e+00
3.038782179355621338e-01,1.821700572967529297e+00,1.418360352516174316e+00,2.308752775192260742e+00,1.859195745814568257e+00,1.381528916985827582e+00,2.316296822456703985e+00
3.041701316833496094e-01,1.776687383651733398e+00,1.454751014709472656e+00,2.296283721923828125e+00,1.813049950032125324e+00,1.417350140903030908e+00,2.301310831510887667e+00
3.044620454311370850e-01,1.731057047843933105e+00,1.489692330360412598e+00,2.283799648284912109e+00,1.766255220099546941e+00,1.451721831577567068e+00,2.286296957704275545e+00
3.047539591789245605e-01,1.684841513633728027e+00,1.523174285888671875e+00,2.271288394927978516e+00,1.718844365270220553e+00,1.484646934638519378e+00,2.271255703911987833e+00
3.050458729267120361e-01,1.638090252876281738e+00,1.555185794830322266e+00,2.258748054504394531e+00,1.670866867201564077e+00,1.516109934185132069e+00,2.256188250223552405e+00
3.053377866744995117e-01,1.590848445892333984e+00,1.585723161697387695e+00,2.246178150177001953e+00,1.622367345872924194e+00,1.546103344897917120e+00,2.241096017144130315e+00
3.056297004222869873e-01,1.543158173561096191e+00,1.614773988723754883e+00,2.233569383621215820e+00,1.573389895364205593e+00,1.574620670334029970e+00,2.225979788380248348e+00
3.059216141700744629e-01,1.495063662528991699e+00,1.642333984375000000e+00,2.220917701721191406e+00,1.523985111571718232e+00,1.601651738246188561e+00,2.210841222457935906e+00
3.062134981155395508e-01,1.446614742279052734e+00,1.668401241302490234e+00,2.208224773406982422e+00,1.474191779280578762e+00,1.627200107386178374e+00,2.195682488789312270e+00
3.065054118633270264e-01,1.397843956947326660e+00,1.692973017692565918e+00,2.195478439331054688e+00,1.424039703882863384e+00,1.651272174155275163e+00,2.180501976925103058e+00
3.067973256111145020e-01,1.348799705505371094e+00,1.716044902801513672e+00,2.182675123214721680e+00,1.373598996201342848e+00,1.673846752184189546e+00,2.165303016245739176e+00
3.070892393589019775e-01,1.299526095390319824e+00,1.737622499465942383e+00,2.169815540313720703e+00,1.322893818905853447e+00,1.694939492750541676e+00,2.150085565782156483e+00
3.073811531066894531e-01,1.250065326690673828e+00,1.757702112197875977e+00,2.156891345977783203e+00,1.271974100731372070e+00,1.714547232145904099e+00,2.134851358804767951e+00
3.076730668544769287e-01,1.200460076332092285e+00,1.776284813880920410e+00,2.143896579742431641e+00,1.220889737786684748e+00,1.732668382610500490e+00,2.119601725780324131e+00
3.079649806022644043e-01,1.150753140449523926e+00,1.793380498886108398e+00,2.130832195281982422e+00,1.169663929126816715e+00,1.749321260482288087e+00,2.104338038309368830e+00
3.082568943500518799e-01,1.100986123085021973e+00,1.808989644050598145e+00,2.117690801620483398e+00,1.118365407427929670e+00,1.764492885154909763e+00,2.089061111191756304e+00
3.085487782955169678e-01,1.051205873489379883e+00,1.823114752769470215e+00,2.104466915130615234e+00,1.067023834685031369e+00,1.778200873010017613e+00,2.073773904879588681e+00
3.088406920433044434e-01,1.001443386077880859e+00,1.835772752761840820e+00,2.091160058975219727e+00,1.015665827981862890e+00,1.790458468596985542e+00,2.058474824208628817e+00
3.091326057910919189e-01,9.517440795898437500e-01,1.846966505050659180e+00,2.077763795852661133e+00,9.643602463869560548e-01,1.801259844713955394e+00,2.043166100196078805e+00
3.094245195388793945e-01,9.021485447883605957e-01,1.856703042984008789e+00,2.064271688461303711e+00,9.131276429272416895e-01,1.810627319270063706e+00,2.027849447460278398e+00
3.097164332866668701e-01,8.526958823204040527e-01,1.864999651908874512e+00,2.050686120986938477e+00,8.620147397288274727e-01,1.818568243232029147e+00,2.012525743140143319e+00
3.100083470344543457e-01,8.034251332283020020e-01,1.871865391731262207e+00,2.037000656127929688e+00,8.110681777100994250e-01,1.825092424243855316e+00,1.997196521608800790e+00
3.103002607822418213e-01,7.543756365776062012e-01,1.877309083938598633e+00,2.023208379745483398e+00,7.603061884821054051e-01,1.830222956007347967e+00,1.981863155957156897e+00
3.105921745300292969e-01,7.055837512016296387e-01,1.881351828575134277e+00,2.009311676025390625e+00,7.097947437586002994e-01,1.833962212836122596e+00,1.966526373171258779e+00
3.108840584754943848e-01,6.570919156074523926e-01,1.884006500244140625e+00,1.995307087898254395e+00,6.595583393670888528e-01,1.836334311550305465e+00,1.951189613237423348e+00
3.111759722232818604e-01,6.089327931404113770e-01,1.885284423828125000e+00,1.981185555458068848e+00,6.096257503876661987e-01,1.837355338809037120e+00,1.935850768160034985e+00
3.114678859710693359e-01,5.611352324485778809e-01,1.885210394859313965e+00,1.966949701309204102e+00,5.600406998973819217e-01,1.837041651788309471e+00,1.920512331630981784e+00
3.117597997188568115e-01,5.137394070625305176e-01,1.883800387382507324e+00,1.952596306800842285e+00,5.108457513454577326e-01,1.835410553584641224e+00,1.905175918879299601e+00
3.120517134666442871e-01,4.667813777923583984e-01,1.881067514419555664e+00,1.938117504119873047e+00,4.620547591430696488e-01,1.832487876643219993e+00,1.889842961330686189e+00
3.123436272144317627e-01,4.202918708324432373e-01,1.877039670944213867e+00,1.923518300056457520e+00,4.137294845420599887e-01,1.828286587449322820e+00,1.874514319024138231e+00
3.126355409622192383e-01,3.743035495281219482e-01,1.871736526489257812e+00,1.908795714378356934e+00,3.658821935081456589e-01,1.822834204455677343e+00,1.859191844985313757e+00
3.129274249076843262e-01,3.288555145263671875e-01,1.865173697471618652e+00,1.893942594528198242e+00,3.185522626230627985e-01,1.816152316031170555e+00,1.843877647526445118e+00
3.132193386554718018e-01,2.839657068252563477e-01,1.857380390167236328e+00,1.878962159156799316e+00,2.717774522482896415e-01,1.808261072735521058e+00,1.828570778154673393e+00
3.135112524032592773e-01,2.396687716245651245e-01,1.848379850387573242e+00,1.863853335380554199e+00,2.255746591293125158e-01,1.799187261658038439e+00,1.813272932945798166e+00
3.138031661510467529e-01,1.959973275661468506e-01,1.838189005851745605e+00,1.848608613014221191e+00,1.799804399569315538e-01,1.788955828570136575e+00,1.797986628243423368e+00
3.140950798988342285e-01,1.529751121997833252e-01,1.826840519905090332e+00,1.833234190940856934e+00,1.350301385377933316e-01,1.777591213263773895e+00,1.782712444503069760e+00
3.143869936466217041e-01,1.106289997696876526e-01,1.814359784126281738e+00,1.817729592323303223e+00,9.073107695646384641e-02,1.765121293836333871e+00,1.767451642982102555e+00
3.146789073944091797e-01,6.898976862430572510e-02,1.800765037536621094e+00,1.802086114883422852e+00,4.713701782946090602e-02,1.751571988599630814e+00,1.752206132193561361e+00
3.149708211421966553e-01,2.807737328112125397e-02,1.786091327667236328e+00,1.786311864852905273e+00,4.253412528863724333e-03,1.736971285077027360e+00,1.736976492846198594e+00
3.152627050876617432e-01,-1.208039373159408569e-02,1.770367503166198730e+00,1.770408630371093750e+00,-3.788175752516292211e-02,1.721349348675732971e+00,1.721766130384601690e+00
3.155546188354492188e-01,-5.146318674087524414e-02,1.753610968589782715e+00,1.754366040229797363e+00,-7.925795713989215729e-02,1.704731042169719490e+00,1.706572515279396907e+00
3.158465325832366943e-01,-9.005054831504821777e-02,1.735858917236328125e+00,1.738193035125732422e+00,-1.198459224504665466e-01,1.687147870765624669e+00,1.691399119946851437e+00
3.161384463310241699e-01,-1.278218775987625122e-01,1.717140436172485352e+00,1.721891283988952637e+00,-1.596240127756261562e-01,1.668629496214067309e+00,1.676247064453866509e+00
3.164303600788116455e-01,-1.647517085075378418e-01,1.697478532791137695e+00,1.705454945564270020e+00,-1.985653532758374085e-01,1.649206850680461578e+00,1.661117526201238981e+00
3.167222738265991211e-01,-2.008266597986221313e-01,1.676908969879150391e+00,1.688891530036926270e+00,-2.366631487518560117e-01,1.628909567533783909e+00,1.646012097519408135e+00
3.170141875743865967e-01,-2.360296547412872314e-01,1.655462384223937988e+00,1.672203898429870605e+00,-2.738924627127315992e-01,1.607768688609937824e+00,1.630931401747285348e+00
3.173061013221740723e-01,-2.703383862972259521e-01,1.633163809776306152e+00,1.655387282371520996e+00,-3.102360383780539133e-01,1.585816340154261317e+00,1.615877428584472142e+00
3.175979852676391602e-01,-3.037391006946563721e-01,1.610051274299621582e+00,1.638451218605041504e+00,-3.456717501267858594e-01,1.563086411774995632e+00,1.600852300967002595e+00
3.178898990154266357e-01,-3.362218141555786133e-01,1.586154341697692871e+00,1.621397733688354492e+00,-3.801959629174484490e-01,1.539606054724370177e+00,1.585854903187131626e+00
3.181818127632141113e-01,-3.677707314491271973e-01,1.561496973037719727e+00,1.604221940040588379e+00,-4.137829709734601180e-01,1.515411857282877195e+00,1.570888106855852007e+00
3.184737265110015869e-01,-3.983749449253082275e-01,1.536117315292358398e+00,1.586933851242065430e+00,-4.464368428817284684e-01,1.490530745456128070e+00,1.555952363612782774e+00
3.187656402587890625e-01,-4.280245006084442139e-01,1.510047435760498047e+00,1.569537520408630371e+00,-4.781227757569112558e-01,1.465002480945562180e+00,1.541049531285138663e+00
3.190575540065765381e-01,-4.567039608955383301e-01,1.483315587043762207e+00,1.552032113075256348e+00,-5.088469721184812888e-01,1.438854635794825532e+00,1.526180822832735817e+00
3.193494677543640137e-01,-4.844083786010742188e-01,1.455956697463989258e+00,1.534425497055053711e+00,-5.385937712839516944e-01,1.412121475479974020e+00,1.511347184460806847e+00
3.196413815021514893e-01,-5.111315846443176270e-01,1.428003549575805664e+00,1.516723275184631348e+00,-5.673491833430720499e-01,1.384838373870137085e+00,1.496550172090243214e+00
3.199332654476165771e-01,-5.368589162826538086e-01,1.399487972259521484e+00,1.498927712440490723e+00,-5.951167452884863485e-01,1.357035095916771850e+00,1.481792222976150875e+00
3.202251791954040527e-01,-5.615934133529663086e-01,1.370438575744628906e+00,1.481043338775634766e+00,-6.218832431692179474e-01,1.328744186767625290e+00,1.467071873496122336e+00
3.205170929431915283e-01,-5.853297710418701172e-01,1.340890884399414062e+00,1.463078618049621582e+00,-6.476389922964441714e-01,1.300002544178464392e+00,1.452392123089778275e+00
3.208090066909790039e-01,-6.080594658851623535e-01,1.310874342918395996e+00,1.445035576820373535e+00,-6.723938690750306257e-01,1.270834980470399334e+00,1.437753477741191110e+00
3.211009204387664795e-01,-6.297825574874877930e-01,1.280422568321228027e+00,1.426922440528869629e+00,-6.961250582737891213e-01,1.241284594076218273e+00,1.423157595014567844e+00
3.213928341865539551e-01,-6.505002379417419434e-01,1.249567747116088867e+00,1.408747673034667969e+00,-7.188444758592696937e-01,1.211376140289700531e+00,1.408605528079653890e+00
3.216847479343414307e-01,-6.702073216438293457e-01,1.218339920043945312e+00,1.390514254570007324e+00,-7.405458976834696783e-01,1.181144567950921376e+00,1.394098532018373859e+00
3.219766616821289062e-01,-6.889063119888305664e-01,1.186771154403686523e+00,1.372230887413024902e+00,-7.612244199546339685e-01,1.150624892084502804e+00,1.379637727745853804e+00
3.222685456275939941e-01,-7.065999507904052734e-01,1.154896616935729980e+00,1.353909134864807129e+00,-7.808861925757377698e-01,1.119847821698577439e+00,1.365226131275870669e+00
3.225604593753814697e-01,-7.232901453971862793e-01,1.122739434242248535e+00,1.335549473762512207e+00,-7.995390125027205253e-01,1.088836050176241077e+00,1.350861420234223509e+00
3.228523731231689453e-01,-7.389796972274780273e-01,1.090333938598632812e+00,1.317163228988647461e+00,-8.171696617485194603e-01,1.057634290928516130e+00,1.336546501035431600e+00
3.231442868709564209e-01,-7.536764144897460938e-01,1.057711005210876465e+00,1.298761248588562012e+00,-8.337935766079052069e-01,1.026264406716566491e+00,1.322282254621118591e+00
3.234362006187438965e-01,-7.673818469047546387e-01,1.024899601936340332e+00,1.280349135398864746e+00,-8.494114057651021010e-01,9.947604021443451350e-01,1.308070332175692352e+00
3.237281143665313721e-01,-7.801030278205871582e-01,9.919295310974121094e-01,1.261937022209167480e+00,-8.640279814626146138e-01,9.631522469006239540e-01,1.293911358424556290e+00
3.240200281143188477e-01,-7.918504476547241211e-01,9.588304758071899414e-01,1.243536591529846191e+00,-8.776497410425324608e-01,9.314700707920272604e-01,1.279806845087698708e+00
3.243119120597839355e-01,-8.026280999183654785e-01,9.256340861320495605e-01,1.225157260894775391e+00,-8.902810734116303193e-01,8.997476689525087945e-01,1.265759162503056201e+00
3.246038258075714111e-01,-8.124468922615051270e-01,8.923618197441101074e-01,1.206805467605590820e+00,-9.019314897778153428e-01,8.680086897281327207e-01,1.251766550797863031e+00
3.248957395553588867e-01,-8.213183879852294922e-01,8.590486645698547363e-01,1.188498377799987793e+00,-9.126171239898283050e-01,8.362757759343917296e-01,1.237831647848016026e+00
3.251876533031463623e-01,-8.292523026466369629e-01,8.257148861885070801e-01,1.170241236686706543e+00,-9.223344323660871424e-01,8.045907466579741429e-01,1.223955503576706239e+00
3.254795670509338379e-01,-8.362582325935363770e-01,7.923907041549682617e-01,1.152046322822570801e+00,-9.311031850857131031e-01,7.729705670623496783e-01,1.210139098955756332e+00
3.257714807987213135e-01,-8.423525094985961914e-01,7.591024041175842285e-01,1.133928656578063965e+00,-9.389311695902496924e-01,7.414457567593125686e-01,1.196383530246259985e+00
3.260633945465087891e-01,-8.475456237792968750e-01,7.258757948875427246e-01,1.115898489952087402e+00,-9.458274777309048087e-01,7.100461916980684851e-01,1.182689820695069338e+00
3.263553082942962646e-01,-8.518499732017517090e-01,6.927360892295837402e-01,1.097967028617858887e+00,-9.518126622980342955e-01,6.787870269640333687e-01,1.169059096917492546e+00
3.266471922397613525e-01,-8.552838563919067383e-01,6.597108244895935059e-01,1.080152273178100586e+00,-9.568904425131773417e-01,6.477083670356990064e-01,1.155493594833444604e+00
3.269391059875488281e-01,-8.578611016273498535e-01,6.268174052238464355e-01,1.062462091445922852e+00,-9.610776572782439020e-01,6.168260460070240647e-01,1.141991521138443932e+00
3.272310197353363037e-01,-8.595951795578002930e-01,5.940831303596496582e-01,1.044910788536071777e+00,-9.643922018939138363e-01,5.861613240926204504e-01,1.128555455853103240e+00
3.275229334831237793e-01,-8.605067729949951172e-01,5.615296363830566406e-01,1.027515172958374023e+00,-9.668469233738617996e-01,5.557408682398313760e-01,1.115186480311460615e+00
3.278148472309112549e-01,-8.606114387512207031e-01,5.291793942451477051e-01,1.010288476943969727e+00,-9.684571266198731543e-01,5.255872927619107404e-01,1.101885297303496936e+00
3.281067609786987305e-01,-8.599243164062500000e-01,4.970544874668121338e-01,9.932437539100646973e-01,-9.692392398306134416e-01,4.957225305558858319e-01,1.088653081255987809e+00
3.283986747264862061e-01,-8.584679961204528809e-01,4.651744067668914795e-01,9.763988256454467773e-01,-9.692080189762289910e-01,4.661713345492692340e-01,1.075490537942232594e+00
3.286905884742736816e-01,-8.562600016593933105e-01,4.335594177246093750e-01,9.597681760787963867e-01,-9.683861303733257708e-01,4.369431736007378109e-01,1.062398717269419812e+00
3.289824724197387695e-01,-8.533170819282531738e-01,4.022332429885864258e-01,9.433671236038208008e-01,-9.667857259566265959e-01,4.080731552807217444e-01,1.049379978832379656e+00
3.292743861675262451e-01,-8.496627211570739746e-01,3.712064027786254883e-01,9.272114038467407227e-01,-9.644258218610719524e-01,3.795715904876458269e-01,1.036432225559262177e+00
3.295662999153137207e-01,-8.453165292739868164e-01,3.405002951622009277e-01,9.113180041313171387e-01,-9.613275915743252353e-01,3.514538227322767105e-01,1.023557779431734538e+00
3.298582136631011963e-01,-8.402959704399108887e-01,3.101337254047393799e-01,8.957009911537170410e-01,-9.575084724649091106e-01,3.237409441333778393e-01,1.010757475238474035e+00
3.301501274108886719e-01,-8.346263766288757324e-01,2.801210582256317139e-01,8.803800344467163086e-01,-9.529868810963071368e-01,2.964534279525229965e-01,9.980323794779750735e-01
3.304420411586761475e-01,-8.283285498619079590e-01,2.504781782627105713e-01,8.653712272644042969e-01,-9.477858583204187282e-01,2.695964517645240699e-01,9.853833162968581583e-01
3.307339549064636230e-01,-8.214210271835327148e-01,2.212222665548324585e-01,8.506890535354614258e-01,-9.419208792665916263e-01,2.431996554906547814e-01,9.728108835889545114e-01
3.310258686542510986e-01,-8.139299154281616211e-01,1.923650205135345459e-01,8.363528847694396973e-01,-9.354154582194318390e-01,2.172666670146611578e-01,9.603160334345820504e-01
3.313177525997161865e-01,-8.058781027793884277e-01,1.639229059219360352e-01,8.223809003829956055e-01,-9.282899764429304312e-01,1.918150561171514668e-01,9.479004674108153505e-01
3.316096663475036621e-01,-7.972841858863830566e-01,1.359084397554397583e-01,8.087850213050842285e-01,-9.205625497208842489e-01,1.668607896030271376e-01,9.355628952964953893e-01
3.319015800952911377e-01,-7.881740331649780273e-01,1.083279028534889221e-01,7.955835461616516113e-01,-9.122566399156862849e-01,1.424092323890697454e-01,9.233052401778635287e-01
3.321934938430786133e-01,-7.785713076591491699e-01,8.119542896747589111e-02,7.827937602996826172e-01,-9.033923610444595242e-01,1.184752913637719535e-01,9.111279562483053374e-01
3.324854075908660889e-01,-7.684961557388305664e-01,5.452482029795646667e-02,7.704280018806457520e-01,-8.939910054673881890e-01,9.507297609262971294e-02,8.990321399369999300e-01
3.327773213386535645e-01,-7.579755783081054688e-01,2.832255885004997253e-02,7.585045099258422852e-01,-8.840747674986418891e-01,7.220193242453003257e-02,8.870182149052036058e-01
3.330692350864410400e-01,-7.470331192016601562e-01,2.597660524770617485e-03,7.470375895500183105e-01,-8.736638741565534438e-01,4.988477190912616460e-02,8.750868845289956344e-01
3.333611488342285156e-01,-7.356895208358764648e-01,-2.263804897665977478e-02,7.360377907752990723e-01,-8.627808561171219637e-01,2.811969829478352598e-02,8.632389721939015548e-01
3.336530327796936035e-01,-7.239729762077331543e-01,-4.737777262926101685e-02,7.255215048789978027e-01,-8.514476248520923551e-01,6.920883775391326737e-03,8.514757521494676906e-01
3.339449465274810791e-01,-7.119047641754150391e-01,-7.161977887153625488e-02,7.154983282089233398e-01,-8.396842595747783244e-01,-1.371144113232793636e-02,8.397962011080838396e-01
3.342368602752685547e-01,-6.995078325271606445e-01,-9.535187482833862305e-02,7.059767246246337891e-01,-8.275133270905121741e-01,-3.376474729116649837e-02,8.282018864214480969e-01
3.345287740230560303e-01,-6.868084073066711426e-01,-1.185716092586517334e-01,6.969684958457946777e-01,-8.149560666171580259e-01,-5.324319375237340779e-02,8.166934726058868721e-01
3.348206877708435059e-01,-6.738302707672119141e-01,-1.412744522094726562e-01,6.884807348251342773e-01,-8.020342262234052555e-01,-7.212964736436706936e-02,8.052711258096146851e-01
3.351126015186309814e-01,-6.605958938598632812e-01,-1.634528934955596924e-01,6.805173158645629883e-01,-7.887689803710425940e-01,-9.042959276683801284e-02,7.939357755155957985e-01
3.354045152664184570e-01,-6.471304893493652344e-01,-1.851061880588531494e-01,6.730841398239135742e-01,-7.751815622315259002e-01,-1.081367415091997741e-01,7.826876831073404928e-01
3.356963992118835449e-01,-6.334593892097473145e-01,-2.062298506498336792e-01,6.661843061447143555e-01,-7.612952863166729811e-01,-1.252459905685513186e-01,7.715290474904251683e-01
3.359883129596710205e-01,-6.196025013923645020e-01,-2.268227487802505493e-01,6.598149538040161133e-01,-7.471272508573679749e-01,-1.417609829864497628e-01,7.604573000971013297e-01
3.362802267074584961e-01,-6.055856347084045410e-01,-2.468834966421127319e-01,6.539766192436218262e-01,-7.327004209196743556e-01,-1.576779557975157564e-01,7.494746457088133917e-01
3.365721404552459717e-01,-5.914322733879089355e-01,-2.664117813110351562e-01,6.486658453941345215e-01,-7.180357888867646698e-01,-1.729936709518327675e-01,7.385812103700103437e-01
3.368640542030334473e-01,-5.771651864051818848e-01,-2.854042053222656250e-01,6.438751816749572754e-01,-7.031518638378457808e-01,-1.877165894119460221e-01,7.277774807996532092e-01
3.371559679508209229e-01,-5.628079175949096680e-01,-3.038628697395324707e-01,6.395978331565856934e-01,-6.880717543843717365e-01,-2.018367884551473257e-01,7.170640336507438928e-01
3.374478816986083984e-01,-5.483834743499755859e-01,-3.217894136905670166e-01,6.358245611190795898e-01,-6.728132922975712527e-01,-2.153638451189650305e-01,7.064413012251778978e-01
3.377397954463958740e-01,-5.339142084121704102e-01,-3.391822874546051025e-01,6.325417160987854004e-01,-6.573965998849541359e-01,-2.282970798852163863e-01,6.959093663864679424e-01
3.380316793918609619e-01,-5.194244980812072754e-01,-3.560431599617004395e-01,6.297368407249450684e-01,-6.418430627170667035e-01,-2.406371735451524885e-01,6.854697414545912748e-01
3.383235931396484375e-01,-5.049334168434143066e-01,-3.723788261413574219e-01,6.273944377899169922e-01,-6.261682731526749812e-01,-2.523917019974168952e-01,6.751209354924166961e-01
3.386155068874359131e-01,-4.904659092426300049e-01,-3.881860971450805664e-01,6.254960298538208008e-01,-6.103926104168072575e-01,-2.635623209373125775e-01,6.648640732279849086e-01
3.389074206352233887e-01,-4.760408401489257812e-01,-4.034726321697235107e-01,6.240232586860656738e-01,-5.945356609663390302e-01,-2.741511439992833643e-01,6.546995508756648929e-01
3.391993343830108643e-01,-4.616808891296386719e-01,-4.182417690753936768e-01,6.229569911956787109e-01,-5.786133145325178528e-01,-2.841677140832006843e-01,6.446275339151888994e-01
3.394912481307983398e-01,-4.474075138568878174e-01,-4.324951767921447754e-01,6.222744584083557129e-01,-5.626444574122668740e-01,-2.936151334565642035e-01,6.346484318514150624e-01
3.397831618785858154e-01,-4.332414269447326660e-01,-4.462381601333618164e-01,6.219539046287536621e-01,-5.466464055448071457e-01,-3.024994145933098122e-01,6.247625056966470414e-01
3.400750756263732910e-01,-4.192026853561401367e-01,-4.594770371913909912e-01,6.219727396965026855e-01,-5.306358381397275892e-01,-3.108267927246796680e-01,6.149696641247941464e-01
3.403669595718383789e-01,-4.053134024143218994e-01,-4.722136259078979492e-01,6.223059296607971191e-01,-5.146316399960633170e-01,-3.186028489394596708e-01,6.052714269130650138e-01
3.406588733196258545e-01,-3.915905058383941650e-01,-4.844565093517303467e-01,6.229295134544372559e-01,-4.986470864743309805e-01,-3.258359490698486405e-01,5.956659991602574200e-01
3.409507870674133301e-01,-3.780541718006134033e-01,-4.962118268013000488e-01,6.238198280334472656e-01,-4.826959819584065725e-01,-3.325378904637156796e-01,5.861542967451902619e-01
3.412427008152008057e-01,-3.647241592407226562e-01,-5.074838399887084961e-01,6.249508857727050781e-01,-4.667987848712960020e-01,-3.387094476918927066e-01,5.767366777941780320e-01
3.415346145629882812e-01,-3.516192436218261719e-01,-5.182791948318481445e-01,6.262982487678527832e-01,-4.509665054919949068e-01,-3.443646628440876767e-01,5.674132621743904759e-01
3.418265283107757568e-01,-3.387567996978759766e-01,-5.286060571670532227e-01,6.278379559516906738e-01,-4.352146662397394228e-01,-3.495105173506128371e-01,5.581840265081587926e-01
3.421184420585632324e-01,-3.261555731296539307e-01,-5.384697914123535156e-01,6.295452117919921875e-01,-4.195587022841964497e-01,-3.541546300856686091e-01,5.490491842025774227e-01
3.424103558063507080e-01,-3.138333261013031006e-01,-5.478773713111877441e-01,6.313960552215576172e-01,-4.040079235411207503e-01,-3.583114633481532252e-01,5.400088027529763579e-01
3.427022397518157959e-01,-3.018071353435516357e-01,-5.568368434906005859e-01,6.333678364753723145e-01,-3.885814555798517977e-01,-3.619851870240617941e-01,5.310638598562336110e-01
3.429941534996032715e-01,-2.900922000408172607e-01,-5.653560757637023926e-01,6.354376077651977539e-01,-3.732875917926789522e-01,-3.651877410868739071e-01,5.222123250427085361e-01
3.432860672473907471e-01,-2.787064611911773682e-01,-5.734412074089050293e-01,6.375830173492431641e-01,-3.581363526659310792e-01,-3.679329997257730356e-01,5.134552944396053586e-01
3.435779809951782227e-01,-2.676643431186676025e-01,-5.811016559600830078e-01,6.397837996482849121e-01,-3.431449298281180615e-01,-3.702261758060255148e-01,5.047928923020787995e-01
3.438698947429656982e-01,-2.569822072982788086e-01,-5.883440971374511719e-01,6.420191526412963867e-01,-3.283201029668291193e-01,-3.720821546980186412e-01,4.962249689978019407e-01
3.441618084907531738e-01,-2.466758638620376587e-01,-5.951755046844482422e-01,6.442692279815673828e-01,-3.136738019532089861e-01,-3.735105540258255585e-01,4.877513587889429347e-01
3.444537222385406494e-01,-2.367581278085708618e-01,-6.016055345535278320e-01,6.465165615081787109e-01,-2.992176634029319326e-01,-3.745217985244947423e-01,4.793722850377695188e-01
3.447456359863281250e-01,-2.272440344095230103e-01,-6.076412200927734375e-01,6.487432122230529785e-01,-2.849568937524822321e-01,-3.751305324141144815e-01,4.710874097727092424e-01
3.450375199317932129e-01,-2.181494832038879395e-01,-6.132885813713073730e-01,6.509316563606262207e-01,-2.709068033232608919e-01,-3.753447142850105389e-01,4.628975595404712928e-01
3.453294336795806885e-01,-2.094846069812774658e-01,-6.185580492019653320e-01,6.530680060386657715e-01,-2.570722209530003077e-01,-3.751770535234462134e-01,4.548009985435860769e-01
3.456213474273681641e-01,-2.012623250484466553e-01,-6.234571933746337891e-01,6.551376581192016602e-01,-2.434603280798106062e-01,-3.746410348293938153e-01,4.467984291901305749e-01
3.459132611751556396e-01,-1.934976726770401001e-01,-6.279916167259216309e-01,6.571261286735534668e-01,-2.300801271060556319e-01,-3.737474796926053555e-01,4.388895572529758482e-01
3.462051749229431152e-01,-1.862002015113830566e-01,-6.321708559989929199e-01,6.590223908424377441e-01,-2.169389020300339921e-01,-3.725086932190310729e-01,4.310744874586605602e-01
3.464970886707305908e-01,-1.793822199106216431e-01,-6.360017657279968262e-01,6.608148217201232910e-01,-2.040432531536388594e-01,-3.709365855555234459e-01,4.233528075507591026e-01
3.467890024185180664e-01,-1.730571389198303223e-01,-6.394900679588317871e-01,6.624925136566162109e-01,-1.914007734386446447e-01,-3.690426543544179094e-01,4.157243519519463471e-01
3.470808863639831543e-01,-1.672334372997283936e-01,-6.426444053649902344e-01,6.640473008155822754e-01,-1.790161488882092977e-01,-3.668406513879329256e-01,4.081897170109610173e-01
3.473728001117706299e-01,-1.619208753108978271e-01,-6.454718112945556641e-01,6.654714345932006836e-01,-1.668911328727327725e-01,-3.643426343653095034e-01,4.007470591879593314e-01
3.476647138595581055e-01,-1.571327596902847290e-01,-6.479770541191101074e-01,6.667570471763610840e-01,-1.550365226074283675e-01,-3.615589783319729245e-01,3.933970235711802266e-01
3.479566276073455811e-01,-1.528754532337188721e-01,-6.501682996749877930e-01,6.678995490074157715e-01,-1.434525021064110561e-01,-3.585038430447683444e-01,3.861393865412563464e-01
3.482485413551330566e-01,-1.491584926843643188e-01,-6.520513892173767090e-01,6.688940525054931641e-01,-1.321442834953069634e-01,-3.551885685241349955e-01,3.789736545865849404e-01
3.485404551029205322e-01,-1.459939181804656982e-01,-6.536302566528320312e-01,6.697363257408142090e-01,-1.211166851658774662e-01,-3.516248817666610682e-01,3.718995951906758912e-01
3.488323688507080078e-01,-1.433865427970886230e-01,-6.549122929573059082e-01,6.704251170158386230e-01,-1.103687180016626745e-01,-3.478262084196971915e-01,3.649168743384624269e-01
3.491242825984954834e-01,-1.413445770740509033e-01,-6.559023857116699219e-01,6.709592342376708984e-01,-9.990834555887914692e-02,-3.438029679028448693e-01,3.580253597877069427e-01
3.494161665439605713e-01,-1.398796290159225464e-01,-6.566034555435180664e-01,6.713377833366394043e-01,-8.973520857618959290e-02,-3.395685444122611973e-01,3.512252895400245212e-01
3.497080802917480469e-01,-1.389946639537811279e-01,-6.570217013359069824e-01,6.715630888938903809e-01,-7.984938618799870824e-02,-3.351335159206820791e-01,3.445147282308236303e-01
3.499999940395355225e-01,-1.386967450380325317e-01,-6.571610569953918457e-01,6.716378927230834961e-01,-7.025375399856932657e-02,-3.305100193912017814e-01,3.378941592701242280e-01
