x_m,Pre_sim,Pim_sim,p_abs_sim,Pre_analytic,Pim_analytic,p_abs_analytic
0.000000000000000000e+00,2.885268477257341146e-04,8.830934017896652222e-02,8.830981701612472534e-02,1.129723497446448845e-03,5.655142116827019394e-02,5.656270424344791992e-02
2.919099351856857538e-04,2.868702576961368322e-04,4.943344891071319580e-01,4.943345487117767334e-01,1.123829236726053707e-03,4.955853036306491211e-01,4.955865778719557024e-01
5.838198703713715076e-04,2.819436485879123211e-04,9.276980161666870117e-01,9.276980161666870117e-01,1.102784334698604434e-03,9.289409104631966008e-01,9.289415650435076666e-01
8.757297764532268047e-04,2.738028706517070532e-04,1.350498080253601074e+00,1.350498080253601074e+00,1.072330761828443023e-03,1.351697202461735747e+00,1.351697627813315927e+00
1.167639740742743015e-03,2.625191409606486559e-04,1.757796883583068848e+00,1.757796883583068848e+00,1.024001254904483883e-03,1.758993647152161222e+00,1.758993945214204713e+00
1.459549646824598312e-03,2.482421114109456539e-04,2.145038843154907227e+00,2.145038843154907227e+00,9.703981034584875740e-04,2.146205041990608464e+00,2.146205261371425088e+00
1.751459552906453609e-03,2.311349089723080397e-04,2.507837772369384766e+00,2.507837772369384766e+00,8.971908965392745355e-04,2.508880000298891577e+00,2.508880160719373809e+00
2.043369458988308907e-03,2.113754599122330546e-04,2.841861724853515625e+00,2.841861724853515625e+00,8.229124741550310727e-04,2.842899499919187001e+00,2.842899619020289315e+00
2.335279481485486031e-03,1.892052387120202184e-04,3.143457651138305664e+00,3.143457651138305664e+00,7.399102838943876891e-04,3.144433852496885340e+00,3.144433939550269841e+00
2.627189271152019501e-03,1.648777251830324531e-04,3.409225702285766602e+00,3.409225702285766602e+00,6.495030754875054119e-04,3.410036331965256906e+00,3.410036393820058187e+00
2.919099293649196625e-03,1.386588555760681629e-04,3.635890483856201172e+00,3.635890483856201172e+00,5.383014833780847734e-04,3.636666225131720331e+00,3.636666264971571749e+00
3.211009083315730095e-03,1.108583455788902938e-04,3.821056365966796875e+00,3.821056365966796875e+00,4.346592329311939188e-04,3.821749477863683353e+00,3.821749502581243796e+00
3.502919105812907219e-03,8.179355063475668430e-05,3.962667942047119141e+00,3.962667942047119141e+00,3.114274263195385074e-04,3.963157561429512032e+00,3.963157573665593958e+00
3.794829128310084343e-03,5.179069194127805531e-05,4.058844566345214844e+00,4.058844566345214844e+00,1.993371802215729684e-04,4.059285120657850854e+00,4.059285125552223761e+00
4.086738917976617813e-03,2.119738019246142358e-05,4.108681201934814453e+00,4.108681201934814453e+00,6.995986061776536514e-05,4.109026660158657585e+00,4.109026660754222071e+00
4.378648940473794937e-03,-9.638095434638671577e-06,4.111682415008544922e+00,4.111682415008544922e+00,-4.512980150700796799e-05,4.111817299885829335e+00,4.111817300133493447e+00
4.670558962970972061e-03,-4.036335667478851974e-05,4.067555904388427734e+00,4.067555904388427734e+00,-1.595400277820228647e-04,4.067623458857783980e+00,4.067623461986516809e+00
4.962468519806861877e-03,-7.062688382575288415e-05,3.976977348327636719e+00,3.976977348327636719e+00,-2.720468165550330797e-04,3.976949165683343335e+00,3.976949174988147817e+00
5.254378542304039001e-03,-1.000857300823554397e-04,3.841062307357788086e+00,3.841062307357788086e+00,-3.969508609439669150e-04,3.840836357171083737e+00,3.840836377683541247e+00
5.546288564801216125e-03,-1.283981400774791837e-04,3.661136150360107422e+00,3.661136150360107422e+00,-5.095191024680292315e-04,3.660834857493095118e+00,3.660834892950814989e+00
5.838198587298393250e-03,-1.552430039737373590e-04,3.439386367797851562e+00,3.439386367797851562e+00,-6.093383546287017968e-04,3.438998168563802693e+00,3.438998222546563177e+00
6.130108609795570374e-03,-1.803184713935479522e-04,3.178427457809448242e+00,3.178427457809448242e+00,-7.027962360065872095e-04,3.177864866887303297e+00,3.177864944600259367e+00
6.422018166631460190e-03,-2.033289201790466905e-04,2.881062746047973633e+00,2.881062746047973633e+00,-8.000502980927972577e-04,2.880429783178833691e+00,2.880429894287334314e+00
6.713928189128637314e-03,-2.240150788566097617e-04,2.550775289535522461e+00,2.550775289535522461e+00,-8.819177184308248877e-04,2.550076476394969038e+00,2.550076628896050135e+00
7.005838211625814438e-03,-2.421477402094751596e-04,2.191408872604370117e+00,2.191408872604370117e+00,-9.490552978088253157e-04,2.190578466437267835e+00,2.190578672023584694e+00
7.297748234122991562e-03,-2.575083053670823574e-04,1.806947112083435059e+00,1.806947112083435059e+00,-1.006412138223129055e-03,1.806048760293331501e+00,1.806049040702514041e+00
7.589658256620168686e-03,-2.699243777897208929e-04,1.401833891868591309e+00,1.401833891868591309e+00,-1.058956256523529852e-03,1.400896140662178935e+00,1.400896540901768850e+00
7.881567813456058502e-03,-2.792635059449821711e-04,9.807397723197937012e-01,9.807397723197937012e-01,-1.095259664824362999e-03,9.797299798232843582e-01,9.797305920293938319e-01
8.173477835953235626e-03,-2.854066842701286077e-04,5.484136343002319336e-01,5.484136939048767090e-01,-1.117707295513693279e-03,5.473607191754927825e-01,5.473618603500897128e-01
8.465387858450412750e-03,-2.882853441406041384e-04,1.098238602280616760e-01,1.098242402076721191e-01,-1.128607074927602321e-03,1.087364249595847987e-01,1.087422818728804863e-01
8.757297880947589874e-03,-2.878777740988880396e-04,-3.300196528434753418e-01,3.300197720527648926e-01,-1.126710887119101653e-03,-3.311142841978850782e-01,3.311162011700741203e-01
9.049207903444766998e-03,-2.841767272911965847e-04,-7.660946846008300781e-01,7.660946846008300781e-01,-1.111019369067358037e-03,-7.671893145313863904e-01,7.671901190025697259e-01
9.341117925941944122e-03,-2.772242005448788404e-04,-1.193395853042602539e+00,1.193395853042602539e+00,-1.084691377685273288e-03,-1.194505681896618432e+00,1.194506174382824248e+00
9.633027948439121246e-03,-2.671115216799080372e-04,-1.607093691825866699e+00,1.607093691825866699e+00,-1.047031159025147784e-03,-1.608173025177023652e+00,1.608173366021607542e+00
9.924937039613723755e-03,-2.539439010433852673e-04,-2.002418518066406250e+00,2.002418518066406250e+00,-9.916313527493878389e-04,-2.003449061133100173e+00,2.003449306543052977e+00
1.021684706211090088e-02,-2.378698118263855577e-04,-2.374817609786987305e+00,2.374817609786987305e+00,-9.311481242510482757e-04,-2.375847590741040793e+00,2.375847773209983416e+00
1.050875708460807800e-02,-2.190841914853081107e-04,-2.720144748687744141e+00,2.720144748687744141e+00,-8.563424061689020681e-04,-2.721091542697642307e+00,2.721091677445460544e+00
1.080066710710525513e-02,-1.977936626644805074e-04,-3.034380912780761719e+00,3.034380912780761719e+00,-7.655398725390319967e-04,-3.035237532426919405e+00,3.035237628968175283e+00
1.109257712960243225e-02,-1.742385502438992262e-04,-3.313868761062622070e+00,3.313868761062622070e+00,-6.768902774433000835e-04,-3.314712406146266055e+00,3.314712475259418145e+00
1.138448715209960938e-02,-1.486974069848656654e-04,-3.555578708648681641e+00,3.555578708648681641e+00,-5.816037651376515689e-04,-3.556310451766952596e+00,3.556310499325081143e+00
1.167639717459678650e-02,-1.214565127156674862e-04,-3.756660461425781250e+00,3.756660461425781250e+00,-4.730323562481789806e-04,-3.757267503816474452e+00,3.757267533593380726e+00
1.196830719709396362e-02,-9.282460086978971958e-05,-3.914709091186523438e+00,3.914709091186523438e+00,-3.665318231999654605e-04,-3.915295087377325345e+00,3.915295104533832227e+00
1.226021721959114075e-02,-6.313488120213150978e-05,-4.028131484985351562e+00,4.028131484985351562e+00,-2.406870103602292571e-04,-4.028579849296582971e+00,4.028579856486491195e+00
1.255212631076574326e-02,-3.272341928095556796e-05,-4.095540046691894531e+00,4.095540046691894531e+00,-1.273717152792372995e-04,-4.095835363383677930e+00,4.095835365364171032e+00
1.284403633326292038e-02,-1.937101615112624131e-06,-4.116017341613769531e+00,4.116017341613769531e+00,-4.881147031279540123e-06,-4.116288497515796507e+00,4.116288497518690193e+00
1.313594635576009750e-02,2.887085065594874322e-05,-4.089575290679931641e+00,4.089575290679931641e+00,1.254442623399957830e-04,-4.089707896966111811e+00,4.089707898889997750e+00
1.342785637825727463e-02,5.934980435995385051e-05,-4.016432285308837891e+00,4.016432285308837891e+00,2.388484416363068714e-04,-4.016394925389410453e+00,4.016394932491373027e+00
1.371976640075445175e-02,8.914824866224080324e-05,-3.897248744964599609e+00,3.897248744964599609e+00,3.497126349780770244e-04,-3.897187099127072951e+00,3.897187114817739051e+00
1.401167642325162888e-02,1.179298851639032364e-04,-3.733641624450683594e+00,3.733641624450683594e+00,4.642297191466717679e-04,-3.733449673162590354e+00,3.733449702024534744e+00
1.430358644574880600e-02,1.453661534469574690e-04,-3.527409791946411133e+00,3.527409791946411133e+00,5.731965009605735802e-04,-3.527052602811514781e+00,3.527052649387830030e+00
1.459549646824598312e-02,1.711352670099586248e-04,-3.280728816986083984e+00,3.280728816986083984e+00,6.754423217153606796e-04,-3.280353763408343504e+00,3.280353832946929504e+00
1.488740649074316025e-02,1.949529832927510142e-04,-2.996655941009521484e+00,2.996655941009521484e+00,7.645626610054848202e-04,-2.996165976999314307e+00,2.996166074549993841e+00
1.517931651324033737e-02,2.165468467865139246e-04,-2.678380012512207031e+00,2.678380012512207031e+00,8.503430225157130760e-04,-2.677748131023077516e+00,2.677748266040114622e+00
1.547122560441493988e-02,2.356563636567443609e-04,-2.329380989074707031e+00,2.329380989074707031e+00,9.252571202657758212e-04,-2.328733841254422288e+00,2.328734025066906632e+00
1.576313562691211700e-02,2.520791604183614254e-04,-1.953836798667907715e+00,1.953836798667907715e+00,9.901929002936330285e-04,-1.953109630825021314e+00,1.953109881830366934e+00
1.605504564940929413e-02,2.656270808074623346e-04,-1.555995464324951172e+00,1.555995464324951172e+00,1.040321935472544347e-03,-1.555161097498569678e+00,1.555161445459179781e+00
1.634695567190647125e-02,2.761266950983554125e-04,-1.140295982360839844e+00,1.140295982360839844e+00,1.081842597837792685e-03,-1.139449546375419065e+00,1.139450059949340011e+00
1.663886569440364838e-02,2.834783226717263460e-04,-7.116114497184753418e-01,7.116114497184753418e-01,1.110923565980910131e-03,-7.107171060465162782e-01,7.107179742895943786e-01
1.693077571690082550e-02,2.875978825613856316e-04,-2.748001813888549805e-01,2.748003005981445312e-01,1.126524663728454417e-03,-2.738646078196185774e-01,2.738669247536318907e-01
1.722268573939800262e-02,2.884157293010503054e-04,1.651681959629058838e-01,1.651684492826461792e-01,1.129348130287384250e-03,1.661249676874304027e-01,1.661288064013859422e-01
1.751459576189517975e-02,2.859458618331700563e-04,6.032384037971496582e-01,6.032384634017944336e-01,1.120200509070341886e-03,6.042163438042572610e-01,6.042173822138561246e-01
1.780650578439235687e-02,2.802162780426442623e-04,1.034444928169250488e+00,1.034444928169250488e+00,1.095649709632263080e-03,1.035388020321829972e+00,1.035388600031043715e+00
1.809841580688953400e-02,2.712692948989570141e-04,1.453777313232421875e+00,1.453777313232421875e+00,1.059475581196846986e-03,1.454736787217131289e+00,1.454737173021755314e+00
1.839032582938671112e-02,2.592300006654113531e-04,1.856520295143127441e+00,1.856520295143127441e+00,1.014179516226581266e-03,1.857470213631177369e+00,1.857470490502377336e+00
1.868223585188388824e-02,2.442352997604757547e-04,2.238110780715942383e+00,2.238110780715942383e+00,9.586559245963633281e-04,2.238978353484239570e+00,2.238978558716491651e+00
1.897414587438106537e-02,2.264372742502018809e-04,2.594016790390014648e+00,2.594016790390014648e+00,8.823658711416415426e-04,2.594890733511296066e+00,2.594890883531005610e+00
1.926605589687824249e-02,2.060573606286197901e-04,2.920325517654418945e+00,2.920325517654418945e+00,8.006787296190423552e-04,2.921158415630326743e+00,2.921158525361865266e+00
1.955796405673027039e-02,1.833282003644853830e-04,3.213350296020507812e+00,3.213350296020507812e+00,7.173329799509731196e-04,3.214051334548864158e+00,3.214051414598393830e+00
1.984987407922744751e-02,1.584952842677012086e-04,3.469512939453125000e+00,3.469512939453125000e+00,6.116988544771303658e-04,3.470210956981280237e+00,3.470211010893778258e+00
2.014178410172462463e-02,1.318549184361472726e-04,3.686082601547241211e+00,3.686082601547241211e+00,5.112339820763434680e-04,3.686726890583578164e+00,3.686726926029678886e+00
2.043369412422180176e-02,1.037109250319190323e-04,3.860637426376342773e+00,3.860637426376342773e+00,3.989223437284728359e-04,3.861112236707084477e+00,3.861112257315011398e+00
2.072560414671897888e-02,7.437728345394134521e-05,3.990916252136230469e+00,3.990916252136230469e+00,2.895419345397031493e-04,3.991380251694493175e+00,3.991380262196440487e+00
2.101751416921615601e-02,4.419539618538692594e-05,4.075642108917236328e+00,4.075642108917236328e+00,1.771831690470064286e-04,4.076039571008083229e+00,4.076039574859110282e+00
2.130942419171333313e-02,1.350931870547356084e-05,4.113908290863037109e+00,4.113908290863037109e+00,4.728541551241424230e-05,4.114122282455650037e+00,4.114122282727386448e+00
2.160133421421051025e-02,-1.733191493258345872e-05,4.105011463165283203e+00,4.105011463165283203e+00,-6.758963921072230958e-05,4.105195426089761845e+00,4.105195426646173651e+00
2.189324423670768738e-02,-4.797459769179113209e-05,4.049243927001953125e+00,4.049243927001953125e+00,-1.904538163899049659e-04,4.049360299181650191e+00,4.049360303660463067e+00
2.218515425920486450e-02,-7.807070505805313587e-05,3.947317123413085938e+00,3.947317123413085938e+00,-3.176446142465419323e-04,3.947257879486175458e+00,3.947257892266959445e+00
2.247706428170204163e-02,-1.072723753168247640e-04,3.800151586532592773e+00,3.800151586532592773e+00,-4.260673669867369234e-04,3.800047973740924956e+00,3.800047997626597063e+00
2.276897430419921875e-02,-1.352482795482501388e-04,3.609583377838134766e+00,3.609583377838134766e+00,-5.301765827324733194e-04,3.609415113792095120e+00,3.609415152730149678e+00
2.306088432669639587e-02,-1.616825757082551718e-04,3.377866983413696289e+00,3.377866983413696289e+00,-6.353017178416918041e-04,3.377542720984041402e+00,3.377542780732844641e+00
2.335279434919357300e-02,-1.862649223767220974e-04,3.107450723648071289e+00,3.107450723648071289e+00,-7.269113600059278531e-04,3.107071988106143934e+00,3.107072073137987278e+00
2.364470437169075012e-02,-2.087185712298378348e-04,2.801531791687011719e+00,2.801531791687011719e+00,-8.217689878085877040e-04,2.801108571124912849e+00,2.801108691667233419e+00
2.393661439418792725e-02,-2.287930110469460487e-04,2.463676452636718750e+00,2.463676452636718750e+00,-8.962912104996556984e-04,2.463126730465853065e+00,2.463126893538645223e+00
2.422852441668510437e-02,-2.462475968059152365e-04,2.097603321075439453e+00,2.097603321075439453e+00,-9.656113854131407551e-04,2.097006409649950331e+00,2.097006631968130641e+00
2.452043443918228149e-02,-2.608871727716177702e-04,1.707558393478393555e+00,1.707558393478393555e+00,-1.026695327872541611e-03,1.706931568437620284e+00,1.706931877208991200e+00
2.481234446167945862e-02,-2.725528029259294271e-04,1.298048377037048340e+00,1.298048377037048340e+00,-1.069171083199296464e-03,1.297338154013253364e+00,1.297338594579426241e+00
2.510425262153148651e-02,-2.810985024552792311e-04,8.736761212348937988e-01,8.736761212348937988e-01,-1.100821652755744513e-03,8.729206085302972928e-01,8.729213026414326393e-01
2.539616264402866364e-02,-2.864298003260046244e-04,4.393159449100494385e-01,4.393160641193389893e-01,-1.121727664818349341e-03,4.385360374604126976e-01,4.385374720869751886e-01
2.568807266652584076e-02,-2.884959685616195202e-04,-5.073423380963504314e-05,2.929230104200541973e-04,-1.129642632438698563e-03,-8.594800899649039389e-04,1.419435980264383912e-03
2.597998268902301788e-02,-2.872608311008661985e-04,-4.394236207008361816e-01,4.394237399101257324e-01,-1.124070915357815170e-03,-4.402451456752339287e-01,4.402465807090734651e-01
2.627189271152019501e-02,-2.827396965585649014e-04,-8.737637996673583984e-01,8.737637996673583984e-01,-1.106861182303326948e-03,-8.746081131922811558e-01,8.746088135866451063e-01
2.656380273401737213e-02,-2.749955165199935436e-04,-1.298143625259399414e+00,1.298143625259399414e+00,-1.075835916232754626e-03,-1.298969459040074215e+00,1.298969904555829835e+00
2.685571275651454926e-02,-2.641055034473538399e-04,-1.707679748535156250e+00,1.707679748535156250e+00,-1.032078539959856199e-03,-1.708488341309917002e+00,1.708488653043392036e+00
2.714762277901172638e-02,-2.501934068277478218e-04,-2.097669124603271484e+00,2.097669124603271484e+00,-9.762952918011004975e-04,-2.098485247970668599e+00,2.098485475075539952e+00
2.743953280150890350e-02,-2.334292803425341845e-04,-2.463745594024658203e+00,2.463745594024658203e+00,-9.136484921165485525e-04,-2.464510252738168816e+00,2.464510422093020736e+00
2.773144282400608063e-02,-2.139956923201680183e-04,-2.801654815673828125e+00,2.801654815673828125e+00,-8.361077030719955838e-04,-2.802367877831849263e+00,2.802368002561382632e+00
2.802335284650325775e-02,-1.921126240631565452e-04,-3.107487440109252930e+00,3.107487440109252930e+00,-7.487444913291415151e-04,-3.108204279714602780e+00,3.108204369898235342e+00
2.831526286900043488e-02,-1.680396089795976877e-04,-3.377896547317504883e+00,3.377896547317504883e+00,-6.525601945078174588e-04,-3.378525022157968571e+00,3.378525085178784249e+00
2.860717289149761200e-02,-1.420454500475898385e-04,-3.609698295593261719e+00,3.609698295593261719e+00,-5.555638402886551924e-04,-3.610245319498522232e+00,3.610245362245088074e+00
2.889908291399478912e-02,-1.144249181379564106e-04,-3.800159215927124023e+00,3.800159215927124023e+00,-4.528471110727478243e-04,-3.800711230561654830e+00,3.800711257539566290e+00
2.919099293649196625e-02,-8.550009079044684768e-05,-3.947300195693969727e+00,3.947300195693969727e+00,-3.304187382835778474e-04,-3.947743123609835258e+00,3.947743137437551120e+00
2.948290295898914337e-02,-5.559786950470879674e-05,-4.049340248107910156e+00,4.049340248107910156e+00,-2.092781556518170081e-04,-4.049669198734380693e+00,4.049669204141901346e+00
2.977481298148632050e-02,-2.505903466953895986e-05,-4.104989528656005859e+00,4.104989528656005859e+00,-9.548540562520514815e-05,-4.105322178204724004e+00,4.105322179315168185e+00
3.006672300398349762e-02,5.765287369285942987e-06,-4.113844394683837891e+00,4.113844394683837891e+00,1.931786218861108578e-05,-4.114064597699728765e+00,4.114064597745082708e+00
3.035863302648067474e-02,3.652427403721958399e-05,-4.075710773468017578e+00,4.075710773468017578e+00,1.494996144600645757e-04,-4.075797985911617793e+00,4.075797988653428128e+00
3.065054304897785187e-02,6.686439883196726441e-05,-3.990867853164672852e+00,3.990867853164672852e+00,2.700958675416528635e-04,-3.990959432357180869e+00,3.990959441496810367e+00
3.094245120882987976e-02,9.644187230151146650e-05,-3.860533952713012695e+00,3.860533952713012695e+00,3.782516895264873610e-04,-3.860515972854011491e+00,3.860515991384480206e+00
3.123436123132705688e-02,1.249189081136137247e-04,-3.686117649078369141e+00,3.686117649078369141e+00,4.984502400836014367e-04,-3.685965948869318609e+00,3.685965982571832722e+00
3.152627125382423401e-02,1.519635989097878337e-04,-3.469442605972290039e+00,3.469442605972290039e+00,5.988525256743245772e-04,-3.469291258216557594e+00,3.469291309902092557e+00
3.181818127632141113e-02,1.772756950231269002e-04,-3.213220596313476562e+00,3.213220596313476562e+00,6.992505937034972823e-04,-3.212978532483810046e+00,3.212978608573858974e+00
3.211009129881858826e-02,2.005647838814184070e-04,-2.920321702957153320e+00,2.920321702957153320e+00,7.856939721888686482e-04,-2.919947319834322208e+00,2.919947425540854180e+00
3.240200132131576538e-02,2.215537679148837924e-04,-2.593926906585693359e+00,2.593926906585693359e+00,8.640987791300018279e-04,-2.593550064227546414e+00,2.593550208174387972e+00
3.269391134381294250e-02,2.400167431915178895e-04,-2.237970352172851562e+00,2.237970352172851562e+00,9.421933664257149893e-04,-2.237530133776227004e+00,2.237530332148594869e+00
3.298582136631011963e-02,2.557415864430367947e-04,-1.856474876403808594e+00,1.856474876403808594e+00,1.001597795002553493e-03,-1.855928104564108061e+00,1.855928374832678251e+00
3.327773138880729675e-02,2.685323706828057766e-04,-1.453676342964172363e+00,1.453676342964172363e+00,1.052333463763424279e-03,-1.453127763596330224e+00,1.453128144638383690e+00
3.356964141130447388e-02,2.782617812044918537e-04,-1.034316301345825195e+00,1.034316301345825195e+00,1.092569496127834610e-03,-1.033730956928730960e+00,1.033731534307091637e+00
3.386155143380165100e-02,2.848177682608366013e-04,-6.031532883644104004e-01,6.031533479690551758e-01,1.116147138921505435e-03,-6.025071566930171318e-01,6.025081905258546922e-01
3.415346145629882812e-02,2.881048130802810192e-04,-1.650630235671997070e-01,1.650632768869400024e-01,1.128116934466407871e-03,-1.643985698592158318e-01,1.644024404307104226e-01
3.444537147879600525e-02,2.881075779441744089e-04,2.748971879482269287e-01,2.748973071575164795e-01,1.127890925383894394e-03,2.755806921052803560e-01,2.755830001998760825e-01
3.473728150129318237e-02,2.848257136065512896e-04,7.117309570312500000e-01,7.117309570312500000e-01,1.115585804591519813e-03,7.124188232537529419e-01,7.124196967083022969e-01
3.502919152379035950e-02,2.782735100481659174e-04,1.140398144721984863e+00,1.140398144721984863e+00,1.087674805279036658e-03,1.141101224509910583e+00,1.141101742884699677e+00
3.532110154628753662e-02,2.685493382159620523e-04,1.556052923202514648e+00,1.556052923202514648e+00,1.051258304754194763e-03,1.556759705776921354e+00,1.556760060726980033e+00
3.561301156878471375e-02,2.557637344580143690e-04,1.953976035118103027e+00,1.953976035118103027e+00,1.000090359300734267e-03,1.954622527699857226e+00,1.954622783549937681e+00
3.590492159128189087e-02,2.400417288299649954e-04,2.329473018646240234e+00,2.329473018646240234e+00,9.327833941643508611e-04,2.330144500951653708e+00,2.330144687653556534e+00
3.619683161377906799e-02,2.215831918874755502e-04,2.678397178649902344e+00,2.678397178649902344e+00,8.633401756225618333e-04,2.679054240377849005e+00,2.679054379485939386e+00
3.648874163627624512e-02,2.005985006690025330e-04,2.996794223785400391e+00,2.996794223785400391e+00,7.849864028577943197e-04,2.997350805858852496e+00,2.997350908650231016e+00
3.678065165877342224e-02,1.773114199750125408e-04,3.280805110931396484e+00,3.280805110931396484e+00,6.921582426730882309e-04,3.281392021531480907e+00,3.281392094531449199e+00
3.707256168127059937e-02,1.520025107311084867e-04,3.527385234832763672e+00,3.527385234832763672e+00,5.979947674229684016e-04,3.527942660393053043e+00,3.527942711073829063e+00
3.736447170376777649e-02,1.249605993507429957e-04,3.733758211135864258e+00,3.733758211135864258e+00,4.833168308380539737e-04,3.734173504954536593e+00,3.734173536232562984e+00
3.765638172626495361e-02,9.648472041590139270e-05,3.897302150726318359e+00,3.897302150726318359e+00,3.771517372444679428e-04,3.897742837590330023e+00,3.897742855837228237e+00
3.794829174876213074e-02,6.690863665426149964e-05,4.016370296478271484e+00,4.016370296478271484e+00,2.575202784012663019e-04,4.016771463393276953e+00,4.016771471648251435e+00
3.824020177125930786e-02,3.656963963294401765e-05,4.089655399322509766e+00,4.089655399322509766e+00,1.366830821989269108e-04,4.089902797769851439e+00,4.089902800053801357e+00
3.853211179375648499e-02,5.810700713482219726e-06,4.116043567657470703e+00,4.116043567657470703e+00,1.427072287535619142e-05,4.116300075881914822e+00,4.116300075906652367e+00
3.882402181625366211e-02,-2.501378912711516023e-05,4.095447063446044922e+00,4.095447063446044922e+00,-1.005112567188496021e-04,4.095662400565871053e+00,4.095662401799189389e+00
3.911592811346054077e-02,-5.555286770686507225e-05,4.028166294097900391e+00,4.028166294097900391e+00,-2.181405734888534605e-04,4.028226725736513636e+00,4.028226731642996938e+00
3.940783813595771790e-02,-8.545616583433002234e-05,3.914707183837890625e+00,3.914707183837890625e+00,-3.370859989290063961e-04,3.914762328480751563e+00,3.914762342993378219e+00
3.969974815845489502e-02,-1.143828922067768872e-04,3.756547689437866211e+00,3.756547689437866211e+00,-4.519951756919933549e-04,3.756566164539931307e+00,3.756566191732270354e+00
3.999165818095207214e-02,-1.420057669747620821e-04,3.555566549301147461e+00,3.555566549301147461e+00,-5.566062286827965118e-04,3.555440406589568170e+00,3.555440450158079635e+00
4.028356820344924927e-02,-1.680020213825628161e-04,3.313837528228759766e+00,3.313837528228759766e+00,-6.661213632052329124e-04,3.313697623086456101e+00,3.313697690038501342e+00
4.057547822594642639e-02,-1.920783688547089696e-04,3.034260034561157227e+00,3.034260034561157227e+00,-7.553258665439533965e-04,3.034081721037941826e+00,3.034081815056034692e+00
4.086738824844360352e-02,-2.139653806807473302e-04,2.720090866088867188e+00,2.720090866088867188e+00,-8.419768293065175860e-04,2.719801625823364599e+00,2.719801756149958560e+00
4.115929827094078064e-02,-2.334018790861591697e-04,2.374758243560791016e+00,2.374758243560791016e+00,-9.142630153308472802e-04,2.374437581576861689e+00,2.374437757592612996e+00
4.145120829343795776e-02,-2.501705894246697426e-04,2.002297163009643555e+00,2.002297163009643555e+00,-9.769971961379290970e-04,2.001940993755012776e+00,2.001941232154512917e+00
4.174311831593513489e-02,-2.640876336954534054e-04,1.607008218765258789e+00,1.607008218765258789e+00,-1.035837060688791621e-03,1.606583362138900739e+00,1.606583696064400657e+00
4.203502833843231201e-02,-2.749810519162565470e-04,1.193310618400573730e+00,1.193310618400573730e+00,-1.078543213507487464e-03,1.192861126667574601e+00,1.192861614257957115e+00
4.232693836092948914e-02,-2.827305288519710302e-04,7.659844756126403809e-01,7.659844756126403809e-01,-1.107082656359271522e-03,7.655009511660748611e-01,7.655017517081024181e-01
4.261884838342666626e-02,-2.872571931220591068e-04,3.299191296100616455e-01,3.299192488193511963e-01,-1.125646262745121562e-03,3.294091408887735994e-01,3.294110641441612142e-01
4.291075840592384338e-02,-2.884959394577890635e-04,-1.099288836121559143e-01,1.099292635917663574e-01,-1.129358102412523785e-03,-1.104621364323317562e-01,1.104679095254298832e-01
4.320266842842102051e-02,-2.864353009499609470e-04,-5.485062003135681152e-01,5.485062599182128906e-01,-1.120692918425675528e-03,-5.490634345649474390e-01,5.490645782864468361e-01
4.349457845091819763e-02,-2.811094745993614197e-04,-9.808373451232910156e-01,9.808373451232910156e-01,-1.100533358277534053e-03,-9.813985370092861427e-01,9.813991540742431630e-01
4.378648847341537476e-02,-2.725670929066836834e-04,-1.401952624320983887e+00,1.401952624320983887e+00,-1.068342995196595174e-03,-1.402521119968532570e+00,1.402521526863150347e+00
4.407839849591255188e-02,-2.609067014418542385e-04,-1.807016730308532715e+00,1.807016730308532715e+00,-1.019677194293043977e-03,-1.807599598048970524e+00,1.807599885651794303e+00
4.437030851840972900e-02,-2.462719858158379793e-04,-2.191486597061157227e+00,2.191486597061157227e+00,-9.597897216308321931e-04,-2.192034190372583513e+00,2.192034400496191360e+00
4.466221854090690613e-02,-2.288202231284230947e-04,-2.550897598266601562e+00,2.550897598266601562e+00,-8.954892939332970451e-04,-2.551424965097241149e+00,2.551425122244925348e+00
4.495412856340408325e-02,-2.087501488858833909e-04,-2.881104469299316406e+00,2.881104469299316406e+00,-8.087461708874087683e-04,-2.881652397847474845e+00,2.881652511336241673e+00
4.524603858590126038e-02,-1.863002980826422572e-04,-3.178471326828002930e+00,3.178471326828002930e+00,-7.259797200683487748e-04,-3.178961450796831123e+00,3.178961533692858055e+00
4.553794860839843750e-02,-1.617199450265616179e-04,-3.439502954483032227e+00,3.439502954483032227e+00,-6.328340363249081212e-04,-3.439947640737688772e+00,3.439947698947718902e+00
4.582985863089561462e-02,-1.352887193206697702e-04,-3.661148786544799805e+00,3.661148786544799805e+00,-5.291636229745671442e-04,-3.661620050426973805e+00,3.661620088663346984e+00
4.612176865339279175e-02,-1.073151142918504775e-04,-3.841061353683471680e+00,3.841061353683471680e+00,-4.232670492720974273e-04,-3.841457542226758282e+00,3.841457565545380870e+00
4.641367867588996887e-02,-7.811441173544153571e-05,-3.977077484130859375e+00,3.977077484130859375e+00,-3.014611097371296404e-04,-3.977394266968335756e+00,3.977394278392750060e+00
4.670558869838714600e-02,-4.801976683665998280e-05,-4.067539215087890625e+00,4.067539215087890625e+00,-1.874422429993197073e-04,-4.067888221569567975e+00,4.067888225888097509e+00
4.699749872088432312e-02,-1.737763886922039092e-05,-4.111634731292724609e+00,4.111634731292724609e+00,-6.745008329006821498e-05,-4.111898037895783453e+00,4.111898038448996040e+00
4.728940874338150024e-02,1.346370390820084140e-05,-4.108755588531494141e+00,4.108755588531494141e+00,6.506316436412086209e-05,-4.108924146262574517e+00,4.108924146777699349e+00
4.758131876587867737e-02,4.415008515934459865e-05,-4.058800220489501953e+00,4.058800220489501953e+00,1.811954678659924108e-04,-4.058998906550755237e+00,4.058998910595077447e+00
4.787322878837585449e-02,7.433317659888416529e-05,-3.962577104568481445e+00,3.962577104568481445e+00,2.916298405288031436e-04,-3.962692494880851513e+00,3.962692505611933758e+00
4.816513881087303162e-02,1.036680405377410352e-04,-3.821096897125244141e+00,3.821096897125244141e+00,4.101109104641650406e-04,-3.821106487951721142e+00,3.821106509959869335e+00
4.845704883337020874e-02,1.318140566581860185e-04,-3.635822296142578125e+00,3.635822296142578125e+00,5.131847397695962461e-04,-3.635857241959187469e+00,3.635857278176035212e+00
4.874895885586738586e-02,1.584574056323617697e-04,-3.409102678298950195e+00,3.409102678298950195e+00,6.273815232991487943e-04,-3.409067777727435189e+00,3.409067835456937257e+00
4.904086887836456299e-02,1.832923881011083722e-04,-3.143457889556884766e+00,3.143457889556884766e+00,7.180624866660061025e-04,-3.143318500810975191e+00,3.143318582828392049e+00
4.933277890086174011e-02,2.060252591036260128e-04,-2.841774702072143555e+00,2.841774702072143555e+00,8.097519380711504277e-04,-2.841654374206525890e+00,2.841654489579140463e+00
4.962468892335891724e-02,2.264094364363700151e-04,-2.507699489593505859e+00,2.507699489593505859e+00,8.891824876880032339e-04,-2.507523039920680485e+00,2.507523197575357798e+00
4.991659894585609436e-02,2.442103286739438772e-04,-2.144997119903564453e+00,2.144997119903564453e+00,9.604821235298469659e-04,-2.144736373345793812e+00,2.144736588413219902e+00
5.020850524306297302e-02,2.592095406726002693e-04,-1.757702112197875977e+00,1.757702112197875977e+00,1.015170016407358463e-03,-1.757439290299016355e+00,1.757439583501200220e+00
5.050041526556015015e-02,2.712540444917976856e-04,-1.350369334220886230e+00,1.350369334220886230e+00,1.062149751493679430e-03,-1.350067830992579987e+00,1.350068248809334959e+00
5.079232528805732727e-02,2.802044327836483717e-04,-9.276204705238342285e-01,9.276204705238342285e-01,1.098077940244966341e-03,-9.272660818925423376e-01,9.272667320698558813e-01
5.108423531055450439e-02,2.859394298866391182e-04,-4.942342638969421387e-01,4.942343235015869141e-01,1.120083093557514399e-03,-4.938729117350482700e-01,4.938741818842035114e-01
5.137614533305168152e-02,2.884148561861366034e-04,-5.521935597062110901e-02,5.522010475397109985e-02,1.129210746168212353e-03,-5.482477581169251796e-02,5.483640359935729874e-02
5.166805535554885864e-02,2.876013750210404396e-04,3.844380676746368408e-01,3.844381570816040039e-01,1.125215353511161255e-03,3.848303107240156895e-01,3.848319557437171468e-01
5.195996537804603577e-02,2.834865590557456017e-04,8.196762204170227051e-01,8.196762204170227051e-01,1.109068362857819475e-03,8.201076043465574950e-01,8.201083542677047866e-01
5.225187540054321289e-02,2.761402574833482504e-04,1.245564222335815430e+00,1.245564222335815430e+00,1.079805856783673610e-03,1.246002477406556563e+00,1.246002945295060060e+00
5.254378542304039001e-02,2.656458527781069279e-04,1.657266139984130859e+00,1.657266139984130859e+00,1.039908444705659862e-03,1.657670559067833560e+00,1.657670885251302462e+00
5.283569544553756714e-02,2.521012211218476295e-04,2.049932718276977539e+00,2.049932718276977539e+00,9.906205240343851116e-04,2.050393225933829111e+00,2.050393465236454826e+00
5.312760546803474426e-02,2.356830227654427290e-04,2.419224739074707031e+00,2.419224739074707031e+00,9.201463979947268517e-04,2.419677145037184118e+00,2.419677319992211917e+00
5.341951549053192139e-02,2.165779587812721729e-04,2.760944366455078125e+00,2.760944366455078125e+00,8.450304311840080729e-04,2.761316203818394044e+00,2.761316333118402078e+00
5.371142551302909851e-02,1.949865691130980849e-04,3.070976734161376953e+00,3.070976734161376953e+00,7.631101081796513299e-04,3.071411377391468633e+00,3.071411472191050152e+00
5.400333553552627563e-02,1.711722288746386766e-04,3.345979452133178711e+00,3.345979452133178711e+00,6.601089787340870107e-04,3.346400993023196602e+00,3.346401058129539141e+00
5.429524555802345276e-02,1.454063603887334466e-04,3.582843303680419922e+00,3.582843303680419922e+00,5.654552259729796670e-04,3.583159293741616125e+00,3.583159338358612445e+00
5.458715558052062988e-02,1.179716200567781925e-04,3.778600215911865234e+00,3.778600215911865234e+00,4.542144833756618020e-04,3.778972431045310554e+00,3.778972458342519047e+00
5.487906560301780701e-02,8.919180254451930523e-05,3.931244850158691406e+00,3.931244850158691406e+00,3.486569450229445324e-04,3.931606409606205776e+00,3.931606425065746979e+00
5.517097562551498413e-02,5.939501716056838632e-05,4.039077758789062500e+00,4.039077758789062500e+00,2.281480845626163883e-04,4.039313959529486020e+00,4.039313965972603171e+00
5.546288564801216125e-02,2.891642543545458466e-05,4.100583076477050781e+00,4.100583076477050781e+00,1.087621990232560867e-04,4.100865684567389202e+00,4.100865686009671940e+00
5.575479567050933838e-02,-1.891374608931073453e-06,4.115290164947509766e+00,4.115290164947509766e+00,-1.580544093177291740e-05,4.115559268716520336e+00,4.115559268746869392e+00
5.604670569300651550e-02,-3.267779175075702369e-05,4.083085536956787109e+00,4.083085536956787109e+00,-1.285017443471162739e-04,4.083226067676946514e+00,4.083226069698961957e+00
5.633861571550369263e-02,-6.309013406280428171e-05,4.004064559936523438e+00,4.004064559936523438e+00,-2.513700681776208303e-04,4.004235498628744949e+00,4.004235506518753596e+00
5.663052573800086975e-02,-9.278143988922238350e-05,3.879332065582275391e+00,3.879332065582275391e+00,-3.674962524720210792e-04,3.879491580317373955e+00,3.879491597723455865e+00
5.692243576049804688e-02,-1.214151925523765385e-04,3.710377693176269531e+00,3.710377693176269531e+00,-4.758597462687103735e-04,3.710414528480875163e+00,3.710414558995322132e+00
5.721434578299522400e-02,-1.486579421907663345e-04,3.498893022537231445e+00,3.498893022537231445e+00,-5.825215726318316162e-04,3.498944454825686723e+00,3.498944503316222310e+00
5.750625580549240112e-02,-1.742022432154044509e-04,3.247452497482299805e+00,3.247452497482299805e+00,-6.856292987300653067e-04,3.247492436020062989e+00,3.247492508397064714e+00
5.779816582798957825e-02,-1.977607753360643983e-04,2.958993434906005859e+00,2.958993434906005859e+00,-7.775588490164021295e-04,2.958934998107270342e+00,2.958935100272027885e+00
5.809007585048675537e-02,-2.190539962612092495e-04,2.636625528335571289e+00,2.636625528335571289e+00,-8.580569470296328270e-04,2.636558835782057297e+00,2.636558975407559569e+00
5.838198587298393250e-02,-2.378440549364313483e-04,2.284140586853027344e+00,2.284140586853027344e+00,-9.315640037740233713e-04,2.284064665627168367e+00,2.284064855598028299e+00
5.867389589548110962e-02,-2.539228007663041353e-04,1.905619621276855469e+00,1.905619621276855469e+00,-9.961769853959196851e-04,1.905468626707843782e+00,1.905468887107963916e+00
5.896580591797828674e-02,-2.670937101356685162e-04,1.505263805389404297e+00,1.505263805389404297e+00,-1.048768958534203885e-03,1.505099467166975957e+00,1.505099832563489226e+00
5.925771594047546387e-02,-2.772116567939519882e-04,1.087711691856384277e+00,1.087711691856384277e+00,-1.085611557783199184e-03,1.087528408146336556e+00,1.087528949995244743e+00
5.954962596297264099e-02,-2.841694804374128580e-04,6.577632427215576172e-01,6.577633023262023926e-01,-1.113319057985456264e-03,6.575345260187721586e-01,6.575354685384326991e-01
5.984153598546981812e-02,-2.878741070162504911e-04,2.202728390693664551e-01,2.202730178833007812e-01,-1.127342909464217838e-03,2.200311186990210888e-01,2.200340066852808640e-01
6.013344600796699524e-02,-2.882872067857533693e-04,-2.197278439998626709e-01,2.197280228137969971e-01,-1.128378090973155634e-03,-2.199903653155233230e-01,2.199932591439419383e-01
6.042535603046417236e-02,-2.854140475392341614e-04,-6.572198271751403809e-01,6.572198867797851562e-01,-1.117499380854444216e-03,-6.575019579898212507e-01,6.575029076478026147e-01
6.071726605296134949e-02,-2.792743325699120760e-04,-1.087202310562133789e+00,1.087202310562133789e+00,-1.092423088937606980e-03,-1.087496784790884297e+00,1.087497333476600492e+00
6.100917607545852661e-02,-2.699403848964720964e-04,-1.504741907119750977e+00,1.504741907119750977e+00,-1.055351591146096646e-03,-1.505061461636831188e+00,1.505061831643927928e+00
6.130108609795570374e-02,-2.575294638518244028e-04,-1.905123829841613770e+00,1.905123829841613770e+00,-1.004339521577351547e-03,-1.905432418231078229e+00,1.905432682921075926e+00
6.159299239516258240e-02,-2.421721292193979025e-04,-2.283717155456542969e+00,2.283717155456542969e+00,-9.478720350821647064e-04,-2.284033949879100689e+00,2.284034146562113232e+00
6.188490241765975952e-02,-2.240439062006771564e-04,-2.636178970336914062e+00,2.636178970336914062e+00,-8.767750451464948261e-04,-2.636530665827547359e+00,2.636530811612777470e+00
6.217681244015693665e-02,-2.033620112342759967e-04,-2.958585023880004883e+00,2.958585023880004883e+00,-7.931090850670750869e-04,-2.958903857634990420e+00,2.958903963928070535e+00
6.246872246265411377e-02,-1.803538179956376553e-04,-3.247166156768798828e+00,3.247166156768798828e+00,-7.026282599613150161e-04,-3.247464753213825883e+00,3.247464829224884664e+00
6.276063621044158936e-02,-1.552815228933468461e-04,-3.498574733734130859e+00,3.498574733734130859e+00,-6.075434091716906638e-04,-3.498925260541944748e+00,3.498925313287997163e+00
6.305254250764846802e-02,-1.284395984839648008e-04,-3.710097789764404297e+00,3.710097789764404297e+00,-5.024650527937162383e-04,-3.710398388993723540e+00,3.710398423015828673e+00
6.334445625543594360e-02,-1.001281343633309007e-04,-3.879216194152832031e+00,3.879216194152832031e+00,-3.878839140935413650e-04,-3.879476672021253680e+00,3.879476691412262479e+00
6.363636255264282227e-02,-7.067121623549610376e-05,-4.003908634185791016e+00,4.003908634185791016e+00,-2.724006437048183513e-04,-4.004225041911197991e+00,4.004225051176674377e+00
6.392827630043029785e-02,-4.040815838379785419e-05,-4.082960128784179688e+00,4.082960128784179688e+00,-1.538070200127635543e-04,-4.083221835437808700e+00,4.083221838334614162e+00
6.422018259763717651e-02,-9.684261385700665414e-06,-4.115353584289550781e+00,4.115353584289550781e+00,-3.740270030120904977e-05,-4.115558091342802705e+00,4.115558091512762751e+00
6.451209634542465210e-02,2.115179268002975732e-05,-4.100606441497802734e+00,4.100606441497802734e+00,9.115766926308675787e-05,-4.100869140254900458e+00,4.100869141268066009e+00
6.480400264263153076e-02,5.174561010790057480e-05,-4.039116382598876953e+00,4.039116382598876953e+00,2.069641490942124729e-04,-4.039322771697329451e+00,4.039322776999475728e+00
6.509591639041900635e-02,8.174977119779214263e-05,-3.931482076644897461e+00,3.931482076644897461e+00,3.243088982878243186e-04,-3.931616248177801420e+00,3.931616261553503744e+00
6.538782268762588501e-02,1.108161086449399590e-04,-3.778800010681152344e+00,3.778800010681152344e+00,4.343648992824949507e-04,-3.778990280318891060e+00,3.778990305282287299e+00
6.567973643541336060e-02,1.386195217492058873e-04,-3.583039522171020508e+00,3.583039522171020508e+00,5.501282173612521411e-04,-3.583179511091629799e+00,3.583179553322427324e+00
6.597164273262023926e-02,1.648393663344904780e-04,-3.346371173858642578e+00,3.346371173858642578e+00,6.523115647315087719e-04,-3.346429240456295418e+00,3.346429304033072594e+00
6.626355648040771484e-02,1.891706633614376187e-04,-3.071331262588500977e+00,3.071331262588500977e+00,7.439904977439310702e-04,-3.071433611324835056e+00,3.071433701432895624e+00
6.655546277761459351e-02,2.113445661962032318e-04,-2.761292219161987305e+00,2.761292219161987305e+00,8.304742793111090631e-04,-2.761349482204937811e+00,2.761349607087267177e+00
6.684737652540206909e-02,2.311070566065609455e-04,-2.419717073440551758e+00,2.419717073440551758e+00,9.051124752766220036e-04,-2.419703834373786222e+00,2.419704003656603319e+00
6.713928282260894775e-02,2.482186828274279833e-04,-2.050404071807861328e+00,2.050404071807861328e+00,9.760919815667664550e-04,-2.050425366685675321e+00,2.050425599016858058e+00
6.743118911981582642e-02,2.625004854053258896e-04,-1.657725811004638672e+00,1.657725811004638672e+00,1.029570129147157429e-03,-1.657715122924242612e+00,1.657715442645808279e+00
6.772310286760330200e-02,2.737874456215649843e-04,-1.246121644973754883e+00,1.246121644973754883e+00,1.073343056400740238e-03,-1.246045057129291145e+00,1.246045519417992686e+00
6.801500916481018066e-02,2.819335204549133778e-04,-8.202240467071533203e-01,8.202240467071533203e-01,1.104846247414470245e-03,-8.201514365304112264e-01,8.201521807129014130e-01
6.830692291259765625e-02,2.868657466024160385e-04,-3.849751949310302734e-01,3.849752843379974365e-01,1.123316834433632071e-03,-3.848748302353843243e-01,3.848764695190216578e-01
6.859882920980453491e-02,2.885258872993290424e-04,5.466597154736518860e-02,5.466673523187637329e-02,1.129510156306590303e-03,5.478004963837961733e-02,5.479169308915846082e-02
6.889074295759201050e-02,2.868748269975185394e-04,4.936897456645965576e-01,4.936898052692413330e-01,1.122556790842055502e-03,4.938285200008415421e-01,4.938297958811013744e-01
6.918264925479888916e-02,2.819536894094198942e-04,9.270634651184082031e-01,9.270634651184082031e-01,1.102947323851830941e-03,9.272225497207486899e-01,9.272232057080136425e-01
6.947456300258636475e-02,2.738175680860877037e-04,1.349879622459411621e+00,1.349879622459411621e+00,1.071995154541682685e-03,1.350032980955704121e+00,1.350033406565095184e+00
6.976646929979324341e-02,2.625380002427846193e-04,1.757198333740234375e+00,1.757198333740234375e+00,1.024430226514477316e-03,1.757398848089895882e+00,1.757399146672429024e+00
7.005838304758071899e-02,2.482656564097851515e-04,2.144484758377075195e+00,2.144484758377075195e+00,9.698183889110132067e-04,2.144701585683662870e+00,2.144701804956046676e+00
7.035028934478759766e-02,2.311631687916815281e-04,2.507326602935791016e+00,2.507326602935791016e+00,9.023263078787153134e-04,2.507487538483195610e+00,2.507487700835496103e+00
7.064220309257507324e-02,2.114060916937887669e-04,2.841389417648315430e+00,2.841389417648315430e+00,8.274507455156199145e-04,2.841630826456973402e+00,2.841630946929118107e+00
7.093410938978195190e-02,1.892400905489921570e-04,3.143037319183349609e+00,3.143037319183349609e+00,7.405797971570249588e-04,3.143294885674967176e+00,3.143294972917565655e+00
7.122602313756942749e-02,1.649159094085916877e-04,3.408869743347167969e+00,3.408869743347167969e+00,6.420118222678940223e-04,3.409045141033995474e+00,3.409045201487753030e+00
7.151792943477630615e-02,1.386991352774202824e-04,3.635576486587524414e+00,3.635576486587524414e+00,5.391587559469066112e-04,3.635839733890696923e+00,3.635839773866628821e+00
7.180984318256378174e-02,1.109005243051797152e-04,3.820817708969116211e+00,3.820817708969116211e+00,4.337793388262851935e-04,3.821094226589724752e+00,3.821094251211535120e+00
7.210174947977066040e-02,8.183776662917807698e-05,3.962503194808959961e+00,3.962503194808959961e+00,3.199794387514883951e-04,3.962682290583512401e+00,3.962682303502392589e+00
7.239366322755813599e-02,5.183521716389805079e-05,4.058730602264404297e+00,4.058730602264404297e+00,1.986116115718601432e-04,4.058991720010419080e+00,4.058991724869577489e+00
7.268556952476501465e-02,2.124361890309955925e-05,4.108644485473632812e+00,4.108644485473632812e+00,7.877840083134284553e-05,4.108921351466685579e+00,4.108921352221875267e+00
7.297748327255249023e-02,-9.592326023266650736e-06,4.111724853515625000e+00,4.111724853515625000e+00,-3.803924838118403486e-05,4.111899928317645170e+00,4.111899928493595979e+00
7.326938956975936890e-02,-4.031765638501383364e-05,4.067650318145751953e+00,4.067650318145751953e+00,-1.583173951659817467e-04,4.067893967547935752e+00,4.067893970628693623e+00
7.356130331754684448e-02,-7.058279879856854677e-05,3.977146863937377930e+00,3.977146863937377930e+00,-2.806190654797823133e-04,3.977405830988671731e+00,3.977405840887970889e+00
7.385320961475372314e-02,-1.000430856947787106e-04,3.841307640075683594e+00,3.841307640075683594e+00,-3.957859741934085119e-04,3.841470860335867599e+00,3.841470880724742187e+00
7.414512336254119873e-02,-1.283573947148397565e-04,3.661424636840820312e+00,3.661424636840820312e+00,-5.029855105236930458e-04,3.661636643236886535e+00,3.661636677783517868e+00
7.443702965974807739e-02,-1.552040630485862494e-04,3.439750671386718750e+00,3.439750671386718750e+00,-6.081739391184311791e-04,3.439967804979837229e+00,3.439967858741319162e+00
7.472894340753555298e-02,-1.802832266548648477e-04,3.178850889205932617e+00,3.178850889205932617e+00,-7.091707808810639819e-04,3.178989920663311430e+00,3.178989999764410435e+00
7.502084970474243164e-02,-2.032959018833935261e-04,2.881525278091430664e+00,2.881525278091430664e+00,-7.990782164339596712e-04,2.881690183815041717e+00,2.881690294605228075e+00
7.531276345252990723e-02,-2.239865279989317060e-04,2.551284790039062500e+00,2.551284790039062500e+00,-8.772743089658603189e-04,2.551453806674374825e+00,2.551453957492349378e+00
7.560466974973678589e-02,-2.421235258225351572e-04,2.191966056823730469e+00,2.191966056823730469e+00,-9.483445521598971766e-04,2.192072383383672829e+00,2.192072588522278931e+00
7.589658349752426147e-02,-2.574873797129839659e-04,1.807522654533386230e+00,1.807522654533386230e+00,-1.011894689097705925e-03,1.807636214805679487e+00,1.807636498029364880e+00
7.618848979473114014e-02,-2.699081087484955788e-04,1.402454137802124023e+00,1.402454137802124023e+00,-1.058189504505182600e-03,1.402555836039172110e+00,1.402556235226441350e+00
7.648040354251861572e-02,-2.792527375277131796e-04,9.813744425773620605e-01,9.813744425773620605e-01,-1.094318055582461317e-03,9.814304660626365084e-01,9.814310761576334752e-01
7.677230983972549438e-02,-2.853993210010230541e-04,5.490617752075195312e-01,5.490618348121643066e-01,-1.117553637431123372e-03,5.491096159805145538e-01,5.491107532077665887e-01
7.706422358751296997e-02,-2.882835979107767344e-04,1.104704216122627258e-01,1.104707866907119751e-01,-1.128940258426227184e-03,1.105029140458794329e-01,1.105086807392890308e-01
7.735612988471984863e-02,-2.878815284930169582e-04,-3.293715715408325195e-01,3.293716907501220703e-01,-1.126948006197652213e-03,-3.293547782196116214e-01,3.293567062440025950e-01
7.764804363250732422e-02,-2.841838868334889412e-04,-7.654603719711303711e-01,7.654603719711303711e-01,-1.111829026015099739e-03,-7.654685773813714178e-01,7.654693848365482500e-01
7.793994992971420288e-02,-2.772369771264493465e-04,-1.192766308784484863e+00,1.192766308784484863e+00,-1.084280047529613458e-03,-1.192820111004159411e+00,1.192820603812323688e+00
7.823185622692108154e-02,-2.671296824701130390e-04,-1.606487751007080078e+00,1.606487751007080078e+00,-1.045794206268488681e-03,-1.606538607416389652e+00,1.606538947802048867e+00
7.852376997470855713e-02,-2.539650595281273127e-04,-2.001842498779296875e+00,2.001842498779296875e+00,-9.904250500033708743e-04,-2.001910770984119736e+00,2.001911015985478937e+00
7.881567627191543579e-02,-2.378958160988986492e-04,-2.374280929565429688e+00,2.374280929565429688e+00,-9.289691689004639027e-04,-2.374398020023231304e+00,2.374398201750068438e+00
7.910759001970291138e-02,-2.191142848460003734e-04,-2.719663143157958984e+00,2.719663143157958984e+00,-8.549857919197625684e-04,-2.719769596295221081e+00,2.719769730681731001e+00
7.939949631690979004e-02,-1.978264772333204746e-04,-3.033932447433471680e+00,3.033932447433471680e+00,-7.742604930014047046e-04,-3.034048585101795759e+00,3.034048683893769915e+00
7.969141006469726562e-02,-1.742751919664442539e-04,-3.313478469848632812e+00,3.313478469848632812e+00,-6.756584696071897111e-04,-3.313667632166688914e+00,3.313667701050236669e+00
7.998331636190414429e-02,-1.487373956479132175e-04,-3.555253028869628906e+00,3.555253028869628906e+00,-5.752115295594489777e-04,-3.555417788412358338e+00,3.555417834942516286e+00
8.027523010969161987e-02,-1.214976800838485360e-04,-3.756384134292602539e+00,3.756384134292602539e+00,-4.716912726541928912e-04,-3.756547604846237398e+00,3.756547634460217555e+00
8.056713640689849854e-02,-9.286815475206822157e-05,-3.914504766464233398e+00,3.914504766464233398e+00,-3.594467636661646749e-04,-3.914747804511327534e+00,3.914747821013280671e+00
8.085905015468597412e-02,-6.317941006273031235e-05,-4.028005123138427734e+00,4.028005123138427734e+00,-2.469656522499052141e-04,-4.028218802619274008e+00,4.028218810189869714e+00
8.115095645189285278e-02,-3.276866482337936759e-05,-4.095463752746582031e+00,4.095463752746582031e+00,-1.200468555335272504e-04,-4.095658274245878694e+00,4.095658276005210041e+00
8.144287019968032837e-02,-1.983026095331297256e-06,-4.116020202636718750e+00,4.116020202636718750e+00,-3.401969767453237924e-06,-4.116300403648511796e+00,4.116300403649917783e+00
8.173477649688720703e-02,2.882493754441384226e-05,-4.089657306671142578e+00,4.089657306671142578e+00,1.171799119948328810e-04,-4.089906943677434015e+00,4.089906945356093892e+00
8.202669024467468262e-02,5.930498446105048060e-05,-4.016563415527343750e+00,4.016563415527343750e+00,2.326425750772194868e-04,-4.016778565278744217e+00,4.016778572015805793e+00
8.231859654188156128e-02,8.910452743293717504e-05,-3.897457122802734375e+00,3.897457122802734375e+00,3.492854638962557875e-04,-3.897754565507169922e+00,3.897754581157248488e+00
8.261051028966903687e-02,1.178887032438069582e-04,-3.733920097351074219e+00,3.733920097351074219e+00,4.655822998465467097e-04,-3.734191479801927116e+00,3.734191508826533834e+00
8.290241658687591553e-02,1.453256991226226091e-04,-3.527740240097045898e+00,3.527740240097045898e+00,5.728019018866798741e-04,-3.527961880814185491e+00,3.527961927314407387e+00
8.319433033466339111e-02,1.710981741780415177e-04,-3.281122446060180664e+00,3.281122446060180664e+00,6.702335902950072154e-04,-3.281412903754838517e+00,3.281412972202955025e+00
8.348623663187026978e-02,1.949192956089973450e-04,-2.997111558914184570e+00,2.997111558914184570e+00,7.635072297935679292e-04,-2.997375810630478199e+00,2.997375907872752432e+00
8.377815037965774536e-02,2.165160403819754720e-04,-2.678866147994995117e+00,2.678866147994995117e+00,8.504383937985297197e-04,-2.679086515982886940e+00,2.679086650962746674e+00
8.407005667686462402e-02,2.356297336518764496e-04,-2.329918146133422852e+00,2.329918146133422852e+00,9.251008957095860265e-04,-2.330187677710494398e+00,2.330187861346268097e+00
8.436197042465209961e-02,2.520575362723320723e-04,-1.954407572746276855e+00,1.954407572746276855e+00,9.870983988997934604e-04,-1.954653313812694693e+00,1.954653563054639553e+00
8.465387672185897827e-02,2.656081924214959145e-04,-1.556600928306579590e+00,1.556600928306579590e+00,1.040043935672505014e-03,-1.556793832384118614e+00,1.556794179794046995e+00
8.494579046964645386e-02,2.761131618171930313e-04,-1.140923261642456055e+00,1.140923261642456055e+00,1.082268988813788173e-03,-1.141142380895853181e+00,1.141142894112223249e+00
8.523769676685333252e-02,2.834701444953680038e-04,-7.122590541839599609e-01,7.122590541839599609e-01,1.110620860020440593e-03,-7.124551518289233831e-01,7.124560174819698499e-01
8.552961051464080811e-02,2.875933132600039244e-04,-2.754459083080291748e-01,2.754460275173187256e-01,1.126031052952370564e-03,-2.756155666068783039e-01,2.756178668046808111e-01
8.582151681184768677e-02,2.884166606236249208e-04,1.645147502422332764e-01,1.645150035619735718e-01,1.129268460009718146e-03,1.643617303420235043e-01,1.643656096885197648e-01
8.611343055963516235e-02,2.859522355720400810e-04,6.026007533073425293e-01,6.026008129119873047e-01,1.119101001141298811e-03,6.024648101880965001e-01,6.024658495732599928e-01
8.640533685684204102e-02,2.802267554216086864e-04,1.033804655075073242e+00,1.033804655075073242e+00,1.095916139101591738e-03,1.033680037012115305e+00,1.033680617961637127e+00
8.669725060462951660e-02,2.712846035137772560e-04,1.453163981437683105e+00,1.453163981437683105e+00,1.062143104933067645e-03,1.453095147952973676e+00,1.453095536140845079e+00
8.698915690183639526e-02,2.592504897620528936e-04,1.855936527252197266e+00,1.855936527252197266e+00,1.014951439898392500e-03,1.855895217187397472e+00,1.855895494715551708e+00
8.728107064962387085e-02,2.442600380163639784e-04,2.237572193145751953e+00,2.237572193145751953e+00,9.518985043858166004e-04,2.237495802874133410e+00,2.237496005357356488e+00
8.757297694683074951e-02,2.264654031023383141e-04,2.593505859375000000e+00,2.593505859375000000e+00,8.815189641727167900e-04,2.593522996540391645e+00,2.593523146351220721e+00
8.786489069461822510e-02,2.060892293229699135e-04,2.919873714447021484e+00,2.919873714447021484e+00,8.066323989143701217e-04,2.919921008909974525e+00,2.919921120326655739e+00
8.815679699182510376e-02,1.833643182180821896e-04,3.212950468063354492e+00,3.212950468063354492e+00,7.176214423276633132e-04,3.212949334489296760e+00,3.212949414630698719e+00
8.844871073961257935e-02,1.585331920068711042e-04,3.469157934188842773e+00,3.469157934188842773e+00,6.137065258566730885e-04,3.469269510559581882e+00,3.469269564841281905e+00
8.874061703681945801e-02,1.318957947660237551e-04,3.685794830322265625e+00,3.685794830322265625e+00,5.090497009247306080e-04,3.685943292785898606e+00,3.685943327937225789e+00
8.903253078460693359e-02,1.037534602801315486e-04,3.860425472259521484e+00,3.860425472259521484e+00,4.058768575738325320e-04,3.860503367673032482e+00,3.860503389009112940e+00
8.932443708181381226e-02,7.442111382260918617e-05,3.990751504898071289e+00,3.990751504898071289e+00,2.909622534999757007e-04,3.990948533697371570e+00,3.990948544303751344e+00
8.961634337902069092e-02,4.424071812536567450e-05,4.075553417205810547e+00,4.075553417205810547e+00,1.727982578058567624e-04,4.075791440608239391e+00,4.075791444271238184e+00
8.990825712680816650e-02,1.355533004243625328e-05,4.113899230957031250e+00,4.113899230957031250e+00,4.482328053871240581e-05,4.114063570499937761e+00,4.114063570744114884e+00
9.020016342401504517e-02,-1.625156588852405548e-02,4.103037834167480469e+00,4.103070259094238281e+00,-6.901145167795677549e-02,4.115809925507708300e+00,4.116388456325577039e+00
9.049207717180252075e-02,-4.195360466837882996e-02,4.080072402954101562e+00,4.080287933349609375e+00,-1.696371425600421423e-01,4.112892097659598178e+00,4.116388971796362206e+00
9.078398346900939941e-02,-6.762998551130294800e-02,4.054672718048095703e+00,4.055236816406250000e+00,-2.701456931225681424e-01,4.107514736516383103e+00,4.116388709319362071e+00
9.107589721679687500e-02,-9.326643496751785278e-02,4.026838779449462891e+00,4.027918815612792969e+00,-3.705083456692181976e-01,4.099680145321162428e+00,4.116388432613118376e+00
9.136780351400375366e-02,-1.188464909791946411e-01,3.996600627899169922e+00,3.998367309570312500e+00,-4.706494544938791824e-01,4.089394133711208745e+00,4.116388622305604983e+00
9.165971726179122925e-02,-1.443556696176528931e-01,3.963977813720703125e+00,3.966605663299560547e+00,-5.705090467617005556e-01,4.076662296043785716e+00,4.116388714446429731e+00
9.195162355899810791e-02,-1.697782576084136963e-01,3.928977251052856445e+00,3.932643651962280273e+00,-6.700119754354647572e-01,4.061494728628691320e+00,4.116388645148266079e+00
9.224353730678558350e-02,-1.950999796390533447e-01,3.891627311706542969e+00,3.896514654159545898e+00,-7.691297410185496952e-01,4.043896116452529554e+00,4.116388752192765565e+00
9.253544360399246216e-02,-2.203046828508377075e-01,3.851956844329833984e+00,3.858251333236694336e+00,-8.677874909744731635e-01,4.023878460011956371e+00,4.116388343006519790e+00
9.282735735177993774e-02,-2.453779429197311401e-01,3.809975385665893555e+00,3.817868709564208984e+00,-9.659109748713340382e-01,4.001458522113399141e+00,4.116388503964468981e+00
9.311926364898681641e-02,-2.703035771846771240e-01,3.765717744827270508e+00,3.775406599044799805e+00,-1.063472126938421303e+00,3.976642174430918608e+00,4.116388702277470557e+00
9.341117739677429199e-02,-2.950684726238250732e-01,3.719212293624877930e+00,3.730898857116699219e+00,-1.160397425298985263e+00,3.949447123879662680e+00,4.116388559035923933e+00
9.370308369398117065e-02,-3.196562528610229492e-01,3.670478105545043945e+00,3.684370994567871094e+00,-1.256628485259577488e+00,3.919890392394880241e+00,4.116388688930562090e+00
9.399499744176864624e-02,-3.440534472465515137e-01,3.619547128677368164e+00,3.635862350463867188e+00,-1.352093218466299041e+00,3.887994199252254646e+00,4.116388582828609977e+00
9.428690373897552490e-02,-3.682447373867034912e-01,3.566458463668823242e+00,3.585419178009033203e+00,-1.446764446254926950e+00,3.853768220404842904e+00,4.116388812970615874e+00
9.457881748676300049e-02,-3.922160565853118896e-01,3.511230707168579102e+00,3.533068895339965820e+00,-1.540570113029336774e+00,3.817237059968462631e+00,4.116388592584026007e+00
9.487072378396987915e-02,-4.159514009952545166e-01,3.453905582427978516e+00,3.478861808776855469e+00,-1.633440245995737561e+00,3.778429348443055336e+00,4.116388633063504443e+00
9.516263753175735474e-02,-4.394398927688598633e-01,3.394516944885253906e+00,3.422842502593994141e+00,-1.725347921352807345e+00,3.737355950925965953e+00,4.116388581467763430e+00
9.545454382896423340e-02,-4.626645147800445557e-01,3.333096027374267578e+00,3.365053653717041016e+00,-1.816223669481002334e+00,3.694047399237686768e+00,4.116388539168497118e+00
9.574645757675170898e-02,-4.856127798557281494e-01,3.269679069519042969e+00,3.305543899536132812e+00,-1.906013224773647652e+00,3.648529722836706402e+00,4.116388654079560894e+00
9.603836387395858765e-02,-5.082707405090332031e-01,3.204312801361083984e+00,3.244373321533203125e+00,-1.994649319655539044e+00,3.600837478289749871e+00,4.116388763644462934e+00
9.633027762174606323e-02,-5.306250452995300293e-01,3.137026309967041016e+00,3.181587219238281250e+00,-2.082106262054752577e+00,3.550984376123436981e+00,4.116388772450966016e+00
9.662218391895294189e-02,-5.526604056358337402e-01,3.067864656448364258e+00,3.117246866226196289e+00,-2.168318012849705489e+00,3.499007579849752858e+00,4.116388835945229197e+00
9.691409766674041748e-02,-5.743671655654907227e-01,2.996869564056396484e+00,3.051413774490356445e+00,-2.253232518305393839e+00,3.444937859125458246e+00,4.116388421272312748e+00
9.720600396394729614e-02,-5.957296490669250488e-01,2.924082279205322266e+00,2.984149932861328125e+00,-2.336786905107961054e+00,3.388817104557702020e+00,4.116388515194707942e+00
9.749791771173477173e-02,-6.167358160018920898e-01,2.849541902542114258e+00,2.915519237518310547e+00,-2.418957057537791222e+00,3.330660913252656563e+00,4.116388631468232973e+00
9.778982400894165039e-02,-6.373734474182128906e-01,2.773303270339965820e+00,2.845602989196777344e+00,-2.499680360419705760e+00,3.270512603445773436e+00,4.116388537731300978e+00
9.808173775672912598e-02,-6.576303243637084961e-01,2.695403099060058594e+00,2.774468660354614258e+00,-2.578908654381578902e+00,3.208408615997698554e+00,4.116388671499870533e+00
9.837364405393600464e-02,-6.774920821189880371e-01,2.615892171859741211e+00,2.702200412750244141e+00,-2.656582473677071121e+00,3.144395803818976098e+00,4.116388636963542957e+00
9.866555780172348022e-02,-6.969507336616516113e-01,2.534816503524780273e+00,2.628884792327880859e+00,-2.732679888252018241e+00,3.078492596341944942e+00,4.116388713106335473e+00
9.895746409893035889e-02,-7.159919142723083496e-01,2.452226877212524414e+00,2.554615736007690430e+00,-2.807142892746159468e+00,3.010747973178607761e+00,4.116388535876366106e+00
9.924937784671783447e-02,-7.346044778823852539e-01,2.368165016174316406e+00,2.479485511779785156e+00,-2.879915912500254027e+00,2.941214219959381371e+00,4.116388799756825811e+00
9.954128414392471313e-02,-7.527782320976257324e-01,2.282692432403564453e+00,2.403613805770874023e+00,-2.950977977947748077e+00,2.869910229981520011e+00,4.116388678743197360e+00
9.983319789171218872e-02,-7.705025076866149902e-01,2.195852756500244141e+00,2.327110528945922852e+00,-3.020275206747938146e+00,2.796889935333092492e+00,4.116388664213311621e+00
1.001251041889190674e-01,-7.877637147903442383e-01,2.107701063156127930e+00,2.250105619430541992e+00,-3.087765741662152674e+00,2.722197084708945169e+00,4.116388495195795194e+00
1.004170104861259460e-01,-8.045554757118225098e-01,2.018289804458618164e+00,2.172740936279296875e+00,-3.153399790611472131e+00,2.645888177833077837e+00,4.116388525033238821e+00
1.007089242339134216e-01,-8.208667635917663574e-01,1.927669763565063477e+00,2.095169067382812500e+00,-3.217158572970571395e+00,2.567985178812921543e+00,4.116388849737215416e+00
1.010008305311203003e-01,-8.366852998733520508e-01,1.835895776748657227e+00,2.017561912536621094e+00,-3.278992793283221907e+00,2.488546011725001783e+00,4.116388585990846671e+00
1.012927442789077759e-01,-8.520050644874572754e-01,1.743024230003356934e+00,1.940115094184875488e+00,-3.338866138407059037e+00,2.407618642633525763e+00,4.116388540766987347e+00
1.015846505761146545e-01,-8.668153285980224609e-01,1.649113535881042480e+00,1.863046884536743164e+00,-3.396733654734761298e+00,2.325264513911224906e+00,4.116388536188313907e+00
1.018765643239021301e-01,-8.811054229736328125e-01,1.554213285446166992e+00,1.786596179008483887e+00,-3.452579201344039284e+00,2.241506746052046140e+00,4.116388664126636954e+00
1.021684706211090088e-01,-8.948699831962585449e-01,1.458385825157165527e+00,1.711046934127807617e+00,-3.506359520221886683e+00,2.156408666370387195e+00,4.116388638290604085e+00
1.024603843688964844e-01,-9.081003665924072266e-01,1.361684918403625488e+00,1.636713862419128418e+00,-3.558034943718608289e+00,2.070034506980035882e+00,4.116388650359773749e+00
1.027522906661033630e-01,-9.207853078842163086e-01,1.264168977737426758e+00,1.563959360122680664e+00,-3.607590778194884162e+00,1.982408561140341474e+00,4.116388578134879239e+00
1.030442044138908386e-01,-9.329211711883544922e-01,1.165896534919738770e+00,1.493203520774841309e+00,-3.654989056509001522e+00,1.893597303632778006e+00,4.116388678383746225e+00
1.033361107110977173e-01,-9.444998502731323242e-01,1.066930413246154785e+00,1.424928307533264160e+00,-3.700201401006591340e+00,1.803653362101163671e+00,4.116388691393218835e+00
1.036280244588851929e-01,-9.555112719535827637e-01,9.673235416412353516e-01,1.359675168991088867e+00,-3.743194165102293969e+00,1.712645179477091384e+00,4.116388716878178755e+00
1.039199307560920715e-01,-9.659526944160461426e-01,8.671397566795349121e-01,1.298074007034301758e+00,-3.783955061289478117e+00,1.620598566408222974e+00,4.116388662323158698e+00
1.042118445038795471e-01,-9.758179187774658203e-01,7.664357423782348633e-01,1.240823984146118164e+00,-3.822452837650250679e+00,1.527582648520416697e+00,4.116388519578916494e+00
1.045037508010864258e-01,-9.850966334342956543e-01,6.652738451957702637e-01,1.188698649406433105e+00,-3.858664644247661535e+00,1.433653078406782688e+00,4.116388463931966335e+00
1.047956645488739014e-01,-9.937878847122192383e-01,5.637126564979553223e-01,1.142535090446472168e+00,-3.892563789842072186e+00,1.338881065809528037e+00,4.116388631600876202e+00
1.050875708460807800e-01,-1.001886129379272461e+00,4.618175625801086426e-01,1.103200554847717285e+00,-3.924140149661861976e+00,1.243293584314383748e+00,4.116388568998987196e+00
1.053794845938682556e-01,-1.009382128715515137e+00,3.596449196338653564e-01,1.071539402008056641e+00,-3.953369663980983884e+00,1.146962403840037448e+00,4.116388521010575730e+00
1.056713908910751343e-01,-1.016276001930236816e+00,2.572579085826873779e-01,1.048331379890441895e+00,-3.980230916052204915e+00,1.049960689175704953e+00,4.116388659239078152e+00
1.059633046388626099e-01,-1.022563815116882324e+00,1.547146737575531006e-01,1.034201741218566895e+00,-4.004715932373692056e+00,9.523157421511398990e-01,4.116388583668524781e+00
1.062552109360694885e-01,-1.028237223625183105e+00,5.208110064268112183e-02,1.029555439949035645e+00,-4.026806166195817660e+00,8.541012844562616557e-01,4.116388818396835347e+00
1.065471246838569641e-01,-1.033296942710876465e+00,-5.058602616190910339e-02,1.034534454345703125e+00,-4.046487873378199929e+00,7.553760041178128049e-01,4.116388832094681760e+00
1.068390309810638428e-01,-1.037740111351013184e+00,-1.532178521156311035e-01,1.048990130424499512e+00,-4.063746812986565260e+00,6.562145177977709576e-01,4.116388666468099977e+00
1.071309447288513184e-01,-1.041560292243957520e+00,-2.557629346847534180e-01,1.072502851486206055e+00,-4.078578126552252492e+00,5.566451579188430587e-01,4.116388388651509800e+00
1.074228510260581970e-01,-1.044758439064025879e+00,-3.581525683403015137e-01,1.104442596435546875e+00,-4.090970916011901437e+00,4.567427933871373580e-01,4.116388831848412977e+00
1.077147647738456726e-01,-1.047333478927612305e+00,-4.603312611579895020e-01,1.144033432006835938e+00,-4.100916462587244737e+00,3.565672954791399007e-01,4.116388716985361462e+00
1.080066710710525513e-01,-1.049279689788818359e+00,-5.622310638427734375e-01,1.190416574478149414e+00,-4.108408171163966394e+00,2.561942193995058736e-01,4.116388365902878377e+00
1.082985848188400269e-01,-1.050599336624145508e+00,-6.637974381446838379e-01,1.242733359336853027e+00,-4.113444527986945154e+00,1.556522839623310783e-01,4.116388407126862603e+00
1.085904911160469055e-01,-1.051292061805725098e+00,-7.649627923965454102e-01,1.300147414207458496e+00,-4.116020849396853976e+00,5.501727900794023407e-02,4.116388530454703876e+00
1.088824048638343811e-01,-1.051354050636291504e+00,-8.656743764877319336e-01,1.361887454986572266e+00,-4.116135576177459399e+00,-4.565065541870499954e-02,4.116388716316025764e+00
1.091743111610412598e-01,-1.050787925720214844e+00,-9.658659100532531738e-01,1.427253365516662598e+00,-4.113788797241602957e+00,-1.462755844561623442e-01,4.116388564618080892e+00
1.094662249088287354e-01,-1.049594759941101074e+00,-1.065483927726745605e+00,1.495628714561462402e+00,-4.108981861742781128e+00,-2.468287484839432888e-01,4.116388753654023347e+00
1.097581312060356140e-01,-1.047772169113159180e+00,-1.164460301399230957e+00,1.566459178924560547e+00,-4.101717243382786648e+00,-3.472342491246935836e-01,4.116388704730018055e+00
1.100500449538230896e-01,-1.045323252677917480e+00,-1.262742996215820312e+00,1.639274477958679199e+00,-4.092001228152709835e+00,-4.474164919396075857e-01,4.116388656147865532e+00
1.103419512510299683e-01,-1.042250752449035645e+00,-1.360267519950866699e+00,1.713655233383178711e+00,-4.079836595009670219e+00,-5.473468170785854570e-01,4.116388608980711794e+00
1.106338649988174438e-01,-1.038553237915039062e+00,-1.456981539726257324e+00,1.789242386817932129e+00,-4.065232013044633774e+00,-6.469497895552288602e-01,4.116388629622873552e+00
1.109257712960243225e-01,-1.034234642982482910e+00,-1.552821636199951172e+00,1.865715980529785156e+00,-4.048196410886861329e+00,-7.461658103110915263e-01,4.116388902617739376e+00
1.112176850438117981e-01,-1.029299139976501465e+00,-1.647737860679626465e+00,1.942806363105773926e+00,-4.028742262725257817e+00,-8.449202718452600847e-01,4.116388524573901364e+00
1.115095913410186768e-01,-1.023746848106384277e+00,-1.741664290428161621e+00,2.020260334014892578e+00,-4.006876636748674336e+00,-9.431848266608943154e-01,4.116388951419157394e+00
1.118014976382255554e-01,-1.017582058906555176e+00,-1.834548592567443848e+00,2.097866058349609375e+00,-3.982613910104457755e+00,-1.040885251189321403e+00,4.116388667643153809e+00
1.120934113860130310e-01,-1.010810256004333496e+00,-1.926338553428649902e+00,2.175435066223144531e+00,-3.955973935244934570e+00,-1.137948112656791633e+00,4.116388670113215298e+00
1.123853176832199097e-01,-1.003432750701904297e+00,-2.016974449157714844e+00,2.252790212631225586e+00,-3.926964012291412232e+00,-1.234345543810270396e+00,4.116388620545458288e+00
1.126772314310073853e-01,-9.954547286033630371e-01,-2.106405735015869141e+00,2.329780101776123047e+00,-3.895605415591909981e+00,-1.330004787361710017e+00,4.116388500663425987e+00
1.129691377282142639e-01,-9.868829846382141113e-01,-2.194577932357788086e+00,2.406264781951904297e+00,-3.861917297877853983e+00,-1.424868620898725347e+00,4.116388684571711032e+00
1.132610514760017395e-01,-9.777199029922485352e-01,-2.281437873840332031e+00,2.482115030288696289e+00,-3.825924968889772071e+00,-1.518865714104565390e+00,4.116388577996078268e+00
1.135529577732086182e-01,-9.679718613624572754e-01,-2.366930007934570312e+00,2.557210922241210938e+00,-3.787639293725009182e+00,-1.611969143177908403e+00,4.116388701025136321e+00
1.138448715209960938e-01,-9.576463103294372559e-01,-2.451010227203369141e+00,2.631451845169067383e+00,-3.747088193983019622e+00,-1.704108448529603415e+00,4.116388652427866113e+00
1.141367778182029724e-01,-9.467474222183227539e-01,-2.533622980117797852e+00,2.704732179641723633e+00,-3.704296279683432669e+00,-1.795228510204263106e+00,4.116388748833951006e+00
1.144286915659904480e-01,-9.352812767028808594e-01,-2.614720582962036133e+00,2.776961565017700195e+00,-3.659295974139960883e+00,-1.885261077208631342e+00,4.116388751757392050e+00
1.147205978631973267e-01,-9.232575297355651855e-01,-2.694256067276000977e+00,2.848055601119995117e+00,-3.612100275702961216e+00,-1.974180209159438482e+00,4.116388696414638559e+00
1.150125116109848022e-01,-9.106808304786682129e-01,-2.772181272506713867e+00,2.917932271957397461e+00,-3.562744217907185540e+00,-2.061918645033034903e+00,4.116388570211266362e+00
1.153044179081916809e-01,-8.975588679313659668e-01,-2.848443746566772461e+00,2.986510276794433594e+00,-3.511265676440883166e+00,-2.148410594019183772e+00,4.116388554430414182e+00
1.155963316559791565e-01,-8.839015364646911621e-01,-2.923006772994995117e+00,3.053727388381958008e+00,-3.457679544423408302e+00,-2.233631095876888573e+00,4.116388672658628067e+00
1.158882379531860352e-01,-8.697153925895690918e-01,-2.995821237564086914e+00,3.119511365890502930e+00,-3.402025105516648384e+00,-2.317516048838672127e+00,4.116388642389148700e+00
1.161801517009735107e-01,-8.550076484680175781e-01,-3.066842317581176758e+00,3.183796405792236328e+00,-3.344336213290651116e+00,-2.400014634174707506e+00,4.116388581242058642e+00
1.164720579981803894e-01,-8.397902250289916992e-01,-3.136031627655029297e+00,3.246527671813964844e+00,-3.284656649845785648e+00,-2.481065197197424688e+00,4.116388443784240181e+00
1.167639717459678650e-01,-8.240701556205749512e-01,-3.203347444534301758e+00,3.307646989822387695e+00,-3.223003423537641243e+00,-2.560645072745954653e+00,4.116388496815320153e+00
1.170558780431747437e-01,-8.078566193580627441e-01,-3.268740177154541016e+00,3.367089748382568359e+00,-3.159422926687625477e+00,-2.638693596102334560e+00,4.116388845066858870e+00
1.173477917909622192e-01,-7.911607623100280762e-01,-3.332184553146362305e+00,3.424819469451904297e+00,-3.093952544265102578e+00,-2.715163336449589515e+00,4.116388500829891939e+00
1.176396980881690979e-01,-7.739921212196350098e-01,-3.393636465072631836e+00,3.480780363082885742e+00,-3.026642418820145952e+00,-2.789998451162467585e+00,4.116388670775688041e+00
1.179316118359565735e-01,-7.563589215278625488e-01,-3.453053951263427734e+00,3.534920215606689453e+00,-2.957511943548479572e+00,-2.863176307837874912e+00,4.116388643701664130e+00
1.182235181331634521e-01,-7.382748723030090332e-01,-3.510410308837890625e+00,3.587203502655029297e+00,-2.886612682076924230e+00,-2.934641798957265735e+00,4.116388619228567691e+00
1.185154318809509277e-01,-7.197492122650146484e-01,-3.565670490264892578e+00,3.637587785720825195e+00,-2.813986958747801914e+00,-3.004352570659276633e+00,4.116388826730257300e+00
1.188073381781578064e-01,-7.007927298545837402e-01,-3.618788242340087891e+00,3.686019182205200195e+00,-2.739689888241914950e+00,-3.072255472434132884e+00,4.116388510774521059e+00
1.190992519259452820e-01,-6.814171671867370605e-01,-3.669750213623046875e+00,3.732478380203247070e+00,-2.663742954422890996e+00,-3.138331955588968381e+00,4.116388464504834310e+00
1.193911582231521606e-01,-6.616350412368774414e-01,-3.718518495559692383e+00,3.776922225952148438e+00,-2.586203143810089422e+00,-3.202531519144375949e+00,4.116388566713105490e+00
1.196830719709396362e-01,-6.414552330970764160e-01,-3.765055894851684570e+00,3.819307804107666016e+00,-2.507116302317814682e+00,-3.264815912603886261e+00,4.116388598825347245e+00
1.199749782681465149e-01,-6.208932995796203613e-01,-3.809346437454223633e+00,3.859615087509155273e+00,-2.426542706104952707e+00,-3.325138258109181066e+00,4.116388458356731839e+00
1.202668920159339905e-01,-5.999601483345031738e-01,-3.851363182067871094e+00,3.897813558578491211e+00,-2.344505723976795242e+00,-3.383481702561708548e+00,4.116388650422823758e+00
1.205587983131408691e-01,-5.786677598953247070e-01,-3.891065359115600586e+00,3.933858871459960938e+00,-2.261066318062270764e+00,-3.439801524286606238e+00,4.116388638255641830e+00
1.208507120609283447e-01,-5.570291280746459961e-01,-3.928448438644409180e+00,3.967743635177612305e+00,-2.176287796021110665e+00,-3.494055896174946163e+00,4.116388608562768781e+00
1.211426183581352234e-01,-5.350584983825683594e-01,-3.963485479354858398e+00,3.999438285827636719e+00,-2.090194944459578874e+00,-3.546228938718896995e+00,4.116388537498827382e+00
1.214345321059226990e-01,-5.127659440040588379e-01,-3.996142864227294922e+00,4.028906822204589844e+00,-2.002851992215686217e+00,-3.596281222752776952e+00,4.116388555013551276e+00
1.217264384031295776e-01,-4.901680946350097656e-01,-4.026415348052978516e+00,4.056141853332519531e+00,-1.914324927275547594e+00,-3.644175490035359566e+00,4.116388578519159402e+00
1.220183521509170532e-01,-4.672771394252777100e-01,-4.054286003112792969e+00,4.081125259399414062e+00,-1.824639344733253621e+00,-3.689897780396140359e+00,4.116388510347506191e+00
1.223102584481239319e-01,-4.441065788269042969e-01,-4.079719543457031250e+00,4.103820800781250000e+00,-1.733862388961432854e+00,-3.733413475296928130e+00,4.116388582408581520e+00
1.226021721959114075e-01,-4.206699132919311523e-01,-4.102720260620117188e+00,4.124230384826660156e+00,-1.642048569269791480e+00,-3.774696131161684232e+00,4.116388512573607272e+00
1.228940784931182861e-01,-3.969829082489013672e-01,-4.123272418975830078e+00,4.142338752746582031e+00,-1.549267236665090808e+00,-3.813715453284346246e+00,4.116388529915964156e+00
1.231859847903251648e-01,-3.730573058128356934e-01,-4.141347408294677734e+00,4.158115863800048828e+00,-1.455545020110152521e+00,-3.850460358043572118e+00,4.116388741898959758e+00
1.234778985381126404e-01,-3.489085733890533447e-01,-4.156952381134033203e+00,4.171569347381591797e+00,-1.360952201617349644e+00,-3.884902233224505341e+00,4.116388739757198323e+00
1.237698048353195190e-01,-3.245522975921630859e-01,-4.170076370239257812e+00,4.182687282562255859e+00,-1.265545354958070634e+00,-3.917020626833441543e+00,4.116388664411391396e+00
1.240617185831069946e-01,-3.000010251998901367e-01,-4.180695533752441406e+00,4.191445350646972656e+00,-1.169396720467475559e+00,-3.946791962663916742e+00,4.116388646178660515e+00
1.243536248803138733e-01,-2.752707302570343018e-01,-4.188819408416748047e+00,4.197854518890380859e+00,-1.072533848286663982e+00,-3.974207555037834183e+00,4.116388531982908106e+00
1.246455386281013489e-01,-2.503755986690521240e-01,-4.194444656372070312e+00,4.201910972595214844e+00,-9.750295389272763957e-01,-3.999246459262321363e+00,4.116388568114403235e+00
1.249374449253082275e-01,-2.253307104110717773e-01,-4.197551250457763672e+00,4.203595161437988281e+00,-8.769573948372250127e-01,-4.021890126949863919e+00,4.116388522189868837e+00
1.252293586730957031e-01,-2.001513242721557617e-01,-4.198151588439941406e+00,4.202919960021972656e+00,-7.783455328856458966e-01,-4.042132026967929725e+00,4.116388355342933458e+00
1.255212724208831787e-01,-1.748518794775009155e-01,-4.196247100830078125e+00,4.199888229370117188e+00,-6.792681654906027600e-01,-4.059956958713581088e+00,4.116388677865076673e+00
1.258131712675094604e-01,-1.494487524032592773e-01,-4.191824436187744141e+00,4.194488048553466797e+00,-5.797844877858714385e-01,-4.075353331773056809e+00,4.116388566580040376e+00
1.261050850152969360e-01,-1.239551082253456116e-01,-4.184897422790527344e+00,4.186732769012451172e+00,-4.799697794730289901e-01,-4.088310730783629943e+00,4.116388662486569316e+00
1.263969987630844116e-01,-9.838747978210449219e-02,-4.175473690032958984e+00,4.176632881164550781e+00,-3.798523300611705289e-01,-4.098825250803225906e+00,4.116388736413876259e+00
1.266889125108718872e-01,-7.276081293821334839e-02,-4.163544654846191406e+00,4.164180278778076172e+00,-2.795077805821749029e-01,-4.106888389664364425e+00,4.116388811150609506e+00
1.269808113574981689e-01,-4.709200561046600342e-02,-4.149128437042236328e+00,4.149395465850830078e+00,-1.789960393315922493e-01,-4.112495245561412105e+00,4.116388796853573950e+00
1.272727251052856445e-01,-2.139377221465110779e-02,-4.132236003875732422e+00,4.132291316986083984e+00,-7.839296502551704182e-02,-4.115642089897146860e+00,4.116388619785363190e+00
1.275646388530731201e-01,4.317302256822586060e-03,-4.112864971160888672e+00,4.112866878509521484e+00,2.227268073037462146e-02,-4.116328363620257669e+00,4.116388619828252438e+00
1.278565526008605957e-01,3.002576716244220734e-02,-4.091035842895507812e+00,4.091145992279052734e+00,1.229250086304476686e-01,-4.114552723843789117e+00,4.116388547627294336e+00
1.281484514474868774e-01,5.571487918496131897e-02,-4.066767215728759766e+00,4.067148685455322266e+00,2.234881528720762955e-01,-4.110317166764075658e+00,4.116388485780907658e+00
1.284403651952743530e-01,8.137089014053344727e-02,-4.040060043334960938e+00,4.040879249572753906e+00,3.239333333400520876e-01,-4.103623041816122807e+00,4.116388571766884219e+00
1.287322789430618286e-01,1.069793701171875000e-01,-4.010935783386230469e+00,4.012362003326416016e+00,4.241847356210880493e-01,-4.094474729780482214e+00,4.116388708898236715e+00
1.290241926908493042e-01,1.325240433216094971e-01,-3.979418516159057617e+00,3.981624364852905273e+00,5.241825144760364763e-01,-4.082877346203766855e+00,4.116388554622405493e+00
1.293160915374755859e-01,1.579880118370056152e-01,-3.945518016815185547e+00,3.948679685592651367e+00,6.238511884006059383e-01,-4.068840514931940433e+00,4.116388397760889717e+00
1.296080052852630615e-01,1.833587437868118286e-01,-3.909255743026733398e+00,3.913553476333618164e+00,7.231623705886259801e-01,-4.052368442345692046e+00,4.116388442160750394e+00
1.298999190330505371e-01,2.086200863122940063e-01,-3.870661020278930664e+00,3.876279354095458984e+00,8.220411488826110391e-01,-4.033473129760622555e+00,4.116388846909046606e+00
1.301918327808380127e-01,2.337564677000045776e-01,-3.829747200012207031e+00,3.836874246597290039e+00,9.204281525522919338e-01,-4.012164933843767045e+00,4.116388640589756953e+00
1.304837316274642944e-01,2.587516307830810547e-01,-3.786543846130371094e+00,3.795374393463134766e+00,1.018249555064346445e+00,-3.988461088636968022e+00,4.116388467086157021e+00
1.307756453752517700e-01,2.835937440395355225e-01,-3.741079092025756836e+00,3.751812696456909180e+00,1.115477307026951026e+00,-3.962368658234355578e+00,4.116388587858296866e+00
1.310675591230392456e-01,3.082660138607025146e-01,-3.693373918533325195e+00,3.706216096878051758e+00,1.212037780424459088e+00,-3.933906305125019820e+00,4.116388514059215353e+00
1.313594728708267212e-01,3.327536880970001221e-01,-3.643457889556884766e+00,3.658621311187744141e+00,1.307873488154251307e+00,-3.903091277444056928e+00,4.116388536214317106e+00
1.316513717174530029e-01,3.570404052734375000e-01,-3.591373205184936523e+00,3.609077453613281250e+00,1.402912126308856866e+00,-3.869947467131023888e+00,4.116388688219111636e+00
1.319432854652404785e-01,3.811158835887908936e-01,-3.537133216857910156e+00,3.557605981826782227e+00,1.497126748156511811e+00,-3.834484069895170766e+00,4.116388779297397882e+00
1.322351992130279541e-01,4.049630463123321533e-01,-3.480774879455566406e+00,3.504253149032592773e+00,1.590445913965790714e+00,-3.796727112566954165e+00,4.116388583765079545e+00
1.325271129608154297e-01,4.285686016082763672e-01,-3.422339916229248047e+00,3.449069499969482422e+00,1.682814007158614178e+00,-3.756699780813477219e+00,4.116388735998248727e+00
1.328190118074417114e-01,4.519165754318237305e-01,-3.361860275268554688e+00,3.392098903656005859e+00,1.774161313079869462e+00,-3.714432132762982786e+00,4.116388518316929535e+00
1.331109255552291870e-01,4.749949574470520020e-01,-3.299363136291503906e+00,3.333379268646240234e+00,1.864462007312515768e+00,-3.669936926643925457e+00,4.116388662681948141e+00
1.334028393030166626e-01,4.977899193763732910e-01,-3.234897136688232422e+00,3.272973060607910156e+00,1.953647603655061404e+00,-3.623246827529809977e+00,4.116388773241905774e+00
1.336947530508041382e-01,5.202871561050415039e-01,-3.168496608734130859e+00,3.210929870605468750e+00,2.041664694125321589e+00,-3.574389522801996399e+00,4.116388609443297320e+00
1.339866518974304199e-01,5.424713492393493652e-01,-3.100200176239013672e+00,3.147302865982055664e+00,2.128447365395274016e+00,-3.523402651302610877e+00,4.116388517920089640e+00
1.342785656452178955e-01,5.643330812454223633e-01,-3.030050992965698242e+00,3.082155227661132812e+00,2.213970773190152563e+00,-3.470300866029103926e+00,4.116388548874189368e+00
1.345704793930053711e-01,5.858573317527770996e-01,-2.958089828491210938e+00,3.015547275543212891e+00,2.298170222808223251e+00,-3.415123697316821083e+00,4.116388737835302791e+00
1.348623782396316528e-01,6.070293188095092773e-01,-2.884358406066894531e+00,2.947542428970336914e+00,2.380981883723797043e+00,-3.357912810392006620e+00,4.116388365158912599e+00
1.351542919874191284e-01,6.278390288352966309e-01,-2.808906793594360352e+00,2.878217935562133789e+00,2.462382855567768480e+00,-3.298685455370041542e+00,4.116388594492013553e+00
1.354462057352066040e-01,6.482746601104736328e-01,-2.731772184371948242e+00,2.807639360427856445e+00,2.542311477101013129e+00,-3.237484937383266814e+00,4.116388753067798945e+00
1.357381194829940796e-01,6.683213710784912109e-01,-2.652998924255371094e+00,2.735883235931396484e+00,2.620719353743169222e+00,-3.174347939052117429e+00,4.116388559070734310e+00
1.360300183296203613e-01,6.879683732986450195e-01,-2.572647094726562500e+00,2.663046121597290039e+00,2.697547999890171244e+00,-3.109323208056138821e+00,4.116388711463967454e+00
1.363219320774078369e-01,7.072052955627441406e-01,-2.490753889083862305e+00,2.589207172393798828e+00,2.772775478936300608e+00,-3.042428696859640347e+00,4.116388736752820243e+00
1.366138458251953125e-01,7.260178923606872559e-01,-2.407366037368774414e+00,2.514460802078247070e+00,2.846344517352223935e+00,-2.973714567667360864e+00,4.116388640716294844e+00
1.369057595729827881e-01,7.443972826004028320e-01,-2.322542190551757812e+00,2.438919782638549805e+00,2.918200255930742060e+00,-2.903233096282384018e+00,4.116388604719389832e+00
1.371976584196090698e-01,7.623311877250671387e-01,-2.236335277557373047e+00,2.362698554992675781e+00,2.988321979968200814e+00,-2.831004365146254198e+00,4.116388462164159989e+00
1.374895721673965454e-01,7.798084020614624023e-01,-2.148781538009643555e+00,2.285905361175537109e+00,3.056656529127493194e+00,-2.757082773487734784e+00,4.116388533280179729e+00
1.377814859151840210e-01,7.968204021453857422e-01,-2.059946060180664062e+00,2.208687543869018555e+00,3.123163003381780101e+00,-2.681512295382574962e+00,4.116388627909253195e+00
1.380733996629714966e-01,8.133566379547119141e-01,-1.969880342483520508e+00,2.131191492080688477e+00,3.187791855687709397e+00,-2.604349904247023950e+00,4.116388628268761174e+00
1.383652985095977783e-01,8.294035792350769043e-01,-1.878636598587036133e+00,2.053578853607177734e+00,3.250524550455524242e+00,-2.525618037880763556e+00,4.116388748209134363e+00
1.386572122573852539e-01,8.449557423591613770e-01,-1.786272168159484863e+00,1.976035952568054199e+00,3.311312762543938693e+00,-2.445375799677276252e+00,4.116388588682274197e+00
1.389491260051727295e-01,8.600044846534729004e-01,-1.692836880683898926e+00,1.898764014244079590e+00,3.370120894262628397e+00,-2.363671145873435187e+00,4.116388724085734196e+00
1.392410397529602051e-01,8.745365738868713379e-01,-1.598384499549865723e+00,1.821989893913269043e+00,3.426904472248076150e+00,-2.280565750774431688e+00,4.116388514890111594e+00
1.395329385995864868e-01,8.885461091995239258e-01,-1.502983689308166504e+00,1.745988011360168457e+00,3.481647845649130435e+00,-2.196083682258711089e+00,4.116388618752632844e+00
1.398248523473739624e-01,9.020263552665710449e-01,-1.406681060791015625e+00,1.671048521995544434e+00,3.534308948872851630e+00,-2.110288251261783099e+00,4.116388738870059072e+00
1.401167660951614380e-01,9.149644970893859863e-01,-1.309533238410949707e+00,1.597509741783142090e+00,3.584848362580890679e+00,-2.023244402073699710e+00,4.116388671301757896e+00
1.404086798429489136e-01,9.273567199707031250e-01,-1.211604118347167969e+00,1.525770306587219238e+00,3.633251878291399173e+00,-1.934977017612287797e+00,4.116388619870058108e+00
1.407005786895751953e-01,9.391952157020568848e-01,-1.112957239151000977e+00,1.456283330917358398e+00,3.679482718006954034e+00,-1.845552317796120834e+00,4.116388760774967182e+00
1.409924924373626709e-01,9.504699110984802246e-01,-1.013636469841003418e+00,1.389551043510437012e+00,3.723512517176296388e+00,-1.755023884205070495e+00,4.116388502036561370e+00
1.412844061851501465e-01,9.611774682998657227e-01,-9.137109518051147461e-01,1.326171159744262695e+00,3.765309538724063376e+00,-1.663460252806516992e+00,4.116388700678489165e+00
1.415763199329376221e-01,9.713115096092224121e-01,-8.132402896881103516e-01,1.266809344291687012e+00,3.804861019813485346e+00,-1.570887360041683056e+00,4.116388523698272017e+00
1.418682187795639038e-01,9.808614253997802734e-01,-7.122899293899536133e-01,1.212207198143005371e+00,3.842137150895970965e+00,-1.477375146575809373e+00,4.116388612608740338e+00
1.421601325273513794e-01,9.898265600204467773e-01,-6.109072566032409668e-01,1.163169980049133301e+00,3.877115322156474253e+00,-1.382979380968235583e+00,4.116388610114912971e+00
1.424520462751388550e-01,9.982013106346130371e-01,-5.091584920883178711e-01,1.120557069778442383e+00,3.909769797929298463e+00,-1.287771379100064895e+00,4.116388586811186023e+00
1.427439600229263306e-01,1.005976676940917969e+00,-4.071040451526641846e-01,1.085229396820068359e+00,3.940091412292542561e+00,-1.191778459179938521e+00,4.116388736864723619e+00
1.430358588695526123e-01,1.013150930404663086e+00,-3.048118054866790771e-01,1.058009982109069824e+00,3.968056347279951712e+00,-1.095072626334780530e+00,4.116388615295750952e+00
1.433277726173400879e-01,1.019721150398254395e+00,-2.023323774337768555e-01,1.039600610733032227e+00,3.993644381840137925e+00,-9.977272674589321433e-01,4.116388605177403015e+00
1.436196863651275635e-01,1.025679349899291992e+00,-9.973151236772537231e-02,1.030516624450683594e+00,4.016848022715071131e+00,-8.997699163146055668e-01,4.116388458332712830e+00
1.439116001129150391e-01,1.031024694442749023e+00,2.928810659795999527e-03,1.031028866767883301e+00,4.037649680366958371e+00,-8.012745199726234446e-01,4.116388683995324094e+00
1.442034989595413208e-01,1.035754919052124023e+00,1.055822372436523438e-01,1.041122317314147949e+00,4.056033439559763920e+00,-7.023153602993854605e-01,4.116388481197986948e+00
1.444954127073287964e-01,1.039863824844360352e+00,2.081775963306427002e-01,1.060497403144836426e+00,4.071994919611800157e+00,-6.029208227870466175e-01,4.116388726043074264e+00
1.447873264551162720e-01,1.043351411819458008e+00,3.106484115123748779e-01,1.088615894317626953e+00,4.085520834343792096e+00,-5.031655706154776198e-01,4.116388718198270347e+00
1.450792253017425537e-01,1.046216249465942383e+00,4.129287600517272949e-01,1.124757051467895508e+00,4.096602942354972576e+00,-4.031094983201107262e-01,4.116388336266066261e+00
1.453711390495300293e-01,1.048453927040100098e+00,5.149615406990051270e-01,1.168092846870422363e+00,4.105235862414845727e+00,-3.028123418850409698e-01,4.116388805792628780e+00
1.456630527973175049e-01,1.050064563751220703e+00,6.166915297508239746e-01,1.217761874198913574e+00,4.111412046291987643e+00,-2.023497292390373514e-01,4.116388517537913572e+00
1.459549665451049805e-01,1.051048994064331055e+00,7.180536389350891113e-01,1.272912025451660156e+00,4.115130935191008810e+00,-1.017504406193395494e-01,4.116388680133625577e+00
1.462468653917312622e-01,1.051403284072875977e+00,8.189802765846252441e-01,1.332733154296875000e+00,4.116388323137189609e+00,-1.090311483095263287e-03,4.116388467533079520e+00
1.465387791395187378e-01,1.051128745079040527e+00,9.194220900535583496e-01,1.396498680114746094e+00,4.115184775269231210e+00,9.955478389134260475e-02,4.116388816621107338e+00
1.468306928873062134e-01,1.050227046012878418e+00,1.019315361976623535e+00,1.463550686836242676e+00,4.111519733201215665e+00,2.001560354562326172e-01,4.116388824568513627e+00
1.471226066350936890e-01,1.048696041107177734e+00,1.118597984313964844e+00,1.533305168151855469e+00,4.105395670353428450e+00,3.006375653289404815e-01,4.116388776080751377e+00
1.474145054817199707e-01,1.046537637710571289e+00,1.217206120491027832e+00,1.605251312255859375e+00,4.096817919702212762e+00,4.009236988939215429e-01,4.116388815397296064e+00
1.477064192295074463e-01,1.043754816055297852e+00,1.315093159675598145e+00,1.678956270217895508e+00,4.085788784260343753e+00,5.009856952232666361e-01,4.116388788295629375e+00
1.479983329772949219e-01,1.040346860885620117e+00,1.412192463874816895e+00,1.754026532173156738e+00,4.072315980411151060e+00,6.007480167959623474e-01,4.116388662893278649e+00
1.482902467250823975e-01,1.036316037178039551e+00,1.508446455001831055e+00,1.830126166343688965e+00,4.056407958587450402e+00,7.001511474335123664e-01,4.116388848948075996e+00
1.485821455717086792e-01,1.031667232513427734e+00,1.603795528411865234e+00,1.906960368156433105e+00,4.038076244365232270e+00,7.991200789953709638e-01,4.116388302378723552e+00
1.488740593194961548e-01,1.026400804519653320e+00,1.698184609413146973e+00,1.984270572662353516e+00,4.017327904295458829e+00,8.976265832267050770e-01,4.116388826817286350e+00
1.491659730672836304e-01,1.020519614219665527e+00,1.791561484336853027e+00,2.061832189559936523e+00,3.994175887078228460e+00,9.955962380411662593e-01,4.116388330335085222e+00
1.494578868150711060e-01,1.014029264450073242e+00,1.883869647979736328e+00,2.139443874359130859e+00,3.968635787020486472e+00,1.092970400606628090e+00,4.116388502877483369e+00
1.497497856616973877e-01,1.006932616233825684e+00,1.975045442581176758e+00,2.216916322708129883e+00,3.940726736208852277e+00,1.189675986048028822e+00,4.116388728151244791e+00
1.500416994094848633e-01,9.992322921752929688e-01,2.065042972564697266e+00,2.294094085693359375e+00,3.910456272429702285e+00,1.285685190009114409e+00,4.116388546577397278e+00
1.503336131572723389e-01,9.909359216690063477e-01,2.153808355331420898e+00,2.370831966400146484e+00,3.877847338600205696e+00,1.380925337753283966e+00,4.116388559154458449e+00
1.506255269050598145e-01,9.820466041564941406e-01,2.241285085678100586e+00,2.446993112564086914e+00,3.842919319384247689e+00,1.475339687111956621e+00,4.116388719213030178e+00
1.509174257516860962e-01,9.725692868232727051e-01,2.327414274215698242e+00,2.522449016571044922e+00,3.805698715304534741e+00,1.568857043389275452e+00,4.116388603407448166e+00
1.512093394994735718e-01,9.625111818313598633e-01,2.412159442901611328e+00,2.597102403640747070e+00,3.766196623390869913e+00,1.661450963027723438e+00,4.116388746047503489e+00
1.515012532472610474e-01,9.518775343894958496e-01,2.495461940765380859e+00,2.670842885971069336e+00,3.724441677418970809e+00,1.753051234749495757e+00,4.116388519096826570e+00
1.517931669950485229e-01,9.406731724739074707e-01,2.577268362045288086e+00,2.743570327758789062e+00,3.680459916674658327e+00,1.843602877495877257e+00,4.116388801869900860e+00
1.520850658416748047e-01,9.289083480834960938e-01,2.657532215118408203e+00,2.815199375152587891e+00,3.634283756282202127e+00,1.933038236483645367e+00,4.116388616844195880e+00
1.523769795894622803e-01,9.165879487991333008e-01,2.736209154129028320e+00,2.885649442672729492e+00,3.585927387012026291e+00,2.021331387708418248e+00,4.116388684740319270e+00
1.526688933372497559e-01,9.037173986434936523e-01,2.813248395919799805e+00,2.954838752746582031e+00,3.535426074331341262e+00,2.108415550390350557e+00,4.116388424358149223e+00
1.529608070850372314e-01,8.903076648712158203e-01,2.888609409332275391e+00,3.022699356079101562e+00,3.482810821467254403e+00,2.194239031796238582e+00,4.116388726394472286e+00
1.532527059316635132e-01,8.763665556907653809e-01,2.962239980697631836e+00,3.089155673980712891e+00,3.428120923546874810e+00,2.278736895464556600e+00,4.116388575585561149e+00
1.535446196794509888e-01,8.618990182876586914e-01,3.034097433090209961e+00,3.154142856597900391e+00,3.371372448092847307e+00,2.361885509195271293e+00,4.116388628677589701e+00
1.538365334272384644e-01,8.469172716140747070e-01,3.104144573211669922e+00,3.217604875564575195e+00,3.312607772507680348e+00,2.443621290774038890e+00,4.116388619555067407e+00
1.541284471750259399e-01,8.314295411109924316e-01,3.172337293624877930e+00,3.279481410980224609e+00,3.251861910023714053e+00,2.523895822690056523e+00,4.116388709251762812e+00
1.544203460216522217e-01,8.154436349868774414e-01,3.238622903823852539e+00,3.339704751968383789e+00,3.189181014478342124e+00,2.602648436949583477e+00,4.116388517798728941e+00
1.547122597694396973e-01,7.989704608917236328e-01,3.302979707717895508e+00,3.398239135742187500e+00,3.124583276819888678e+00,2.679857200222677704e+00,4.116388619575153562e+00
1.550041735172271729e-01,7.820200920104980469e-01,3.365363836288452148e+00,3.455029726028442383e+00,3.058116739103190262e+00,2.755462901625902017e+00,4.116388440395265746e+00
1.552960872650146484e-01,7.646002769470214844e-01,3.425727367401123047e+00,3.510017395019531250e+00,2.989832020846346250e+00,2.829409705085558446e+00,4.116388561847689864e+00
1.555879861116409302e-01,7.467261552810668945e-01,3.484041452407836914e+00,3.563165187835693359e+00,2.919748743901762200e+00,2.901675696926371728e+00,4.116388535797982584e+00
1.558798998594284058e-01,7.284043431282043457e-01,3.540281772613525391e+00,3.614438772201538086e+00,2.847919419280758646e+00,2.972206259700932218e+00,4.116388595470775513e+00
1.561718136072158813e-01,7.096450924873352051e-01,3.594395637512207031e+00,3.663779020309448242e+00,2.774398201176528467e+00,3.040948706764382781e+00,4.116388516146590959e+00
1.564637124538421631e-01,6.904634833335876465e-01,3.646362543106079102e+00,3.711158990859985352e+00,2.699206586555810805e+00,3.107883535487801829e+00,4.116388741003748741e+00
1.567556262016296387e-01,6.708688139915466309e-01,3.696156263351440430e+00,3.756545782089233398e+00,2.622400382621007164e+00,3.172959274576842237e+00,4.116388505096913342e+00
1.570475399494171143e-01,6.508710980415344238e-01,3.743728876113891602e+00,3.799886465072631836e+00,2.544026154014239260e+00,3.236137444878353087e+00,4.116388542697625219e+00
1.573394536972045898e-01,6.304851174354553223e-01,3.789068460464477539e+00,3.841165304183959961e+00,2.464129975306494913e+00,3.297380514623681425e+00,4.116388562007227137e+00
1.576313525438308716e-01,6.097240447998046875e-01,3.832144975662231445e+00,3.880347490310668945e+00,2.382773305249392681e+00,3.356642337785438190e+00,4.116388758125598457e+00
1.579232662916183472e-01,5.885955095291137695e-01,3.872921228408813477e+00,3.917392492294311523e+00,2.299978800471963680e+00,3.413905812953725416e+00,4.116388633540289277e+00
1.582151800394058228e-01,5.671157836914062500e-01,3.911386251449584961e+00,3.952286005020141602e+00,2.215808834352550161e+00,3.469127669012425752e+00,4.116388656857171924e+00
1.585070937871932983e-01,5.452977418899536133e-01,3.947517871856689453e+00,3.985002994537353516e+00,2.130327184967355958e+00,3.522266562372194709e+00,4.116388666223850912e+00
1.587989926338195801e-01,5.231532454490661621e-01,3.981276750564575195e+00,4.015501976013183594e+00,2.043558152127286753e+00,3.573307322425685939e+00,4.116388604301945087e+00
1.590909063816070557e-01,5.006964802742004395e-01,4.012659549713134766e+00,4.043776988983154297e+00,1.955566670295060705e+00,3.622211245286591108e+00,4.116388624443707123e+00
1.593828201293945312e-01,4.779398739337921143e-01,4.041649818420410156e+00,4.069810867309570312e+00,1.866419790807519741e+00,3.668941802906722227e+00,4.116388804356850173e+00
1.596747338771820068e-01,4.548963308334350586e-01,4.068212985992431641e+00,4.093566894531250000e+00,1.776142989516748427e+00,3.713485033477687214e+00,4.116388588686966443e+00
1.599666327238082886e-01,4.315823316574096680e-01,4.092346191406250000e+00,4.115040779113769531e+00,1.684803748866730677e+00,3.755807754279041788e+00,4.116388655034649346e+00
1.602585464715957642e-01,4.080096781253814697e-01,4.114038944244384766e+00,4.134221553802490234e+00,1.592456926065860090e+00,3.795884242100453942e+00,4.116388737813966969e+00
1.605504602193832397e-01,3.841920495033264160e-01,4.133262634277343750e+00,4.151080131530761719e+00,1.499172465055154113e+00,3.833684448909318476e+00,4.116388530470452167e+00
1.608423739671707153e-01,3.601450324058532715e-01,4.150016784667968750e+00,4.165614128112792969e+00,1.404976862452318009e+00,3.869198243382458990e+00,4.116388590818445437e+00
1.611342728137969971e-01,3.358843624591827393e-01,4.164295196533203125e+00,4.177819252014160156e+00,1.309940980100869901e+00,3.902398213914529901e+00,4.116388853268230896e+00
1.614261865615844727e-01,3.114208579063415527e-01,4.176074504852294922e+00,4.187670230865478516e+00,1.214121630256212780e+00,3.933263911787605149e+00,4.116388748991855806e+00
1.617181003093719482e-01,2.867713570594787598e-01,4.185359477996826172e+00,4.195172309875488281e+00,1.117591272082854248e+00,3.961773194975079182e+00,4.116388842159936168e+00
1.620100140571594238e-01,2.619507014751434326e-01,4.192147254943847656e+00,4.200323581695556641e+00,1.020377455721894533e+00,3.987917377798854357e+00,4.116388607055410098e+00
1.623019129037857056e-01,2.369742095470428467e-01,4.196420192718505859e+00,4.203105926513671875e+00,9.225534986193389964e-01,4.011676953840638937e+00,4.116388822717175877e+00
1.625938266515731812e-01,2.118561118841171265e-01,4.198184490203857422e+00,4.203526496887207031e+00,8.241931191893289155e-01,4.033033614834821812e+00,4.116388518605436531e+00
1.628857403993606567e-01,1.866103112697601318e-01,4.197444915771484375e+00,4.201591014862060547e+00,7.253244775431163527e-01,4.051982022887883339e+00,4.116388454887339066e+00
1.631776541471481323e-01,1.612526178359985352e-01,4.194188117980957031e+00,4.197287082672119141e+00,6.260220809280041543e-01,4.068507219975619371e+00,4.116388543954903945e+00
1.634695529937744141e-01,1.357998251914978027e-01,4.188423633575439453e+00,4.190624713897705078e+00,5.263452836861129969e-01,4.082599049045182227e+00,4.116388508501504617e+00
1.637614667415618896e-01,1.102646961808204651e-01,4.180160522460937500e+00,4.181614398956298828e+00,4.263693291569634614e-01,4.094247571292402910e+00,4.116388463189485591e+00
1.640533804893493652e-01,8.466348052024841309e-02,4.169391632080078125e+00,4.170250892639160156e+00,3.261227984031122018e-01,4.103449362837952030e+00,4.116388314167344298e+00
1.643452942371368408e-01,5.901162698864936829e-02,4.156128406524658203e+00,4.156547069549560547e+00,2.256811935597662910e-01,4.110197350780545378e+00,4.116388497638430621e+00
1.646371930837631226e-01,3.332588076591491699e-02,4.140387058258056641e+00,4.140521049499511719e+00,1.251046399496834605e-01,4.114487113353615833e+00,4.116388632878327236e+00
1.649291068315505981e-01,7.618833333253860474e-03,4.122163772583007812e+00,4.122170448303222656e+00,2.446896082797160241e-02,4.116315875588891338e+00,4.116388601391897772e+00
1.652210205793380737e-01,-1.809274591505527496e-02,4.101473331451416016e+00,4.101512908935546875e+00,-7.619704217233924659e-02,4.115683556042889713e+00,4.116388844936500924e+00
1.655129343271255493e-01,-4.379353672266006470e-02,4.078336715698242188e+00,4.078571319580078125e+00,-1.768174769813873337e-01,4.112589288924640485e+00,4.116388596760970131e+00
1.658048331737518311e-01,-6.946573406457901001e-02,4.052759170532226562e+00,4.053354263305664062e+00,-2.773164769564921972e-01,4.107036501616071256e+00,4.116388375019822909e+00
1.660967469215393066e-01,-9.509848058223724365e-02,4.024754047393798828e+00,4.025876998901367188e+00,-3.776653523760363229e-01,4.099027019368576497e+00,4.116388419950060218e+00
1.663886606693267822e-01,-1.206747144460678101e-01,3.994347572326660156e+00,3.996170282363891602e+00,-4.777883168350939846e-01,4.088566176694024001e+00,4.116388594011806568e+00
1.666805744171142578e-01,-1.461787223815917969e-01,3.961549282073974609e+00,3.964245319366455078e+00,-5.776255083871256746e-01,4.075660043484552020e+00,4.116388710750721103e+00
1.669724732637405396e-01,-1.715938895940780640e-01,3.926380395889282227e+00,3.930128097534179688e+00,-6.771018396159171893e-01,4.060318715231016284e+00,4.116388583511827015e+00
1.672643870115280151e-01,-1.969079673290252686e-01,3.888867378234863281e+00,3.893849611282348633e+00,-7.761887215933412909e-01,4.042546878148434608e+00,4.116388489143894880e+00
1.675563007593154907e-01,-2.221042215824127197e-01,3.849026918411254883e+00,3.855429649353027344e+00,-8.748113745070292824e-01,4.022357485850574399e+00,4.116388548830761884e+00
1.678481996059417725e-01,-2.471661120653152466e-01,3.806882619857788086e+00,3.814898014068603516e+00,-9.729108646284007067e-01,3.999762320175941355e+00,4.116388486089622489e+00
1.681401133537292480e-01,-2.720818519592285156e-01,3.762465238571166992e+00,3.772289991378784180e+00,-1.070413256009459246e+00,3.974779332256308084e+00,4.116388620960449884e+00
1.684320271015167236e-01,-2.968347966670989990e-01,3.715796709060668945e+00,3.727633953094482422e+00,-1.167290910053850217e+00,3.947415103485165222e+00,4.116388473883040078e+00
1.687239408493041992e-01,-3.214098513126373291e-01,3.666901350021362305e+00,3.680960178375244141e+00,-1.263470287848927898e+00,3.917690441888781017e+00,4.116388655939057450e+00
1.690158396959304810e-01,-3.457919061183929443e-01,3.615820884704589844e+00,3.632317543029785156e+00,-1.358879185074563845e+00,3.885627806864742517e+00,4.116388719874426450e+00
1.693077534437179565e-01,-3.699671626091003418e-01,3.562578201293945312e+00,3.581737041473388672e+00,-1.453490293997194982e+00,3.851236160551952725e+00,4.116388465522538453e+00
1.695996671915054321e-01,-3.939219117164611816e-01,3.507197141647338867e+00,3.529250144958496094e+00,-1.547232174885396772e+00,3.814541529780869134e+00,4.116388524595748777e+00
1.698915809392929077e-01,-4.176415801048278809e-01,3.449723482131958008e+00,3.474912405014038086e+00,-1.640048830504626354e+00,3.775565435744165033e+00,4.116388529527506002e+00
1.701834797859191895e-01,-4.411104023456573486e-01,3.390190601348876953e+00,3.418767452239990234e+00,-1.731870191749528498e+00,3.734338179967763960e+00,4.116388708982121614e+00
1.704753935337066650e-01,-4.643158912658691406e-01,3.328621625900268555e+00,3.360849857330322266e+00,-1.822670292030613259e+00,3.690870852929914570e+00,4.116388544155975993e+00
1.707673072814941406e-01,-4.872443377971649170e-01,3.265066623687744141e+00,3.301222324371337891e+00,-1.912380290696145790e+00,3.645196363101801396e+00,4.116388575172862829e+00
1.710592210292816162e-01,-5.098816156387329102e-01,3.199560403823852539e+00,3.239933013916015625e+00,-2.000946534728372583e+00,3.597341924172535954e+00,4.116388703007873850e+00
1.713511198759078979e-01,-5.322118401527404785e-01,3.132138013839721680e+00,3.177032947540283203e+00,-2.088302614176579031e+00,3.547343750631716475e+00,4.116388647045202021e+00
1.716430336236953735e-01,-5.542256832122802734e-01,3.062843561172485352e+00,3.112583398818969727e+00,-2.174423327039979537e+00,3.495216500390461167e+00,4.116388610150572447e+00
1.719349473714828491e-01,-5.759084820747375488e-01,2.991719484329223633e+00,3.046646833419799805e+00,-2.259243730305492637e+00,3.440998991607852275e+00,4.116388744175035974e+00
1.722268611192703247e-01,-5.972456336021423340e-01,2.918799638748168945e+00,2.979277610778808594e+00,-2.342712982312849856e+00,3.384723408465842631e+00,4.116388789863488995e+00
1.725187599658966064e-01,-6.182252764701843262e-01,2.844142436981201172e+00,2.910558223724365234e+00,-2.424768464611093854e+00,3.326432830715871258e+00,4.116388888848677041e+00
1.728106737136840820e-01,-6.388359069824218750e-01,2.767786979675292969e+00,2.840555667877197266e+00,-2.505386548275969627e+00,3.266143564364596408e+00,4.116388652608308441e+00
1.731025874614715576e-01,-6.590639948844909668e-01,2.689765691757202148e+00,2.769332885742187500e+00,-2.584506081794153864e+00,3.203901292832940229e+00,4.116388609090200212e+00
1.733945012092590332e-01,-6.788988709449768066e-01,2.610140085220336914e+00,2.696986198425292969e+00,-2.662080101489367578e+00,3.139742679086672705e+00,4.116388533365624269e+00
1.736864000558853149e-01,-6.983275413513183594e-01,2.528959989547729492e+00,2.623604297637939453e+00,-2.738050366793111756e+00,3.073716944497586923e+00,4.116388667993764017e+00
1.739783138036727905e-01,-7.173377275466918945e-01,2.446257114410400391e+00,2.549263954162597656e+00,-2.812395189411015295e+00,3.005842753706257309e+00,4.116388873931936310e+00
1.742702275514602661e-01,-7.359200119972229004e-01,2.362094640731811523e+00,2.474079608917236328e+00,-2.885057779333326966e+00,2.936170739333892943e+00,4.116388830104887653e+00
1.745621412992477417e-01,-7.540630698204040527e-01,2.276522874832153320e+00,2.398159027099609375e+00,-2.955983764148206294e+00,2.864753886084063783e+00,4.116388567876160032e+00
1.748540401458740234e-01,-7.717522382736206055e-01,2.189587354660034180e+00,2.321614503860473633e+00,-3.025153392915386874e+00,2.791612978747244789e+00,4.116388717526266561e+00
1.751459538936614990e-01,-7.889817357063293457e-01,2.101341485977172852e+00,2.244577646255493164e+00,-3.092513740505996811e+00,2.716802174792408042e+00,4.116388622588391222e+00
1.754378676414489746e-01,-8.057406544685363770e-01,2.011841535568237305e+00,2.167192697525024414e+00,-3.158024638724124866e+00,2.640366630888037580e+00,4.116388655641700645e+00
1.757297813892364502e-01,-8.220154643058776855e-01,1.921133160591125488e+00,2.089608192443847656e+00,-3.221636792113543812e+00,2.562364271110659342e+00,4.116388499420834179e+00
1.760216802358627319e-01,-8.377985358238220215e-01,1.829284667968750000e+00,2.012011289596557617e+00,-3.283332380536536643e+00,2.482817523432622409e+00,4.116388511273422424e+00
1.763135939836502075e-01,-8.530824780464172363e-01,1.736341476440429688e+00,1.934588193893432617e+00,-3.343064513031676288e+00,2.401785710076757230e+00,4.116388579254955715e+00
1.766055077314376831e-01,-8.678545355796813965e-01,1.642352342605590820e+00,1.857550144195556641e+00,-3.400796889559707825e+00,2.319317751043324272e+00,4.116388503815407773e+00
1.768974214792251587e-01,-8.821085691452026367e-01,1.547382950782775879e+00,1.781154036521911621e+00,-3.456487189664790627e+00,2.235475768123543538e+00,4.116388660243873510e+00
1.771893203258514404e-01,-8.958355784416198730e-01,1.451495170593261719e+00,1.705684423446655273e+00,-3.510119047043732898e+00,2.150283839023193089e+00,4.116388746557293921e+00
1.774812340736389160e-01,-9.090254306793212891e-01,1.354731082916259766e+00,1.631448268890380859e+00,-3.561651595075217003e+00,2.063805735266922348e+00,4.116388732569177478e+00
1.777731478214263916e-01,-9.216725230216979980e-01,1.257158041000366211e+00,1.558822154998779297e+00,-3.611046139700267776e+00,1.976107106769490640e+00,4.116388407386880388e+00
1.780650615692138672e-01,-9.337696433067321777e-01,1.158834934234619141e+00,1.488228559494018555e+00,-3.658289431286756432e+00,1.887213181071635493e+00,4.116388605789655486e+00
1.783569604158401489e-01,-9.453058242797851562e-01,1.059821248054504395e+00,1.420149207115173340e+00,-3.703344459904801766e+00,1.797190658335734215e+00,4.116388520428655440e+00
1.786488741636276245e-01,-9.562777876853942871e-01,9.601696133613586426e-01,1.355135679244995117e+00,-3.746184768875254534e+00,1.706093093935439065e+00,4.116388461713391678e+00
1.789407879114151001e-01,-9.666793346405029297e-01,8.599450588226318359e-01,1.293821573257446289e+00,-3.786778630950081492e+00,1.613989739290169645e+00,4.116388620909609664e+00
1.792326867580413818e-01,-9.765003919601440430e-01,7.592095732688903809e-01,1.236912369728088379e+00,-3.825114002020333359e+00,1.520906759497830718e+00,4.116388526310193363e+00
1.795246005058288574e-01,-9.857379198074340820e-01,6.580206155776977539e-01,1.185187935829162598e+00,-3.861161789627347574e+00,1.426914204638336736e+00,4.116388527954682353e+00
1.798165142536163330e-01,-9.943878650665283203e-01,5.564338564872741699e-01,1.139485001564025879e+00,-3.894900344443686269e+00,1.332068307135944041e+00,4.116388546775385571e+00
1.801084280014038086e-01,-1.002441406250000000e+00,4.545133113861083984e-01,1.100668549537658691e+00,-3.926304888015486050e+00,1.236440608252659334e+00,4.116388641927595238e+00
1.804003268480300903e-01,-1.009895324707031250e+00,3.523263931274414062e-01,1.069589853286743164e+00,-3.955366257696621979e+00,1.140058664681137701e+00,4.116388707525022284e+00
1.806922405958175659e-01,-1.016747117042541504e+00,2.499240040779113770e-01,1.047013282775878906e+00,-3.982061832854572714e+00,1.042994822895435103e+00,4.116388543524990951e+00
1.809841543436050415e-01,-1.022989273071289062e+00,1.473716944456100464e-01,1.033550024032592773e+00,-4.006372348011893791e+00,9.453225759287896546e-01,4.116388485490038995e+00
1.812760680913925171e-01,-1.028619647026062012e+00,4.473139718174934387e-02,1.029591798782348633e+00,-4.028291028638375515e+00,8.470696862000945959e-01,4.116388667835867210e+00
1.815679669380187988e-01,-1.033636093139648438e+00,-5.793040245771408081e-02,1.035258173942565918e+00,-4.047800525318122844e+00,7.483102167464015242e-01,4.116388863221344785e+00
1.818598806858062744e-01,-1.038033366203308105e+00,-1.605627983808517456e-01,1.050377845764160156e+00,-4.064886357813905171e+00,6.491187278844621211e-01,4.116388735874193294e+00
1.821517944335937500e-01,-1.041809678077697754e+00,-2.630990147590637207e-01,1.074517726898193359e+00,-4.079544144625092628e+00,5.495235454854278112e-01,4.116388775976797199e+00
1.824437081813812256e-01,-1.044964432716369629e+00,-3.654783070087432861e-01,1.107034325599670410e+00,-4.091762036209098063e+00,4.495997304215278434e-01,4.116388766693099832e+00
1.827356070280075073e-01,-1.047492980957031250e+00,-4.676334857940673828e-01,1.147136688232421875e+00,-4.101532743872794207e+00,3.494070746935791227e-01,4.116388727137734627e+00
1.830275207757949829e-01,-1.049394607543945312e+00,-5.695087313652038574e-01,1.193971991539001465e+00,-4.108850410236601469e+00,2.490053804582352814e-01,4.116388632429965888e+00
1.833194345235824585e-01,-1.050670504570007324e+00,-6.710494756698608398e-01,1.246682047843933105e+00,-4.113710352357771605e+00,1.484704897241990729e-01,4.116388751006693880e+00
1.836113482713699341e-01,-1.051316976547241211e+00,-7.721884250640869141e-01,1.304431915283203125e+00,-4.116110579513154732e+00,4.783112785712125004e-02,4.116388480157358032e+00
1.839032471179962158e-01,-1.051334023475646973e+00,-8.728597760200500488e-01,1.366450667381286621e+00,-4.116049271457487890e+00,-5.283683769894246401e-02,4.116388385038970199e+00
1.841951608657836914e-01,-1.050724029541015625e+00,-9.730155467987060547e-01,1.432054638862609863e+00,-4.113527470495838223e+00,-1.534575247777325291e-01,4.116388886200476271e+00
1.844870746135711670e-01,-1.049484968185424805e+00,-1.072588801383972168e+00,1.500621676445007324e+00,-4.108544618248684444e+00,-2.540021228657183827e-01,4.116388703531351112e+00
1.847789883613586426e-01,-1.047617197036743164e+00,-1.171519756317138672e+00,1.571610689163208008e+00,-4.101104618765278431e+00,-3.543947937638617374e-01,4.116388558421669508e+00
1.850708872079849243e-01,-1.045124650001525879e+00,-1.269746780395507812e+00,1.644549369812011719e+00,-4.091213757729604161e+00,-4.545599653912333338e-01,4.116388559595955066e+00
1.853628009557723999e-01,-1.042006492614746094e+00,-1.367218971252441406e+00,1.719030380249023438e+00,-4.078874815122460973e+00,-5.544689033714788051e-01,4.116388650534137383e+00
1.856547147035598755e-01,-1.038264155387878418e+00,-1.463871955871582031e+00,1.794690370559692383e+00,-4.064095983066789763e+00,-6.540461661666451265e-01,4.116388289150684443e+00
1.859466284513473511e-01,-1.033902287483215332e+00,-1.559651494026184082e+00,1.871220588684082031e+00,-4.046887142080542787e+00,-7.532323168739043506e-01,4.116388521983809667e+00
1.862385272979736328e-01,-1.028922200202941895e+00,-1.654493331909179688e+00,1.948340058326721191e+00,-4.027257694075757399e+00,-8.519680312808808331e-01,4.116388473020617056e+00
1.865304410457611084e-01,-1.023325443267822266e+00,-1.748343706130981445e+00,2.025808572769165039e+00,-4.005223451198586027e+00,-9.501788073685494274e-01,4.116388545801213716e+00
1.868223547935485840e-01,-1.017118096351623535e+00,-1.841155648231506348e+00,2.103421926498413086e+00,-3.980790520331322302e+00,-1.047836821125990747e+00,4.116388607805043343e+00
1.871142685413360596e-01,-1.010302305221557617e+00,-1.932866692543029785e+00,2.180982351303100586e+00,-3.953976614940671652e+00,-1.144868073708427136e+00,4.116388462924088110e+00
1.874061673879623413e-01,-1.002881169319152832e+00,-2.023414134979248047e+00,2.258312463760375977e+00,-3.924803011012540921e+00,-1.241199688585805427e+00,4.116388628664524596e+00
1.876980811357498169e-01,-9.948613643646240234e-01,-2.112758874893188477e+00,2.335272789001464844e+00,-3.893277722482390679e+00,-1.336803927574428785e+00,4.116388728625624438e+00
1.879899948835372925e-01,-9.862468838691711426e-01,-2.200841188430786133e+00,2.411718130111694336e+00,-3.859423682440056069e+00,-1.431608831389737713e+00,4.116388587912012120e+00
1.882819086313247681e-01,-9.770408272743225098e-01,-2.287603139877319336e+00,2.487516164779663086e+00,-3.823261708091392652e+00,-1.525557558275809633e+00,4.116388702755166662e+00
1.885738074779510498e-01,-9.672523736953735352e-01,-2.372995853424072266e+00,2.562554836273193359e+00,-3.784819247343605753e+00,-1.618579403607924849e+00,4.116388711096949038e+00
1.888657212257385254e-01,-9.568854570388793945e-01,-2.456975460052490234e+00,2.636732578277587891e+00,-3.744107400502275862e+00,-1.710647685344552471e+00,4.116388675753369419e+00
1.891576349735260010e-01,-9.459444284439086914e-01,-2.539479970932006836e+00,2.709939241409301758e+00,-3.701156220781980810e+00,-1.801693046556600786e+00,4.116388611956305787e+00
1.894495487213134766e-01,-9.344389438629150391e-01,-2.620470046997070312e+00,2.782092809677124023e+00,-3.655991504070861708e+00,-1.891660860635596908e+00,4.116388549383904305e+00
1.897414475679397583e-01,-9.223765730857849121e-01,-2.699886560440063477e+00,2.853097438812255859e+00,-3.608648050333322477e+00,-1.980483505556093871e+00,4.116388668111192750e+00
1.900333613157272339e-01,-9.097594022750854492e-01,-2.777690887451171875e+00,2.922880172729492188e+00,-3.559139086576401212e+00,-2.068135759662639739e+00,4.116388776341620925e+00
1.903252750635147095e-01,-8.965994715690612793e-01,-2.853837728500366211e+00,2.991367578506469727e+00,-3.507501309171388915e+00,-2.154550861830055286e+00,4.116388568885551713e+00
1.906171739101409912e-01,-8.829048871994018555e-01,-2.928277254104614258e+00,3.058484792709350586e+00,-3.453774485299755614e+00,-2.239664239874391338e+00,4.116388478105501569e+00
1.909090876579284668e-01,-8.686793446540832520e-01,-3.000961780548095703e+00,3.124160051345825195e+00,-3.397973735099647730e+00,-2.323451771524475795e+00,4.116388421787632979e+00
1.912010014057159424e-01,-8.539356589317321777e-01,-3.071855783462524414e+00,3.188338756561279297e+00,-3.340141200765336382e+00,-2.405849632806175808e+00,4.116388671727162496e+00
1.914929151535034180e-01,-8.386821746826171875e-01,-3.140916824340820312e+00,3.250960826873779297e+00,-3.280310471176636877e+00,-2.486808909585994432e+00,4.116388628410511785e+00
1.917848140001296997e-01,-8.229258060455322266e-01,-3.208087444305419922e+00,3.311952590942382812e+00,-3.218528190242079479e+00,-2.566267986485693431e+00,4.116388598012131972e+00
1.920767277479171753e-01,-8.066775798797607422e-01,-3.273347616195678711e+00,3.371280670166015625e+00,-3.154811111454352890e+00,-2.644205387488692161e+00,4.116388621131401138e+00
1.923686414957046509e-01,-7.899482250213623047e-01,-3.336654663085937500e+00,3.428889751434326172e+00,-3.089207525179639369e+00,-2.720561189535289692e+00,4.116388747389170710e+00
1.926605552434921265e-01,-7.727439403533935547e-01,-3.397956609725952148e+00,3.484715700149536133e+00,-3.021756224360942156e+00,-2.795289650851270125e+00,4.116388576364033547e+00
1.929524540901184082e-01,-7.550796866416931152e-01,-3.457228183746337891e+00,3.538724660873413086e+00,-2.952508775900859916e+00,-2.868335425434074715e+00,4.116388730983951305e+00
1.932443678379058838e-01,-7.369650006294250488e-01,-3.514437675476074219e+00,3.590875864028930664e+00,-2.881484556616229931e+00,-2.939677073300676735e+00,4.116388531869588085e+00
1.935362815856933594e-01,-7.184065580368041992e-01,-3.569538354873657227e+00,3.641114234924316406e+00,-2.808737263386884564e+00,-3.009260470350581418e+00,4.116388416215438717e+00
1.938281953334808350e-01,-6.994194388389587402e-01,-3.622509241104125977e+00,3.689411878585815430e+00,-2.734321987963183709e+00,-3.077034135462109354e+00,4.116388684837473555e+00
1.941200941801071167e-01,-6.800160408020019531e-01,-3.673316240310668945e+00,3.735729694366455078e+00,-2.658259760171171937e+00,-3.142977844002743382e+00,4.116388548283243409e+00
1.944120079278945923e-01,-6.602032184600830078e-01,-3.721919536590576172e+00,3.780020475387573242e+00,-2.580607795186887987e+00,-3.207041813720896695e+00,4.116388439826050849e+00
1.947039216756820679e-01,-6.399962902069091797e-01,-3.768301010131835938e+00,3.822262287139892578e+00,-2.501412412616886627e+00,-3.269188039155666470e+00,4.116388525558819289e+00
1.949958354234695435e-01,-6.194075345993041992e-01,-3.812434196472167969e+00,3.862423896789550781e+00,-2.420721117936235789e+00,-3.329379008193066536e+00,4.116388624877284741e+00
1.952877342700958252e-01,-5.984479188919067383e-01,-3.854276418685913086e+00,3.900459527969360352e+00,-2.338595115033653027e+00,-3.387569763949996648e+00,4.116388710713251520e+00
1.955796480178833008e-01,-5.771299600601196289e-01,-3.893819093704223633e+00,3.936357021331787109e+00,-2.255057289194850156e+00,-3.443743923744377433e+00,4.116388658748970641e+00
1.958715617656707764e-01,-5.554676055908203125e-01,-3.931038856506347656e+00,3.970089673995971680e+00,-2.170170964458446150e+00,-3.497858468047215119e+00,4.116388693681406252e+00
1.961634755134582520e-01,-5.334718823432922363e-01,-3.965899467468261719e+00,4.001618385314941406e+00,-2.084000382765562875e+00,-3.549873013756774665e+00,4.116388709678134639e+00
1.964553743600845337e-01,-5.111587047576904297e-01,-3.998388767242431641e+00,4.030929565429687500e+00,-1.996570317619353441e+00,-3.599772635301278001e+00,4.116388715738900750e+00
1.967472881078720093e-01,-4.885404706001281738e-01,-4.028492450714111328e+00,4.058007240295410156e+00,-1.907945809621433453e+00,-3.647519584368359435e+00,4.116388748746007131e+00
1.970392018556594849e-01,-4.656280279159545898e-01,-4.056181907653808594e+00,4.082820415496826172e+00,-1.818194499767123773e+00,-3.693077818067301621e+00,4.116388588226840284e+00
1.973311156034469604e-01,-4.424373209476470947e-01,-4.081446647644042969e+00,4.105357646942138672e+00,-1.727341725011836804e+00,-3.736434803855905429e+00,4.116388523746585371e+00
1.976230144500732422e-01,-4.189838767051696777e-01,-4.104275226593017578e+00,4.125606060028076172e+00,-1.635455921735610385e+00,-3.777557372116836287e+00,4.116388680818944934e+00
1.979149281978607178e-01,-3.952779471874237061e-01,-4.124643802642822266e+00,4.143540859222412109e+00,-1.542606689256552865e+00,-3.816414515967769816e+00,4.116388605978372084e+00
1.982068419456481934e-01,-3.713356852531433105e-01,-4.142546653747558594e+00,4.159156799316406250e+00,-1.448805666116424140e+00,-3.853001147635619628e+00,4.116388672350129063e+00
1.984987556934356689e-01,-3.471718728542327881e-01,-4.157977581024169922e+00,4.172446250915527344e+00,-1.354167486450302604e+00,-3.887272328559412848e+00,4.116388676709580530e+00
1.987906545400619507e-01,-3.228012025356292725e-01,-4.170915603637695312e+00,4.183388233184814453e+00,-1.258704845599121880e+00,-3.919224178127129754e+00,4.116388714243466751e+00
1.990825682878494263e-01,-2.982362508773803711e-01,-4.181359291076660156e+00,4.191981315612792969e+00,-1.162489284824888447e+00,-3.948831917884905174e+00,4.116388569248444540e+00
1.993744820356369019e-01,-2.734933495521545410e-01,-4.189308643341064453e+00,4.198226451873779297e+00,-1.065593849674811633e+00,-3.976074129447618954e+00,4.116388676416188552e+00
1.996663957834243774e-01,-2.485865205526351929e-01,-4.194747447967529297e+00,4.202106952667236328e+00,-9.680458452544223880e-01,-4.000942600829422879e+00,4.116388520735871026e+00
1.999582946300506592e-01,-2.235329151153564453e-01,-4.197676181793212891e+00,4.203623771667480469e+00,-8.699189998051952699e-01,-4.023418308312664671e+00,4.116388459546501011e+00
2.002502083778381348e-01,-1.983447074890136719e-01,-4.198101520538330078e+00,4.202784061431884766e+00,-7.712873036400678117e-01,-4.043484855598558525e+00,4.116388451326145059e+00
2.005421221256256104e-01,-1.730370074510574341e-01,-4.196012020111083984e+00,4.199578285217285156e+00,-6.721789201460696139e-01,-4.061136666309574927e+00,4.116388650641820135e+00
2.008340209722518921e-01,-1.476270407438278198e-01,-4.191410541534423828e+00,4.194009304046630859e+00,-5.726685256061814222e-01,-4.076359500330381636e+00,4.116388710526948991e+00
2.011259347200393677e-01,-1.221277192234992981e-01,-4.184308052062988281e+00,4.186089992523193359e+00,-4.728312870315287686e-01,-4.089142463692341245e+00,4.116388649577170433e+00
2.014178484678268433e-01,-9.655524045228958130e-02,-4.174701213836669922e+00,4.175817489624023438e+00,-3.726800855061148665e-01,-4.099483348037831654e+00,4.116388485914844964e+00
2.017097622156143188e-01,-7.092496007680892944e-02,-4.162593841552734375e+00,4.163197517395019531e+00,-2.723372446504555566e-01,-4.107369998901639896e+00,4.116388694317030250e+00
2.020016610622406006e-01,-4.525369405746459961e-02,-4.148004055023193359e+00,4.148250579833984375e+00,-1.718158858347083040e-01,-4.112801165342713894e+00,4.116388480727924737e+00
2.022935748100280762e-01,-1.955400221049785614e-02,-4.130930900573730469e+00,4.130977153778076172e+00,-7.119174853296059147e-02,-4.115773117125944403e+00,4.116388783474635993e+00
2.025854885578155518e-01,6.157377734780311584e-03,-4.111382484436035156e+00,4.111386775970458984e+00,2.945923779976733839e-02,-4.116283080741801825e+00,4.116388495695342264e+00
2.028774023056030273e-01,3.186507523059844971e-02,-4.089381694793701172e+00,4.089505672454833984e+00,1.301083181703700242e-01,-4.114331928222203949e+00,4.116388634476312980e+00
2.031693011522293091e-01,5.755241215229034424e-02,-4.064935684204101562e+00,4.065343379974365234e+00,2.306795691509492541e-01,-4.109919980221764746e+00,4.116388624443729327e+00
2.034612149000167847e-01,8.320523798465728760e-02,-4.038053512573242188e+00,4.038910865783691406e+00,3.310971940546816872e-01,-4.103051153807103724e+00,4.116388480533474947e+00
2.037531286478042603e-01,1.088097169995307922e-01,-4.008761405944824219e+00,4.010237693786621094e+00,4.313325261791858267e-01,-4.093727505631516550e+00,4.116388300258390309e+00
2.040450423955917358e-01,1.343491375446319580e-01,-3.977071523666381836e+00,3.979340076446533203e+00,5.313098341838041749e-01,-4.081955556885696446e+00,4.116388138683041653e+00
2.043369412422180176e-01,1.598066687583923340e-01,-3.942998886108398438e+00,3.946236133575439453e+00,6.309538364675183475e-01,-4.067744939853772834e+00,4.116388178908671591e+00
2.046288549900054932e-01,1.851701289415359497e-01,-3.906572341918945312e+00,3.910958290100097656e+00,7.302360197522023144e-01,-4.051098892108126570e+00,4.116387600576897121e+00
2.049207687377929688e-01,2.104228734970092773e-01,-3.867810249328613281e+00,3.873529911041259766e+00,8.290815103459929780e-01,-4.032030151910515059e+00,4.116387165551016025e+00
2.052126824855804443e-01,2.355493903160095215e-01,-3.826728343963623047e+00,3.833970785140991211e+00,9.274311758237197001e-01,-4.010550258119123690e+00,4.116387003039089443e+00
2.055045813322067261e-01,2.605340480804443359e-01,-3.783366203308105469e+00,3.792325973510742188e+00,1.025226055632501021e+00,-3.986671705121020537e+00,4.116386734693464611e+00
2.057964950799942017e-01,2.853642702102661133e-01,-3.737740039825439453e+00,3.748617410659790039e+00,1.122392737526689999e+00,-3.960413156696037440e+00,4.116386501409182941e+00
2.060884088277816772e-01,3.100232183933258057e-01,-3.689871788024902344e+00,3.702872991561889648e+00,1.218903157074065602e+00,-3.931781444117906421e+00,4.116385578469905049e+00
2.063803225755691528e-01,3.344971239566802979e-01,-3.639802217483520508e+00,3.655140161514282227e+00,1.314684701636326780e+00,-3.900798790045632902e+00,4.116385193970319989e+00
2.066722214221954346e-01,3.587699532508850098e-01,-3.587560653686523438e+00,3.605455160140991211e+00,1.409665113426127547e+00,-3.867488372572233324e+00,4.116384584072790176e+00
2.069641351699829102e-01,3.828273415565490723e-01,-3.533166408538818359e+00,3.553845882415771484e+00,1.503817276585232232e+00,-3.831859646887031179e+00,4.116383698684736636e+00
2.072560489177703857e-01,4.066574871540069580e-01,-3.476661205291748047e+00,3.500363111495971680e+00,1.597069884750515145e+00,-3.793939334227558469e+00,4.116382864673313158e+00
2.075479626655578613e-01,4.302447140216827393e-01,-3.418080091476440430e+00,3.445051908493041992e+00,1.689367390951075132e+00,-3.753749700054046734e+00,4.116381784075024974e+00
2.078398615121841431e-01,4.535723030567169189e-01,-3.357449531555175781e+00,3.387948513031005859e+00,1.780640241129095802e+00,-3.711322183925731988e+00,4.116380937331669543e+00
2.081317752599716187e-01,4.766303598880767822e-01,-3.294813156127929688e+00,3.329109668731689453e+00,1.870862429991125842e+00,-3.666668175627849191e+00,4.116379688769533196e+00
2.084236890077590942e-01,4.994037151336669922e-01,-3.230209589004516602e+00,3.268586635589599609e+00,1.959965447593056576e+00,-3.619821290956398929e+00,4.116378351684876868e+00
2.087156027555465698e-01,5.218770503997802734e-01,-3.163666009902954102e+00,3.206421375274658203e+00,2.047896106583775744e+00,-3.570808986181958744e+00,4.116376474420047060e+00
2.090075016021728516e-01,5.440376996994018555e-01,-3.095238685607910156e+00,3.142686605453491211e+00,2.134588748608363229e+00,-3.519670019465208188e+00,4.116375368161610204e+00
2.092994153499603271e-01,5.658746361732482910e-01,-3.024960517883300781e+00,3.077434062957763672e+00,2.220018025740521761e+00,-3.466417723939421158e+00,4.116373631177593140e+00
2.095913290977478027e-01,5.873714685440063477e-01,-2.952864885330200195e+00,3.010716915130615234e+00,2.304119080516068063e+00,-3.411091686629085462e+00,4.116371124156357197e+00
2.098832428455352783e-01,6.085175275802612305e-01,-2.879007816314697266e+00,2.942614555358886719e+00,2.386842468676594997e+00,-3.353726068537331351e+00,4.116369214862175774e+00
2.101751416921615601e-01,6.292994022369384766e-01,-2.803436756134033203e+00,2.873199462890625000e+00,2.468125410616717641e+00,-3.294364054691970356e+00,4.116367035066049951e+00
2.104670554399490356e-01,6.497028470039367676e-01,-2.726181268692016602e+00,2.802530527114868164e+00,2.547944445109469047e+00,-3.233022049836707268e+00,4.116363986589930413e+00
2.107589691877365112e-01,6.697193980216979980e-01,-2.647295236587524414e+00,2.730695009231567383e+00,2.626239964735095356e+00,-3.169746755343070266e+00,4.116361359912382056e+00
2.110508829355239868e-01,6.893361210823059082e-01,-2.566829681396484375e+00,2.657780647277832031e+00,2.702964082512254507e+00,-3.104575708701237780e+00,4.116358240290694859e+00
2.113427817821502686e-01,7.085375189781188965e-01,-2.484826564788818359e+00,2.583870887756347656e+00,2.778060127770376919e+00,-3.037558081505193464e+00,4.116354840392780545e+00
2.116346955299377441e-01,7.273166179656982422e-01,-2.401336193084716797e+00,2.509064674377441406e+00,2.851506109163035152e+00,-2.968713692260754655e+00,4.116351306340433780e+00
2.119266092777252197e-01,7.456614971160888672e-01,-2.316412925720214844e+00,2.433470726013183594e+00,2.923246336884160801e+00,-2.898093766450569486e+00,4.116347485969364506e+00
2.122185081243515015e-01,7.635573148727416992e-01,-2.230103015899658203e+00,2.357197284698486328e+00,2.993227255408965615e+00,-2.825751887314384980e+00,4.116343417547168038e+00
2.125104218721389771e-01,7.809978127479553223e-01,-2.142457485198974609e+00,2.280368804931640625e+00,3.061428578184485438e+00,-2.751708829234395637e+00,4.116338958372015355e+00
2.128023356199264526e-01,7.979719638824462891e-01,-2.053533792495727539e+00,2.203125238418579102e+00,3.127798497155735991e+00,-2.676019417814393453e+00,4.116333728371566636e+00
2.130942493677139282e-01,8.144666552543640137e-01,-1.963377118110656738e+00,2.125607013702392578e+00,3.192287752951699531e+00,-2.598742715913334500e+00,4.116329044325541808e+00
2.133861482143402100e-01,8.304735422134399414e-01,-1.872052550315856934e+00,2.047991037368774414e+00,3.254877333538305884e+00,-2.519899427268958547e+00,4.116323551414764026e+00
2.136780619621276855e-01,8.459846377372741699e-01,-1.779611229896545410e+00,1.970458388328552246e+00,3.315519607216931952e+00,-2.439548931361348760e+00,4.116317438481416957e+00
2.139699757099151611e-01,8.609884381294250488e-01,-1.686097264289855957e+00,1.893204927444458008e+00,3.374179076266535127e+00,-2.357739423033844872e+00,4.116311410187870834e+00
2.142618894577026367e-01,8.754771351814270020e-01,-1.591575860977172852e+00,1.816472887992858887e+00,3.430819320265629191e+00,-2.274519891501574964e+00,4.116304403848705995e+00
2.145537883043289185e-01,8.894424438476562500e-01,-1.496109843254089355e+00,1.740532159805297852e+00,3.485399375387437271e+00,-2.189953233794320830e+00,4.116297361969532886e+00
2.148457020521163940e-01,9.028743505477905273e-01,-1.399741530418395996e+00,1.665670633316040039e+00,3.537902886468569541e+00,-2.104064264583740851e+00,4.116289987790092475e+00
2.151376157999038696e-01,9.157660007476806641e-01,-1.302536606788635254e+00,1.592240214347839355e+00,3.588289540426750079e+00,-2.016916399160330720e+00,4.116281524281093951e+00
2.154295295476913452e-01,9.281106591224670410e-01,-1.204554557800292969e+00,1.520638346672058105e+00,3.636522910402287589e+00,-1.928576867875911205e+00,4.116273510493050125e+00
2.157214283943176270e-01,9.398976564407348633e-01,-1.105855464935302734e+00,1.451318025588989258e+00,3.682588410238283760e+00,-1.839070218349378560e+00,4.116264892744508685e+00
2.160133421421051025e-01,9.511225819587707520e-01,-1.006489872932434082e+00,1.384794592857360840e+00,3.726449998888340165e+00,-1.748463679700536400e+00,4.116254952435144610e+00
2.163052558898925781e-01,9.617795348167419434e-01,-9.065240621566772461e-01,1.321667790412902832e+00,3.768076583065396168e+00,-1.656826137233267326e+00,4.116245131775451149e+00
2.165971696376800537e-01,9.718592166900634766e-01,-8.060148358345031738e-01,1.262604594230651855e+00,3.807461458055620973e+00,-1.564169089067912077e+00,4.116234649989547911e+00
2.168890684843063354e-01,9.813564419746398926e-01,-7.050288319587707520e-01,1.208356857299804688e+00,3.844556557342429848e+00,-1.470606163424820201e+00,4.116223707539198529e+00
2.171809822320938110e-01,9.902675151824951172e-01,-6.036223173141479492e-01,1.159736871719360352e+00,3.879357054742721189e+00,-1.376149103688843800e+00,4.116211548713906154e+00
2.174728959798812866e-01,9.985851049423217773e-01,-5.018488764762878418e-01,1.117597579956054688e+00,3.911836958244278684e+00,-1.280869659230580160e+00,4.116199153566711288e+00
2.177648097276687622e-01,1.006304264068603516e+00,-3.997754156589508057e-01,1.082805871963500977e+00,3.941972231237689250e+00,-1.184839473040643076e+00,4.116186299078830046e+00
2.180567085742950439e-01,1.013422131538391113e+00,-2.974687516689300537e-01,1.056177973747253418e+00,3.969753717597692688e+00,-1.088086158998214259e+00,4.116172502189891169e+00
2.183486223220825195e-01,1.019932627677917480e+00,-1.949786841869354248e-01,1.038402318954467773e+00,3.995160003876868871e+00,-9.906824600006335357e-01,4.116157819269121276e+00
2.186405360698699951e-01,1.025831699371337891e+00,-9.237216413021087646e-02,1.029982209205627441e+00,4.018173274986039267e+00,-8.927023748381344159e-01,4.116143097348983204e+00
2.189324498176574707e-01,1.031118035316467285e+00,1.028932631015777588e-02,1.031169295310974121e+00,4.038785817850807369e+00,-7.941736773795348148e-01,4.116127149677879515e+00
2.192243486642837524e-01,1.035786151885986328e+00,1.129393428564071655e-01,1.041925191879272461e+00,4.056982929455726250e+00,-6.951706033346140012e-01,4.116111351462175882e+00
2.195162624120712280e-01,1.039833426475524902e+00,2.155267149209976196e-01,1.061934709548950195e+00,4.072749428954492323e+00,-5.957680029965055635e-01,4.116093709385585164e+00
2.198081761598587036e-01,1.043259501457214355e+00,3.179852962493896484e-01,1.090644240379333496e+00,4.086081915978698298e+00,-4.959943466161073622e-01,4.116075292795709828e+00
2.201000899076461792e-01,1.046060323715209961e+00,4.202534556388854980e-01,1.127322196960449219e+00,4.096970964360397538e+00,-3.959248578799191010e-01,4.116057285303424962e+00
2.203919887542724609e-01,1.048233866691589355e+00,5.222643613815307617e-01,1.171133756637573242e+00,4.105407618351192944e+00,-2.956194130590499847e-01,4.116037238679139065e+00
2.206839025020599365e-01,1.049781203269958496e+00,6.239634752273559570e-01,1.221217036247253418e+00,4.111388447435489368e+00,-1.951380660477311790e-01,4.116016743227224772e+00
2.209758162498474121e-01,1.050699949264526367e+00,7.252942919731140137e-01,1.276723265647888184e+00,4.114908815799371844e+00,-9.455674398184742147e-02,4.115995085052439606e+00
2.212677299976348877e-01,1.050988197326660156e+00,8.261901140213012695e-01,1.336849451065063477e+00,4.115968432863971849e+00,6.095774255739241400e-03,4.115972946800851240e+00
2.215596288442611694e-01,1.050648689270019531e+00,9.265875816345214844e-01,1.400866627693176270e+00,4.114565504300173870e+00,1.067435432802656403e-01,4.115949887110990524e+00
2.218515425920486450e-01,1.049680233001708984e+00,1.026435852050781250e+00,1.468127846717834473e+00,4.110701115760595492e+00,2.073105692624555574e-01,4.115925331592317882e+00
2.221434563398361206e-01,1.048081755638122559e+00,1.125668406486511230e+00,1.538052201271057129e+00,4.104377152521312411e+00,3.077680795867307473e-01,4.115900023196804369e+00
2.224353700876235962e-01,1.045857191085815430e+00,1.224228858947753906e+00,1.610140800476074219e+00,4.095597322738607104e+00,4.080401641879806141e-01,4.115873443828685474e+00
2.227272689342498779e-01,1.043007016181945801e+00,1.322052478790283203e+00,1.683949589729309082e+00,4.084369871513998440e+00,5.080512636449144859e-01,4.115846612037731056e+00
2.230191826820373535e-01,1.039530634880065918e+00,1.419087529182434082e+00,1.759100198745727539e+00,4.070696437327554484e+00,6.077726212580725207e-01,4.115817907053487268e+00
2.233110964298248291e-01,1.035433411598205566e+00,1.515275478363037109e+00,1.835260868072509766e+00,4.054587898182086647e+00,7.071289472371409257e-01,4.115788426547863033e+00
2.236029952764511108e-01,1.030717134475708008e+00,1.610552906990051270e+00,1.912134528160095215e+00,4.036056311757509008e+00,8.060452774875098703e-01,4.115757468685144360e+00
2.238949090242385864e-01,1.025381922721862793e+00,1.704865455627441406e+00,1.989465951919555664e+00,4.015104796794224384e+00,9.045087027308897909e-01,4.115726244851072302e+00
2.241868227720260620e-01,1.019434332847595215e+00,1.798161387443542480e+00,2.067034006118774414e+00,3.991757012298474905e+00,1.002398567558631992e+00,4.115692764708954954e+00
2.244787365198135376e-01,1.012877583503723145e+00,1.890384554862976074e+00,2.144638538360595703e+00,3.966018458323959717e+00,1.099702551482534929e+00,4.115658891781916573e+00
2.247706353664398193e-01,1.005712628364562988e+00,1.981468200683593750e+00,2.222087621688842773e+00,3.937906449144590759e+00,1.196346659466267282e+00,4.115622982226463833e+00
2.250625491142272949e-01,9.979472160339355469e-01,2.071373462677001953e+00,2.299236297607421875e+00,3.907444472806878899e+00,1.292258550956407959e+00,4.115586771116481302e+00
2.253544628620147705e-01,9.895855188369750977e-01,2.160041809082031250e+00,2.375933408737182617e+00,3.874639932140247822e+00,1.387410312536053514e+00,4.115548806546604155e+00
2.256463766098022461e-01,9.806294441223144531e-01,2.247412204742431641e+00,2.452039241790771484e+00,3.839517511238031755e+00,1.481730095214922605e+00,4.115509542470909388e+00
2.259382754564285278e-01,9.710887670516967773e-01,2.333436965942382812e+00,2.527437925338745117e+00,3.802103820993603112e+00,1.575146835970918868e+00,4.115468505587590364e+00
2.262301892042160034e-01,9.609679579734802246e-01,2.418072700500488281e+00,2.602025270462036133e+00,3.762410287785035834e+00,1.667633726068893818e+00,4.115426274148656915e+00
2.265221029520034790e-01,9.502698779106140137e-01,2.501255273818969727e+00,2.675685167312622070e+00,3.720466352705373403e+00,1.759121003870582234e+00,4.115382921171669928e+00
2.268140166997909546e-01,9.390050172805786133e-01,2.582944869995117188e+00,2.748333215713500977e+00,3.676296984230948084e+00,1.849553528713886674e+00,4.115338111485319139e+00
2.271059155464172363e-01,9.271807074546813965e-01,2.663088798522949219e+00,2.819877147674560547e+00,3.629935687990475834e+00,1.938863263572683682e+00,4.115291466443004254e+00
2.273978292942047119e-01,9.147995710372924805e-01,2.741631746292114258e+00,2.890225410461425781e+00,3.581396036576802722e+00,2.027024802463795794e+00,4.115243263843757937e+00
2.276897430419921875e-01,9.018725156784057617e-01,2.818542003631591797e+00,2.959316015243530273e+00,3.530714610612081472e+00,2.113970988262633632e+00,4.115193677192571009e+00
2.279816567897796631e-01,8.884078264236450195e-01,2.893770456314086914e+00,3.027074098587036133e+00,3.477921340329965361e+00,2.199650316393433780e+00,4.115142569089474733e+00
2.282735556364059448e-01,8.744105696678161621e-01,2.967255592346191406e+00,3.093412399291992188e+00,3.423056664269686244e+00,2.283997692416345426e+00,4.115089596322818899e+00
2.285654693841934204e-01,8.598916530609130859e-01,3.038972854614257812e+00,3.158285856246948242e+00,3.366136931706459556e+00,2.366989600937397409e+00,4.115035554396092365e+00
2.288573831319808960e-01,8.448604941368103027e-01,3.108876705169677734e+00,3.221630573272705078e+00,3.307203562731819257e+00,2.448562492985042027e+00,4.114979184321490457e+00
2.291492968797683716e-01,8.293227553367614746e-01,3.176912069320678711e+00,3.283374071121215820e+00,3.246292878552488936e+00,2.528667596595295830e+00,4.114921295409139645e+00
2.294411957263946533e-01,8.132918477058410645e-01,3.243046998977661133e+00,3.343471050262451172e+00,3.183450972663309564e+00,2.607245025875980726e+00,4.114861689085796748e+00
2.297331094741821289e-01,7.967761158943176270e-01,3.307249546051025391e+00,3.401874542236328125e+00,3.118695872996036567e+00,2.684272166710795826e+00,4.114800239771158274e+00
2.300250232219696045e-01,7.797831892967224121e-01,3.369465351104736328e+00,3.458519935607910156e+00,3.052076519114801378e+00,2.759690382144628806e+00,4.114737182838472229e+00
2.303169369697570801e-01,7.623261809349060059e-01,3.429668188095092773e+00,3.513369321823120117e+00,2.983632028478907294e+00,2.833454146898384263e+00,4.114671613135222117e+00
2.306088358163833618e-01,7.444167733192443848e-01,3.487821340560913086e+00,3.566378116607666016e+00,2.913415497298356804e+00,2.905509196979954467e+00,4.114604908570607122e+00
2.309007495641708374e-01,7.260623574256896973e-01,3.543879985809326172e+00,3.617492437362670898e+00,2.841446131393746022e+00,2.975833780779134408e+00,4.114535551971658656e+00
2.311926633119583130e-01,7.072751522064208984e-01,3.597823381423950195e+00,3.666683912277221680e+00,2.767778969762637153e+00,3.044374481140928346e+00,4.114464291603758817e+00
2.314845770597457886e-01,6.880679726600646973e-01,3.649619579315185547e+00,3.713914394378662109e+00,2.692469643597713347e+00,3.111080990656056144e+00,4.114391536073914502e+00
2.317764759063720703e-01,6.684510707855224609e-01,3.699222803115844727e+00,3.759132385253906250e+00,2.615539656425616588e+00,3.175933329120769866e+00,4.114316493095198091e+00
2.320683896541595459e-01,6.484361886978149414e-01,3.746616601943969727e+00,3.802315950393676758e+00,2.537047192638626658e+00,3.238882595001391973e+00,4.114239774475776379e+00
2.323603034019470215e-01,6.280369162559509277e-01,3.791774272918701172e+00,3.843433618545532227e+00,2.457038552221696204e+00,3.299889756093425941e+00,4.114159798728534767e+00
2.326522171497344971e-01,6.072636246681213379e-01,3.834656715393066406e+00,3.882442951202392578e+00,2.375562621728134705e+00,3.358919990417623236e+00,4.114078423143994634e+00
2.329441159963607788e-01,5.861312150955200195e-01,3.875243663787841797e+00,3.919319391250610352e+00,2.292681273993474989e+00,3.415928775954165886e+00,4.113995238999684112e+00
2.332360297441482544e-01,5.646511316299438477e-01,3.913519620895385742e+00,3.954044580459594727e+00,2.208417580984543438e+00,3.470898883274345259e+00,4.113909001171115243e+00
2.335279434919357300e-01,5.428357124328613281e-01,3.949448347091674805e+00,3.986578941345214844e+00,2.122835666822578737e+00,3.523788747493759921e+00,4.113820414808806447e+00
2.338198572397232056e-01,5.206989645957946777e-01,3.983013868331909180e+00,4.016904830932617188e+00,2.036000559820040579e+00,3.574559647101026805e+00,4.113730053159849298e+00
2.341117560863494873e-01,4.982565045356750488e-01,4.014200210571289062e+00,4.045004844665527344e+00,1.947936975377204449e+00,3.623196357594174355e+00,4.113637114005729067e+00
2.344036698341369629e-01,4.755189418792724609e-01,4.042980670928955078e+00,4.070848941802978516e+00,1.858711112563500301e+00,3.669661695031646076e+00,4.113541534486989448e+00
2.346955835819244385e-01,4.524998366832733154e-01,4.069342136383056641e+00,4.094423294067382812e+00,1.768391107207071045e+00,3.713921777929926726e+00,4.113444065577072983e+00
2.349874824285507202e-01,4.292161464691162109e-01,4.093274116516113281e+00,4.115715980529785156e+00,1.677002783376981387e+00,3.755963297527485256e+00,4.113343971494201057e+00
2.352793961763381958e-01,4.056784808635711670e-01,4.114753723144531250e+00,4.134703636169433594e+00,1.584614913846819295e+00,3.795753918342296362e+00,4.113241086272072522e+00
2.355713099241256714e-01,3.819026350975036621e-01,4.133769512176513672e+00,4.151373386383056641e+00,1.491297478151760725e+00,3.833264389968873420e+00,4.113135549887122266e+00
2.358632236719131470e-01,3.579036891460418701e-01,4.150317668914794922e+00,4.165720939636230469e+00,1.397063184631369248e+00,3.868489271493949389e+00,4.113027447697879424e+00
2.361551225185394287e-01,3.336966335773468018e-01,4.164379119873046875e+00,4.177727222442626953e+00,1.302026746162505466e+00,3.901385459384469900e+00,4.112916501756276766e+00
2.364470362663269043e-01,3.092937767505645752e-01,4.175946712493896484e+00,4.187385082244873047e+00,1.206201188213873010e+00,3.931949428101438215e+00,4.112802889951788998e+00
2.367389500141143799e-01,2.847118675708770752e-01,4.185021400451660156e+00,4.194694995880126953e+00,1.109658887545044825e+00,3.960157989771571074e+00,4.112686974553170671e+00
2.370308637619018555e-01,2.599650919437408447e-01,4.191590785980224609e+00,4.199644565582275391e+00,1.012472992030204688e+00,3.985989894714318194e+00,4.112568175769887091e+00
2.373227626085281372e-01,2.350697517395019531e-01,4.195647716522216797e+00,4.202227592468261719e+00,9.146711508049755190e-01,4.009437332587412861e+00,4.112445870532591918e+00
2.376146763563156128e-01,2.100402563810348511e-01,4.197200775146484375e+00,4.202453136444091797e+00,8.163278567891951720e-01,4.030483133485340375e+00,4.112321176547357737e+00
2.379065901041030884e-01,1.848900616168975830e-01,4.196241378784179688e+00,4.200312614440917969e+00,7.175171076897606248e-01,4.049111802217414180e+00,4.112193719498613120e+00
2.381985038518905640e-01,1.596356183290481567e-01,4.192766666412353516e+00,4.195804595947265625e+00,6.182676313726320760e-01,4.065317723471105538e+00,4.112063114395427377e+00
2.384904026985168457e-01,1.342939585447311401e-01,4.186789989471435547e+00,4.188942909240722656e+00,5.186542610289918143e-01,4.079088047996532573e+00,4.111929175677968118e+00
2.387823164463043213e-01,1.088776215910911560e-01,4.178307056427001953e+00,4.179725646972656250e+00,4.187525481956920759e-01,4.090413550748611016e+00,4.111792396603729749e+00
2.390742301940917969e-01,8.340321481227874756e-02,4.167318820953369141e+00,4.168153285980224609e+00,3.185755864767749190e-01,4.099292468608305207e+00,4.111652848610616751e+00
2.393661439418792725e-01,5.788644775748252869e-02,4.153843879699707031e+00,4.154246807098388672e+00,2.182459856075061044e-01,4.105713354989831920e+00,4.111509876380652351e+00
2.396580427885055542e-01,3.234395012259483337e-02,4.137885093688964844e+00,4.138011455535888672e+00,1.177771138912732801e-01,4.109676656188042010e+00,4.111363966735794406e+00
2.399499565362930298e-01,6.788631435483694077e-03,4.119442939758300781e+00,4.119448184967041016e+00,1.724495041672267567e-02,4.111177674989586528e+00,4.111213843093990405e+00
2.402418702840805054e-01,-1.876268908381462097e-02,4.098542690277099609e+00,4.098585605621337891e+00,-8.327447958533165662e-02,4.110217758689945988e+00,4.111061257485761011e+00
2.405337840318679810e-01,-4.429455846548080444e-02,4.075191497802734375e+00,4.075431823730468750e+00,-1.837521464860552012e-01,4.106795861526920888e+00,4.110904657078886970e+00
2.408256828784942627e-01,-6.979002803564071655e-02,4.049396514892578125e+00,4.049997806549072266e+00,-2.841120845806136552e-01,4.100915736341362638e+00,4.110745620100685116e+00
2.411175966262817383e-01,-9.523517638444900513e-02,4.021185398101806641e+00,4.022312641143798828e+00,-3.842783611856302461e-01,4.092580831960829002e+00,4.110582407032937979e+00
2.414095103740692139e-01,-1.206158474087715149e-01,3.990569353103637695e+00,3.992391824722290039e+00,-4.842220624842332177e-01,4.081794483089137060e+00,4.110415697709101757e+00
2.417014241218566895e-01,-1.459149867296218872e-01,3.957557916641235352e+00,3.960247039794921875e+00,-5.838676886168993052e-01,4.068564729315352402e+00,4.110245787594672073e+00
2.419933229684829712e-01,-1.711164712905883789e-01,3.922186613082885742e+00,3.925917863845825195e+00,-6.831397030900976386e-01,4.052901746549997242e+00,4.110072070064714644e+00
2.422852367162704468e-01,-1.962075531482696533e-01,3.884470462799072266e+00,3.889422416687011719e+00,-7.820096593971967991e-01,4.034810549403060165e+00,4.109894801204132087e+00
2.425771504640579224e-01,-2.211711108684539795e-01,3.844422101974487305e+00,3.850779056549072266e+00,-8.804026004022825758e-01,4.014303960537136895e+00,4.109713496872895000e+00
2.428690642118453979e-01,-2.459928095340728760e-01,3.802079439163208008e+00,3.810028791427612305e+00,-9.782595915528983221e-01,3.991395550823191307e+00,4.109529203156538024e+00
2.431609630584716797e-01,-2.706562876701354980e-01,3.757468700408935547e+00,3.767203807830810547e+00,-1.075521594184844831e+00,3.966097695793547651e+00,4.109340291596303985e+00
2.434528768062591553e-01,-2.951482236385345459e-01,3.710599184036254883e+00,3.722318887710571289e+00,-1.172115327639740912e+00,3.938431092186091220e+00,4.109147576953904313e+00
2.437447905540466309e-01,-3.194535970687866211e-01,3.661515474319458008e+00,3.675424575805664062e+00,-1.268012880493167405e+00,3.908404385079758736e+00,4.108951387204193395e+00
2.440367043018341064e-01,-3.435577452182769775e-01,3.610246181488037109e+00,3.626556158065795898e+00,-1.363141928382429313e+00,3.876039226849279373e+00,4.108751149070545061e+00
2.443286031484603882e-01,-3.674434125423431396e-01,3.556810855865478516e+00,3.575740098953247070e+00,-1.457430278461623097e+00,3.841361086376182676e+00,4.108546946610434958e+00
2.446205168962478638e-01,-3.910990059375762939e-01,3.501253604888916016e+00,3.523029327392578125e+00,-1.550850714515017215e+00,3.804379844573108738e+00,4.108338342992924552e+00
2.449124306440353394e-01,-4.145113825798034668e-01,3.443604707717895508e+00,3.468462705612182617e+00,-1.643332699119295581e+00,3.765123813261090913e+00,4.108126055658522624e+00
2.452043443918228149e-01,-4.376634061336517334e-01,3.383886098861694336e+00,3.412071704864501953e+00,-1.734820605529684867e+00,3.723616357317513614e+00,4.107909603417891020e+00
2.454962432384490967e-01,-4.605417549610137939e-01,3.322152376174926758e+00,3.353922367095947266e+00,-1.825245410213044428e+00,3.679889177023036861e+00,4.107688542559558620e+00
2.457881569862365723e-01,-4.831350445747375488e-01,3.258434057235717773e+00,3.294057130813598633e+00,-1.914581193809673509e+00,3.633955708988320765e+00,4.107463358641009421e+00
2.460800707340240479e-01,-5.054264664649963379e-01,3.192758083343505859e+00,3.232516288757324219e+00,-2.002759784099308327e+00,3.585850256684055104e+00,4.107233718230143715e+00
2.463719695806503296e-01,-5.274033546447753906e-01,3.125180482864379883e+00,3.169370174407958984e+00,-2.089728763792868982e+00,3.535601664140109346e+00,4.106999565825833365e+00
2.466638833284378052e-01,-5.490549206733703613e-01,3.055735588073730469e+00,3.104670763015747070e+00,-2.175422432839861475e+00,3.483249198304492200e+00,4.106761222519734744e+00
2.469557970762252808e-01,-5.703648924827575684e-01,2.984456300735473633e+00,3.038469314575195312e+00,-2.259815946454626800e+00,3.428807774230233196e+00,4.106518094989026757e+00
2.472477108240127563e-01,-5.913223028182983398e-01,2.911396026611328125e+00,2.970839738845825195e+00,-2.342845954897665006e+00,3.372318985366533184e+00,4.106271119573562167e+00
2.475396096706390381e-01,-6.119138002395629883e-01,2.836603164672851562e+00,2.901853799819946289e+00,-2.424449260269344375e+00,3.313825116596179399e+00,4.106018889265397931e+00
2.478315234184265137e-01,-6.321261525154113770e-01,2.760107517242431641e+00,2.831568002700805664e+00,-2.504602570362684855e+00,3.253344640594573622e+00,4.105762460975160622e+00
2.481234371662139893e-01,-6.519492864608764648e-01,2.681962966918945312e+00,2.760065793991088867e+00,-2.583245134048825609e+00,3.190921633780250399e+00,4.105500736270029982e+00
2.484153509140014648e-01,-6.713715195655822754e-01,2.602218389511108398e+00,2.687430143356323242e+00,-2.660329616415339604e+00,3.126595380670879276e+00,4.105234748757867536e+00
2.487072497606277466e-01,-6.903777122497558594e-01,2.520916938781738281e+00,2.613741397857666016e+00,-2.735798127294073456e+00,3.060413891173987988e+00,4.104963407704929956e+00
2.489991635084152222e-01,-7.089601755142211914e-01,2.438107013702392578e+00,2.539092540740966797e+00,-2.809629094171840702e+00,2.992397424661580541e+00,4.104687319874455120e+00
2.492910772562026978e-01,-7.271074652671813965e-01,2.353843927383422852e+00,2.463587999343872070e+00,-2.881766684493629604e+00,2.922597296666412880e+00,4.104406678478539128e+00
2.495829910039901733e-01,-7.448063492774963379e-01,2.268170356750488281e+00,2.387327671051025391e+00,-2.952167278503962322e+00,2.851055098076048733e+00,4.104120711252888576e+00
2.498748898506164551e-01,-7.620469927787780762e-01,2.181147098541259766e+00,2.310436725616455078e+00,-3.020778083304008099e+00,2.777826044549580597e+00,4.103829645873206644e+00
2.501668035984039307e-01,-7.788209915161132812e-01,2.092824697494506836e+00,2.233042240142822266e+00,-3.087579834758893416e+00,2.702931547769736209e+00,4.103533622128452407e+00
2.504587173461914062e-01,-7.951166629791259766e-01,2.003244400024414062e+00,2.155272245407104492e+00,-3.152521362344403943e+00,2.626427880017082384e+00,4.103232183165953728e+00
2.507506310939788818e-01,-8.109249472618103027e-01,1.912468791007995605e+00,2.077290534973144531e+00,-3.215554220463087365e+00,2.548373732723350216e+00,4.102925496078659862e+00
2.510425448417663574e-01,-8.262376189231872559e-01,1.820554137229919434e+00,1.999271273612976074e+00,-3.276669644397490089e+00,2.468779782732233308e+00,4.102613505333324362e+00
2.513344585895538330e-01,-8.410431742668151855e-01,1.727550387382507324e+00,1.921401500701904297e+00,-3.335793374923423649e+00,2.387743357636809005e+00,4.102296403494231747e+00
2.516263425350189209e-01,-8.553324937820434570e-01,1.633525609970092773e+00,1.843908786773681641e+00,-3.392909083376983492e+00,2.305288634650807467e+00,4.101973639251260018e+00
2.519182562828063965e-01,-8.691015243530273438e-01,1.538519144058227539e+00,1.767025351524353027e+00,-3.447991164443395817e+00,2.221452621348702916e+00,4.101645379475990616e+00
2.522101700305938721e-01,-8.823384046554565430e-01,1.442593336105346680e+00,1.691034197807312012e+00,-3.500997484639914781e+00,2.136298845004569902e+00,4.101311514945295222e+00
2.525020837783813477e-01,-8.950360417366027832e-01,1.345807194709777832e+00,1.616256952285766602e+00,-3.551897125683777912e+00,2.049878564000252368e+00,4.100972484495405190e+00
2.527939975261688232e-01,-9.071888327598571777e-01,1.248221158981323242e+00,1.543064355850219727e+00,-3.600658660095809260e+00,1.962243700052755280e+00,4.100627162388660096e+00
2.530859112739562988e-01,-9.187873005867004395e-01,1.149890422821044922e+00,1.471875786781311035e+00,-3.647246688296538863e+00,1.873461608765894626e+00,4.100276430292201901e+00
2.533778250217437744e-01,-9.298252463340759277e-01,1.050874710083007812e+00,1.403179526329040527e+00,-3.691647899522611631e+00,1.783558086774676976e+00,4.099919958114921492e+00
2.536697387695312500e-01,-9.402980804443359375e-01,9.512351751327514648e-01,1.337538361549377441e+00,-3.733827771164644815e+00,1.692600719424944167e+00,4.099556929732550259e+00
2.539616227149963379e-01,-9.501968622207641602e-01,8.510398864746093750e-01,1.275595068931579590e+00,-3.773756692404124369e+00,1.600659984996670504e+00,4.099189183367176526e+00
2.542535364627838135e-01,-9.595179557800292969e-01,7.503283619880676270e-01,1.218058824539184570e+00,-3.811421311048734051e+00,1.507761600744775832e+00,4.098814152288061230e+00
2.545454502105712891e-01,-9.682570099830627441e-01,6.491731405258178711e-01,1.165738940238952637e+00,-3.846795157633669859e+00,1.413976497280806877e+00,4.098434154607872415e+00
2.548373639583587646e-01,-9.764073491096496582e-01,5.476329922676086426e-01,1.119496822357177734e+00,-3.879855786180454569e+00,1.319361343737162073e+00,4.098047739705564574e+00
2.551292777061462402e-01,-9.839639067649841309e-01,4.457689821720123291e-01,1.080229163169860840e+00,-3.910583573136789504e+00,1.223973056982607499e+00,4.097654686123106238e+00
2.554211914539337158e-01,-9.909249544143676758e-01,3.436431884765625000e-01,1.048819780349731445e+00,-3.938956988488228728e+00,1.127884423476289699e+00,4.097255841399301879e+00
2.557131052017211914e-01,-9.972850084304809570e-01,2.413160055875778198e-01,1.026065707206726074e+00,-3.964967713839258945e+00,1.031123596405608689e+00,4.096850600504264861e+00
2.560050189495086670e-01,-1.003039717674255371e+00,1.388487666845321655e-01,1.012604355812072754e+00,-3.988595718595666195e+00,9.337637355946080131e-01,4.096438760717810545e+00
2.562969028949737549e-01,-1.008188247680664062e+00,3.631374984979629517e-02,1.008842110633850098e+00,-4.009824576766828130e+00,8.358789966822202100e-01,4.096020853650252924e+00
2.565888166427612305e-01,-1.012726902961730957e+00,-6.623835116624832153e-02,1.014890789985656738e+00,-4.028647468012301225e+00,7.374980026436610547e-01,4.095595649649182768e+00
2.568807303905487061e-01,-1.016652464866638184e+00,-1.687562912702560425e-01,1.030563354492187500e+00,-4.045051103825287875e+00,6.386952219481413229e-01,4.095164223703068984e+00
2.571726441383361816e-01,-1.019965648651123047e+00,-2.711685001850128174e-01,1.055396795272827148e+00,-4.059024153722422312e+00,5.395460074892350910e-01,4.094726727719397275e+00
2.574645578861236572e-01,-1.022663474082946777e+00,-3.734135329723358154e-01,1.088704824447631836e+00,-4.070561998487948863e+00,4.400791978676210636e-01,4.094281949735510295e+00
2.577564716339111328e-01,-1.024743199348449707e+00,-4.754293262958526611e-01,1.129660010337829590e+00,-4.079656688403643372e+00,3.403702182600978343e-01,4.093830795320564597e+00
2.580483853816986084e-01,-1.026207089424133301e+00,-5.771559476852416992e-01,1.177374243736267090e+00,-4.086302672894658095e+00,2.404793273538969878e-01,4.093372673162146036e+00
2.583402693271636963e-01,-1.027053594589233398e+00,-6.785219907760620117e-01,1.230947256088256836e+00,-4.090495830985320325e+00,1.404822896933644316e-01,4.092907452780452537e+00
2.586321830749511719e-01,-1.027280926704406738e+00,-7.794855237007141113e-01,1.289536237716674805e+00,-4.092235223008447775e+00,4.040833079965300972e-02,4.092434721975295453e+00
2.589240968227386475e-01,-1.026892662048339844e+00,-8.799781799316406250e-01,1.352357149124145508e+00,-4.091521100907067776e+00,-5.966660673600465009e-02,4.091956136510650488e+00
2.592160105705261230e-01,-1.025888681411743164e+00,-9.799392819404602051e-01,1.418706774711608887e+00,-4.088352482095414686e+00,-1.596821427605858990e-01,4.091469712043870111e+00
2.595079243183135986e-01,-1.024267673492431641e+00,-1.079306244850158691e+00,1.487960457801818848e+00,-4.082733692211191645e+00,-2.595623855360429388e-01,4.090976293441651812e+00
2.597998380661010742e-01,-1.022034645080566406e+00,-1.178022980690002441e+00,1.559580922126770020e+00,-4.074666248576639838e+00,-3.592782454012852789e-01,4.090475020692371011e+00
2.600917518138885498e-01,-1.019191265106201172e+00,-1.276029944419860840e+00,1.633096218109130859e+00,-4.064157596333386913e+00,-4.587540137575475963e-01,4.089967263068621683e+00
2.603836655616760254e-01,-1.015736460685729980e+00,-1.373264431953430176e+00,1.708091259002685547e+00,-4.051213762656209028e+00,-5.579297995105776398e-01,4.089452116349693966e+00
2.606755495071411133e-01,-1.011677384376525879e+00,-1.469663262367248535e+00,1.784208893775939941e+00,-4.035845765118930117e+00,-6.567303174552237000e-01,4.088929658198248163e+00
2.609674632549285889e-01,-1.007015824317932129e+00,-1.565188050270080566e+00,1.861153960227966309e+00,-4.018057592485186902e+00,-7.551268312379825209e-01,4.088398628776721111e+00
2.612593770027160645e-01,-1.001752257347106934e+00,-1.659766077995300293e+00,1.938641548156738281e+00,-3.997867399776631192e+00,-8.530293870139354917e-01,4.087860428305512883e+00
2.615512907505035400e-01,-9.958946704864501953e-01,-1.753346800804138184e+00,2.016440391540527344e+00,-3.975277595587368928e+00,-9.504246482228447812e-01,4.087314396266625849e+00
2.618432044982910156e-01,-9.894468784332275391e-01,-1.845874428749084473e+00,2.094339370727539062e+00,-3.950317195750700172e+00,-1.047193437534843508e+00,4.086761559310710723e+00
2.621351182460784912e-01,-9.824096560478210449e-01,-1.937285900115966797e+00,2.172142982482910156e+00,-3.922989358000484206e+00,-1.143322655163983237e+00,4.086200214966989819e+00
2.624270319938659668e-01,-9.747923016548156738e-01,-2.027534246444702148e+00,2.249692201614379883e+00,-3.893315391642819367e+00,-1.238739346364345684e+00,4.085630906853192634e+00
2.627189457416534424e-01,-9.666000604629516602e-01,-2.116566181182861328e+00,2.326836585998535156e+00,-3.861313799482654741e+00,-1.333386140478517001e+00,4.085053593001610750e+00
2.630108296871185303e-01,-9.578354358673095703e-01,-2.204309701919555664e+00,2.403420448303222656e+00,-3.827010404681985278e+00,-1.427191346909068681e+00,4.084468604143786763e+00
2.633027434349060059e-01,-9.485078454017639160e-01,-2.290730714797973633e+00,2.479337453842163086e+00,-3.790415059835059441e+00,-1.520127690578535029e+00,4.083874939501459522e+00
2.635946571826934814e-01,-9.386228322982788086e-01,-2.375786781311035156e+00,2.554481506347656250e+00,-3.751562776203970717e+00,-1.612110675075059341e+00,4.083273697964687088e+00
2.638865709304809570e-01,-9.281841516494750977e-01,-2.459408044815063477e+00,2.628728389739990234e+00,-3.710464865255891365e+00,-1.703113383484332832e+00,4.082663923629016089e+00
2.641784846782684326e-01,-9.172025322914123535e-01,-2.541553497314453125e+00,2.701990842819213867e+00,-3.667153301163133872e+00,-1.793067007460617646e+00,4.082046377428292239e+00
2.644703984260559082e-01,-9.056857228279113770e-01,-2.622175216674804688e+00,2.774178981781005859e+00,-3.621653587678484332e+00,-1.881916875422807056e+00,4.081419585774730407e+00
2.647623121738433838e-01,-8.936381340026855469e-01,-2.701214551925659180e+00,2.845197677612304688e+00,-3.573995109038546225e+00,-1.969610174537592462e+00,4.080784885175087418e+00
2.650542259216308594e-01,-8.810708522796630859e-01,-2.778633117675781250e+00,2.914976358413696289e+00,-3.524214207188676173e+00,-2.056080350042519100e+00,4.080141196574142981e+00
2.653461098670959473e-01,-8.679941296577453613e-01,-2.854378461837768555e+00,2.983436107635498047e+00,-3.472326869780671732e+00,-2.141303034052261189e+00,4.079489254090793438e+00
2.656380236148834229e-01,-8.544110655784606934e-01,-2.928410530090332031e+00,3.050509214401245117e+00,-3.418372273214641321e+00,-2.225212839123815289e+00,4.078828407482240515e+00
2.659299373626708984e-01,-8.403344154357910156e-01,-3.000684976577758789e+00,3.116131067276000977e+00,-3.362392771668821556e+00,-2.307747443717955704e+00,4.078159317015153107e+00
2.662218511104583740e-01,-8.257743120193481445e-01,-3.071161746978759766e+00,3.180241584777832031e+00,-3.304404971369784949e+00,-2.388882717666703126e+00,4.077481189849930132e+00
2.665137648582458496e-01,-8.107376098632812500e-01,-3.139787435531616211e+00,3.242770433425903320e+00,-3.244452568869686360e+00,-2.468556354651600948e+00,4.076793218662912111e+00
2.668056786060333252e-01,-7.952362895011901855e-01,-3.206529140472412109e+00,3.303668975830078125e+00,-3.182574212810826086e+00,-2.546721981827803294e+00,4.076097578907229568e+00
2.670975923538208008e-01,-7.792814373970031738e-01,-3.271349906921386719e+00,3.362887144088745117e+00,-3.118806206866114650e+00,-2.623331731597964289e+00,4.075392193396283780e+00
2.673895061016082764e-01,-7.628811001777648926e-01,-3.334200382232666016e+00,3.420362710952758789e+00,-3.053198418944041315e+00,-2.698328357580202841e+00,4.074677473219674440e+00
2.676813900470733643e-01,-7.460495233535766602e-01,-3.395043373107910156e+00,3.476047754287719727e+00,-2.985782066554456105e+00,-2.771679554048935401e+00,4.073954111092945141e+00
2.679733037948608398e-01,-7.287951111793518066e-01,-3.453859567642211914e+00,3.529913425445556641e+00,-2.916586677275616601e+00,-2.843351975547269372e+00,4.073220875782478601e+00
2.682652175426483154e-01,-7.111288905143737793e-01,-3.510596752166748047e+00,3.581897974014282227e+00,-2.845665548616408635e+00,-2.913291590913046569e+00,4.072478398747744421e+00
2.685571312904357910e-01,-6.930636167526245117e-01,-3.565226793289184570e+00,3.631966352462768555e+00,-2.773062389197619382e+00,-2.981456898754252016e+00,4.071726937493688858e+00
2.688490450382232666e-01,-6.746119260787963867e-01,-3.617721796035766602e+00,3.680083274841308594e+00,-2.698821162164212417e+00,-3.047806690267157670e+00,4.070965645468239025e+00
2.691409587860107422e-01,-6.557842493057250977e-01,-3.668040752410888672e+00,3.726201295852661133e+00,-2.622999522655462101e+00,-3.112291916286549665e+00,4.070195015970781149e+00
2.694328725337982178e-01,-6.365936398506164551e-01,-3.716157197952270508e+00,3.770288705825805664e+00,-2.545620154436995630e+00,-3.174893794218009546e+00,4.069414279136478463e+00
2.697247564792633057e-01,-6.170555949211120605e-01,-3.762044668197631836e+00,3.812314271926879883e+00,-2.466742073475291175e+00,-3.235565530302490611e+00,4.068623939114405452e+00
2.700166702270507812e-01,-5.971789956092834473e-01,-3.805671691894531250e+00,3.852240562438964844e+00,-2.386426373476638663e+00,-3.294261513689969334e+00,4.067823712577007811e+00
2.703085839748382568e-01,-5.769764780998229980e-01,-3.847016096115112305e+00,3.890042781829833984e+00,-2.304697348001965018e+00,-3.350965807846787659e+00,4.067013856780619108e+00
2.706004977226257324e-01,-5.564627647399902344e-01,-3.886059045791625977e+00,3.925698280334472656e+00,-2.221616860423676343e+00,-3.405635058919362468e+00,4.066193752031430186e+00
2.708924114704132080e-01,-5.356504917144775391e-01,-3.922766923904418945e+00,3.959169149398803711e+00,-2.137235831769056293e+00,-3.458236579967200353e+00,4.065363113378779758e+00
2.711843252182006836e-01,-5.145533680915832520e-01,-3.957119226455688477e+00,3.990433454513549805e+00,-2.051606810006226134e+00,-3.508740489442151667e+00,4.064523382281700847e+00
2.714762389659881592e-01,-4.931859970092773438e-01,-3.989103317260742188e+00,4.019474506378173828e+00,-1.964793971729418720e+00,-3.557108234000141422e+00,4.063672518761308083e+00
2.717681527137756348e-01,-4.715611338615417480e-01,-4.018692016601562500e+00,4.046264648437500000e+00,-1.876824857195110052e+00,-3.603327342576797321e+00,4.062811770479529017e+00
2.720600366592407227e-01,-4.496950805187225342e-01,-4.045864105224609375e+00,4.070778846740722656e+00,-1.787779837979188713e+00,-3.647355924769197344e+00,4.061940668083898309e+00
2.723519504070281982e-01,-4.275983572006225586e-01,-4.070619106292724609e+00,4.093016147613525391e+00,-1.697685805358256861e+00,-3.689181759277729178e+00,4.061058870135033416e+00
2.726438641548156738e-01,-4.052866697311401367e-01,-4.092929840087890625e+00,4.112946987152099609e+00,-1.606611381530354210e+00,-3.728774108774293161e+00,4.060167051431307073e+00
2.729357779026031494e-01,-3.827741742134094238e-01,-4.112783432006835938e+00,4.130557060241699219e+00,-1.514612126238296774e+00,-3.766108335675157459e+00,4.059263712668838231e+00
2.732276916503906250e-01,-3.600762188434600830e-01,-4.130176067352294922e+00,4.145842552185058594e+00,-1.421758835052705949e+00,-3.801159022619825745e+00,4.058350416153654550e+00
2.735196053981781006e-01,-3.372067511081695557e-01,-4.145091533660888672e+00,4.158784866333007812e+00,-1.328064568289448077e+00,-3.833921473012249059e+00,4.057426445269248561e+00
2.738115191459655762e-01,-3.141801953315734863e-01,-4.157516479492187500e+00,4.169370651245117188e+00,-1.233644719218371710e+00,-3.864355525807157132e+00,4.056491454827889420e+00
2.741034328937530518e-01,-2.910120189189910889e-01,-4.167455196380615234e+00,4.177603244781494141e+00,-1.138512972148749913e+00,-3.892458927643466460e+00,4.055545375303093003e+00
2.743953168392181396e-01,-2.677190005779266357e-01,-4.174895763397216797e+00,4.183470726013183594e+00,-1.042756501789735113e+00,-3.918206273381924731e+00,4.054587713047312469e+00
2.746872305870056152e-01,-2.443109601736068726e-01,-4.179828166961669922e+00,4.186962127685546875e+00,-9.464044680168356427e-01,-3.941592572871088329e+00,4.053619793171870711e+00
2.749791443347930908e-01,-2.208057492971420288e-01,-4.182261943817138672e+00,4.188086509704589844e+00,-8.495302133748380280e-01,-3.962599154200655338e+00,4.052640329502292360e+00
2.752710580825805664e-01,-1.972180455923080444e-01,-4.182189941406250000e+00,4.186837673187255859e+00,-7.521924240491695279e-01,-3.981214943843121912e+00,4.051649771621031348e+00
2.755629718303680420e-01,-1.735626608133316040e-01,-4.179605007171630859e+00,4.183207035064697266e+00,-6.544658573439725568e-01,-3.997426561741533213e+00,4.050647438983762783e+00
2.758548855781555176e-01,-1.498549133539199829e-01,-4.174521446228027344e+00,4.177210330963134766e+00,-5.563794581502419234e-01,-4.011231091843446173e+00,4.049633683880941248e+00
2.761467993259429932e-01,-1.261096745729446411e-01,-4.166939258575439453e+00,4.168847084045410156e+00,-4.580081689561593117e-01,-4.022619017638929151e+00,4.048609050513640284e+00
2.764387130737304688e-01,-1.023418530821800232e-01,-4.156852722167968750e+00,4.158112525939941406e+00,-3.594117008448408090e-01,-4.031583705211273738e+00,4.047572598833681035e+00
2.767305970191955566e-01,-7.856899499893188477e-02,-4.144283294677734375e+00,4.145027637481689453e+00,-2.606654057891208409e-01,-4.038119944830642183e+00,4.046524328681866400e+00
2.770225107669830322e-01,-5.480356514453887939e-02,-4.129235267639160156e+00,4.129599094390869141e+00,-1.617985551643904285e-01,-4.042227853069778831e+00,4.045464718494823586e+00
2.773144245147705078e-01,-3.105819039046764374e-02,-4.111704349517822266e+00,4.111821651458740234e+00,-6.288655595358715045e-02,-4.043903945192703908e+00,4.044392888538998143e+00
2.776063382625579834e-01,-7.350055035203695297e-03,-4.091716766357421875e+00,4.091722965240478516e+00,3.601054808175688932e-02,-4.043148586834587555e+00,4.043308948719559481e+00
2.778982520103454590e-01,1.630605198442935944e-02,-4.069283962249755859e+00,4.069316387176513672e+00,1.348172992599753761e-01,-4.039964497956740175e+00,4.042213360144490508e+00
2.781901657581329346e-01,3.989495709538459778e-02,-4.044404983520507812e+00,4.044601917266845703e+00,2.335045740182690455e-01,-4.034353136397713868e+00,4.041104999285408894e+00
2.784820795059204102e-01,6.340239197015762329e-02,-4.017110824584960938e+00,4.017611026763916016e+00,3.319971216971734918e-01,-4.026320807480698427e+00,4.039985313533605904e+00
2.787739634513854980e-01,8.681139349937438965e-02,-3.987419605255126953e+00,3.988364458084106445e+00,4.302199653822404990e-01,-4.015874363921665413e+00,4.038853318135822157e+00
2.790658771991729736e-01,1.101115047931671143e-01,-3.955329418182373047e+00,3.956861734390258789e+00,5.281441094636287747e-01,-4.003018599922809173e+00,4.037709017709063986e+00
2.793577909469604492e-01,1.332866549491882324e-01,-3.920877933502197266e+00,3.923142910003662109e+00,6.256949331704678707e-01,-3.987763233494269421e+00,4.036551715982822586e+00
2.796497046947479248e-01,1.563225984573364258e-01,-3.884086132049560547e+00,3.887230396270751953e+00,7.227983522393720550e-01,-3.970122480617537253e+00,4.035382258114427856e+00
2.799416184425354004e-01,1.792040467262268066e-01,-3.844959974288940430e+00,3.849133729934692383e+00,8.194258930259206153e-01,-3.950102668840131503e+00,4.034200030804032444e+00
2.802335321903228760e-01,2.019180357456207275e-01,-3.803539752960205078e+00,3.808895587921142578e+00,9.155037312310381203e-01,-3.927719904188212041e+00,4.033005173273920718e+00
2.805254459381103516e-01,2.244507372379302979e-01,-3.759850740432739258e+00,3.766544342041015625e+00,1.010974054979512537e+00,-3.902989215726583083e+00,4.031797782369514138e+00
2.808173596858978271e-01,2.467869818210601807e-01,-3.713902950286865234e+00,3.722093582153320312e+00,1.105779080416277260e+00,-3.875926552620765353e+00,4.030577379978823593e+00
2.811092436313629150e-01,2.689122557640075684e-01,-3.665744781494140625e+00,3.675595045089721680e+00,1.199846770095770676e+00,-3.846554885713255434e+00,4.029344457912945821e+00
2.814011573791503906e-01,2.908177673816680908e-01,-3.615396261215209961e+00,3.627074003219604492e+00,1.293149993341183857e+00,-3.814883738496924082e+00,4.028098167066756830e+00
2.816930711269378662e-01,3.124863505363464355e-01,-3.562878131866455078e+00,3.576555252075195312e+00,1.385617415957172360e+00,-3.780938228888538255e+00,4.026838650116816964e+00
2.819849848747253418e-01,3.339063823223114014e-01,-3.508234739303588867e+00,3.524089336395263672e+00,1.477179556785358505e+00,-3.744746488798000428e+00,4.025566507753851830e+00
2.822768986225128174e-01,3.550652265548706055e-01,-3.451501369476318359e+00,3.469716787338256836e+00,1.567809276791499951e+00,-3.706320012189347590e+00,4.024280551992956312e+00
2.825688123703002930e-01,3.759484291076660156e-01,-3.392698287963867188e+00,3.413464307785034180e+00,1.657438274320702343e+00,-3.665689751769218407e+00,4.022981852980332285e+00
2.828607261180877686e-01,3.965449929237365723e-01,-3.331872701644897461e+00,3.355387210845947266e+00,1.746011823335629654e+00,-3.622880237179523899e+00,4.021668621377670227e+00
2.831526398658752441e-01,4.168429672718048096e-01,-3.269062757492065430e+00,3.295531749725341797e+00,1.833477419411829734e+00,-3.577920810815121921e+00,4.020342867960020605e+00
2.834445238113403320e-01,4.368265867233276367e-01,-3.204301357269287109e+00,3.233939409255981445e+00,1.919768617554015844e+00,-3.530845991734937517e+00,4.019002981125534113e+00
2.837364375591278076e-01,4.564874172210693359e-01,-3.137631177902221680e+00,3.170664072036743164e+00,2.004847982299497566e+00,-3.481680019701181905e+00,4.017649958833744428e+00
2.840283513069152832e-01,4.758164882659912109e-01,-3.069087266921997070e+00,3.105752229690551758e+00,2.088690248235197444e+00,-3.430437587590999371e+00,4.016282982488903919e+00
2.843202650547027588e-01,4.947984814643859863e-01,-2.998706817626953125e+00,3.039254665374755859e+00,2.171192587033812682e+00,-3.377182526770203808e+00,4.014902124474836853e+00
2.846121788024902344e-01,5.134236812591552734e-01,-2.926540851593017578e+00,2.971236467361450195e+00,2.252344590530162005e+00,-3.321924653268962135e+00,4.013507139209621322e+00
2.849040925502777100e-01,5.316821932792663574e-01,-2.852634668350219727e+00,2.901759862899780273e+00,2.332084879716690207e+00,-3.264706764727435040e+00,4.012097973113354143e+00
2.851960062980651855e-01,5.495613217353820801e-01,-2.777024507522583008e+00,2.830880165100097656e+00,2.410353878268371997e+00,-3.205574629408082021e+00,4.010675070756560601e+00
2.854879200458526611e-01,5.670521259307861328e-01,-2.699761152267456055e+00,2.758669853210449219e+00,2.487141453607172092e+00,-3.144537212902748458e+00,4.009237694821969455e+00
2.857798039913177490e-01,5.841438174247741699e-01,-2.620903015136718750e+00,2.685210704803466797e+00,2.562353080072716338e+00,-3.081671201224180034e+00,4.007786259197540168e+00
2.860717177391052246e-01,6.008283495903015137e-01,-2.540473461151123047e+00,2.610555410385131836e+00,2.635968941485496320e+00,-3.016997200573237947e+00,4.006320552420003622e+00
2.863636314868927002e-01,6.170955300331115723e-01,-2.458533048629760742e+00,2.534796237945556641e+00,2.707967255921542638e+00,-2.950535210988759705e+00,4.004840157912389564e+00
2.866555452346801758e-01,6.329374313354492188e-01,-2.375134468078613281e+00,2.458022356033325195e+00,2.778260510650465420e+00,-2.882368050964745798e+00,4.003345731542816921e+00
2.869474589824676514e-01,6.483433842658996582e-01,-2.290322065353393555e+00,2.380320072174072266e+00,2.846840147375342855e+00,-2.812506880665471609e+00,4.001836300812251501e+00
2.872393727302551270e-01,6.633058190345764160e-01,-2.204149246215820312e+00,2.301792383193969727e+00,2.913654424964848388e+00,-2.741005680239426034e+00,4.000311768752785824e+00
2.875312864780426025e-01,6.778177618980407715e-01,-2.116671323776245117e+00,2.222551584243774414e+00,2.978654195116643866e+00,-2.667921475741125370e+00,3.998773038671573410e+00
2.878232002258300781e-01,6.918697953224182129e-01,-2.027936220169067383e+00,2.142710685729980469e+00,3.041831177291161037e+00,-2.593265258015768460e+00,3.997219234614498795e+00
2.881150841712951660e-01,7.054534554481506348e-01,-1.938007831573486328e+00,2.062410831451416016e+00,3.103108425067304665e+00,-2.517129820384029770e+00,3.995650689235762609e+00
2.884069979190826416e-01,7.185661196708679199e-01,-1.846925616264343262e+00,1.981785058975219727e+00,3.162470202901717098e+00,-2.439539709908169485e+00,3.994067072604072344e+00
2.886989116668701172e-01,7.311977148056030273e-01,-1.754749178886413574e+00,1.900998473167419434e+00,3.219890490892966195e+00,-2.360531052301547028e+00,3.992468111610009807e+00
2.889908254146575928e-01,7.433420419692993164e-01,-1.661534667015075684e+00,1.820234775543212891e+00,3.275325925628242540e+00,-2.280165025524594213e+00,3.990853600762382936e+00
2.892827391624450684e-01,7.549948096275329590e-01,-1.567341685295104980e+00,1.739705920219421387e+00,3.328736649788714530e+00,-2.198504288355136005e+00,3.989224083648663655e+00
2.895746529102325439e-01,7.661487460136413574e-01,-1.472223520278930664e+00,1.659646391868591309e+00,3.380116536688424489e+00,-2.115561778218976396e+00,3.987579395956347028e+00
2.898665666580200195e-01,7.767981290817260742e-01,-1.376237511634826660e+00,1.580330610275268555e+00,3.429402997306862488e+00,-2.031440396114417624e+00,3.985919592879764828e+00
2.901584506034851074e-01,7.869392037391662598e-01,-1.279454469680786133e+00,1.502090811729431152e+00,3.476583770922098360e+00,-1.946166633165755000e+00,3.984243878113718385e+00
2.904503643512725830e-01,7.965678572654724121e-01,-1.181910395622253418e+00,1.425283312797546387e+00,3.521646241843629177e+00,-1.859766160259038070e+00,3.982552249944249834e+00
2.907422780990600586e-01,8.056770563125610352e-01,-1.083683371543884277e+00,1.350364804267883301e+00,3.564535296422198574e+00,-1.772346466747073412e+00,3.980844618624359565e+00
2.910341918468475342e-01,8.142673373222351074e-01,-9.848150014877319336e-01,1.277846574783325195e+00,3.605248677940150692e+00,-1.683921785876516530e+00,3.979121839142245154e+00
2.913261055946350098e-01,8.223327994346618652e-01,-8.853732943534851074e-01,1.208353042602539062e+00,3.643755454080602085e+00,-1.594559894703519332e+00,3.977382941953042206e+00
2.916180193424224854e-01,8.298692107200622559e-01,-7.854171991348266602e-01,1.142612338066101074e+00,3.680028026253450602e+00,-1.504329976703981053e+00,3.975627617473883380e+00
2.919099330902099609e-01,8.368764519691467285e-01,-6.850091814994812012e-01,1.081480383872985840e+00,3.714064368767143076e+00,-1.413246437902372810e+00,3.973857021784933163e+00
2.922018468379974365e-01,8.433508872985839844e-01,-5.842083096504211426e-01,1.025933742523193359e+00,3.745822233922465383e+00,-1.321421292452324092e+00,3.972069792978750957e+00
2.924937307834625244e-01,8.492885828018188477e-01,-4.830848872661590576e-01,9.770680665969848633e-01,3.775296542470707450e+00,-1.228883689958384595e+00,3.970266881084572042e+00
2.927856445312500000e-01,8.546919226646423340e-01,-3.816807568073272705e-01,9.360440969467163086e-01,3.802474173357653697e+00,-1.135675930742198192e+00,3.968446756442516765e+00
2.930775582790374756e-01,8.595578074455261230e-01,-2.800663709640502930e-01,9.040336012840270996e-01,3.827336762903289280e+00,-1.041869763238501223e+00,3.966610555653488746e+00
2.933694720268249512e-01,8.638837337493896484e-01,-1.783025860786437988e-01,8.820923566818237305e-01,3.849870913693899777e+00,-9.475235531481405182e-01,3.964758118205545578e+00
2.936613857746124268e-01,8.676720261573791504e-01,-7.645122706890106201e-02,8.710336685180664062e-01,3.870064662632594743e+00,-8.526947571171145102e-01,3.962888951481299937e+00
2.939532995223999023e-01,8.709220290184020996e-01,2.542683295905590057e-02,8.712930679321289062e-01,3.887904506693280027e+00,-7.574569920625425778e-01,3.961002720018044876e+00
2.942452132701873779e-01,8.736314773559570312e-01,1.272700726985931396e-01,8.828530907630920410e-01,3.903388870791128173e+00,-6.618392234242427286e-01,3.959100381940174884e+00
2.945371270179748535e-01,8.758043646812438965e-01,2.290175557136535645e-01,9.052525758743286133e-01,3.916506254086074446e+00,-5.659150183382486432e-01,3.957180946870652694e+00
2.948290109634399414e-01,8.774409890174865723e-01,3.305979669094085693e-01,9.376554489135742188e-01,3.927249363469532017e+00,-4.697581496484481423e-01,3.955244655142458043e+00
2.951209247112274170e-01,8.785403370857238770e-01,4.319697916507720947e-01,9.789949059486389160e-01,3.935617728768708190e+00,-3.733978248466720551e-01,3.953291393585702806e+00
2.954128384590148926e-01,8.791073560714721680e-01,5.330631732940673828e-01,1.028098225593566895e+00,3.941605856648144002e+00,-2.769081152344132213e-01,3.951320644220818856e+00
2.957047522068023682e-01,8.791437745094299316e-01,6.338174939155578613e-01,1.083798170089721680e+00,3.945212670293386736e+00,-1.803631993903182518e-01,3.949333348495387419e+00
2.959966659545898438e-01,8.786491751670837402e-01,7.341699004173278809e-01,1.145002126693725586e+00,3.946439261454921077e+00,-8.377704594577900510e-02,3.947328392442192690e+00
2.962885797023773193e-01,8.776298761367797852e-01,8.340626955032348633e-01,1.210741400718688965e+00,3.945286046108007927e+00,1.273101602663844270e-02,3.945306586867949328e+00
2.965804934501647949e-01,8.760889768600463867e-01,9.334362149238586426e-01,1.280169963836669922e+00,3.941755832349045363e+00,1.091471325379293755e-01,3.943266683651888815e+00
2.968724071979522705e-01,8.740265369415283203e-01,1.032226920127868652e+00,1.352558493614196777e+00,3.935853821656269513e+00,2.053973661462024924e-01,3.941209634549532659e+00
2.971642911434173584e-01,8.714506030082702637e-01,1.130369544029235840e+00,1.427291750907897949e+00,3.927586510079982940e+00,3.014079431669319797e-01,3.939134745393508386e+00
2.974562048912048340e-01,8.683652877807617188e-01,1.227815866470336914e+00,1.503858447074890137e+00,3.916960144257455312e+00,3.971503168688970131e-01,3.937042690382014598e+00
2.977481186389923096e-01,8.647711277008056641e-01,1.324511408805847168e+00,1.581821560859680176e+00,3.903982980704204575e+00,4.925511266421004342e-01,3.934931984924833426e+00
2.980400323867797852e-01,8.606771230697631836e-01,1.420393943786621094e+00,1.660808324813842773e+00,3.888669283615137306e+00,5.875374682443351704e-01,3.932804225221848249e+00
2.983319461345672607e-01,8.560886383056640625e-01,1.515406489372253418e+00,1.740501165390014648e+00,3.871022701449524650e+00,6.820960640183920676e-01,3.930657934199687897e+00
2.986238598823547363e-01,8.510079979896545410e-01,1.609485387802124023e+00,1.820620059967041016e+00,3.851067549144015612e+00,7.761103123867563180e-01,3.928494429811904887e+00
2.989157736301422119e-01,8.454443216323852539e-01,1.702580571174621582e+00,1.900935649871826172e+00,3.828809389589048706e+00,8.695674090667916412e-01,3.926312369223365017e+00
2.992076873779296875e-01,8.394042849540710449e-01,1.794636845588684082e+00,1.981242179870605469e+00,3.804266940884711623e+00,9.623957716678041008e-01,3.924111692960890796e+00
2.994995713233947754e-01,8.328920006752014160e-01,1.885582685470581055e+00,2.061342000961303711e+00,3.777463106814613170e+00,1.054525178799250451e+00,3.921893786943637217e+00
2.997914850711822510e-01,8.259158730506896973e-01,1.975388288497924805e+00,2.141096830368041992e+00,3.748411895834098395e+00,1.145914066263155284e+00,3.919656973268239586e+00
3.000833988189697266e-01,8.184841871261596680e-01,2.063992261886596680e+00,2.220355987548828125e+00,3.717124292530014973e+00,1.236535864940124574e+00,3.917401428421650511e+00
3.003753125667572021e-01,8.106017708778381348e-01,2.151333332061767578e+00,2.298980236053466797e+00,3.683641064405635213e+00,1.326278737343278058e+00,3.915127939225531595e+00
3.006672263145446777e-01,8.022786378860473633e-01,2.237365722656250000e+00,2.376858711242675781e+00,3.647970060756061450e+00,1.415131371791867210e+00,3.912835591179638861e+00
3.009591400623321533e-01,7.935235500335693359e-01,2.322040081024169922e+00,2.453884601593017578e+00,3.610140819099260323e+00,1.503025972168087643e+00,3.910524748258026317e+00
3.012510538101196289e-01,7.843424081802368164e-01,2.405297279357910156e+00,2.529950141906738281e+00,3.570178596265528359e+00,1.589909676134211525e+00,3.908194978183367141e+00
3.015429377555847168e-01,7.747467756271362305e-01,2.487084865570068359e+00,2.604961395263671875e+00,3.528116993785965771e+00,1.675716854377703235e+00,3.905846450884471910e+00
3.018348515033721924e-01,7.647442221641540527e-01,2.567373991012573242e+00,2.678851127624511719e+00,3.483971191024155534e+00,1.760422974198385448e+00,3.903478488216857389e+00
3.021267652511596680e-01,7.543427944183349609e-01,2.646099090576171875e+00,2.751521825790405273e+00,3.437785113472207499e+00,1.843951093490107995e+00,3.901092426692102766e+00
3.024186789989471436e-01,7.435534596443176270e-01,2.723219156265258789e+00,2.822905302047729492e+00,3.389566598856010415e+00,1.926290016665848093e+00,3.898686311616621047e+00
3.027105927467346191e-01,7.323864698410034180e-01,2.798691034317016602e+00,2.892933130264282227e+00,3.339378140145833118e+00,2.007339274650781213e+00,3.896261968405021037e+00
3.030025064945220947e-01,7.208500504493713379e-01,2.872461557388305664e+00,2.961530208587646484e+00,3.287229400157718029e+00,2.087088594603732528e+00,3.893817655076602602e+00
3.032944202423095703e-01,7.089554071426391602e-01,2.944490909576416016e+00,3.028637409210205078e+00,3.233163102618232365e+00,2.165478359494975358e+00,3.891354542260702765e+00
3.035863339900970459e-01,6.967136263847351074e-01,3.014740943908691406e+00,3.094199895858764648e+00,3.177222715607923575e+00,2.242449503644976527e+00,3.888871810817706720e+00
3.038782179355621338e-01,6.841350793838500977e-01,3.083153963088989258e+00,3.158145189285278320e+00,3.119428753537625276e+00,2.317981329933137769e+00,3.886370182357298031e+00
3.041701316833496094e-01,6.712287068367004395e-01,3.149706840515136719e+00,3.220434904098510742e+00,3.059826394609256983e+00,2.392016486617701165e+00,3.883848663040100568e+00
3.044620454311370850e-01,6.580090522766113281e-01,3.214351415634155273e+00,3.281010627746582031e+00,2.998463779775424776e+00,2.464499626531459597e+00,3.881306925224908611e+00
3.047539591789245605e-01,6.444830298423767090e-01,3.277054786682128906e+00,3.339827299118041992e+00,2.935363124464153817e+00,2.535411554903361786e+00,3.878745728351040256e+00
3.050458729267120361e-01,6.306639313697814941e-01,3.337774515151977539e+00,3.396833181381225586e+00,2.870574328933736208e+00,2.604699597761694463e+00,3.876165240610016216e+00
3.053377866744995117e-01,6.165640354156494141e-01,3.396481037139892578e+00,3.451990127563476562e+00,2.804138709516077022e+00,2.672322177446071478e+00,3.873564214296260300e+00
3.056297004222869873e-01,6.021939516067504883e-01,3.453131437301635742e+00,3.505246639251708984e+00,2.736100268675567104e+00,2.738240566980226109e+00,3.870943823268777173e+00
3.059216141700744629e-01,5.875656604766845703e-01,3.507693767547607422e+00,3.556564092636108398e+00,2.666512601965645768e+00,2.802405687276729562e+00,3.868302869802538790e+00
3.062134981155395508e-01,5.726935267448425293e-01,3.560137033462524414e+00,3.605905294418334961e+00,2.595411048191579528e+00,2.864792217461424428e+00,3.865642631995676037e+00
3.065054118633270264e-01,5.575854778289794922e-01,3.610432863235473633e+00,3.653235435485839844e+00,2.522818550201448851e+00,2.925381968656876275e+00,3.862961700532808074e+00
3.067973256111145020e-01,5.422554016113281250e-01,3.658546209335327148e+00,3.698513507843017578e+00,2.448825988506774909e+00,2.984101938674884824e+00,3.860260755750755113e+00
3.070892393589019775e-01,5.267162919044494629e-01,3.704457044601440430e+00,3.741715431213378906e+00,2.373447196901583123e+00,3.040946544987114031e+00,3.857539045291576763e+00
3.073811531066894531e-01,5.109799504280090332e-01,3.748130559921264648e+00,3.782800912857055664e+00,2.296741514977165721e+00,3.095874204666945850e+00,3.854796840008796632e+00
3.076730668544769287e-01,4.950585663318634033e-01,3.789539575576782227e+00,3.821739673614501953e+00,2.218770356870893856e+00,3.148845572732065889e+00,3.852034571164091314e+00
3.079649806022644043e-01,4.789654612541198730e-01,3.828668832778930664e+00,3.858511924743652344e+00,2.139547135982639237e+00,3.199855274303004649e+00,3.849251319877187161e+00
3.082568943500518799e-01,4.627127051353454590e-01,3.865488529205322266e+00,3.893084049224853516e+00,2.059171116893188547e+00,3.248842248644626896e+00,3.846447925713465388e+00
3.085487782955169678e-01,4.463144242763519287e-01,3.899970293045043945e+00,3.925425291061401367e+00,1.977668904930621308e+00,3.295795706672727032e+00,3.843623763800492199e+00
3.088406920433044434e-01,4.297806024551391602e-01,3.932111024856567383e+00,3.955528974533081055e+00,1.895067022327329376e+00,3.340703905955798803e+00,3.840778776027187646e+00
3.091326057910919189e-01,4.131252467632293701e-01,3.961882829666137695e+00,3.983364105224609375e+00,1.811468261387984002e+00,3.383512594423876862e+00,3.837912810192670499e+00
3.094245195388793945e-01,3.963609039783477783e-01,3.989262819290161133e+00,4.008905410766601562e+00,1.726887718367093871e+00,3.424220156301355455e+00,3.835026058668647764e+00
3.097164332866668701e-01,3.795007765293121338e-01,4.014246463775634766e+00,4.032145023345947266e+00,1.641391213345343658e+00,3.462796861511841406e+00,3.832117850398596204e+00
3.100083470344543457e-01,3.625573813915252686e-01,4.036814212799072266e+00,4.053062915802001953e+00,1.555046357706237004e+00,3.499216717897269735e+00,3.829188793129318924e+00
3.103002607822418213e-01,3.455432951450347900e-01,4.056945323944091797e+00,4.071634292602539062e+00,1.467867814352834310e+00,3.533478236677695783e+00,3.826238932618804434e+00
3.105921745300292969e-01,3.284715712070465088e-01,4.074641704559326172e+00,4.087860107421875000e+00,1.379963789975758859e+00,3.565539852403281973e+00,3.823267516237947028e+00
3.108840584754943848e-01,3.113564848899841309e-01,4.089887619018554688e+00,4.101721763610839844e+00,1.291363184957250443e+00,3.595397683069931016e+00,3.820275300928921425e+00
3.111759722232818604e-01,2.942088544368743896e-01,4.102666378021240234e+00,4.113202095031738281e+00,1.202107587223873786e+00,3.623040515929821570e+00,3.817261483227240682e+00
3.114678859710693359e-01,2.770396471023559570e-01,4.112985134124755859e+00,4.122304916381835938e+00,1.112266614837098100e+00,3.648449299709343840e+00,3.814225912951509923e+00
3.117597997188568115e-01,2.598631083965301514e-01,4.120835304260253906e+00,4.129020690917968750e+00,1.021910710575408165e+00,3.671608696110889358e+00,3.811169363560984014e+00
3.120517134666442871e-01,2.426917403936386108e-01,4.126199722290039062e+00,4.133330345153808594e+00,9.310543864581550810e-01,3.692518780337404216e+00,3.808091019616968609e+00
3.123436272144317627e-01,2.255378514528274536e-01,4.129091262817382812e+00,4.135246753692626953e+00,8.398106119665753599e-01,3.711155562324943258e+00,3.804991126369027477e+00
3.126355409622192383e-01,2.084136903285980225e-01,4.129505634307861328e+00,4.134761810302734375e+00,7.481940357778288364e-01,3.727521328405936973e+00,3.801869220382873671e+00
3.129274249076843262e-01,1.913334131240844727e-01,4.127431869506835938e+00,4.131864547729492188e+00,6.562759914174279841e-01,3.741606328437117490e+00,3.798725588129736597e+00
3.132193386554718018e-01,1.743053346872329712e-01,4.122885227203369141e+00,4.126568317413330078e+00,5.641278920456467283e-01,3.753403745571056493e+00,3.795560558843805055e+00
3.135112524032592773e-01,1.573431193828582764e-01,4.115869998931884766e+00,4.118875980377197266e+00,4.717785432845368887e-01,3.762913567851309704e+00,3.792373071445259924e+00
3.138031661510467529e-01,1.404590308666229248e-01,4.106373310089111328e+00,4.108774662017822266e+00,3.792994633248371050e-01,3.770131831274919687e+00,3.789163774247675587e+00
3.140950798988342285e-01,1.236642673611640930e-01,4.094419479370117188e+00,4.096286296844482422e+00,2.867624588225844429e-01,3.775056684506540527e+00,3.785932603603435087e+00
3.143869936466217041e-01,1.069702506065368652e-01,4.080015182495117188e+00,4.081417560577392578e+00,1.941815909545950569e-01,3.777691972392642317e+00,3.782679358410579340e+00
3.146789073944091797e-01,9.038913249969482422e-02,4.063154220581054688e+00,4.064159393310546875e+00,1.016717184006686731e-01,3.778035654009841871e+00,3.779403463682081910e+00
3.149708211421966553e-01,7.393130660057067871e-02,4.043863773345947266e+00,4.044539451599121094e+00,9.246719685333099764e-03,3.776094245641103075e+00,3.776105567087444381e+00
3.152627050876617432e-01,5.760937184095382690e-02,4.022157192230224609e+00,4.022569656372070312e+00,-8.300764950203588788e-02,3.771872604129353768e+00,3.772785868778853136e+00
3.155546188354492188e-01,4.143186658620834351e-02,3.998028516769409180e+00,3.998243093490600586e+00,-1.750634022304807802e-01,3.765376082093532251e+00,3.769443491339610208e+00
3.158465325832366943e-01,2.541005983948707581e-02,3.971510887145996094e+00,3.971591949462890625e+00,-2.668495470006717052e-01,3.756612121893698752e+00,3.766077975174324521e+00
3.161384463310241699e-01,9.554281830787658691e-03,3.942621231079101562e+00,3.942632436752319336e+00,-3.583098164628655269e-01,3.745591394030414190e+00,3.762690635118485893e+00
3.164303600788116455e-01,-6.124047562479972839e-03,3.911361217498779297e+00,3.911365985870361328e+00,-4.493739738244548199e-01,3.732326027286734682e+00,3.759281120415545629e+00
3.167222738265991211e-01,-2.161605842411518097e-02,3.877765417098999023e+00,3.877825498580932617e+00,-5.400148109723759138e-01,3.716824088760681377e+00,3.755848413189914581e+00
3.170141875743865967e-01,-3.691215440630912781e-02,3.841855287551879883e+00,3.842032432556152344e+00,-6.301626714354369163e-01,3.699100741327527420e+00,3.752392741566441092e+00
3.173061013221740723e-01,-5.200148746371269226e-02,3.803639173507690430e+00,3.803994655609130859e+00,-7.197628018070856282e-01,3.679171569197142500e+00,3.748914766496266093e+00
3.175979852676391602e-01,-6.687442213296890259e-02,3.763156652450561523e+00,3.763750553131103516e+00,-8.087466731219274951e-01,3.657055963819594968e+00,3.745414463553299989e+00
3.178898990154266357e-01,-8.152373135089874268e-02,3.720431566238403320e+00,3.721324682235717773e+00,-8.970881908397960736e-01,3.632764534479214102e+00,3.741890616401580605e+00
3.181818127632141113e-01,-9.594070911407470703e-02,3.675471067428588867e+00,3.676723241806030273e+00,-9.847061120121728406e-01,3.606323659409075066e+00,3.738344080398136704e+00
3.184737265110015869e-01,-1.101164668798446655e-01,3.628318309783935547e+00,3.629989147186279297e+00,-1.071588528973478560e+00,3.577741564972538590e+00,3.734773979929667753e+00
3.187656402587890625e-01,-1.240431517362594604e-01,3.579004764556884766e+00,3.581153869628906250e+00,-1.157628478994695342e+00,3.547056697007707093e+00,3.731181435841306904e+00
3.190575540065765381e-01,-1.377113461494445801e-01,3.527548551559448242e+00,3.530235767364501953e+00,-1.242815107510122141e+00,3.514279099336779399e+00,3.727565824970864750e+00
3.193494677543640137e-01,-1.511144340038299561e-01,3.473989725112915039e+00,3.477274656295776367e+00,-1.327083435958965163e+00,3.479436858699606283e+00,3.723926865510926554e+00
3.196413815021514893e-01,-1.642455458641052246e-01,3.418364286422729492e+00,3.422307729721069336e+00,-1.410369899138012473e+00,3.442561327345081246e+00,3.720265010039808473e+00
3.199332654476165771e-01,-1.770948320627212524e-01,3.360701084136962891e+00,3.365364074707031250e+00,-1.492651201707102082e+00,3.403668410803951438e+00,3.716579914472760038e+00
3.202251791954040527e-01,-1.896590739488601685e-01,3.301030874252319336e+00,3.306474685668945312e+00,-1.573864516365086397e+00,3.362790925548228227e+00,3.712871169973800178e+00
3.205170929431915283e-01,-2.019311189651489258e-01,3.239399194717407227e+00,3.245686769485473633e+00,-1.653949528540873848e+00,3.319964703517609639e+00,3.709139344317404774e+00
3.208090066909790039e-01,-2.139033377170562744e-01,3.175834417343139648e+00,3.183029890060424805e+00,-1.732896041028371137e+00,3.275200753223676209e+00,3.705383740306627871e+00
3.211009204387664795e-01,-2.255706936120986938e-01,3.110379695892333984e+00,3.118548393249511719e+00,-1.810607357263724015e+00,3.228556409197056443e+00,3.701604448012364212e+00
3.213928341865539551e-01,-2.369284629821777344e-01,3.043079853057861328e+00,3.052289247512817383e+00,-1.887075134787094877e+00,3.180045016667257585e+00,3.697801897392826831e+00
3.216847479343414307e-01,-2.479699850082397461e-01,2.973966836929321289e+00,2.984286785125732422e+00,-1.962242015542915885e+00,3.129706754049469630e+00,3.693975919507975991e+00
3.219766616821289062e-01,-2.586910724639892578e-01,2.903085947036743164e+00,2.914589166641235352e+00,-2.036052305391003792e+00,3.077584484623529182e+00,3.690126725504626393e+00
3.222685456275939941e-01,-2.690870165824890137e-01,2.830493211746215820e+00,2.843255043029785156e+00,-2.108474495724932396e+00,3.023706391012367156e+00,3.686253523317616576e+00
3.225604593753814697e-01,-2.791544198989868164e-01,2.756210327148437500e+00,2.770311117172241211e+00,-2.179488958246377894e+00,2.968093003081124337e+00,3.682356337191854401e+00
3.228523731231689453e-01,-2.888887822628021240e-01,2.680291175842285156e+00,2.695814847946166992e+00,-2.249009470119716081e+00,2.910814788610688097e+00,3.678435310058184360e+00
3.231442868709564209e-01,-2.982876002788543701e-01,2.602787256240844727e+00,2.619823932647705078e+00,-2.317029342309601780e+00,2.851886618033337761e+00,3.674490747741963492e+00
3.234362006187438965e-01,-3.073465228080749512e-01,2.523739337921142578e+00,2.542385339736938477e+00,-2.383498319293076761e+00,2.791356144405289008e+00,3.670522219382696960e+00
3.237281143665313721e-01,-3.160628080368041992e-01,2.443195819854736328e+00,2.463554620742797852e+00,-2.448378056578600859e+00,2.729264418571260009e+00,3.666529609101053744e+00
3.240200281143188477e-01,-3.244352936744689941e-01,2.361210823059082031e+00,2.383395433425903320e+00,-2.511631933239179215e+00,2.665653352644739904e+00,3.662513176021748862e+00
3.243119120597839355e-01,-3.324598968029022217e-01,2.277836799621582031e+00,2.301970958709716797e+00,-2.573214080361635681e+00,2.600575750362693839e+00,3.658473033486220327e+00
3.246038258075714111e-01,-3.401363193988800049e-01,2.193107604980468750e+00,2.219327211380004883e+00,-2.633099470873901726e+00,2.534065222847607934e+00,3.654408211620880031e+00
3.248957395553588867e-01,-3.474630415439605713e-01,2.107096433639526367e+00,2.135552883148193359e+00,-2.691274039047124145e+00,2.466146236021430127e+00,3.650319603910278321e+00
3.251876533031463623e-01,-3.544394075870513916e-01,2.019833564758300781e+00,2.050696134567260742e+00,-2.747667147995830117e+00,2.396904511633883406e+00,3.646207069554114444e+00
3.254795670509338379e-01,-3.610635995864868164e-01,1.931379556655883789e+00,1.964839458465576172e+00,-2.802275156965043923e+00,2.326354642363945846e+00,3.642069738128546952e+00
3.257714807987213135e-01,-3.673368394374847412e-01,1.841792345046997070e+00,1.878067016601562500e+00,-2.855059058048090126e+00,2.254554425763499736e+00,3.637908449050392345e+00
3.260633945465087891e-01,-3.732580840587615967e-01,1.751122832298278809e+00,1.790461540222167969e+00,-2.905981637389015049e+00,2.181561905689988201e+00,3.633722832743283337e+00
3.263553082942962646e-01,-3.788271844387054443e-01,1.659424066543579102e+00,1.702115774154663086e+00,-2.955040301728580676e+00,2.107392662886394596e+00,3.629513331071750226e+00
3.266471922397613525e-01,-3.840459287166595459e-01,1.566765308380126953e+00,1.613147616386413574e+00,-3.002175862844874477e+00,2.032139040463313950e+00,3.625279160454201843e+00
3.269391059875488281e-01,-3.889156579971313477e-01,1.473181128501892090e+00,1.523652911186218262e+00,-3.047379982307692803e+00,1.955828783379584657e+00,3.621020710582266044e+00
3.272310197353363037e-01,-3.934362828731536865e-01,1.378735303878784180e+00,1.433772206306457520e+00,-3.090635401497645152e+00,1.878500194912059662e+00,3.616737503230661233e+00
3.275229334831237793e-01,-3.976114690303802490e-01,1.283488631248474121e+00,1.343665719032287598e+00,-3.131912992013841102e+00,1.800214701371448012e+00,3.612430201481958481e+00
3.278148472309112549e-01,-4.014424979686737061e-01,1.187496662139892578e+00,1.253516912460327148e+00,-3.171190632643725138e+00,1.721023526627786016e+00,3.608098115042556842e+00
3.281067609786987305e-01,-4.049307703971862793e-01,1.090815305709838867e+00,1.163549304008483887e+00,-3.208448936840662125e+00,1.640978161808589464e+00,3.603741653871247230e+00
3.283986747264862061e-01,-4.080808758735656738e-01,9.935059547424316406e-01,1.074050426483154297e+00,-3.243663664437916871e+00,1.560142910164141750e+00,3.599361036091024424e+00
3.286905884742736816e-01,-4.108954370021820068e-01,8.956258893013000488e-01,9.853835701942443848e-01,-3.276834696416063508e+00,1.478532691360491258e+00,3.594955430468902868e+00
3.289824724197387695e-01,-4.133763015270233154e-01,7.972421050071716309e-01,8.980394601821899414e-01,-3.307923303850207386e+00,1.396250134633601148e+00,3.590525173650731983e+00
3.292743861675262451e-01,-4.155296385288238525e-01,6.983964443206787109e-01,8.126637935638427734e-01,-3.336927437198569990e+00,1.313323249926195535e+00,3.586070646254103433e+00
3.295662999153137207e-01,-4.173588752746582031e-01,5.991573333740234375e-01,7.301903367042541504e-01,-3.363837183223503668e+00,1.229792473923255525e+00,3.581590446178250176e+00
3.298582136631011963e-01,-4.188669323921203613e-01,4.995830357074737549e-01,6.519453525543212891e-01,-3.388637280952274899e+00,1.145724204232831500e+00,3.577086324653709237e+00
3.301501274108886719e-01,-4.200604856014251709e-01,3.997350633144378662e-01,5.798611640930175781e-01,-3.411312105997728050e+00,1.061184773577976692e+00,3.572556984598061813e+00
3.304420411586761475e-01,-4.209442436695098877e-01,2.996728122234344482e-01,5.167183279991149902e-01,-3.431865472954018781e+00,9.761896596359578293e-01,3.568003205720823967e+00
3.307339549064636230e-01,-4.215219318866729736e-01,1.994555294513702393e-01,4.663295745849609375e-01,-3.450274086800879658e+00,8.908449613216564700e-01,3.563424759856987478e+00
3.310258686542510986e-01,-4.218011200428009033e-01,9.914416819810867310e-02,4.332963824272155762e-01,-3.466542545871619474e+00,8.051653822780486802e-01,3.558821225512324826e+00
3.313177525997161865e-01,-4.217875599861145020e-01,-1.191327581182122231e-03,4.217892289161682129e-01,-3.480662446650630848e+00,7.192186487755294344e-01,3.554192810227161825e+00
3.316096663475036621e-01,-4.214857220649719238e-01,-1.015009060502052307e-01,4.335350692272186279e-01,-3.492628210251714105e+00,6.330723546478280728e-01,3.549539747807514800e+00
3.319015800952911377e-01,-4.209039807319641113e-01,-2.017349302768707275e-01,4.667516946792602539e-01,-3.502442284230992797e+00,5.467541647386140458e-01,3.544861361326876459e+00
3.321934938430786133e-01,-4.200490415096282959e-01,-3.018236458301544189e-01,5.172414183616638184e-01,-3.510101403633468120e+00,4.603318607111776539e-01,3.540157805208047126e+00
3.324854075908660889e-01,-4.189260303974151611e-01,-4.017055630683898926e-01,5.804018974304199219e-01,-3.515605782366802767e+00,3.738730059407320838e-01,3.535429965588634982e+00
3.327773213386535645e-01,-4.175441861152648926e-01,-5.013225078582763672e-01,6.524319052696228027e-01,-3.518960819477281454e+00,2.873917236789113594e-01,3.530676882958189378e+00
3.330692350864410400e-01,-4.159109294414520264e-01,-6.006154417991638184e-01,7.305620312690734863e-01,-3.520165062716292148e+00,2.009956419516671922e-01,3.525898653797633120e+00
3.333611488342285156e-01,-4.140323102474212646e-01,-6.995221972465515137e-01,8.128677606582641602e-01,-3.519227007839679455e+00,1.146984207979133280e-01,3.521095633526837076e+00
3.336530327796936035e-01,-4.119182825088500977e-01,-7.979763150215148926e-01,8.980215787887573242e-01,-3.516151356246340676e+00,2.858058929636781223e-02,3.516267511171114801e+00
3.339449465274810791e-01,-4.095765948295593262e-01,-8.959395289421081543e-01,9.851196408271789551e-01,-3.510947067682612222e+00,-5.733124503444665676e-02,3.511415125519387281e+00
3.342368602752685547e-01,-4.070143699645996094e-01,-9.933397173881530762e-01,1.073491692543029785e+00,-3.503621072354084376e+00,-1.429570693779317059e-01,3.506536374020481794e+00
3.345287740230560303e-01,-4.042416512966156006e-01,-1.090121984481811523e+00,1.162659525871276855e+00,-3.494183959262453509e+00,-2.282841016469698558e-01,3.501633214977234232e+00
3.348206877708435059e-01,-4.012673199176788330e-01,-1.186229586601257324e+00,1.252260327339172363e+00,-3.482648804814016508e+00,-3.132063719624821885e-01,3.496704295348750158e+00
3.351126015186309814e-01,-3.980991542339324951e-01,-1.281600236892700195e+00,1.342006802558898926e+00,-3.469027477057634812e+00,-3.977118140469030338e-01,3.491751182947224308e+00
3.354045152664184570e-01,-3.947473764419555664e-01,-1.376181483268737793e+00,1.431677699089050293e+00,-3.453333122904691077e+00,-4.817351307759407120e-01,3.486771915966741631e+00
3.356963992118835449e-01,-3.912218809127807617e-01,-1.469907999038696289e+00,1.521080017089843750e+00,-3.435585899162326928e+00,-5.652121678117750792e-01,3.481768985036988617e+00
3.359883129596710205e-01,-3.875304460525512695e-01,-1.562738180160522461e+00,1.610071659088134766e+00,-3.415796173501696398e+00,-6.481180049064982907e-01,3.476739916529968166e+00
3.362802267074584961e-01,-3.836838304996490479e-01,-1.654611229896545410e+00,1.698514580726623535e+00,-3.393985073523183793e+00,-7.303894103523188575e-01,3.471685954986853062e+00
3.365721404552459717e-01,-3.796920478343963623e-01,-1.745473861694335938e+00,1.786293745040893555e+00,-3.370174547376503682e+00,-8.119635200955641618e-01,3.466606588257513888e+00
3.368640542030334473e-01,-3.755641579627990723e-01,-1.835266351699829102e+00,1.873299479484558105e+00,-3.344376094942137279e+00,-8.928297093985327892e-01,3.461502037324994951e+00
3.371559679508209229e-01,-3.713108301162719727e-01,-1.923939108848571777e+00,1.959442019462585449e+00,-3.316624672275450880e+00,-9.728881735046949197e-01,3.456372464722450299e+00
3.374478816986083984e-01,-3.669423758983612061e-01,-2.011442184448242188e+00,2.044638395309448242e+00,-3.286933017324336070e+00,-1.052129233122176988e+00,3.451217840642216483e+00
3.377397954463958740e-01,-3.624683618545532227e-01,-2.097716331481933594e+00,2.128801584243774414e+00,-3.255328106403467370e+00,-1.130492462069686788e+00,3.446037476165452862e+00
3.380316793918609619e-01,-3.578999936580657959e-01,-2.182706356048583984e+00,2.211854457855224609e+00,-3.221841032088761381e+00,-1.207919450420853247e+00,3.440832607779081176e+00
3.383235931396484375e-01,-3.532468676567077637e-01,-2.266381502151489258e+00,2.293745517730712891e+00,-3.186488409763754248e+00,-1.284388346739538944e+00,3.435602103096204729e+00
3.386155068874359131e-01,-3.485200107097625732e-01,-2.348669052124023438e+00,2.374386787414550781e+00,-3.149302875520995304e+00,-1.359842109884118466e+00,3.430346799607716157e+00
3.389074206352233887e-01,-3.437291085720062256e-01,-2.429539442062377930e+00,2.453734397888183594e+00,-3.110317998131242767e+00,-1.434223871455069022e+00,3.425065862571215813e+00
3.391993343830108643e-01,-3.388853371143341064e-01,-2.508940696716308594e+00,2.531724214553833008e+00,-3.069553096317748420e+00,-1.507514370529757564e+00,3.419759609748557416e+00
3.394912481307983398e-01,-3.339989781379699707e-01,-2.586818456649780273e+00,2.608291387557983398e+00,-3.027044928257383027e+00,-1.579658679438596725e+00,3.414428581946682861e+00
3.397831618785858154e-01,-3.290807008743286133e-01,-2.663129329681396484e+00,2.683384418487548828e+00,-2.982824832624377365e+00,-1.650615016491318032e+00,3.409072295330106250e+00
3.400750756263732910e-01,-3.241411745548248291e-01,-2.737832784652709961e+00,2.756954193115234375e+00,-2.936925903194167020e+00,-1.720342263651436054e+00,3.403690829813750707e+00
3.403669595718383789e-01,-3.191913366317749023e-01,-2.810870409011840820e+00,2.828935384750366211e+00,-2.889389156647414136e+00,-1.788789389260424967e+00,3.398284446258485136e+00
3.406588733196258545e-01,-3.142408430576324463e-01,-2.882215023040771484e+00,2.899294614791870117e+00,-2.840242769993825522e+00,-1.855928217876700481e+00,3.392852567149533538e+00
3.409507870674133301e-01,-3.093005418777465820e-01,-2.951823234558105469e+00,2.967983484268188477e+00,-2.789508297351600774e+00,-1.921742130250971403e+00,3.387395659821121008e+00
3.412427008152008057e-01,-3.043810427188873291e-01,-3.019646644592285156e+00,3.034948587417602539e+00,-2.737250848751844323e+00,-1.986150678242505130e+00,3.381913175360339530e+00
3.415346145629882812e-01,-2.994927167892456055e-01,-3.085645437240600586e+00,3.100145578384399414e+00,-2.683486692986933431e+00,-2.049149945778943938e+00,3.376405830424387133e+00
3.418265283107757568e-01,-2.946457564830780029e-01,-3.149787664413452148e+00,3.163538932800292969e+00,-2.628261579377224155e+00,-2.110694182890555215e+00,3.370873605360855230e+00
3.421184420585632324e-01,-2.898505926132202148e-01,-3.212028980255126953e+00,3.225080251693725586e+00,-2.571623238640928566e+00,-2.170738616175027946e+00,3.365316065583073168e+00
3.424103558063507080e-01,-2.851174175739288330e-01,-3.272331237792968750e+00,3.284728765487670898e+00,-2.513586714050368265e+00,-2.229280371210823120e+00,3.359733492781293851e+00
3.427022397518157959e-01,-2.804565131664276123e-01,-3.330660820007324219e+00,3.342447996139526367e+00,-2.454227070014073586e+00,-2.286248692987354225e+00,3.354126353817973083e+00
3.429941534996032715e-01,-2.758770585060119629e-01,-3.386990070343017578e+00,3.398206949234008789e+00,-2.393568436642639963e+00,-2.341631143742477494e+00,3.348493134864785059e+00
3.432860672473907471e-01,-2.713894546031951904e-01,-3.441275835037231445e+00,3.451960802078247070e+00,-2.331636092732004784e+00,-2.395416872601038527e+00,3.342835452497222803e+00
3.435779809951782227e-01,-2.670029997825622559e-01,-3.493496179580688477e+00,3.503684759140014648e+00,-2.268508544556533391e+00,-2.447540879170635897e+00,3.337152584455401971e+00
3.438698947429656982e-01,-2.627274394035339355e-01,-3.543613910675048828e+00,3.553339958190917969e+00,-2.204202169581744197e+00,-2.498002057251071495e+00,3.331444353793029389e+00
3.441618084907531738e-01,-2.585724592208862305e-01,-3.591595888137817383e+00,3.600891590118408203e+00,-2.138771140910948443e+00,-2.546765425743974465e+00,3.325711371565248875e+00
3.444537222385406494e-01,-2.545465826988220215e-01,-3.637423276901245117e+00,3.646318912506103516e+00,-2.072270118481138734e+00,-2.593798517693120864e+00,3.319953944610807728e+00
3.447456359863281250e-01,-2.506591379642486572e-01,-3.681065082550048828e+00,3.689589500427246094e+00,-2.004714515012638198e+00,-2.639099596615543941e+00,3.314170630423045161e+00
3.450375199317932129e-01,-2.469197064638137817e-01,-3.722484827041625977e+00,3.730664968490600586e+00,-1.936191252340132785e+00,-2.682616839059440927e+00,3.308363594111705108e+00
3.453294336795806885e-01,-2.433357238769531250e-01,-3.761673927307128906e+00,3.769536256790161133e+00,-1.866726141211952461e+00,-2.724342641141052290e+00,3.302530743630325283e+00
3.456213474273681641e-01,-2.399154901504516602e-01,-3.798609495162963867e+00,3.806178092956542969e+00,-1.796356133852486936e+00,-2.764264413083379779e+00,3.296673035814843722e+00
3.459132611751556396e-01,-2.366681843996047974e-01,-3.833256959915161133e+00,3.840555906295776367e+00,-1.725139291361724503e+00,-2.802356163372276221e+00,3.290791035752743898e+00
3.462051749229431152e-01,-2.336007356643676758e-01,-3.865608930587768555e+00,3.872660875320434570e+00,-1.653122655370245608e+00,-2.838599044801519256e+00,3.284883415107219928e+00
3.464970886707305908e-01,-2.307210713624954224e-01,-3.895642757415771484e+00,3.902468919754028320e+00,-1.580355483963332475e+00,-2.872977460048161458e+00,3.278951500348512571e+00
3.467890024185180664e-01,-2.280374467372894287e-01,-3.923331022262573242e+00,3.929952621459960938e+00,-1.506896634959222547e+00,-2.905469628007318228e+00,3.272994229711444714e+00
3.470808863639831543e-01,-2.255561053752899170e-01,-3.948668479919433594e+00,3.955105066299438477e+00,-1.432785142382865251e+00,-2.936069389242128125e+00,3.267013425542927063e+00
3.473728001117706299e-01,-2.232835739850997925e-01,-3.971643209457397461e+00,3.977914571762084961e+00,-1.358046569566734085e+00,-2.964772640881010002e+00,3.261007098616704347e+00
3.476647138595581055e-01,-2.212278097867965698e-01,-3.992226362228393555e+00,3.998351335525512695e+00,-1.282775839581001831e+00,-2.991547502405239811e+00,3.254976238586047455e+00
3.479566276073455811e-01,-2.193937152624130249e-01,-4.010421752929687500e+00,4.016418457031250000e+00,-1.206988446945586713e+00,-3.016399089502469266e+00,3.248920525068510479e+00
3.482485413551330566e-01,-2.177874445915222168e-01,-4.026216030120849609e+00,4.032102108001708984e+00,-1.130745860179630302e+00,-3.039314246658714858e+00,3.242840928916496335e+00
3.485404551029205322e-01,-2.164159268140792847e-01,-4.039587020874023438e+00,4.045380115509033203e+00,-1.054109171222584074e+00,-3.060280358504385401e+00,3.236736321899467139e+00
3.488323688507080078e-01,-2.152830362319946289e-01,-4.050541877746582031e+00,4.056259155273437500e+00,-9.770936147696482887e-01,-3.079303388223673110e+00,3.230606953615591248e+00
3.491242825984954834e-01,-2.143937796354293823e-01,-4.059073925018310547e+00,4.064732074737548828e+00,-8.997960845556304266e-01,-3.096363598527148042e+00,3.224453523942566235e+00
3.494161665439605713e-01,-2.137545198202133179e-01,-4.065161228179931641e+00,4.070776939392089844e+00,-8.222434247073739932e-01,-3.111465469469259837e+00,3.218276187211730477e+00
3.497080802917480469e-01,-2.133677005767822266e-01,-4.068819046020507812e+00,4.074409484863281250e+00,-7.444735763643283155e-01,-3.124608203870214318e+00,3.212073681221796484e+00
3.499999940395355225e-01,-2.132373005151748657e-01,-4.070044517517089844e+00,4.075626373291015625e+00,-6.665483781875286562e-01,-3.135788550237764039e+00,3.205847247182354920e+00
