x_m,Pre_sim,Pim_sim,p_abs_sim,Pre_analytic,Pim_analytic,p_abs_analytic
0.000000000000000000e+00,1.129593933001160622e-03,8.808282017707824707e-02,8.809006214141845703e-02,1.129723497446448845e-03,5.655142116827019394e-02,5.656270424344791992e-02
2.919099351856857538e-04,1.123108319006860256e-03,4.941093027591705322e-01,4.941105544567108154e-01,1.123829236726053707e-03,4.955853036306491211e-01,4.955865778719557024e-01
5.838198703713715076e-04,1.103820279240608215e-03,9.274766445159912109e-01,9.274773001670837402e-01,1.102784334698604434e-03,9.289409104631966008e-01,9.289415650435076666e-01
8.757297764532268047e-04,1.071948907338082790e-03,1.350283145904541016e+00,1.350283503532409668e+00,1.072330761828443023e-03,1.351697202461735747e+00,1.351697627813315927e+00
1.167639740742743015e-03,1.027772552333772182e-03,1.757590770721435547e+00,1.757591009140014648e+00,1.024001254904483883e-03,1.758993647152161222e+00,1.758993945214204713e+00
1.459549646824598312e-03,9.718775399960577488e-04,2.144844055175781250e+00,2.144844293594360352e+00,9.703981034584875740e-04,2.146205041990608464e+00,2.146205261371425088e+00
1.751459552906453609e-03,9.049021755345165730e-04,2.507656335830688477e+00,2.507656335830688477e+00,8.971908965392745355e-04,2.508880000298891577e+00,2.508880160719373809e+00
2.043369458988308907e-03,8.275432046502828598e-04,2.841695785522460938e+00,2.841695785522460938e+00,8.229124741550310727e-04,2.842899499919187001e+00,2.842899619020289315e+00
2.335279481485486031e-03,7.407458615489304066e-04,3.143308877944946289e+00,3.143308877944946289e+00,7.399102838943876891e-04,3.144433852496885340e+00,3.144433939550269841e+00
2.627189271152019501e-03,6.455027614720165730e-04,3.409096240997314453e+00,3.409096240997314453e+00,6.495030754875054119e-04,3.410036331965256906e+00,3.410036393820058187e+00
2.919099293649196625e-03,5.428548320196568966e-04,3.635781764984130859e+00,3.635781764984130859e+00,5.383014833780847734e-04,3.636666225131720331e+00,3.636666264971571749e+00
3.211009083315730095e-03,4.340147133916616440e-04,3.820969343185424805e+00,3.820969343185424805e+00,4.346592329311939188e-04,3.821749477863683353e+00,3.821749502581243796e+00
3.502919105812907219e-03,3.202249354217201471e-04,3.962603807449340820e+00,3.962603807449340820e+00,3.114274263195385074e-04,3.963157561429512032e+00,3.963157573665593958e+00
3.794829128310084343e-03,2.027625887421891093e-04,4.058803558349609375e+00,4.058803558349609375e+00,1.993371802215729684e-04,4.059285120657850854e+00,4.059285125552223761e+00
4.086738917976617813e-03,8.298857574118301272e-05,4.108664512634277344e+00,4.108664512634277344e+00,6.995986061776536514e-05,4.109026660158657585e+00,4.109026660754222071e+00
4.378648940473794937e-03,-3.773352000280283391e-05,4.111690044403076172e+00,4.111690044403076172e+00,-4.512980150700796799e-05,4.111817299885829335e+00,4.111817300133493447e+00
4.670558962970972061e-03,-1.580241223564371467e-04,4.067587375640869141e+00,4.067587375640869141e+00,-1.595400277820228647e-04,4.067623458857783980e+00,4.067623461986516809e+00
4.962468519806861877e-03,-2.765070239547640085e-04,3.977032661437988281e+00,3.977032661437988281e+00,-2.720468165550330797e-04,3.976949165683343335e+00,3.976949174988147817e+00
5.254378542304039001e-03,-3.918395377695560455e-04,3.841140747070312500e+00,3.841140747070312500e+00,-3.969508609439669150e-04,3.840836357171083737e+00,3.840836377683541247e+00
5.546288564801216125e-03,-5.026837461628019810e-04,3.661237001419067383e+00,3.661237001419067383e+00,-5.095191024680292315e-04,3.660834857493095118e+00,3.660834892950814989e+00
5.838198587298393250e-03,-6.077824509702622890e-04,3.439508438110351562e+00,3.439508438110351562e+00,-6.093383546287017968e-04,3.438998168563802693e+00,3.438998222546563177e+00
6.130108609795570374e-03,-7.059538620524108410e-04,3.178569078445434570e+00,3.178569078445434570e+00,-7.027962360065872095e-04,3.177864866887303297e+00,3.177864944600259367e+00
6.422018166631460190e-03,-7.960406364873051643e-04,2.881222009658813477e+00,2.881222009658813477e+00,-8.000502980927972577e-04,2.880429783178833691e+00,2.880429894287334314e+00
6.713928189128637314e-03,-8.770276908762753010e-04,2.550951242446899414e+00,2.550951242446899414e+00,-8.819177184308248877e-04,2.550076476394969038e+00,2.550076628896050135e+00
7.005838211625814438e-03,-9.480178123340010643e-04,2.191598892211914062e+00,2.191599130630493164e+00,-9.490552978088253157e-04,2.190578466437267835e+00,2.190578672023584694e+00
7.297748234122991562e-03,-1.008155057206749916e-03,1.807149291038513184e+00,1.807149529457092285e+00,-1.006412138223129055e-03,1.806048760293331501e+00,1.806049040702514041e+00
7.589658256620168686e-03,-1.056764391250908375e-03,1.402045845985412598e+00,1.402046203613281250e+00,-1.058956256523529852e-03,1.400896140662178935e+00,1.400896540901768850e+00
7.881567813456058502e-03,-1.093327533453702927e-03,9.809589982032775879e-01,9.809595942497253418e-01,-1.095259664824362999e-03,9.797299798232843582e-01,9.797305920293938319e-01
8.173477835953235626e-03,-1.117378240451216698e-03,5.486376285552978516e-01,5.486387610435485840e-01,-1.117707295513693279e-03,5.473607191754927825e-01,5.473618603500897128e-01
8.465387858450412750e-03,-1.128648524172604084e-03,1.100501939654350281e-01,1.100559830665588379e-01,-1.128607074927602321e-03,1.087364249595847987e-01,1.087422818728804863e-01
8.757297880947589874e-03,-1.127052702941000462e-03,-3.297936022281646729e-01,3.297955393791198730e-01,-1.126710887119101653e-03,-3.311142841978850782e-01,3.311162011700741203e-01
9.049207903444766998e-03,-1.112562953494489193e-03,-7.658717036247253418e-01,7.658725380897521973e-01,-1.111019369067358037e-03,-7.671893145313863904e-01,7.671901190025697259e-01
9.341117925941944122e-03,-1.085343537852168083e-03,-1.193178296089172363e+00,1.193178772926330566e+00,-1.084691377685273288e-03,-1.194505681896618432e+00,1.194506174382824248e+00
9.633027948439121246e-03,-1.045751967467367649e-03,-1.606884002685546875e+00,1.606884360313415527e+00,-1.047031159025147784e-03,-1.608173025177023652e+00,1.608173366021607542e+00
9.924937039613723755e-03,-9.942002361640334129e-04,-2.002219200134277344e+00,2.002219438552856445e+00,-9.916313527493878389e-04,-2.003449061133100173e+00,2.003449306543052977e+00
1.021684706211090088e-02,-9.312695474363863468e-04,-2.374630928039550781e+00,2.374630928039550781e+00,-9.311481242510482757e-04,-2.375847590741040793e+00,2.375847773209983416e+00
1.050875708460807800e-02,-8.577231201343238354e-04,-2.719972610473632812e+00,2.719972610473632812e+00,-8.563424061689020681e-04,-2.721091542697642307e+00,2.721091677445460544e+00
1.080066710710525513e-02,-7.743699243292212486e-04,-3.034225702285766602e+00,3.034225702285766602e+00,-7.655398725390319967e-04,-3.035237532426919405e+00,3.035237628968175283e+00
1.109257712960243225e-02,-6.821507122367620468e-04,-3.313731908798217773e+00,3.313731908798217773e+00,-6.768902774433000835e-04,-3.314712406146266055e+00,3.314712475259418145e+00
1.138448715209960938e-02,-5.821561207994818687e-04,-3.555461883544921875e+00,3.555461883544921875e+00,-5.816037651376515689e-04,-3.556310451766952596e+00,3.556310499325081143e+00
1.167639717459678650e-02,-4.755069676320999861e-04,-3.756565093994140625e+00,3.756565093994140625e+00,-4.730323562481789806e-04,-3.757267503816474452e+00,3.757267533593380726e+00
1.196830719709396362e-02,-3.634119348134845495e-04,-3.914636373519897461e+00,3.914636373519897461e+00,-3.665318231999654605e-04,-3.915295087377325345e+00,3.915295104533832227e+00
1.226021721959114075e-02,-2.471755433361977339e-04,-4.028081417083740234e+00,4.028081417083740234e+00,-2.406870103602292571e-04,-4.028579849296582971e+00,4.028579856486491195e+00
1.255212631076574326e-02,-1.281134609598666430e-04,-4.095514297485351562e+00,4.095514297485351562e+00,-1.273717152792372995e-04,-4.095835363383677930e+00,4.095835365364171032e+00
1.284403633326292038e-02,-7.583828391943825409e-06,-4.116015911102294922e+00,4.116015911102294922e+00,-4.881147031279540123e-06,-4.116288497515796507e+00,4.116288497518690193e+00
1.313594635576009750e-02,1.130305026890709996e-04,-4.089597702026367188e+00,4.089597702026367188e+00,1.254442623399957830e-04,-4.089707896966111811e+00,4.089707898889997750e+00
1.342785637825727463e-02,2.323568041902035475e-04,-4.016479015350341797e+00,4.016479015350341797e+00,2.388484416363068714e-04,-4.016394925389410453e+00,4.016394932491373027e+00
1.371976640075445175e-02,3.490188682917505503e-04,-3.897318601608276367e+00,3.897318601608276367e+00,3.497126349780770244e-04,-3.897187099127072951e+00,3.897187114817739051e+00
1.401167642325162888e-02,4.617001104634255171e-04,-3.733733892440795898e+00,3.733733892440795898e+00,4.642297191466717679e-04,-3.733449673162590354e+00,3.733449702024534744e+00
1.430358644574880600e-02,5.691141705028712749e-04,-3.527523994445800781e+00,3.527523994445800781e+00,5.731965009605735802e-04,-3.527052602811514781e+00,3.527052649387830030e+00
1.459549646824598312e-02,6.700012600049376488e-04,-3.280863285064697266e+00,3.280863285064697266e+00,6.754423217153606796e-04,-3.280353763408343504e+00,3.280353832946929504e+00
1.488740649074316025e-02,7.632485358044505119e-04,-2.996809005737304688e+00,2.996809005737304688e+00,7.645626610054848202e-04,-2.996165976999314307e+00,2.996166074549993841e+00
1.517931651324033737e-02,8.477894007228314877e-04,-2.678550004959106445e+00,2.678550004959106445e+00,8.503430225157130760e-04,-2.677748131023077516e+00,2.677748266040114622e+00
1.547122560441493988e-02,9.226038237102329731e-04,-2.329566001892089844e+00,2.329566001892089844e+00,9.252571202657758212e-04,-2.328733841254422288e+00,2.328734025066906632e+00
1.576313562691211700e-02,9.868997149169445038e-04,-1.954034566879272461e+00,1.954034805297851562e+00,9.901929002936330285e-04,-1.953109630825021314e+00,1.953109881830366934e+00
1.605504564940929413e-02,1.039940398186445236e-03,-1.556203961372375488e+00,1.556204319000244141e+00,1.040321935472544347e-03,-1.555161097498569678e+00,1.555161445459179781e+00
1.634695567190647125e-02,1.081046648323535919e-03,-1.140512824058532715e+00,1.140513420104980469e+00,1.081842597837792685e-03,-1.139449546375419065e+00,1.139450059949340011e+00
1.663886569440364838e-02,1.109828590415418148e-03,-7.118339538574218750e-01,7.118347883224487305e-01,1.110923565980910131e-03,-7.107171060465162782e-01,7.107179742895943786e-01
1.693077571690082550e-02,1.125956885516643524e-03,-2.750259637832641602e-01,2.750282585620880127e-01,1.126524663728454417e-03,-2.738646078196185774e-01,2.738669247536318907e-01
1.722268573939800262e-02,1.129158772528171539e-03,1.649417579174041748e-01,1.649456173181533813e-01,1.129348130287384250e-03,1.661249676874304027e-01,1.661288064013859422e-01
1.751459576189517975e-02,1.119489199481904507e-03,6.030139327049255371e-01,6.030149459838867188e-01,1.120200509070341886e-03,6.042163438042572610e-01,6.042173822138561246e-01
1.780650578439235687e-02,1.097057596780359745e-03,1.034224987030029297e+00,1.034225463867187500e+00,1.095649709632263080e-03,1.035388020321829972e+00,1.035388600031043715e+00
1.809841580688953400e-02,1.062029856257140636e-03,1.453564286231994629e+00,1.453564643859863281e+00,1.059475581196846986e-03,1.454736787217131289e+00,1.454737173021755314e+00
1.839032582938671112e-02,1.014895620755851269e-03,1.856316804885864258e+00,1.856317043304443359e+00,1.014179516226581266e-03,1.857470213631177369e+00,1.857470490502377336e+00
1.868223585188388824e-02,9.561906917952001095e-04,2.237919092178344727e+00,2.237919330596923828e+00,9.586559245963633281e-04,2.238978353484239570e+00,2.238978558716491651e+00
1.897414587438106537e-02,8.865107665769755840e-04,2.593838930130004883e+00,2.593838930130004883e+00,8.823658711416415426e-04,2.594890733511296066e+00,2.594890883531005610e+00
1.926605589687824249e-02,8.067226153798401356e-04,2.920163869857788086e+00,2.920163869857788086e+00,8.006787296190423552e-04,2.921158415630326743e+00,2.921158525361865266e+00
1.955796405673027039e-02,7.177370716817677021e-04,3.213206529617309570e+00,3.213206529617309570e+00,7.173329799509731196e-04,3.214051334548864158e+00,3.214051414598393830e+00
1.984987407922744751e-02,6.205152603797614574e-04,3.469388484954833984e+00,3.469388484954833984e+00,6.116988544771303658e-04,3.470210956981280237e+00,3.470211010893778258e+00
2.014178410172462463e-02,5.162172019481658936e-04,3.685978889465332031e+00,3.685978889465332031e+00,5.112339820763434680e-04,3.686726890583578164e+00,3.686726926029678886e+00
2.043369412422180176e-02,4.060323408339172602e-04,3.860555887222290039e+00,3.860555887222290039e+00,3.989223437284728359e-04,3.861112236707084477e+00,3.861112257315011398e+00
2.072560414671897888e-02,2.911899355240166187e-04,3.990857839584350586e+00,3.990857839584350586e+00,2.895419345397031493e-04,3.991380251694493175e+00,3.991380262196440487e+00
2.101751416921615601e-02,1.730266958475112915e-04,4.075607299804687500e+00,4.075607299804687500e+00,1.771831690470064286e-04,4.076039571008083229e+00,4.076039574859110282e+00
2.130942419171333313e-02,5.288951069815084338e-05,4.113897800445556641e+00,4.113897800445556641e+00,4.728541551241424230e-05,4.114122282455650037e+00,4.114122282727386448e+00
2.160133421421051025e-02,-6.785512232454493642e-05,4.105024814605712891e+00,4.105024814605712891e+00,-6.758963921072230958e-05,4.105195426089761845e+00,4.105195426646173651e+00
2.189324423670768738e-02,-1.878224138636142015e-04,4.049281597137451172e+00,4.049281597137451172e+00,-1.904538163899049659e-04,4.049360299181650191e+00,4.049360303660463067e+00
2.218515425920486450e-02,-3.056498535443097353e-04,3.947378396987915039e+00,3.947378396987915039e+00,-3.176446142465419323e-04,3.947257879486175458e+00,3.947257892266959445e+00
2.247706428170204163e-02,-4.199755203444510698e-04,3.800236225128173828e+00,3.800236225128173828e+00,-4.260673669867369234e-04,3.800047973740924956e+00,3.800047997626597063e+00
2.276897430419921875e-02,-5.295022856444120407e-04,3.609689474105834961e+00,3.609689474105834961e+00,-5.301765827324733194e-04,3.609415113792095120e+00,3.609415152730149678e+00
2.306088432669639587e-02,-6.329935858957469463e-04,3.377993822097778320e+00,3.377993822097778320e+00,-6.353017178416918041e-04,3.377542720984041402e+00,3.377542780732844641e+00
2.335279434919357300e-02,-7.292344816960394382e-04,3.107596874237060547e+00,3.107596874237060547e+00,-7.269113600059278531e-04,3.107071988106143934e+00,3.107072073137987278e+00
2.364470437169075012e-02,-8.171413210220634937e-04,2.801695585250854492e+00,2.801695585250854492e+00,-8.217689878085877040e-04,2.801108571124912849e+00,2.801108691667233419e+00
2.393661439418792725e-02,-8.957335376180708408e-04,2.463856220245361328e+00,2.463856220245361328e+00,-8.962912104996556984e-04,2.463126730465853065e+00,2.463126893538645223e+00
2.422852441668510437e-02,-9.640689240768551826e-04,2.097796916961669922e+00,2.097797155380249023e+00,-9.656113854131407551e-04,2.097006409649950331e+00,2.097006631968130641e+00
2.452043443918228149e-02,-1.021383563056588173e-03,1.707763195037841797e+00,1.707763433456420898e+00,-1.026695327872541611e-03,1.706931568437620284e+00,1.706931877208991200e+00
2.481234446167945862e-02,-1.067054807208478451e-03,1.298262476921081543e+00,1.298262953758239746e+00,-1.069171083199296464e-03,1.297338154013253364e+00,1.297338594579426241e+00
2.510425262153148651e-02,-1.100511522963643074e-03,8.738968372344970703e-01,8.738974332809448242e-01,-1.100821652755744513e-03,8.729206085302972928e-01,8.729213026414326393e-01
2.539616264402866364e-02,-1.121383742429316044e-03,4.395408034324645996e-01,4.395422041416168213e-01,-1.121727664818349341e-03,4.385360374604126976e-01,4.385374720869751886e-01
2.568807266652584076e-02,-1.129472861066460609e-03,1.757621939759701490e-04,1.143066561780869961e-03,-1.129642632438698563e-03,-8.594800899649039389e-04,1.419435980264383912e-03
2.597998268902301788e-02,-1.124637317843735218e-03,-4.391981065273284912e-01,4.391995072364807129e-01,-1.124070915357815170e-03,-4.402451456752339287e-01,4.402465807090734651e-01
2.627189271152019501e-02,-1.106936833821237087e-03,-8.735418319702148438e-01,8.735424280166625977e-01,-1.106861182303326948e-03,-8.746081131922811558e-01,8.746088135866451063e-01
2.656380273401737213e-02,-1.076618093065917492e-03,-1.297927856445312500e+00,1.297928333282470703e+00,-1.075835916232754626e-03,-1.298969459040074215e+00,1.298969904555829835e+00
2.685571275651454926e-02,-1.033983426168560982e-03,-1.707472443580627441e+00,1.707472681999206543e+00,-1.032078539959856199e-03,-1.708488341309917002e+00,1.708488653043392036e+00
2.714762277901172638e-02,-9.795168880373239517e-04,-2.097472906112670898e+00,2.097473144531250000e+00,-9.762952918011004975e-04,-2.098485247970668599e+00,2.098485475075539952e+00
2.743953280150890350e-02,-9.138847235590219498e-04,-2.463562250137329102e+00,2.463562250137329102e+00,-9.136484921165485525e-04,-2.464510252738168816e+00,2.464510422093020736e+00
2.773144282400608063e-02,-8.378014899790287018e-04,-2.801486968994140625e+00,2.801486968994140625e+00,-8.361077030719955838e-04,-2.802367877831849263e+00,2.802368002561382632e+00
2.802335284650325775e-02,-7.521284278482198715e-04,-3.107336521148681641e+00,3.107336521148681641e+00,-7.487444913291415151e-04,-3.108204279714602780e+00,3.108204369898235342e+00
2.831526286900043488e-02,-6.578816100955009460e-04,-3.377764701843261719e+00,3.377764701843261719e+00,-6.525601945078174588e-04,-3.378525022157968571e+00,3.378525085178784249e+00
2.860717289149761200e-02,-5.561134312301874161e-04,-3.609586715698242188e+00,3.609586715698242188e+00,-5.555638402886551924e-04,-3.610245319498522232e+00,3.610245362245088074e+00
2.889908291399478912e-02,-4.479779745452105999e-04,-3.800069332122802734e+00,3.800069332122802734e+00,-4.528471110727478243e-04,-3.800711230561654830e+00,3.800711257539566290e+00
2.919099293649196625e-02,-3.347361925989389420e-04,-3.947232961654663086e+00,3.947232961654663086e+00,-3.304187382835778474e-04,-3.947743123609835258e+00,3.947743137437551120e+00
2.948290295898914337e-02,-2.176678390242159367e-04,-4.049296855926513672e+00,4.049296855926513672e+00,-2.092781556518170081e-04,-4.049669198734380693e+00,4.049669204141901346e+00
2.977481298148632050e-02,-9.810710616875439882e-05,-4.104969978332519531e+00,4.104969978332519531e+00,-9.548540562520514815e-05,-4.105322178204724004e+00,4.105322179315168185e+00
3.006672300398349762e-02,2.257132473459932953e-05,-4.113849163055419922e+00,4.113849163055419922e+00,1.931786218861108578e-05,-4.114064597699728765e+00,4.114064597745082708e+00
3.035863302648067474e-02,1.429939438821747899e-04,-4.075738906860351562e+00,4.075738906860351562e+00,1.494996144600645757e-04,-4.075797985911617793e+00,4.075797988653428128e+00
3.065054304897785187e-02,2.617767313495278358e-04,-3.990920305252075195e+00,3.990920305252075195e+00,2.700958675416528635e-04,-3.990959432357180869e+00,3.990959441496810367e+00
3.094245120882987976e-02,3.775737131945788860e-04,-3.860609292984008789e+00,3.860609292984008789e+00,3.782516895264873610e-04,-3.860515972854011491e+00,3.860515991384480206e+00
3.123436123132705688e-02,4.890624550171196461e-04,-3.686215877532958984e+00,3.686215877532958984e+00,4.984502400836014367e-04,-3.685965948869318609e+00,3.685965982571832722e+00
3.152627125382423401e-02,5.949434125795960426e-04,-3.469561815261840820e+00,3.469561815261840820e+00,5.988525256743245772e-04,-3.469291258216557594e+00,3.469291309902092557e+00
3.181818127632141113e-02,6.940412567928433418e-04,-3.213359594345092773e+00,3.213359594345092773e+00,6.992505937034972823e-04,-3.212978532483810046e+00,3.212978608573858974e+00
3.211009129881858826e-02,7.852189010009169579e-04,-2.920478820800781250e+00,2.920478820800781250e+00,7.856939721888686482e-04,-2.919947319834322208e+00,2.919947425540854180e+00
3.240200132131576538e-02,8.673915872350335121e-04,-2.594100952148437500e+00,2.594100952148437500e+00,8.640987791300018279e-04,-2.593550064227546414e+00,2.593550208174387972e+00
3.269391134381294250e-02,9.396749082952737808e-04,-2.238158702850341797e+00,2.238158702850341797e+00,9.421933664257149893e-04,-2.237530133776227004e+00,2.237530332148594869e+00
3.298582136631011963e-02,1.001238357275724411e-03,-1.856675624847412109e+00,1.856675863265991211e+00,1.001597795002553493e-03,-1.855928104564108061e+00,1.855928374832678251e+00
3.327773138880729675e-02,1.051314757205545902e-03,-1.453887104988098145e+00,1.453887462615966797e+00,1.052333463763424279e-03,-1.453127763596330224e+00,1.453128144638383690e+00
3.356964141130447388e-02,1.089405734091997147e-03,-1.034534692764282227e+00,1.034535169601440430e+00,1.092569496127834610e-03,-1.033730956928730960e+00,1.033731534307091637e+00
3.386155143380165100e-02,1.115072635002434254e-03,-6.033768057823181152e-01,6.033778190612792969e-01,1.116147138921505435e-03,-6.025071566930171318e-01,6.025081905258546922e-01
3.415346145629882812e-02,1.127941533923149109e-03,-1.652892082929611206e-01,1.652930527925491333e-01,1.128116934466407871e-03,-1.643985698592158318e-01,1.644024404307104226e-01
3.444537147879600525e-02,1.127952244132757187e-03,2.746710181236267090e-01,2.746733129024505615e-01,1.127890925383894394e-03,2.755806921052803560e-01,2.755830001998760825e-01
3.473728150129318237e-02,1.115103834308683872e-03,7.115073800086975098e-01,7.115082144737243652e-01,1.115585804591519813e-03,7.124188232537529419e-01,7.124196967083022969e-01
3.502919152379035950e-02,1.089451485313475132e-03,1.140179634094238281e+00,1.140180230140686035e+00,1.087674805279036658e-03,1.141101224509910583e+00,1.141101742884699677e+00
3.532110154628753662e-02,1.051381113938987255e-03,1.555842041969299316e+00,1.555842399597167969e+00,1.051258304754194763e-03,1.556759705776921354e+00,1.556760060726980033e+00
3.561301156878471375e-02,1.001324970275163651e-03,1.953775286674499512e+00,1.953775525093078613e+00,1.000090359300734267e-03,1.954622527699857226e+00,1.954622783549937681e+00
3.590492159128189087e-02,9.397727553732693195e-04,2.329284429550170898e+00,2.329284429550170898e+00,9.327833941643508611e-04,2.330144500951653708e+00,2.330144687653556534e+00
3.619683161377906799e-02,8.675068384036421776e-04,2.678223371505737305e+00,2.678223371505737305e+00,8.633401756225618333e-04,2.679054240377849005e+00,2.679054379485939386e+00
3.648874163627624512e-02,7.853509159758687019e-04,2.996636629104614258e+00,2.996636629104614258e+00,7.849864028577943197e-04,2.997350805858852496e+00,2.997350908650231016e+00
3.678065165877342224e-02,6.941811880096793175e-04,3.280665874481201172e+00,3.280665874481201172e+00,6.921582426730882309e-04,3.281392021531480907e+00,3.281392094531449199e+00
3.707256168127059937e-02,5.950957420282065868e-04,3.527266025543212891e+00,3.527266025543212891e+00,5.979947674229684016e-04,3.527942660393053043e+00,3.527942711073829063e+00
3.736447170376777649e-02,4.892256110906600952e-04,3.733659982681274414e+00,3.733659982681274414e+00,4.833168308380539737e-04,3.734173504954536593e+00,3.734173536232562984e+00
3.765638172626495361e-02,3.777414676733314991e-04,3.897226333618164062e+00,3.897226333618164062e+00,3.771517372444679428e-04,3.897742837590330023e+00,3.897742855837228237e+00
3.794829174876213074e-02,2.619499282445758581e-04,4.016317844390869141e+00,4.016317844390869141e+00,2.575202784012663019e-04,4.016771463393276953e+00,4.016771471648251435e+00
3.824020177125930786e-02,1.431715645594522357e-04,4.089626312255859375e+00,4.089626312255859375e+00,1.366830821989269108e-04,4.089902797769851439e+00,4.089902800053801357e+00
3.853211179375648499e-02,2.274912185384891927e-05,4.116039276123046875e+00,4.116039276123046875e+00,1.427072287535619142e-05,4.116300075881914822e+00,4.116300075906652367e+00
3.882402181625366211e-02,-9.792995115276426077e-05,4.095466613769531250e+00,4.095466613769531250e+00,-1.005112567188496021e-04,4.095662400565871053e+00,4.095662401799189389e+00
3.911592811346054077e-02,-2.174916444346308708e-04,4.028209209442138672e+00,4.028209209442138672e+00,-2.181405734888534605e-04,4.028226725736513636e+00,4.028226731642996938e+00
3.940783813595771790e-02,-3.345642180647701025e-04,3.914774417877197266e+00,3.914774417877197266e+00,-3.370859989290063961e-04,3.914762328480751563e+00,3.914762342993378219e+00
3.969974815845489502e-02,-4.478134796954691410e-04,3.756637811660766602e+00,3.756637811660766602e+00,-4.519951756919933549e-04,3.756566164539931307e+00,3.756566191732270354e+00
3.999165818095207214e-02,-5.559581331908702850e-04,3.555678129196166992e+00,3.555678129196166992e+00,-5.566062286827965118e-04,3.555440406589568170e+00,3.555440450158079635e+00
4.028356820344924927e-02,-6.577344611287117004e-04,3.313969612121582031e+00,3.313969612121582031e+00,-6.661213632052329124e-04,3.313697623086456101e+00,3.313697690038501342e+00
4.057547822594642639e-02,-7.519943173974752426e-04,3.034410715103149414e+00,3.034410715103149414e+00,-7.553258665439533965e-04,3.034081721037941826e+00,3.034081815056034692e+00
4.086738824844360352e-02,-8.376827463507652283e-04,2.720258712768554688e+00,2.720258712768554688e+00,-8.419768293065175860e-04,2.719801625823364599e+00,2.719801756149958560e+00
4.115929827094078064e-02,-9.137774468399584293e-04,2.374941825866699219e+00,2.374941825866699219e+00,-9.142630153308472802e-04,2.374437581576861689e+00,2.374437757592612996e+00
4.145120829343795776e-02,-9.794275974854826927e-04,2.002493381500244141e+00,2.002493619918823242e+00,-9.769971961379290970e-04,2.001940993755012776e+00,2.001941232154512917e+00
4.174311831593513489e-02,-1.033913344144821167e-03,1.607215404510498047e+00,1.607215642929077148e+00,-1.035837060688791621e-03,1.606583362138900739e+00,1.606583696064400657e+00
4.203502833843231201e-02,-1.076561515219509602e-03,1.193526506423950195e+00,1.193526983261108398e+00,-1.078543213507487464e-03,1.192861126667574601e+00,1.192861614257957115e+00
4.232693836092948914e-02,-1.106901094317436218e-03,7.662064433097839355e-01,7.662072777748107910e-01,-1.107082656359271522e-03,7.655009511660748611e-01,7.655017517081024181e-01
4.261884838342666626e-02,-1.124623115174472332e-03,3.301446139812469482e-01,3.301464915275573730e-01,-1.125646262745121562e-03,3.294091408887735994e-01,3.294110641441612142e-01
4.291075840592384338e-02,-1.129472744651138783e-03,-1.097023934125900269e-01,1.097081974148750305e-01,-1.129358102412523785e-03,-1.104621364323317562e-01,1.104679095254298832e-01
4.320266842842102051e-02,-1.121405395679175854e-03,-5.482813715934753418e-01,5.482825040817260742e-01,-1.120692918425675528e-03,-5.490634345649474390e-01,5.490645782864468361e-01
4.349457845091819763e-02,-1.100554596632719040e-03,-9.806166291236877441e-01,9.806172251701354980e-01,-1.100533358277534053e-03,-9.813985370092861427e-01,9.813991540742431630e-01
4.378648847341537476e-02,-1.067110919393599033e-03,-1.401738643646240234e+00,1.401739001274108887e+00,-1.068342995196595174e-03,-1.402521119968532570e+00,1.402521526863150347e+00
4.407839849591255188e-02,-1.021459815092384815e-03,-1.806811809539794922e+00,1.806812047958374023e+00,-1.019677194293043977e-03,-1.807599598048970524e+00,1.807599885651794303e+00
4.437030851840972900e-02,-9.641644428484141827e-04,-2.191293239593505859e+00,2.191293478012084961e+00,-9.597897216308321931e-04,-2.192034190372583513e+00,2.192034400496191360e+00
4.466221854090690613e-02,-8.958401158452033997e-04,-2.550718069076538086e+00,2.550718069076538086e+00,-8.954892939332970451e-04,-2.551424965097241149e+00,2.551425122244925348e+00
4.495412856340408325e-02,-8.172650123015046120e-04,-2.880940437316894531e+00,2.880940437316894531e+00,-8.087461708874087683e-04,-2.881652397847474845e+00,2.881652511336241673e+00
4.524603858590126038e-02,-7.293728995136916637e-04,-3.178325176239013672e+00,3.178325176239013672e+00,-7.259797200683487748e-04,-3.178961450796831123e+00,3.178961533692858055e+00
4.553794860839843750e-02,-6.331399199552834034e-04,-3.439375877380371094e+00,3.439375877380371094e+00,-6.328340363249081212e-04,-3.439947640737688772e+00,3.439947698947718902e+00
4.582985863089561462e-02,-5.296606104820966721e-04,-3.661042451858520508e+00,3.661042451858520508e+00,-5.291636229745671442e-04,-3.661620050426973805e+00,3.661620088663346984e+00
4.612176865339279175e-02,-4.201428382657468319e-04,-3.840977191925048828e+00,3.840977191925048828e+00,-4.232670492720974273e-04,-3.841457542226758282e+00,3.841457565545380870e+00
4.641367867588996887e-02,-3.058209840673953295e-04,-3.977016210556030273e+00,3.977016210556030273e+00,-3.014611097371296404e-04,-3.977394266968335756e+00,3.977394278392750060e+00
4.670558869838714600e-02,-1.879992487374693155e-04,-4.067501544952392578e+00,4.067501544952392578e+00,-1.874422429993197073e-04,-4.067888221569567975e+00,4.067888225888097509e+00
4.699749872088432312e-02,-6.803413270972669125e-05,-4.111620903015136719e+00,4.111620903015136719e+00,-6.745008329006821498e-05,-4.111898037895783453e+00,4.111898038448996040e+00
4.728940874338150024e-02,5.271092595648951828e-05,-4.108766078948974609e+00,4.108766078948974609e+00,6.506316436412086209e-05,-4.108924146262574517e+00,4.108924146777699349e+00
4.758131876587867737e-02,1.728492934489622712e-04,-4.058834552764892578e+00,4.058834552764892578e+00,1.811954678659924108e-04,-4.058998906550755237e+00,4.058998910595077447e+00
4.787322878837585449e-02,2.910172916017472744e-04,-3.962635278701782227e+00,3.962635278701782227e+00,2.916298405288031436e-04,-3.962692494880851513e+00,3.962692505611933758e+00
4.816513881087303162e-02,4.058644117321819067e-04,-3.821177959442138672e+00,3.821177959442138672e+00,4.101109104641650406e-04,-3.821106487951721142e+00,3.821106509959869335e+00
4.845704883337020874e-02,5.160571308806538582e-04,-3.635925531387329102e+00,3.635925531387329102e+00,5.131847397695962461e-04,-3.635857241959187469e+00,3.635857278176035212e+00
4.874895885586738586e-02,6.203668890520930290e-04,-3.409227132797241211e+00,3.409227132797241211e+00,6.273815232991487943e-04,-3.409067777727435189e+00,3.409067835456937257e+00
4.904086887836456299e-02,7.175968494266271591e-04,-3.143601655960083008e+00,3.143601655960083008e+00,7.180624866660061025e-04,-3.143318500810975191e+00,3.143318582828392049e+00
4.933277890086174011e-02,8.065968868322670460e-04,-2.841936588287353516e+00,2.841936588287353516e+00,8.097519380711504277e-04,-2.841654374206525890e+00,2.841654489579140463e+00
4.962468892335891724e-02,8.864017436280846596e-04,-2.507877111434936523e+00,2.507877111434936523e+00,8.891824876880032339e-04,-2.507523039920680485e+00,2.507523197575357798e+00
4.991659894585609436e-02,9.560929611325263977e-04,-2.145188570022583008e+00,2.145188808441162109e+00,9.604821235298469659e-04,-2.144736373345793812e+00,2.144736588413219902e+00
5.020850524306297302e-02,1.014815527014434338e-03,-1.757905602455139160e+00,1.757905840873718262e+00,1.015170016407358463e-03,-1.757439290299016355e+00,1.757439583501200220e+00
5.050041526556015015e-02,1.061970251612365246e-03,-1.350582361221313477e+00,1.350582718849182129e+00,1.062149751493679430e-03,-1.350067830992579987e+00,1.350068248809334959e+00
5.079232528805732727e-02,1.097011263482272625e-03,-9.278404712677001953e-01,9.278411269187927246e-01,1.098077940244966341e-03,-9.272660818925423376e-01,9.272667320698558813e-01
5.108423531055450439e-02,1.119464053772389889e-03,-4.944587945938110352e-01,4.944600462913513184e-01,1.120083093557514399e-03,-4.938729117350482700e-01,4.938741818842035114e-01
5.137614533305168152e-02,1.129155396483838558e-03,-5.544578656554222107e-02,5.545727908611297607e-02,1.129210746168212353e-03,-5.482477581169251796e-02,5.483640359935729874e-02
5.166805535554885864e-02,1.125970622524619102e-03,3.842122554779052734e-01,3.842138946056365967e-01,1.125215353511161255e-03,3.848303107240156895e-01,3.848319557437171468e-01
5.195996537804603577e-02,1.109860837459564209e-03,8.194536566734313965e-01,8.194543123245239258e-01,1.109068362857819475e-03,8.201076043465574950e-01,8.201083542677047866e-01
5.225187540054321289e-02,1.081099850125610828e-03,1.245347380638122559e+00,1.245347857475280762e+00,1.079805856783673610e-03,1.246002477406556563e+00,1.246002945295060060e+00
5.254378542304039001e-02,1.040013856254518032e-03,1.657057523727416992e+00,1.657057762145996094e+00,1.039908444705659862e-03,1.657670559067833560e+00,1.657670885251302462e+00
5.283569544553756714e-02,9.869860950857400894e-04,2.049734830856323242e+00,2.049735069274902344e+00,9.906205240343851116e-04,2.050393225933829111e+00,2.050393465236454826e+00
5.312760546803474426e-02,9.227082482539117336e-04,2.419039726257324219e+00,2.419039726257324219e+00,9.201463979947268517e-04,2.419677145037184118e+00,2.419677319992211917e+00
5.341951549053192139e-02,8.479111129418015480e-04,2.760774135589599609e+00,2.760774135589599609e+00,8.450304311840080729e-04,2.761316203818394044e+00,2.761316333118402078e+00
5.371142551302909851e-02,7.633800269104540348e-04,3.070823431015014648e+00,3.070823431015014648e+00,7.631101081796513299e-04,3.071411377391468633e+00,3.071411472191050152e+00
5.400333553552627563e-02,6.701459642499685287e-04,3.345844984054565430e+00,3.345844984054565430e+00,6.601089787340870107e-04,3.346400993023196602e+00,3.346401058129539141e+00
5.429524555802345276e-02,5.692715640179812908e-04,3.582729101181030273e+00,3.582729101181030273e+00,5.654552259729796670e-04,3.583159293741616125e+00,3.583159338358612445e+00
5.458715558052062988e-02,4.618634993676096201e-04,3.778507232666015625e+00,3.778507232666015625e+00,4.542144833756618020e-04,3.778972431045310554e+00,3.778972458342519047e+00
5.487906560301780701e-02,3.491894167382270098e-04,3.931174993515014648e+00,3.931174993515014648e+00,3.486569450229445324e-04,3.931606409606205776e+00,3.931606425065746979e+00
5.517097562551498413e-02,2.325338136870414019e-04,4.039031028747558594e+00,4.039031028747558594e+00,2.281480845626163883e-04,4.039313959529486020e+00,4.039313965972603171e+00
5.546288564801216125e-02,1.132089309976436198e-04,4.100560665130615234e+00,4.100560665130615234e+00,1.087621990232560867e-04,4.100865684567389202e+00,4.100865686009671940e+00
5.575479567050933838e-02,-7.404804819088894874e-06,4.115292072296142578e+00,4.115292072296142578e+00,-1.580544093177291740e-05,4.115559268716520336e+00,4.115559268746869392e+00
5.604670569300651550e-02,-1.279348362004384398e-04,4.083111763000488281e+00,4.083111763000488281e+00,-1.285017443471162739e-04,4.083226067676946514e+00,4.083226069698961957e+00
5.633861571550369263e-02,-2.470003091730177402e-04,4.004114151000976562e+00,4.004114151000976562e+00,-2.513700681776208303e-04,4.004235498628744949e+00,4.004235506518753596e+00
5.663052573800086975e-02,-3.632429579738527536e-04,3.879405021667480469e+00,3.879405021667480469e+00,-3.674962524720210792e-04,3.879491580317373955e+00,3.879491597723455865e+00
5.692243576049804688e-02,-4.753452085424214602e-04,3.710473060607910156e+00,3.710473060607910156e+00,-4.758597462687103735e-04,3.710414528480875163e+00,3.710414558995322132e+00
5.721434578299522400e-02,-5.820016376674175262e-04,3.499009609222412109e+00,3.499009609222412109e+00,-5.825215726318316162e-04,3.498944454825686723e+00,3.498944503316222310e+00
5.750625580549240112e-02,-6.820085691288113594e-04,3.247589349746704102e+00,3.247589349746704102e+00,-6.856292987300653067e-04,3.247492436020062989e+00,3.247492508397064714e+00
5.779816582798957825e-02,-7.742411107756197453e-04,2.959148883819580078e+00,2.959148883819580078e+00,-7.775588490164021295e-04,2.958934998107270342e+00,2.958935100272027885e+00
5.809007585048675537e-02,-8.576049585826694965e-04,2.636797189712524414e+00,2.636797189712524414e+00,-8.580569470296328270e-04,2.636558835782057297e+00,2.636558975407559569e+00
5.838198587298393250e-02,-9.311687317676842213e-04,2.284327507019042969e+00,2.284327507019042969e+00,-9.315640037740233713e-04,2.284064665627168367e+00,2.284064855598028299e+00
5.867389589548110962e-02,-9.941175812855362892e-04,1.905818939208984375e+00,1.905819177627563477e+00,-9.961769853959196851e-04,1.905468626707843782e+00,1.905468887107963916e+00
5.896580591797828674e-02,-1.045682118274271488e-03,1.505473375320434570e+00,1.505473732948303223e+00,-1.048768958534203885e-03,1.505099467166975957e+00,1.505099832563489226e+00
5.925771594047546387e-02,-1.085294410586357117e-03,1.087929368019104004e+00,1.087929844856262207e+00,-1.085611557783199184e-03,1.087528408146336556e+00,1.087528949995244743e+00
5.954962596297264099e-02,-1.112534548155963421e-03,6.579864025115966797e-01,6.579873561859130859e-01,-1.113319057985456264e-03,6.575345260187721586e-01,6.575354685384326991e-01
5.984153598546981812e-02,-1.127038383856415749e-03,2.204988449811935425e-01,2.205017060041427612e-01,-1.127342909464217838e-03,2.200311186990210888e-01,2.200340066852808640e-01
6.013344600796699524e-02,-1.128655625507235527e-03,-2.195015102624893188e-01,2.195044159889221191e-01,-1.128378090973155634e-03,-2.199903653155233230e-01,2.199932591439419383e-01
6.042535603046417236e-02,-1.117406995035707951e-03,-6.569957137107849121e-01,6.569966673851013184e-01,-1.117499380854444216e-03,-6.575019579898212507e-01,6.575029076478026147e-01
6.071726605296134949e-02,-1.093369792215526104e-03,-1.086983084678649902e+00,1.086983561515808105e+00,-1.092423088937606980e-03,-1.087496784790884297e+00,1.087497333476600492e+00
6.100917607545852661e-02,-1.056827139109373093e-03,-1.504530072212219238e+00,1.504530429840087891e+00,-1.055351591146096646e-03,-1.505061461636831188e+00,1.505061831643927928e+00
6.130108609795570374e-02,-1.008237828500568867e-03,-1.904921531677246094e+00,1.904921770095825195e+00,-1.004339521577351547e-03,-1.905432418231078229e+00,1.905432682921075926e+00
6.159299239516258240e-02,-9.481133893132209778e-04,-2.283527135848999023e+00,2.283527135848999023e+00,-9.478720350821647064e-04,-2.284033949879100689e+00,2.284034146562113232e+00
6.188490241765975952e-02,-8.771406137384474277e-04,-2.636003017425537109e+00,2.636003017425537109e+00,-8.767750451464948261e-04,-2.636530665827547359e+00,2.636530811612777470e+00
6.217681244015693665e-02,-7.961702067404985428e-04,-2.958425283432006836e+00,2.958425283432006836e+00,-7.931090850670750869e-04,-2.958903857634990420e+00,2.958903963928070535e+00
6.246872246265411377e-02,-7.060921634547412395e-04,-3.247024536132812500e+00,3.247024536132812500e+00,-7.026282599613150161e-04,-3.247464753213825883e+00,3.247464829224884664e+00
6.276063621044158936e-02,-6.079332670196890831e-04,-3.498452663421630859e+00,3.498452663421630859e+00,-6.075434091716906638e-04,-3.498925260541944748e+00,3.498925313287997163e+00
6.305254250764846802e-02,-5.028460291214287281e-04,-3.709996700286865234e+00,3.709996700286865234e+00,-5.024650527937162383e-04,-3.710398388993723540e+00,3.710398423015828673e+00
6.334445625543594360e-02,-3.920055169146507978e-04,-3.879137516021728516e+00,3.879137516021728516e+00,-3.878839140935413650e-04,-3.879476672021253680e+00,3.879476691412262479e+00
6.363636255264282227e-02,-2.766805409919470549e-04,-4.003852844238281250e+00,4.003852844238281250e+00,-2.724006437048183513e-04,-4.004225041911197991e+00,4.004225051176674377e+00
6.392827630043029785e-02,-1.581995311425998807e-04,-4.082928657531738281e+00,4.082928657531738281e+00,-1.538070200127635543e-04,-4.083221835437808700e+00,4.083221838334614162e+00
6.422018259763717651e-02,-3.791425842791795731e-05,-4.115346431732177734e+00,4.115346431732177734e+00,-3.740270030120904977e-05,-4.115558091342802705e+00,4.115558091512762751e+00
6.451209634542465210e-02,8.281008922494947910e-05,-4.100623607635498047e+00,4.100623607635498047e+00,9.115766926308675787e-05,-4.100869140254900458e+00,4.100869141268066009e+00
6.480400264263153076e-02,2.025860740104690194e-04,-4.039157390594482422e+00,4.039157390594482422e+00,2.069641490942124729e-04,-4.039322771697329451e+00,4.039322776999475728e+00
6.509591639041900635e-02,3.200535429641604424e-04,-3.931546449661254883e+00,3.931546449661254883e+00,3.243088982878243186e-04,-3.931616248177801420e+00,3.931616261553503744e+00
6.538782268762588501e-02,4.338494036346673965e-04,-3.778887033462524414e+00,3.778887033462524414e+00,4.343648992824949507e-04,-3.778990280318891060e+00,3.778990305282287299e+00
6.567973643541336060e-02,5.427008145488798618e-04,-3.583148479461669922e+00,3.583148479461669922e+00,5.501282173612521411e-04,-3.583179511091629799e+00,3.583179553322427324e+00
6.597164273262023926e-02,6.453524692915380001e-04,-3.346500635147094727e+00,3.346500635147094727e+00,6.523115647315087719e-04,-3.346429240456295418e+00,3.346429304033072594e+00
6.626355648040771484e-02,7.406105869449675083e-04,-3.071479797363281250e+00,3.071479797363281250e+00,7.439904977439310702e-04,-3.071433611324835056e+00,3.071433701432895624e+00
6.655546277761459351e-02,8.274221909232437611e-04,-2.761457920074462891e+00,2.761457920074462891e+00,8.304742793111090631e-04,-2.761349482204937811e+00,2.761349607087267177e+00
6.684737652540206909e-02,9.047931525856256485e-04,-2.419898509979248047e+00,2.419898509979248047e+00,9.051124752766220036e-04,-2.419703834373786222e+00,2.419704003656603319e+00
6.713928282260894775e-02,9.717858047224581242e-04,-2.050598859786987305e+00,2.050599098205566406e+00,9.760919815667664550e-04,-2.050425366685675321e+00,2.050425599016858058e+00
6.743118911981582642e-02,1.027699676342308521e-03,-1.657931804656982422e+00,1.657932043075561523e+00,1.029570129147157429e-03,-1.657715122924242612e+00,1.657715442645808279e+00
6.772310286760330200e-02,1.071888487786054611e-03,-1.246336579322814941e+00,1.246337056159973145e+00,1.073343056400740238e-03,-1.246045057129291145e+00,1.246045519417992686e+00
6.801500916481018066e-02,1.103780698031187057e-03,-8.204453587532043457e-01,8.204460144042968750e-01,1.104846247414470245e-03,-8.201514365304112264e-01,8.201521807129014130e-01
6.830692291259765625e-02,1.123090507462620735e-03,-3.852004408836364746e-01,3.852020502090454102e-01,1.123316834433632071e-03,-3.848748302353843243e-01,3.848764695190216578e-01
6.859882920980453491e-02,1.129590091295540333e-03,5.443945154547691345e-02,5.445117130875587463e-02,1.129510156306590303e-03,5.478004963837961733e-02,5.479169308915846082e-02
6.889074295759201050e-02,1.123126014135777950e-03,4.934645295143127441e-01,4.934657514095306396e-01,1.122556790842055502e-03,4.938285200008415421e-01,4.938297958811013744e-01
6.918264925479888916e-02,1.103859627619385719e-03,9.268420338630676270e-01,9.268426895141601562e-01,1.102947323851830941e-03,9.272225497207486899e-01,9.272232057080136425e-01
6.947456300258636475e-02,1.072006532922387123e-03,1.349664688110351562e+00,1.349665045738220215e+00,1.071995154541682685e-03,1.350032980955704121e+00,1.350033406565095184e+00
6.976646929979324341e-02,1.027846476063132286e-03,1.756992101669311523e+00,1.756992340087890625e+00,1.024430226514477316e-03,1.757398848089895882e+00,1.757399146672429024e+00
7.005838304758071899e-02,9.719696827232837677e-04,2.144289731979370117e+00,2.144289970397949219e+00,9.698183889110132067e-04,2.144701585683662870e+00,2.144701804956046676e+00
7.035028934478759766e-02,9.050127700902521610e-04,2.507145166397094727e+00,2.507145166397094727e+00,9.023263078787153134e-04,2.507487538483195610e+00,2.507487700835496103e+00
7.064220309257507324e-02,8.276630542241036892e-04,2.841223716735839844e+00,2.841223716735839844e+00,8.274507455156199145e-04,2.841630826456973402e+00,2.841630946929118107e+00
7.093410938978195190e-02,7.408823585137724876e-04,3.142888545989990234e+00,3.142888545989990234e+00,7.405797971570249588e-04,3.143294885674967176e+00,3.143294972917565655e+00
7.122602313756942749e-02,6.456522387452423573e-04,3.408740043640136719e+00,3.408740043640136719e+00,6.420118222678940223e-04,3.409045141033995474e+00,3.409045201487753030e+00
7.151792943477630615e-02,5.430124583654105663e-04,3.635467529296875000e+00,3.635467529296875000e+00,5.391587559469066112e-04,3.635839733890696923e+00,3.635839773866628821e+00
7.180984318256378174e-02,4.341798776295036077e-04,3.820730447769165039e+00,3.820730447769165039e+00,4.337793388262851935e-04,3.821094226589724752e+00,3.821094251211535120e+00
7.210174947977066040e-02,3.203980741091072559e-04,3.962438821792602539e+00,3.962438821792602539e+00,3.199794387514883951e-04,3.962682290583512401e+00,3.962682303502392589e+00
7.239366322755813599e-02,2.029369061347097158e-04,4.058689594268798828e+00,4.058689594268798828e+00,1.986116115718601432e-04,4.058991720010419080e+00,4.058991724869577489e+00
7.268556952476501465e-02,8.316960156662389636e-05,4.108627796173095703e+00,4.108627796173095703e+00,7.877840083134284553e-05,4.108921351466685579e+00,4.108921352221875267e+00
7.297748327255249023e-02,-3.755432771868072450e-05,4.111732482910156250e+00,4.111732482910156250e+00,-3.803924838118403486e-05,4.111899928317645170e+00,4.111899928493595979e+00
7.326938956975936890e-02,-1.578452065587043762e-04,4.067681789398193359e+00,4.067681789398193359e+00,-1.583173951659817467e-04,4.067893967547935752e+00,4.067893970628693623e+00
7.356130331754684448e-02,-2.763344091363251209e-04,3.977202415466308594e+00,3.977202415466308594e+00,-2.806190654797823133e-04,3.977405830988671731e+00,3.977405840887970889e+00
7.385320961475372314e-02,-3.916725981980562210e-04,3.841386079788208008e+00,3.841386079788208008e+00,-3.957859741934085119e-04,3.841470860335867599e+00,3.841470880724742187e+00
7.414512336254119873e-02,-5.025241989642381668e-04,3.661525487899780273e+00,3.661525487899780273e+00,-5.029855105236930458e-04,3.661636643236886535e+00,3.661636677783517868e+00
7.443702965974807739e-02,-6.076299468986690044e-04,3.439872503280639648e+00,3.439872503280639648e+00,-6.081739391184311791e-04,3.439967804979837229e+00,3.439967858741319162e+00
7.472894340753555298e-02,-7.058157934807240963e-04,3.178992509841918945e+00,3.178992509841918945e+00,-7.091707808810639819e-04,3.178989920663311430e+00,3.178989999764410435e+00
7.502084970474243164e-02,-7.959114154800772667e-04,2.881685018539428711e+00,2.881685018539428711e+00,-7.990782164339596712e-04,2.881690183815041717e+00,2.881690294605228075e+00
7.531276345252990723e-02,-8.769159321673214436e-04,2.551460981369018555e+00,2.551460981369018555e+00,-8.772743089658603189e-04,2.551453806674374825e+00,2.551453957492349378e+00
7.560466974973678589e-02,-9.479229920543730259e-04,2.192156076431274414e+00,2.192156314849853516e+00,-9.483445521598971766e-04,2.192072383383672829e+00,2.192072588522278931e+00
7.589658349752426147e-02,-1.008073100820183754e-03,1.807724833488464355e+00,1.807725071907043457e+00,-1.011894689097705925e-03,1.807636214805679487e+00,1.807636498029364880e+00
7.618848979473114014e-02,-1.056700828485190868e-03,1.402666091918945312e+00,1.402666449546813965e+00,-1.058189504505182600e-03,1.402555836039172110e+00,1.402556235226441350e+00
7.648040354251861572e-02,-1.093285274691879749e-03,9.815936684608459473e-01,9.815942645072937012e-01,-1.094318055582461317e-03,9.814304660626365084e-01,9.814310761576334752e-01
7.677230983972549438e-02,-1.117349485866725445e-03,5.492858290672302246e-01,5.492869615554809570e-01,-1.117553637431123372e-03,5.491096159805145538e-01,5.491107532077665887e-01
7.706422358751296997e-02,-1.128641422837972641e-03,1.106967478990554810e-01,1.107024997472763062e-01,-1.128940258426227184e-03,1.105029140458794329e-01,1.105086807392890308e-01
7.735612988471984863e-02,-1.127067371271550655e-03,-3.291455209255218506e-01,3.291474580764770508e-01,-1.126948006197652213e-03,-3.293547782196116214e-01,3.293567062440025950e-01
7.764804363250732422e-02,-1.112591009587049484e-03,-7.652372717857360840e-01,7.652381062507629395e-01,-1.111829026015099739e-03,-7.654685773813714178e-01,7.654693848365482500e-01
7.793994992971420288e-02,-1.085393596440553665e-03,-1.192548513412475586e+00,1.192548990249633789e+00,-1.084280047529613458e-03,-1.192820111004159411e+00,1.192820603812323688e+00
7.823185622692108154e-02,-1.045822980813682079e-03,-1.606278061866760254e+00,1.606278419494628906e+00,-1.045794206268488681e-03,-1.606538607416389652e+00,1.606538947802048867e+00
7.852376997470855713e-02,-9.942831238731741905e-04,-2.001643180847167969e+00,2.001643419265747070e+00,-9.904250500033708743e-04,-2.001910770984119736e+00,2.001911015985478937e+00
7.881567627191543579e-02,-9.313714108429849148e-04,-2.374094009399414062e+00,2.374094009399414062e+00,-9.289691689004639027e-04,-2.374398020023231304e+00,2.374398201750068438e+00
7.910759001970291138e-02,-8.578409324400126934e-04,-2.719491004943847656e+00,2.719491004943847656e+00,-8.549857919197625684e-04,-2.719769596295221081e+00,2.719769730681731001e+00
7.939949631690979004e-02,-7.744983304291963577e-04,-3.033776998519897461e+00,3.033776998519897461e+00,-7.742604930014047046e-04,-3.034048585101795759e+00,3.034048683893769915e+00
7.969141006469726562e-02,-6.822941359132528305e-04,-3.313341856002807617e+00,3.313341856002807617e+00,-6.756584696071897111e-04,-3.313667632166688914e+00,3.313667701050236669e+00
7.998331636190414429e-02,-5.823127576150000095e-04,-3.555135965347290039e+00,3.555135965347290039e+00,-5.752115295594489777e-04,-3.555417788412358338e+00,3.555417834942516286e+00
8.027523010969161987e-02,-4.756681446451693773e-04,-3.756288766860961914e+00,3.756288766860961914e+00,-4.716912726541928912e-04,-3.756547604846237398e+00,3.756547634460217555e+00
8.056713640689849854e-02,-3.635824250523000956e-04,-3.914432048797607422e+00,3.914432048797607422e+00,-3.594467636661646749e-04,-3.914747804511327534e+00,3.914747821013280671e+00
8.085905015468597412e-02,-2.473498461768031120e-04,-4.027955532073974609e+00,4.027955532073974609e+00,-2.469656522499052141e-04,-4.028218802619274008e+00,4.028218810189869714e+00
8.115095645189285278e-02,-1.282906014239415526e-04,-4.095437526702880859e+00,4.095437526702880859e+00,-1.200468555335272504e-04,-4.095658274245878694e+00,4.095658276005210041e+00
8.144287019968032837e-02,-7.763624125800561160e-06,-4.116018295288085938e+00,4.116018295288085938e+00,-3.401969767453237924e-06,-4.116300403648511796e+00,4.116300403649917783e+00
8.173477649688720703e-02,1.128507574321702123e-04,-4.089679718017578125e+00,4.089679718017578125e+00,1.171799119948328810e-04,-4.089906943677434015e+00,4.089906945356093892e+00
8.202669024467468262e-02,2.321813371963799000e-04,-4.016610145568847656e+00,4.016610145568847656e+00,2.326425750772194868e-04,-4.016778565278744217e+00,4.016778572015805793e+00
8.231859654188156128e-02,3.488476795610040426e-04,-3.897527217864990234e+00,3.897527217864990234e+00,3.492854638962557875e-04,-3.897754565507169922e+00,3.897754581157248488e+00
8.261051028966903687e-02,4.615388752426952124e-04,-3.734012365341186523e+00,3.734012365341186523e+00,4.655822998465467097e-04,-3.734191479801927116e+00,3.734191508826533834e+00
8.290241658687591553e-02,5.689557874575257301e-04,-3.527854204177856445e+00,3.527854204177856445e+00,5.728019018866798741e-04,-3.527961880814185491e+00,3.527961927314407387e+00
8.319433033466339111e-02,6.698559736832976341e-04,-3.281256675720214844e+00,3.281256675720214844e+00,6.702335902950072154e-04,-3.281412903754838517e+00,3.281412972202955025e+00
8.348623663187026978e-02,7.631165790371596813e-04,-2.997264862060546875e+00,2.997264862060546875e+00,7.635072297935679292e-04,-2.997375810630478199e+00,2.997375907872752432e+00
8.377815037965774536e-02,8.476686780340969563e-04,-2.679036140441894531e+00,2.679036140441894531e+00,8.504383937985297197e-04,-2.679086515982886940e+00,2.679086650962746674e+00
8.407005667686462402e-02,9.224996319971978664e-04,-2.330103158950805664e+00,2.330103158950805664e+00,9.251008957095860265e-04,-2.330187677710494398e+00,2.330187861346268097e+00
8.436197042465209961e-02,9.868149645626544952e-04,-1.954605460166931152e+00,1.954605698585510254e+00,9.870983988997934604e-04,-1.954653313812694693e+00,1.954653563054639553e+00
8.465387672185897827e-02,1.039866474457085133e-03,-1.556809544563293457e+00,1.556809902191162109e+00,1.040043935672505014e-03,-1.556793832384118614e+00,1.556794179794046995e+00
8.494579046964645386e-02,1.080993795767426491e-03,-1.141139984130859375e+00,1.141140580177307129e+00,1.082268988813788173e-03,-1.141142380895853181e+00,1.141142894112223249e+00
8.523769676685333252e-02,1.109796576201915741e-03,-7.124816179275512695e-01,7.124824523925781250e-01,1.110620860020440593e-03,-7.124551518289233831e-01,7.124560174819698499e-01
8.552961051464080811e-02,1.125939073972404003e-03,-2.756716907024383545e-01,2.756739854812622070e-01,1.126031052952370564e-03,-2.756155666068783039e-01,2.756178668046808111e-01
8.582151681184768677e-02,1.129162497818470001e-03,1.642883121967315674e-01,1.642921864986419678e-01,1.129268460009718146e-03,1.643617303420235043e-01,1.643656096885197648e-01
8.611343055963516235e-02,1.119514228776097298e-03,6.023762822151184082e-01,6.023772954940795898e-01,1.119101001141298811e-03,6.024648101880965001e-01,6.024658495732599928e-01
8.640533685684204102e-02,1.097098574973642826e-03,1.033584713935852051e+00,1.033585190773010254e+00,1.095916139101591738e-03,1.033680037012115305e+00,1.033680617961637127e+00
8.669725060462951660e-02,1.062089810147881508e-03,1.452950954437255859e+00,1.452951312065124512e+00,1.062143104933067645e-03,1.453095147952973676e+00,1.453095536140845079e+00
8.698915690183639526e-02,1.014975714497268200e-03,1.855732917785644531e+00,1.855733156204223633e+00,1.014951439898392500e-03,1.855895217187397472e+00,1.855895494715551708e+00
8.728107064962387085e-02,9.562876075506210327e-04,2.237380266189575195e+00,2.237380504608154297e+00,9.518985043858166004e-04,2.237495802874133410e+00,2.237496005357356488e+00
8.757297694683074951e-02,8.866208372637629509e-04,2.593328237533569336e+00,2.593328237533569336e+00,8.815189641727167900e-04,2.593522996540391645e+00,2.593523146351220721e+00
8.786489069461822510e-02,8.068473543971776962e-04,2.919711828231811523e+00,2.919711828231811523e+00,8.066323989143701217e-04,2.919921008909974525e+00,2.919921120326655739e+00
8.815679699182510376e-02,7.178784580901265144e-04,3.212806701660156250e+00,3.212806701660156250e+00,7.176214423276633132e-04,3.212949334489296760e+00,3.212949414630698719e+00
8.844871073961257935e-02,6.206636899150907993e-04,3.469033479690551758e+00,3.469033479690551758e+00,6.137065258566730885e-04,3.469269510559581882e+00,3.469269564841281905e+00
8.874061703681945801e-02,5.163772148080170155e-04,3.685691118240356445e+00,3.685691118240356445e+00,5.090497009247306080e-04,3.685943292785898606e+00,3.685943327937225789e+00
8.903253078460693359e-02,4.061988147441297770e-04,3.860343933105468750e+00,3.860343933105468750e+00,4.058768575738325320e-04,3.860503367673032482e+00,3.860503389009112940e+00
8.932443708181381226e-02,2.913615608122199774e-04,3.990693092346191406e+00,3.990693092346191406e+00,2.909622534999757007e-04,3.990948533697371570e+00,3.990948544303751344e+00
8.961634337902069092e-02,1.732041127979755402e-04,4.075519084930419922e+00,4.075519084930419922e+00,1.727982578058567624e-04,4.075791440608239391e+00,4.075791444271238184e+00
8.990825712680816650e-02,5.306964158080518246e-05,4.113888263702392578e+00,4.113888263702392578e+00,4.482328053871240581e-05,4.114063570499937761e+00,4.114063570744114884e+00
9.020016342401504517e-02,-6.362551450729370117e-02,4.115797042846679688e+00,4.116288661956787109e+00,-6.901145167795677549e-02,4.115809925507708300e+00,4.116388456325577039e+00
9.049207717180252075e-02,-1.642500013113021851e-01,4.113009452819824219e+00,4.116287708282470703e+00,-1.696371425600421423e-01,4.112892097659598178e+00,4.116388971796362206e+00
9.078398346900939941e-02,-2.647740244865417480e-01,4.107768535614013672e+00,4.116292953491210938e+00,-2.701456931225681424e-01,4.107514736516383103e+00,4.116388709319362071e+00
9.107589721679687500e-02,-3.651417493820190430e-01,4.100061893463134766e+00,4.116289138793945312e+00,-3.705083456692181976e-01,4.099680145321162428e+00,4.116388432613118376e+00
9.136780351400375366e-02,-4.652886390686035156e-01,4.089905738830566406e+00,4.116287231445312500e+00,-4.706494544938791824e-01,4.089394133711208745e+00,4.116388622305604983e+00
9.165971726179122925e-02,-5.651580095291137695e-01,4.077310562133789062e+00,4.116292476654052734e+00,-5.705090467617005556e-01,4.076662296043785716e+00,4.116388714446429731e+00
9.195162355899810791e-02,-6.646884679794311523e-01,4.062268733978271484e+00,4.116289615631103516e+00,-6.700119754354647572e-01,4.061494728628691320e+00,4.116388645148266079e+00
9.224353730678558350e-02,-7.638240456581115723e-01,4.044799327850341797e+00,4.116288661956787109e+00,-7.691297410185496952e-01,4.043896116452529554e+00,4.116388752192765565e+00
9.253544360399246216e-02,-8.625014424324035645e-01,4.024916648864746094e+00,4.116291999816894531e+00,-8.677874909744731635e-01,4.023878460011956371e+00,4.116388343006519790e+00
9.282735735177993774e-02,-9.606642127037048340e-01,4.002619266510009766e+00,4.116289138793945312e+00,-9.659109748713340382e-01,4.001458522113399141e+00,4.116388503964468981e+00
9.311926364898681641e-02,-1.058248877525329590e+00,3.977930784225463867e+00,4.116287708282470703e+00,-1.063472126938421303e+00,3.976642174430918608e+00,4.116388702277470557e+00
9.341117739677429199e-02,-1.155204534530639648e+00,3.950868129730224609e+00,4.116291522979736328e+00,-1.160397425298985263e+00,3.949447123879662680e+00,4.116388559035923933e+00
9.370308369398117065e-02,-1.251466631889343262e+00,3.921437740325927734e+00,4.116289615631103516e+00,-1.256628485259577488e+00,3.919890392394880241e+00,4.116388688930562090e+00
9.399499744176864624e-02,-1.346982598304748535e+00,3.889661073684692383e+00,4.116287708282470703e+00,-1.352093218466299041e+00,3.887994199252254646e+00,4.116388582828609977e+00
9.428690373897552490e-02,-1.441692590713500977e+00,3.855564355850219727e+00,4.116291522979736328e+00,-1.446764446254926950e+00,3.853768220404842904e+00,4.116388812970615874e+00
9.457881748676300049e-02,-1.535541176795959473e+00,3.819156646728515625e+00,4.116290569305419922e+00,-1.540570113029336774e+00,3.817237059968462631e+00,4.116388592584026007e+00
9.487072378396987915e-02,-1.628466010093688965e+00,3.780465841293334961e+00,4.116287708282470703e+00,-1.633440245995737561e+00,3.778429348443055336e+00,4.116388633063504443e+00
9.516263753175735474e-02,-1.720424175262451172e+00,3.739517450332641602e+00,4.116290569305419922e+00,-1.725347921352807345e+00,3.737355950925965953e+00,4.116388581467763430e+00
9.545454382896423340e-02,-1.811349511146545410e+00,3.696330308914184570e+00,4.116290569305419922e+00,-1.816223669481002334e+00,3.694047399237686768e+00,4.116388539168497118e+00
9.574645757675170898e-02,-1.901193022727966309e+00,3.650929689407348633e+00,4.116287708282470703e+00,-1.906013224773647652e+00,3.648529722836706402e+00,4.116388654079560894e+00
9.603836387395858765e-02,-1.989899873733520508e+00,3.603352308273315430e+00,4.116290569305419922e+00,-1.994649319655539044e+00,3.600837478289749871e+00,4.116388763644462934e+00
9.633027762174606323e-02,-2.077417612075805664e+00,3.553615808486938477e+00,4.116290569305419922e+00,-2.082106262054752577e+00,3.550984376123436981e+00,4.116388772450966016e+00
9.662218391895294189e-02,-2.163686990737915039e+00,3.501754045486450195e+00,4.116287231445312500e+00,-2.168318012849705489e+00,3.499007579849752858e+00,4.116388835945229197e+00
9.691409766674041748e-02,-2.248669862747192383e+00,3.447800874710083008e+00,4.116290569305419922e+00,-2.253232518305393839e+00,3.444937859125458246e+00,4.116388421272312748e+00
9.720600396394729614e-02,-2.332304716110229492e+00,3.391784906387329102e+00,4.116291046142578125e+00,-2.336786905107961054e+00,3.388817104557702020e+00,4.116388515194707942e+00
9.749791771173477173e-02,-2.414544582366943359e+00,3.333736181259155273e+00,4.116287708282470703e+00,-2.418957057537791222e+00,3.330660913252656563e+00,4.116388631468232973e+00
9.778982400894165039e-02,-2.495341777801513672e+00,3.273699998855590820e+00,4.116290092468261719e+00,-2.499680360419705760e+00,3.270512603445773436e+00,4.116388537731300978e+00
9.808173775672912598e-02,-2.574648141860961914e+00,3.211703538894653320e+00,4.116291046142578125e+00,-2.578908654381578902e+00,3.208408615997698554e+00,4.116388671499870533e+00
9.837364405393600464e-02,-2.652407884597778320e+00,3.147785902023315430e+00,4.116287708282470703e+00,-2.656582473677071121e+00,3.144395803818976098e+00,4.116388636963542957e+00
9.866555780172348022e-02,-2.728589057922363281e+00,3.081986904144287109e+00,4.116289615631103516e+00,-2.732679888252018241e+00,3.078492596341944942e+00,4.116388713106335473e+00
9.895746409893035889e-02,-2.803136348724365234e+00,3.014346122741699219e+00,4.116291522979736328e+00,-2.807142892746159468e+00,3.010747973178607761e+00,4.116388535876366106e+00
9.924937784671783447e-02,-2.876005172729492188e+00,2.944896936416625977e+00,4.116287708282470703e+00,-2.879915912500254027e+00,2.941214219959381371e+00,4.116388799756825811e+00
9.954128414392471313e-02,-2.947156429290771484e+00,2.873692750930786133e+00,4.116289615631103516e+00,-2.950977977947748077e+00,2.869910229981520011e+00,4.116388678743197360e+00
9.983319789171218872e-02,-3.016547441482543945e+00,2.800768136978149414e+00,4.116291999816894531e+00,-3.020275206747938146e+00,2.796889935333092492e+00,4.116388664213311621e+00
1.001251041889190674e-01,-3.084125518798828125e+00,2.726168155670166016e+00,4.116287231445312500e+00,-3.087765741662152674e+00,2.722197084708945169e+00,4.116388495195795194e+00
1.004170104861259460e-01,-3.149866104125976562e+00,2.649940013885498047e+00,4.116289138793945312e+00,-3.153399790611472131e+00,2.645888177833077837e+00,4.116388525033238821e+00
1.007089242339134216e-01,-3.213725566864013672e+00,2.572125911712646484e+00,4.116292476654052734e+00,-3.217158572970571395e+00,2.567985178812921543e+00,4.116388849737215416e+00
1.010008305311203003e-01,-3.275655508041381836e+00,2.492770671844482422e+00,4.116287708282470703e+00,-3.278992793283221907e+00,2.488546011725001783e+00,4.116388585990846671e+00
1.012927442789077759e-01,-3.335632801055908203e+00,2.411926507949829102e+00,4.116289138793945312e+00,-3.338866138407059037e+00,2.407618642633525763e+00,4.116388540766987347e+00
1.015846505761146545e-01,-3.393615961074829102e+00,2.329643249511718750e+00,4.116292953491210938e+00,-3.396733654734761298e+00,2.325264513911224906e+00,4.116388536188313907e+00
1.018765643239021301e-01,-3.449562311172485352e+00,2.245962142944335938e+00,4.116287708282470703e+00,-3.452579201344039284e+00,2.241506746052046140e+00,4.116388664126636954e+00
1.021684706211090088e-01,-3.503450870513916016e+00,2.160941123962402344e+00,4.116289138793945312e+00,-3.506359520221886683e+00,2.156408666370387195e+00,4.116388638290604085e+00
1.024603843688964844e-01,-3.555248498916625977e+00,2.074627399444580078e+00,4.116293430328369141e+00,-3.558034943718608289e+00,2.070034506980035882e+00,4.116388650359773749e+00
1.027522906661033630e-01,-3.604910135269165039e+00,1.987070202827453613e+00,4.116287708282470703e+00,-3.607590778194884162e+00,1.982408561140341474e+00,4.116388578134879239e+00
1.030442044138908386e-01,-3.652422904968261719e+00,1.898325562477111816e+00,4.116288661956787109e+00,-3.654989056509001522e+00,1.893597303632778006e+00,4.116388678383746225e+00
1.033361107110977173e-01,-3.697753667831420898e+00,1.808449745178222656e+00,4.116293430328369141e+00,-3.700201401006591340e+00,1.803653362101163671e+00,4.116388691393218835e+00
1.036280244588851929e-01,-3.740864038467407227e+00,1.717487931251525879e+00,4.116287708282470703e+00,-3.743194165102293969e+00,1.712645179477091384e+00,4.116388716878178755e+00
1.039199307560920715e-01,-3.781742334365844727e+00,1.625501513481140137e+00,4.116288185119628906e+00,-3.783955061289478117e+00,1.620598566408222974e+00,4.116388662323158698e+00
1.042118445038795471e-01,-3.820365190505981445e+00,1.532542586326599121e+00,4.116293907165527344e+00,-3.822452837650250679e+00,1.527582648520416697e+00,4.116388519578916494e+00
1.045037508010864258e-01,-3.856691598892211914e+00,1.438665270805358887e+00,4.116288185119628906e+00,-3.858664644247661535e+00,1.433653078406782688e+00,4.116388463931966335e+00
1.047956645488739014e-01,-3.890718221664428711e+00,1.343927621841430664e+00,4.116288185119628906e+00,-3.892563789842072186e+00,1.338881065809528037e+00,4.116388631600876202e+00
1.050875708460807800e-01,-3.922422885894775391e+00,1.248390316963195801e+00,4.116294384002685547e+00,-3.924140149661861976e+00,1.243293584314383748e+00,4.116388568998987196e+00
1.053794845938682556e-01,-3.951770305633544922e+00,1.152102828025817871e+00,4.116288185119628906e+00,-3.953369663980983884e+00,1.146962403840037448e+00,4.116388521010575730e+00
1.056713908910751343e-01,-3.978760242462158203e+00,1.055128097534179688e+00,4.116288185119628906e+00,-3.980230916052204915e+00,1.049960689175704953e+00,4.116388659239078152e+00
1.059633046388626099e-01,-4.003376960754394531e+00,9.575213193893432617e-01,4.116293907165527344e+00,-4.004715932373692056e+00,9.523157421511398990e-01,4.116388583668524781e+00
1.062552109360694885e-01,-4.025588512420654297e+00,8.593418598175048828e-01,4.116288661956787109e+00,-4.026806166195817660e+00,8.541012844562616557e-01,4.116388818396835347e+00
1.065471246838569641e-01,-4.045397758483886719e+00,7.606471776962280273e-01,4.116288185119628906e+00,-4.046487873378199929e+00,7.553760041178128049e-01,4.116388832094681760e+00
1.068390309810638428e-01,-4.062792778015136719e+00,6.615036725997924805e-01,4.116293430328369141e+00,-4.063746812986565260e+00,6.562145177977709576e-01,4.116388666468099977e+00
1.071309447288513184e-01,-4.077749252319335938e+00,5.619577169418334961e-01,4.116289138793945312e+00,-4.078578126552252492e+00,5.566451579188430587e-01,4.116388388651509800e+00
1.074228510260581970e-01,-4.090270042419433594e+00,4.620789885520935059e-01,4.116287708282470703e+00,-4.090970916011901437e+00,4.567427933871373580e-01,4.116388831848412977e+00
1.077147647738456726e-01,-4.100351333618164062e+00,3.619219064712524414e-01,4.116292953491210938e+00,-4.100916462587244737e+00,3.565672954791399007e-01,4.116388716985361462e+00
1.080066710710525513e-01,-4.107971191406250000e+00,2.615501582622528076e-01,4.116288661956787109e+00,-4.108408171163966394e+00,2.561942193995058736e-01,4.116388365902878377e+00
1.082985848188400269e-01,-4.113137245178222656e+00,1.610197126865386963e-01,4.116288185119628906e+00,-4.113444527986945154e+00,1.556522839623310783e-01,4.116388407126862603e+00
1.085904911160469055e-01,-4.115849494934082031e+00,6.039826571941375732e-02,4.116292476654052734e+00,-4.116020849396853976e+00,5.501727900794023407e-02,4.116388530454703876e+00
1.088824048638343811e-01,-4.116092205047607422e+00,-4.026459529995918274e-02,4.116289138793945312e+00,-4.116135576177459399e+00,-4.565065541870499954e-02,4.116388716316025764e+00
1.091743111610412598e-01,-4.113875389099121094e+00,-1.409007012844085693e-01,4.116287708282470703e+00,-4.113788797241602957e+00,-1.462755844561623442e-01,4.116388564618080892e+00
1.094662249088287354e-01,-4.109204769134521484e+00,-2.414554059505462646e-01,4.116292476654052734e+00,-4.108981861742781128e+00,-2.468287484839432888e-01,4.116388753654023347e+00
1.097581312060356140e-01,-4.102068424224853516e+00,-3.418627381324768066e-01,4.116289138793945312e+00,-4.101717243382786648e+00,-3.472342491246935836e-01,4.116388704730018055e+00
1.100500449538230896e-01,-4.092481136322021484e+00,-4.420681595802307129e-01,4.116287708282470703e+00,-4.092001228152709835e+00,-4.474164919396075857e-01,4.116388656147865532e+00
1.103419512510299683e-01,-4.080451965332031250e+00,-5.420048832893371582e-01,4.116291522979736328e+00,-4.079836595009670219e+00,-5.473468170785854570e-01,4.116388608980711794e+00
1.106338649988174438e-01,-4.065976142883300781e+00,-6.416217088699340820e-01,4.116289615631103516e+00,-4.065232013044633774e+00,-6.469497895552288602e-01,4.116388629622873552e+00
1.109257712960243225e-01,-4.049068927764892578e+00,-7.408521771430969238e-01,4.116287231445312500e+00,-4.048196410886861329e+00,-7.461658103110915263e-01,4.116388902617739376e+00
1.112176850438117981e-01,-4.029746055603027344e+00,-8.396433591842651367e-01,4.116291522979736328e+00,-4.028742262725257817e+00,-8.449202718452600847e-01,4.116388524573901364e+00
1.115095913410186768e-01,-4.008008003234863281e+00,-9.379287958145141602e-01,4.116289615631103516e+00,-4.006876636748674336e+00,-9.431848266608943154e-01,4.116388951419157394e+00
1.118014976382255554e-01,-3.983873128890991211e+00,-1.035652995109558105e+00,4.116287231445312500e+00,-3.982613910104457755e+00,-1.040885251189321403e+00,4.116388667643153809e+00
1.120934113860130310e-01,-3.957361459732055664e+00,-1.132759451866149902e+00,4.116291046142578125e+00,-3.955973935244934570e+00,-1.137948112656791633e+00,4.116388670113215298e+00
1.123853176832199097e-01,-3.928478717803955078e+00,-1.229187369346618652e+00,4.116290569305419922e+00,-3.926964012291412232e+00,-1.234345543810270396e+00,4.116388620545458288e+00
1.126772314310073853e-01,-3.897243976593017578e+00,-1.324882030487060547e+00,4.116287231445312500e+00,-3.895605415591909981e+00,-1.330004787361710017e+00,4.116388500663425987e+00
1.129691377282142639e-01,-3.863685369491577148e+00,-1.419783949851989746e+00,4.116291046142578125e+00,-3.861917297877853983e+00,-1.424868620898725347e+00,4.116388684571711032e+00
1.132610514760017395e-01,-3.827811717987060547e+00,-1.513837814331054688e+00,4.116290569305419922e+00,-3.825924968889772071e+00,-1.518865714104565390e+00,4.116388577996078268e+00
1.135529577732086182e-01,-3.789647579193115234e+00,-1.606983065605163574e+00,4.116287708282470703e+00,-3.787639293725009182e+00,-1.611969143177908403e+00,4.116388701025136321e+00
1.138448715209960938e-01,-3.749222755432128906e+00,-1.699169635772705078e+00,4.116290569305419922e+00,-3.747088193983019622e+00,-1.704108448529603415e+00,4.116388652427866113e+00
1.141367778182029724e-01,-3.706552982330322266e+00,-1.790339231491088867e+00,4.116291046142578125e+00,-3.704296279683432669e+00,-1.795228510204263106e+00,4.116388748833951006e+00
1.144286915659904480e-01,-3.661662578582763672e+00,-1.880438566207885742e+00,4.116287231445312500e+00,-3.659295974139960883e+00,-1.885261077208631342e+00,4.116388751757392050e+00
1.147205978631973267e-01,-3.614589214324951172e+00,-1.969413995742797852e+00,4.116290569305419922e+00,-3.612100275702961216e+00,-1.974180209159438482e+00,4.116388696414638559e+00
1.150125116109848022e-01,-3.565351009368896484e+00,-2.057212829589843750e+00,4.116291046142578125e+00,-3.562744217907185540e+00,-2.061918645033034903e+00,4.116388570211266362e+00
1.153044179081916809e-01,-3.513978242874145508e+00,-2.143777370452880859e+00,4.116287708282470703e+00,-3.511265676440883166e+00,-2.148410594019183772e+00,4.116388554430414182e+00
1.155963316559791565e-01,-3.460509061813354492e+00,-2.229062557220458984e+00,4.116290092468261719e+00,-3.457679544423408302e+00,-2.233631095876888573e+00,4.116388672658628067e+00
1.158882379531860352e-01,-3.404969692230224609e+00,-2.313014507293701172e+00,4.116291522979736328e+00,-3.402025105516648384e+00,-2.317516048838672127e+00,4.116388642389148700e+00
1.161801517009735107e-01,-3.347388267517089844e+00,-2.395582437515258789e+00,4.116287708282470703e+00,-3.344336213290651116e+00,-2.400014634174707506e+00,4.116388581242058642e+00
1.164720579981803894e-01,-3.287811279296875000e+00,-2.476719141006469727e+00,4.116290092468261719e+00,-3.284656649845785648e+00,-2.481065197197424688e+00,4.116388443784240181e+00
1.167639717459678650e-01,-3.226266622543334961e+00,-2.556376457214355469e+00,4.116291522979736328e+00,-3.223003423537641243e+00,-2.560645072745954653e+00,4.116388496815320153e+00
1.170558780431747437e-01,-3.162790298461914062e+00,-2.634498357772827148e+00,4.116287708282470703e+00,-3.159422926687625477e+00,-2.638693596102334560e+00,4.116388845066858870e+00
1.173477917909622192e-01,-3.097425222396850586e+00,-2.711050510406494141e+00,4.116289615631103516e+00,-3.093952544265102578e+00,-2.715163336449589515e+00,4.116388500829891939e+00
1.176396980881690979e-01,-3.030209302902221680e+00,-2.785981178283691406e+00,4.116291999816894531e+00,-3.026642418820145952e+00,-2.789998451162467585e+00,4.116388670775688041e+00
1.179316118359565735e-01,-2.961174726486206055e+00,-2.859242677688598633e+00,4.116287708282470703e+00,-2.957511943548479572e+00,-2.863176307837874912e+00,4.116388643701664130e+00
1.182235181331634521e-01,-2.890375137329101562e+00,-2.930796384811401367e+00,4.116289138793945312e+00,-2.886612682076924230e+00,-2.934641798957265735e+00,4.116388619228567691e+00
1.185154318809509277e-01,-2.817846536636352539e+00,-3.000601053237915039e+00,4.116292476654052734e+00,-2.813986958747801914e+00,-3.004352570659276633e+00,4.116388826730257300e+00
1.188073381781578064e-01,-2.743630647659301758e+00,-3.068601369857788086e+00,4.116287231445312500e+00,-2.739689888241914950e+00,-3.072255472434132884e+00,4.116388510774521059e+00
1.190992519259452820e-01,-2.667774677276611328e+00,-3.134774923324584961e+00,4.116289138793945312e+00,-2.663742954422890996e+00,-3.138331955588968381e+00,4.116388464504834310e+00
1.193911582231521606e-01,-2.590326786041259766e+00,-3.199074029922485352e+00,4.116292953491210938e+00,-2.586203143810089422e+00,-3.202531519144375949e+00,4.116388566713105490e+00
1.196830719709396362e-01,-2.511322259902954102e+00,-3.261454582214355469e+00,4.116288185119628906e+00,-2.507116302317814682e+00,-3.264815912603886261e+00,4.116388598825347245e+00
1.199749782681465149e-01,-2.430821657180786133e+00,-3.321887969970703125e+00,4.116288661956787109e+00,-2.426542706104952707e+00,-3.325138258109181066e+00,4.116388458356731839e+00
1.202668920159339905e-01,-2.348867177963256836e+00,-3.380339384078979492e+00,4.116293430328369141e+00,-2.344505723976795242e+00,-3.383481702561708548e+00,4.116388650422823758e+00
1.205587983131408691e-01,-2.265506982803344727e+00,-3.436757802963256836e+00,4.116287708282470703e+00,-2.261066318062270764e+00,-3.439801524286606238e+00,4.116388638255641830e+00
1.208507120609283447e-01,-2.180790662765502930e+00,-3.491129159927368164e+00,4.116288661956787109e+00,-2.176287796021110665e+00,-3.494055896174946163e+00,4.116388608562768781e+00
1.211426183581352234e-01,-2.094774961471557617e+00,-3.543415307998657227e+00,4.116293907165527344e+00,-2.090194944459578874e+00,-3.546228938718896995e+00,4.116388537498827382e+00
1.214345321059226990e-01,-2.007498502731323242e+00,-3.593574523925781250e+00,4.116288185119628906e+00,-2.002851992215686217e+00,-3.596281222752776952e+00,4.116388555013551276e+00
1.217264384031295776e-01,-1.919027090072631836e+00,-3.641588211059570312e+00,4.116288185119628906e+00,-1.914324927275547594e+00,-3.644175490035359566e+00,4.116388578519159402e+00
1.220183521509170532e-01,-1.829408049583435059e+00,-3.687430381774902344e+00,4.116294384002685547e+00,-1.824639344733253621e+00,-3.689897780396140359e+00,4.116388510347506191e+00
1.223102584481239319e-01,-1.738694429397583008e+00,-3.731054782867431641e+00,4.116288185119628906e+00,-1.733862388961432854e+00,-3.733413475296928130e+00,4.116388582408581520e+00
1.226021721959114075e-01,-1.646939158439636230e+00,-3.772455453872680664e+00,4.116288185119628906e+00,-1.642048569269791480e+00,-3.774696131161684232e+00,4.116388512573607272e+00
1.228940784931182861e-01,-1.554203510284423828e+00,-3.811604499816894531e+00,4.116293907165527344e+00,-1.549267236665090808e+00,-3.813715453284346246e+00,4.116388529915964156e+00
1.231859847903251648e-01,-1.460533976554870605e+00,-3.848463296890258789e+00,4.116288185119628906e+00,-1.455545020110152521e+00,-3.850460358043572118e+00,4.116388741898959758e+00
1.234778985381126404e-01,-1.365990757942199707e+00,-3.883026838302612305e+00,4.116288185119628906e+00,-1.360952201617349644e+00,-3.884902233224505341e+00,4.116388739757198323e+00
1.237698048353195190e-01,-1.270634770393371582e+00,-3.915272712707519531e+00,4.116293430328369141e+00,-1.265545354958070634e+00,-3.917020626833441543e+00,4.116388664411391396e+00
1.240617185831069946e-01,-1.174515724182128906e+00,-3.945167064666748047e+00,4.116288185119628906e+00,-1.169396720467475559e+00,-3.946791962663916742e+00,4.116388646178660515e+00
1.243536248803138733e-01,-1.077695727348327637e+00,-3.972706794738769531e+00,4.116287708282470703e+00,-1.072533848286663982e+00,-3.974207555037834183e+00,4.116388531982908106e+00
1.246455386281013489e-01,-9.802301526069641113e-01,-3.997876882553100586e+00,4.116293430328369141e+00,-9.750295389272763957e-01,-3.999246459262321363e+00,4.116388568114403235e+00
1.249374449253082275e-01,-8.821785449981689453e-01,-4.020646095275878906e+00,4.116289138793945312e+00,-8.769573948372250127e-01,-4.021890126949863919e+00,4.116388522189868837e+00
1.252293586730957031e-01,-7.836002707481384277e-01,-4.041014194488525391e+00,4.116287708282470703e+00,-7.783455328856458966e-01,-4.042132026967929725e+00,4.116388355342933458e+00
1.255212724208831787e-01,-6.845518946647644043e-01,-4.058972358703613281e+00,4.116293430328369141e+00,-6.792681654906027600e-01,-4.059956958713581088e+00,4.116388677865076673e+00
1.258131712675094604e-01,-5.850977301597595215e-01,-4.074493408203125000e+00,4.116289138793945312e+00,-5.797844877858714385e-01,-4.075353331773056809e+00,4.116388566580040376e+00
1.261050850152969360e-01,-4.852890670299530029e-01,-4.087581157684326172e+00,4.116287708282470703e+00,-4.799697794730289901e-01,-4.088310730783629943e+00,4.116388662486569316e+00
1.263969987630844116e-01,-3.851908147335052490e-01,-4.098230361938476562e+00,4.116292476654052734e+00,-3.798523300611705289e-01,-4.098825250803225906e+00,4.116388736413876259e+00
1.266889125108718872e-01,-2.848614156246185303e-01,-4.106420516967773438e+00,4.116288661956787109e+00,-2.795077805821749029e-01,-4.106888389664364425e+00,4.116388811150609506e+00
1.269808113574981689e-01,-1.843670308589935303e-01,-4.112156391143798828e+00,4.116287231445312500e+00,-1.789960393315922493e-01,-4.112495245561412105e+00,4.116388796853573950e+00
1.272727251052856445e-01,-8.375744521617889404e-02,-4.115439891815185547e+00,4.116291999816894531e+00,-7.839296502551704182e-02,-4.115642089897146860e+00,4.116388619785363190e+00
1.275646388530731201e-01,1.690240763127803802e-02,-4.116254806518554688e+00,4.116289138793945312e+00,2.227268073037462146e-02,-4.116328363620257669e+00,4.116388619828252438e+00
1.278565526008605957e-01,1.175520420074462891e-01,-4.114608764648437500e+00,4.116287708282470703e+00,1.229250086304476686e-01,-4.114552723843789117e+00,4.116388547627294336e+00
1.281484514474868774e-01,2.181259244680404663e-01,-4.110508441925048828e+00,4.116291999816894531e+00,2.234881528720762955e-01,-4.110317166764075658e+00,4.116388485780907658e+00
1.284403651952743530e-01,3.185701966285705566e-01,-4.103943824768066406e+00,4.116290092468261719e+00,3.239333333400520876e-01,-4.103623041816122807e+00,4.116388571766884219e+00
1.287322789430618286e-01,4.188283979892730713e-01,-4.094924449920654297e+00,4.116287708282470703e+00,4.241847356210880493e-01,-4.094474729780482214e+00,4.116388708898236715e+00
1.290241926908493042e-01,5.188367962837219238e-01,-4.083462238311767578e+00,4.116291522979736328e+00,5.241825144760364763e-01,-4.082877346203766855e+00,4.116388554622405493e+00
1.293160915374755859e-01,6.185292601585388184e-01,-4.069552898406982422e+00,4.116289615631103516e+00,6.238511884006059383e-01,-4.068840514931940433e+00,4.116388397760889717e+00
1.296080052852630615e-01,7.178565859794616699e-01,-4.053209304809570312e+00,4.116287708282470703e+00,7.231623705886259801e-01,-4.052368442345692046e+00,4.116388442160750394e+00
1.298999190330505371e-01,8.167557716369628906e-01,-4.034446716308593750e+00,4.116290569305419922e+00,8.220411488826110391e-01,-4.033473129760622555e+00,4.116388846909046606e+00
1.301918327808380127e-01,9.151656627655029297e-01,-4.013267517089843750e+00,4.116290092468261719e+00,9.204281525522919338e-01,-4.012164933843767045e+00,4.116388640589756953e+00
1.304837316274642944e-01,1.013022780418395996e+00,-3.989687681198120117e+00,4.116287231445312500e+00,1.018249555064346445e+00,-3.988461088636968022e+00,4.116388467086157021e+00
1.307756453752517700e-01,1.110280513763427734e+00,-3.963726282119750977e+00,4.116290569305419922e+00,1.115477307026951026e+00,-3.962368658234355578e+00,4.116388587858296866e+00
1.310675591230392456e-01,1.206873416900634766e+00,-3.935391187667846680e+00,4.116290092468261719e+00,1.212037780424459088e+00,-3.933906305125019820e+00,4.116388514059215353e+00
1.313594728708267212e-01,1.302743673324584961e+00,-3.904700040817260742e+00,4.116287708282470703e+00,1.307873488154251307e+00,-3.903091277444056928e+00,4.116388536214317106e+00
1.316513717174530029e-01,1.397827029228210449e+00,-3.871682643890380859e+00,4.116290569305419922e+00,1.402912126308856866e+00,-3.869947467131023888e+00,4.116388688219111636e+00
1.319432854652404785e-01,1.492083430290222168e+00,-3.836344242095947266e+00,4.116291046142578125e+00,1.497126748156511811e+00,-3.834484069895170766e+00,4.116388779297397882e+00
1.322351992130279541e-01,1.585446119308471680e+00,-3.798708200454711914e+00,4.116287708282470703e+00,1.590445913965790714e+00,-3.796727112566954165e+00,4.116388583765079545e+00
1.325271129608154297e-01,1.677862882614135742e+00,-3.758805751800537109e+00,4.116290092468261719e+00,1.682814007158614178e+00,-3.756699780813477219e+00,4.116388735998248727e+00
1.328190118074417114e-01,1.769271016120910645e+00,-3.716656208038330078e+00,4.116291522979736328e+00,1.774161313079869462e+00,-3.714432132762982786e+00,4.116388518316929535e+00
1.331109255552291870e-01,1.859623670578002930e+00,-3.672277688980102539e+00,4.116287708282470703e+00,1.864462007312515768e+00,-3.669936926643925457e+00,4.116388662681948141e+00
1.334028393030166626e-01,1.948866844177246094e+00,-3.625708341598510742e+00,4.116289615631103516e+00,1.953647603655061404e+00,-3.623246827529809977e+00,4.116388773241905774e+00
1.336947530508041382e-01,2.036944389343261719e+00,-3.576969861984252930e+00,4.116291522979736328e+00,2.041664694125321589e+00,-3.574389522801996399e+00,4.116388609443297320e+00
1.339866518974304199e-01,2.123796463012695312e+00,-3.526090145111083984e+00,4.116287231445312500e+00,2.128447365395274016e+00,-3.523402651302610877e+00,4.116388517920089640e+00
1.342785656452178955e-01,2.209385871887207031e+00,-3.473104476928710938e+00,4.116289615631103516e+00,2.213970773190152563e+00,-3.470300866029103926e+00,4.116388548874189368e+00
1.345704793930053711e-01,2.293654441833496094e+00,-3.418041467666625977e+00,4.116291522979736328e+00,2.298170222808223251e+00,-3.415123697316821083e+00,4.116388737835302791e+00
1.348623782396316528e-01,2.376543283462524414e+00,-3.360932350158691406e+00,4.116287708282470703e+00,2.380981883723797043e+00,-3.357912810392006620e+00,4.116388365158912599e+00
1.351542919874191284e-01,2.458014249801635742e+00,-3.301818132400512695e+00,4.116289138793945312e+00,2.462382855567768480e+00,-3.298685455370041542e+00,4.116388594492013553e+00
1.354462057352066040e-01,2.538020610809326172e+00,-3.240727424621582031e+00,4.116292476654052734e+00,2.542311477101013129e+00,-3.237484937383266814e+00,4.116388753067798945e+00
1.357381194829940796e-01,2.616504192352294922e+00,-3.177692651748657227e+00,4.116287708282470703e+00,2.620719353743169222e+00,-3.174347939052117429e+00,4.116388559070734310e+00
1.360300183296203613e-01,2.693422794342041016e+00,-3.112765550613403320e+00,4.116289138793945312e+00,2.697547999890171244e+00,-3.109323208056138821e+00,4.116388711463967454e+00
1.363219320774078369e-01,2.768736362457275391e+00,-3.045974969863891602e+00,4.116292476654052734e+00,2.772775478936300608e+00,-3.042428696859640347e+00,4.116388736752820243e+00
1.366138458251953125e-01,2.842388391494750977e+00,-2.977356910705566406e+00,4.116288185119628906e+00,2.846344517352223935e+00,-2.973714567667360864e+00,4.116388640716294844e+00
1.369057595729827881e-01,2.914344310760498047e+00,-2.906962633132934570e+00,4.116289138793945312e+00,2.918200255930742060e+00,-2.903233096282384018e+00,4.116388604719389832e+00
1.371976584196090698e-01,2.984556436538696289e+00,-2.834835529327392578e+00,4.116292953491210938e+00,2.988321979968200814e+00,-2.831004365146254198e+00,4.116388462164159989e+00
1.374895721673965454e-01,3.052980422973632812e+00,-2.761003017425537109e+00,4.116288185119628906e+00,3.056656529127493194e+00,-2.757082773487734784e+00,4.116388533280179729e+00
1.377814859151840210e-01,3.119582891464233398e+00,-2.685523271560668945e+00,4.116288661956787109e+00,3.123163003381780101e+00,-2.681512295382574962e+00,4.116388627909253195e+00
1.380733996629714966e-01,3.184322834014892578e+00,-2.608440399169921875e+00,4.116293907165527344e+00,3.187791855687709397e+00,-2.604349904247023950e+00,4.116388628268761174e+00
1.383652985095977783e-01,3.247147321701049805e+00,-2.529794692993164062e+00,4.116287708282470703e+00,3.250524550455524242e+00,-2.525618037880763556e+00,4.116388748209134363e+00
1.386572122573852539e-01,3.308034658432006836e+00,-2.449640274047851562e+00,4.116288661956787109e+00,3.311312762543938693e+00,-2.445375799677276252e+00,4.116388588682274197e+00
1.389491260051727295e-01,3.366951227188110352e+00,-2.368019580841064453e+00,4.116293907165527344e+00,3.370120894262628397e+00,-2.363671145873435187e+00,4.116388724085734196e+00
1.392410397529602051e-01,3.423844575881958008e+00,-2.284976243972778320e+00,4.116288185119628906e+00,3.426904472248076150e+00,-2.280565750774431688e+00,4.116388514890111594e+00
1.395329385995864868e-01,3.478692531585693359e+00,-2.200574159622192383e+00,4.116288185119628906e+00,3.481647845649130435e+00,-2.196083682258711089e+00,4.116388618752632844e+00
1.398248523473739624e-01,3.531468152999877930e+00,-2.114855051040649414e+00,4.116294384002685547e+00,3.534308948872851630e+00,-2.110288251261783099e+00,4.116388738870059072e+00
1.401167660951614380e-01,3.582121610641479492e+00,-2.027864456176757812e+00,4.116288185119628906e+00,3.584848362580890679e+00,-2.023244402073699710e+00,4.116388671301757896e+00
1.404086798429489136e-01,3.630637645721435547e+00,-1.939664602279663086e+00,4.116288185119628906e+00,3.633251878291399173e+00,-1.934977017612287797e+00,4.116388619870058108e+00
1.407005786895751953e-01,3.676985740661621094e+00,-1.850311875343322754e+00,4.116293907165527344e+00,3.679482718006954034e+00,-1.845552317796120834e+00,4.116388760774967182e+00
1.409924924373626709e-01,3.721126794815063477e+00,-1.759842872619628906e+00,4.116288661956787109e+00,3.723512517176296388e+00,-1.755023884205070495e+00,4.116388502036561370e+00
1.412844061851501465e-01,3.763047218322753906e+00,-1.668323755264282227e+00,4.116288185119628906e+00,3.765309538724063376e+00,-1.663460252806516992e+00,4.116388700678489165e+00
1.415763199329376221e-01,3.802722454071044922e+00,-1.575809121131896973e+00,4.116293430328369141e+00,3.804861019813485346e+00,-1.570887360041683056e+00,4.116388523698272017e+00
1.418682187795639038e-01,3.840111017227172852e+00,-1.482356429100036621e+00,4.116288661956787109e+00,3.842137150895970965e+00,-1.477375146575809373e+00,4.116388612608740338e+00
1.421601325273513794e-01,3.875209569931030273e+00,-1.388012290000915527e+00,4.116288185119628906e+00,3.877115322156474253e+00,-1.382979380968235583e+00,4.116388610114912971e+00
1.424520462751388550e-01,3.907996892929077148e+00,-1.292838335037231445e+00,4.116293430328369141e+00,3.909769797929298463e+00,-1.287771379100064895e+00,4.116388586811186023e+00
1.427439600229263306e-01,3.938437938690185547e+00,-1.196888327598571777e+00,4.116289138793945312e+00,3.940091412292542561e+00,-1.191778459179938521e+00,4.116388736864723619e+00
1.430358588695526123e-01,3.966525316238403320e+00,-1.100228548049926758e+00,4.116287708282470703e+00,3.968056347279951712e+00,-1.095072626334780530e+00,4.116388615295750952e+00
1.433277726173400879e-01,3.992247819900512695e+00,-1.002907395362854004e+00,4.116292476654052734e+00,3.993644381840137925e+00,-9.977272674589321433e-01,4.116388605177403015e+00
1.436196863651275635e-01,4.015574455261230469e+00,-9.049841761589050293e-01,4.116289138793945312e+00,4.016848022715071131e+00,-8.997699163146055668e-01,4.116388458332712830e+00
1.439116001129150391e-01,4.036501884460449219e+00,-8.065205812454223633e-01,4.116287231445312500e+00,4.037649680366958371e+00,-8.012745199726234446e-01,4.116388683995324094e+00
1.442034989595413208e-01,4.055020809173583984e+00,-7.075806856155395508e-01,4.116291999816894531e+00,4.056033439559763920e+00,-7.023153602993854605e-01,4.116388481197986948e+00
1.444954127073287964e-01,4.071107387542724609e+00,-6.082112193107604980e-01,4.116289138793945312e+00,4.071994919611800157e+00,-6.029208227870466175e-01,4.116388726043074264e+00
1.447873264551162720e-01,4.084760665893554688e+00,-5.084784626960754395e-01,4.116287231445312500e+00,4.085520834343792096e+00,-5.031655706154776198e-01,4.116388718198270347e+00
1.450792253017425537e-01,4.095977306365966797e+00,-4.084472954273223877e-01,4.116291999816894531e+00,4.096602942354972576e+00,-4.031094983201107262e-01,4.116388336266066261e+00
1.453711390495300293e-01,4.104737758636474609e+00,-3.081711828708648682e-01,4.116289615631103516e+00,4.105235862414845727e+00,-3.028123418850409698e-01,4.116388805792628780e+00
1.456630527973175049e-01,4.111043930053710938e+00,-2.077058553695678711e-01,4.116287708282470703e+00,4.111412046291987643e+00,-2.023497292390373514e-01,4.116388517537913572e+00
1.459549665451049805e-01,4.114897727966308594e+00,-1.071165278553962708e-01,4.116291999816894531e+00,4.115130935191008810e+00,-1.017504406193395494e-01,4.116388680133625577e+00
1.462468653917312622e-01,4.116284370422363281e+00,-6.468066480010747910e-03,4.116289138793945312e+00,4.116388323137189609e+00,-1.090311483095263287e-03,4.116388467533079520e+00
1.465387791395187378e-01,4.115210056304931641e+00,9.418928623199462891e-02,4.116287708282470703e+00,4.115184775269231210e+00,9.955478389134260475e-02,4.116388816621107338e+00
1.468306928873062134e-01,4.111680030822753906e+00,1.947904825210571289e-01,4.116291522979736328e+00,4.111519733201215665e+00,2.001560354562326172e-01,4.116388824568513627e+00
1.471226066350936890e-01,4.105685710906982422e+00,2.952750325202941895e-01,4.116289615631103516e+00,4.105395670353428450e+00,3.006375653289404815e-01,4.116388776080751377e+00
1.474145054817199707e-01,4.097235679626464844e+00,3.955776691436767578e-01,4.116287231445312500e+00,4.096817919702212762e+00,4.009236988939215429e-01,4.116388815397296064e+00
1.477064192295074463e-01,4.086341381072998047e+00,4.956494569778442383e-01,4.116291522979736328e+00,4.085788784260343753e+00,5.009856952232666361e-01,4.116388788295629375e+00
1.479983329772949219e-01,4.072998523712158203e+00,5.954244136810302734e-01,4.116290569305419922e+00,4.072315980411151060e+00,6.007480167959623474e-01,4.116388662893278649e+00
1.482902467250823975e-01,4.057217597961425781e+00,6.948429346084594727e-01,4.116287231445312500e+00,4.056407958587450402e+00,7.001511474335123664e-01,4.116388848948075996e+00
1.485821455717086792e-01,4.039017677307128906e+00,7.938418388366699219e-01,4.116290569305419922e+00,4.038076244365232270e+00,7.991200789953709638e-01,4.116388302378723552e+00
1.488740593194961548e-01,4.018399238586425781e+00,8.923655152320861816e-01,4.116290569305419922e+00,4.017327904295458829e+00,8.976265832267050770e-01,4.116388826817286350e+00
1.491659730672836304e-01,3.995373725891113281e+00,9.903597831726074219e-01,4.116287708282470703e+00,3.994175887078228460e+00,9.955962380411662593e-01,4.116388330335085222e+00
1.494578868150711060e-01,3.969964504241943359e+00,1.087763190269470215e+00,4.116290092468261719e+00,3.968635787020486472e+00,1.092970400606628090e+00,4.116388502877483369e+00
1.497497856616973877e-01,3.942180156707763672e+00,1.184510827064514160e+00,4.116291046142578125e+00,3.940726736208852277e+00,1.189675986048028822e+00,4.116388728151244791e+00
1.500416994094848633e-01,3.912033319473266602e+00,1.280553579330444336e+00,4.116287708282470703e+00,3.910456272429702285e+00,1.285685190009114409e+00,4.116388546577397278e+00
1.503336131572723389e-01,3.879552602767944336e+00,1.375832438468933105e+00,4.116290092468261719e+00,3.877847338600205696e+00,1.380925337753283966e+00,4.116388559154458449e+00
1.506255269050598145e-01,3.844750404357910156e+00,1.470288157463073730e+00,4.116291046142578125e+00,3.842919319384247689e+00,1.475339687111956621e+00,4.116388719213030178e+00
1.509174257516860962e-01,3.807646512985229492e+00,1.563858032226562500e+00,4.116287708282470703e+00,3.805698715304534741e+00,1.568857043389275452e+00,4.116388603407448166e+00
1.512093394994735718e-01,3.768269062042236328e+00,1.656499624252319336e+00,4.116289615631103516e+00,3.766196623390869913e+00,1.661450963027723438e+00,4.116388746047503489e+00
1.515012532472610474e-01,3.726637363433837891e+00,1.748150587081909180e+00,4.116291522979736328e+00,3.724441677418970809e+00,1.753051234749495757e+00,4.116388519096826570e+00
1.517931669950485229e-01,3.682771921157836914e+00,1.838753461837768555e+00,4.116287708282470703e+00,3.680459916674658327e+00,1.843602877495877257e+00,4.116388801869900860e+00
1.520850658416748047e-01,3.636712551116943359e+00,1.928253769874572754e+00,4.116289615631103516e+00,3.634283756282202127e+00,1.933038236483645367e+00,4.116388616844195880e+00
1.523769795894622803e-01,3.588477373123168945e+00,2.016603231430053711e+00,4.116291999816894531e+00,3.585927387012026291e+00,2.021331387708418248e+00,4.116388684740319270e+00
1.526688933372497559e-01,3.538088798522949219e+00,2.103747367858886719e+00,4.116287708282470703e+00,3.535426074331341262e+00,2.108415550390350557e+00,4.116388424358149223e+00
1.529608070850372314e-01,3.485589265823364258e+00,2.189635753631591797e+00,4.116289138793945312e+00,3.482810821467254403e+00,2.194239031796238582e+00,4.116388726394472286e+00
1.532527059316635132e-01,3.431009054183959961e+00,2.274211645126342773e+00,4.116292476654052734e+00,3.428120923546874810e+00,2.278736895464556600e+00,4.116388575585561149e+00
1.535446196794509888e-01,3.374368190765380859e+00,2.357427358627319336e+00,4.116287708282470703e+00,3.371372448092847307e+00,2.361885509195271293e+00,4.116388628677589701e+00
1.538365334272384644e-01,3.315714120864868164e+00,2.439236640930175781e+00,4.116289138793945312e+00,3.312607772507680348e+00,2.443621290774038890e+00,4.116388619555067407e+00
1.541284471750259399e-01,3.255079030990600586e+00,2.519588470458984375e+00,4.116292953491210938e+00,3.251861910023714053e+00,2.523895822690056523e+00,4.116388709251762812e+00
1.544203460216522217e-01,3.192493677139282227e+00,2.598424434661865234e+00,4.116287708282470703e+00,3.189181014478342124e+00,2.602648436949583477e+00,4.116388517798728941e+00
1.547122597694396973e-01,3.128000497817993164e+00,2.675714015960693359e+00,4.116288661956787109e+00,3.124583276819888678e+00,2.679857200222677704e+00,4.116388619575153562e+00
1.550041735172271729e-01,3.061639070510864258e+00,2.751405715942382812e+00,4.116292953491210938e+00,3.058116739103190262e+00,2.755462901625902017e+00,4.116388440395265746e+00
1.552960872650146484e-01,2.993439674377441406e+00,2.825446128845214844e+00,4.116287708282470703e+00,2.989832020846346250e+00,2.829409705085558446e+00,4.116388561847689864e+00
1.555879861116409302e-01,2.923461914062500000e+00,2.897793054580688477e+00,4.116289138793945312e+00,2.919748743901762200e+00,2.901675696926371728e+00,4.116388535797982584e+00
1.558798998594284058e-01,2.851731300354003906e+00,2.968417406082153320e+00,4.116293430328369141e+00,2.847919419280758646e+00,2.972206259700932218e+00,4.116388595470775513e+00
1.561718136072158813e-01,2.778288125991821289e+00,3.037258863449096680e+00,4.116287708282470703e+00,2.774398201176528467e+00,3.040948706764382781e+00,4.116388516146590959e+00
1.564637124538421631e-01,2.703191518783569336e+00,3.104285240173339844e+00,4.116288661956787109e+00,2.699206586555810805e+00,3.107883535487801829e+00,4.116388741003748741e+00
1.567556262016296387e-01,2.626477718353271484e+00,3.169462203979492188e+00,4.116293907165527344e+00,2.622400382621007164e+00,3.172959274576842237e+00,4.116388505096913342e+00
1.570475399494171143e-01,2.548186063766479492e+00,3.232735157012939453e+00,4.116288185119628906e+00,2.544026154014239260e+00,3.236137444878353087e+00,4.116388542697625219e+00
1.573394536972045898e-01,2.468374013900756836e+00,3.294079303741455078e+00,4.116288185119628906e+00,2.464129975306494913e+00,3.297380514623681425e+00,4.116388562007227137e+00
1.576313525438308716e-01,2.387093544006347656e+00,3.353455305099487305e+00,4.116294384002685547e+00,2.382773305249392681e+00,3.356642337785438190e+00,4.116388758125598457e+00
1.579232662916183472e-01,2.304374217987060547e+00,3.410819292068481445e+00,4.116288661956787109e+00,2.299978800471963680e+00,3.413905812953725416e+00,4.116388633540289277e+00
1.582151800394058228e-01,2.220280647277832031e+00,3.466148138046264648e+00,4.116288185119628906e+00,2.215808834352550161e+00,3.469127669012425752e+00,4.116388656857171924e+00
1.585070937871932983e-01,2.134861946105957031e+00,3.519408941268920898e+00,4.116293907165527344e+00,2.130327184967355958e+00,3.522266562372194709e+00,4.116388666223850912e+00
1.587989926338195801e-01,2.048165082931518555e+00,3.570553302764892578e+00,4.116288661956787109e+00,2.043558152127286753e+00,3.573307322425685939e+00,4.116388604301945087e+00
1.590909063816070557e-01,1.960246324539184570e+00,3.619566440582275391e+00,4.116287708282470703e+00,1.955566670295060705e+00,3.622211245286591108e+00,4.116388624443707123e+00
1.593828201293945312e-01,1.871153354644775391e+00,3.666422843933105469e+00,4.116293430328369141e+00,1.866419790807519741e+00,3.668941802906722227e+00,4.116388804356850173e+00
1.596747338771820068e-01,1.780936837196350098e+00,3.711077690124511719e+00,4.116288661956787109e+00,1.776142989516748427e+00,3.713485033477687214e+00,4.116388588686966443e+00
1.599666327238082886e-01,1.689661622047424316e+00,3.753514289855957031e+00,4.116287708282470703e+00,1.684803748866730677e+00,3.755807754279041788e+00,4.116388655034649346e+00
1.602585464715957642e-01,1.597373723983764648e+00,3.793713808059692383e+00,4.116292476654052734e+00,1.592456926065860090e+00,3.795884242100453942e+00,4.116388737813966969e+00
1.605504602193832397e-01,1.504126906394958496e+00,3.831636190414428711e+00,4.116289138793945312e+00,1.499172465055154113e+00,3.833684448909318476e+00,4.116388530470452167e+00
1.608423739671707153e-01,1.409981846809387207e+00,3.867269992828369141e+00,4.116287708282470703e+00,1.404976862452318009e+00,3.869198243382458990e+00,4.116388590818445437e+00
1.611342728137969971e-01,1.315000295639038086e+00,3.900594711303710938e+00,4.116292953491210938e+00,1.309940980100869901e+00,3.902398213914529901e+00,4.116388853268230896e+00
1.614261865615844727e-01,1.219224810600280762e+00,3.931580781936645508e+00,4.116288661956787109e+00,1.214121630256212780e+00,3.933263911787605149e+00,4.116388748991855806e+00
1.617181003093719482e-01,1.122720956802368164e+00,3.960217475891113281e+00,4.116287708282470703e+00,1.117591272082854248e+00,3.961773194975079182e+00,4.116388842159936168e+00
1.620100140571594238e-01,1.025547266006469727e+00,3.986491441726684570e+00,4.116291999816894531e+00,1.020377455721894533e+00,3.987917377798854357e+00,4.116388607055410098e+00
1.623019129037857056e-01,9.277632236480712891e-01,4.010373592376708984e+00,4.116289615631103516e+00,9.225534986193389964e-01,4.011676953840638937e+00,4.116388822717175877e+00
1.625938266515731812e-01,8.294249176979064941e-01,4.031857967376708984e+00,4.116287708282470703e+00,8.241931191893289155e-01,4.033033614834821812e+00,4.116388518605436531e+00
1.628857403993606567e-01,7.305866479873657227e-01,4.050938129425048828e+00,4.116291522979736328e+00,7.253244775431163527e-01,4.051982022887883339e+00,4.116388454887339066e+00
1.631776541471481323e-01,6.313102841377258301e-01,4.067589759826660156e+00,4.116289615631103516e+00,6.260220809280041543e-01,4.068507219975619371e+00,4.116388543954903945e+00
1.634695529937744141e-01,5.316616296768188477e-01,4.081808567047119141e+00,4.116287708282470703e+00,5.263452836861129969e-01,4.082599049045182227e+00,4.116388508501504617e+00
1.637614667415618896e-01,4.316906332969665527e-01,4.093592166900634766e+00,4.116291046142578125e+00,4.263693291569634614e-01,4.094247571292402910e+00,4.116388463189485591e+00
1.640533804893493652e-01,3.314608037471771240e-01,4.102922916412353516e+00,4.116289615631103516e+00,3.261227984031122018e-01,4.103449362837952030e+00,4.116388314167344298e+00
1.643452942371368408e-01,2.310328185558319092e-01,4.109798908233642578e+00,4.116287708282470703e+00,2.256811935597662910e-01,4.110197350780545378e+00,4.116388497638430621e+00
1.646371930837631226e-01,1.304721087217330933e-01,4.114223003387451172e+00,4.116291046142578125e+00,1.251046399496834605e-01,4.114487113353615833e+00,4.116388632878327236e+00
1.649291068315505981e-01,2.982803061604499817e-02,4.116181850433349609e+00,4.116289615631103516e+00,2.446896082797160241e-02,4.116315875588891338e+00,4.116388601391897772e+00
1.652210205793380737e-01,-7.083380222320556641e-02,4.115677833557128906e+00,4.116287231445312500e+00,-7.619704217233924659e-02,4.115683556042889713e+00,4.116388844936500924e+00
1.655129343271255493e-01,-1.714534163475036621e-01,4.112718582153320312e+00,4.116290569305419922e+00,-1.768174769813873337e-01,4.112589288924640485e+00,4.116388596760970131e+00
1.658048331737518311e-01,-2.719610035419464111e-01,4.107296466827392578e+00,4.116290569305419922e+00,-2.773164769564921972e-01,4.107036501616071256e+00,4.116388375019822909e+00
1.660967469215393066e-01,-3.723142445087432861e-01,4.099415302276611328e+00,4.116287708282470703e+00,-3.776653523760363229e-01,4.099027019368576497e+00,4.116388419950060218e+00
1.663886606693267822e-01,-4.724462032318115234e-01,4.089088439941406250e+00,4.116290569305419922e+00,-4.777883168350939846e-01,4.088566176694024001e+00,4.116388594011806568e+00
1.666805744171142578e-01,-5.722954273223876953e-01,4.076313018798828125e+00,4.116291046142578125e+00,-5.776255083871256746e-01,4.075660043484552020e+00,4.116388710750721103e+00
1.669724732637405396e-01,-6.717967391014099121e-01,4.061097621917724609e+00,4.116287708282470703e+00,-6.771018396159171893e-01,4.060318715231016284e+00,4.116388583511827015e+00
1.672643870115280151e-01,-7.709023952484130859e-01,4.043457984924316406e+00,4.116290092468261719e+00,-7.761887215933412909e-01,4.042546878148434608e+00,4.116388489143894880e+00
1.675563007593154907e-01,-8.695466518402099609e-01,4.023398876190185547e+00,4.116291046142578125e+00,-8.748113745070292824e-01,4.022357485850574399e+00,4.116388548830761884e+00
1.678481996059417725e-01,-9.676650166511535645e-01,4.000930786132812500e+00,4.116287231445312500e+00,-9.729108646284007067e-01,3.999762320175941355e+00,4.116388486089622489e+00
1.681401133537292480e-01,-1.065210938453674316e+00,3.976074457168579102e+00,4.116289615631103516e+00,-1.070413256009459246e+00,3.974779332256308084e+00,4.116388620960449884e+00
1.684320271015167236e-01,-1.162119865417480469e+00,3.948839426040649414e+00,4.116291522979736328e+00,-1.167290910053850217e+00,3.947415103485165222e+00,4.116388473883040078e+00
1.687239408493041992e-01,-1.258332133293151855e+00,3.919237613677978516e+00,4.116287231445312500e+00,-1.263470287848927898e+00,3.917690441888781017e+00,4.116388655939057450e+00
1.690158396959304810e-01,-1.353788733482360840e+00,3.887299299240112305e+00,4.116289615631103516e+00,-1.358879185074563845e+00,3.885627806864742517e+00,4.116388719874426450e+00
1.693077534437179565e-01,-1.448436021804809570e+00,3.853036642074584961e+00,4.116291999816894531e+00,-1.453490293997194982e+00,3.851236160551952725e+00,4.116388465522538453e+00
1.695996671915054321e-01,-1.542219519615173340e+00,3.816462039947509766e+00,4.116287231445312500e+00,-1.547232174885396772e+00,3.814541529780869134e+00,4.116388524595748777e+00
1.698915809392929077e-01,-1.635083079338073730e+00,3.777610778808593750e+00,4.116289615631103516e+00,-1.640048830504626354e+00,3.775565435744165033e+00,4.116388529527506002e+00
1.701834797859191895e-01,-1.726964473724365234e+00,3.736502885818481445e+00,4.116291999816894531e+00,-1.731870191749528498e+00,3.734338179967763960e+00,4.116388708982121614e+00
1.704753935337066650e-01,-1.817814826965332031e+00,3.693152189254760742e+00,4.116287708282470703e+00,-1.822670292030613259e+00,3.690870852929914570e+00,4.116388544155975993e+00
1.707673072814941406e-01,-1.907580494880676270e+00,3.647598266601562500e+00,4.116289138793945312e+00,-1.912380290696145790e+00,3.645196363101801396e+00,4.116388575172862829e+00
1.710592210292816162e-01,-1.996206402778625488e+00,3.599864244461059570e+00,4.116292476654052734e+00,-2.000946534728372583e+00,3.597341924172535954e+00,4.116388703007873850e+00
1.713511198759078979e-01,-2.083630084991455078e+00,3.549973487854003906e+00,4.116287708282470703e+00,-2.088302614176579031e+00,3.547343750631716475e+00,4.116388647045202021e+00
1.716430336236953735e-01,-2.169815063476562500e+00,3.497961759567260742e+00,4.116288661956787109e+00,-2.174423327039979537e+00,3.495216500390461167e+00,4.116388610150572447e+00
1.719349473714828491e-01,-2.254704236984252930e+00,3.443860530853271484e+00,4.116292953491210938e+00,-2.259243730305492637e+00,3.440998991607852275e+00,4.116388744175035974e+00
1.722268611192703247e-01,-2.338239908218383789e+00,3.387692689895629883e+00,4.116288185119628906e+00,-2.342712982312849856e+00,3.384723408465842631e+00,4.116388789863488995e+00
1.725187599658966064e-01,-2.420376300811767578e+00,3.329506158828735352e+00,4.116288661956787109e+00,-2.424768464611093854e+00,3.326432830715871258e+00,4.116388888848677041e+00
1.728106737136840820e-01,-2.501067638397216797e+00,3.269331932067871094e+00,4.116293430328369141e+00,-2.505386548275969627e+00,3.266143564364596408e+00,4.116388652608308441e+00
1.731025874614715576e-01,-2.580261230468750000e+00,3.207191467285156250e+00,4.116287708282470703e+00,-2.584506081794153864e+00,3.203901292832940229e+00,4.116388609090200212e+00
1.733945012092590332e-01,-2.657915592193603516e+00,3.143137931823730469e+00,4.116288661956787109e+00,-2.662080101489367578e+00,3.139742679086672705e+00,4.116388533365624269e+00
1.736864000558853149e-01,-2.733979463577270508e+00,3.077211380004882812e+00,4.116293430328369141e+00,-2.738050366793111756e+00,3.073716944497586923e+00,4.116388667993764017e+00
1.739783138036727905e-01,-2.808405160903930664e+00,3.009433269500732422e+00,4.116288185119628906e+00,-2.812395189411015295e+00,3.005842753706257309e+00,4.116388873931936310e+00
1.742702275514602661e-01,-2.881155252456665039e+00,2.939859867095947266e+00,4.116288661956787109e+00,-2.885057779333326966e+00,2.936170739333892943e+00,4.116388830104887653e+00
1.745621412992477417e-01,-2.952186346054077148e+00,2.868531703948974609e+00,4.116294384002685547e+00,-2.955983764148206294e+00,2.864753886084063783e+00,4.116388567876160032e+00
1.748540401458740234e-01,-3.021440029144287109e+00,2.795484066009521484e+00,4.116288185119628906e+00,-3.025153392915386874e+00,2.791612978747244789e+00,4.116388717526266561e+00
1.751459538936614990e-01,-3.088894128799438477e+00,2.720764636993408203e+00,4.116287708282470703e+00,-3.092513740505996811e+00,2.716802174792408042e+00,4.116388622588391222e+00
1.754378676414489746e-01,-3.154505968093872070e+00,2.644422054290771484e+00,4.116293907165527344e+00,-3.158024638724124866e+00,2.640366630888037580e+00,4.116388655641700645e+00
1.757297813892364502e-01,-3.218222379684448242e+00,2.566490888595581055e+00,4.116288185119628906e+00,-3.221636792113543812e+00,2.562364271110659342e+00,4.116388499420834179e+00
1.760216802358627319e-01,-3.280013799667358398e+00,2.487033605575561523e+00,4.116287708282470703e+00,-3.283332380536536643e+00,2.482817523432622409e+00,4.116388511273422424e+00
1.763135939836502075e-01,-3.339851140975952148e+00,2.406089782714843750e+00,4.116293430328369141e+00,-3.343064513031676288e+00,2.401785710076757230e+00,4.116388579254955715e+00
1.766055077314376831e-01,-3.397684335708618164e+00,2.323698043823242188e+00,4.116288661956787109e+00,-3.400796889559707825e+00,2.319317751043324272e+00,4.116388503815407773e+00
1.768974214792251587e-01,-3.453489303588867188e+00,2.239919424057006836e+00,4.116288185119628906e+00,-3.456487189664790627e+00,2.235475768123543538e+00,4.116388660243873510e+00
1.771893203258514404e-01,-3.507231235504150391e+00,2.154808521270751953e+00,4.116293430328369141e+00,-3.510119047043732898e+00,2.150283839023193089e+00,4.116388746557293921e+00
1.774812340736389160e-01,-3.558870077133178711e+00,2.068399667739868164e+00,4.116288661956787109e+00,-3.561651595075217003e+00,2.063805735266922348e+00,4.116388732569177478e+00
1.777731478214263916e-01,-3.608383655548095703e+00,1.980755805969238281e+00,4.116287708282470703e+00,-3.611046139700267776e+00,1.976107106769490640e+00,4.116388407386880388e+00
1.780650615692138672e-01,-3.655744552612304688e+00,1.891930103302001953e+00,4.116292953491210938e+00,-3.658289431286756432e+00,1.887213181071635493e+00,4.116388605789655486e+00
1.783569604158401489e-01,-3.700909137725830078e+00,1.801973342895507812e+00,4.116288661956787109e+00,-3.703344459904801766e+00,1.797190658335734215e+00,4.116388520428655440e+00
1.786488741636276245e-01,-3.743865013122558594e+00,1.710935711860656738e+00,4.116287708282470703e+00,-3.746184768875254534e+00,1.706093093935439065e+00,4.116388461713391678e+00
1.789407879114151001e-01,-3.784587144851684570e+00,1.618877291679382324e+00,4.116292476654052734e+00,-3.786778630950081492e+00,1.613989739290169645e+00,4.116388620909609664e+00
1.792326867580413818e-01,-3.823036909103393555e+00,1.525852203369140625e+00,4.116289138793945312e+00,-3.825114002020333359e+00,1.520906759497830718e+00,4.116388526310193363e+00
1.795246005058288574e-01,-3.859202384948730469e+00,1.431915640830993652e+00,4.116287708282470703e+00,-3.861161789627347574e+00,1.426914204638336736e+00,4.116388527954682353e+00
1.798165142536163330e-01,-3.893067121505737305e+00,1.337119817733764648e+00,4.116291999816894531e+00,-3.894900344443686269e+00,1.332068307135944041e+00,4.116388546775385571e+00
1.801084280014038086e-01,-3.924597024917602539e+00,1.241522073745727539e+00,4.116289615631103516e+00,-3.926304888015486050e+00,1.236440608252659334e+00,4.116388641927595238e+00
1.804003268480300903e-01,-3.953779220581054688e+00,1.145187139511108398e+00,4.116287708282470703e+00,-3.955366257696621979e+00,1.140058664681137701e+00,4.116388707525022284e+00
1.806922405958175659e-01,-3.980604410171508789e+00,1.048164010047912598e+00,4.116291999816894531e+00,-3.982061832854572714e+00,1.042994822895435103e+00,4.116388543524990951e+00
1.809841543436050415e-01,-4.005042552947998047e+00,9.505124688148498535e-01,4.116289615631103516e+00,-4.006372348011893791e+00,9.453225759287896546e-01,4.116388485490038995e+00
1.812760680913925171e-01,-4.027085781097412109e+00,8.522924780845642090e-01,4.116287231445312500e+00,-4.028291028638375515e+00,8.470696862000945959e-01,4.116388667835867210e+00
1.815679669380187988e-01,-4.046725749969482422e+00,7.535690665245056152e-01,4.116291999816894531e+00,-4.047800525318122844e+00,7.483102167464015242e-01,4.116388863221344785e+00
1.818598806858062744e-01,-4.063941001892089844e+00,6.543889641761779785e-01,4.116289615631103516e+00,-4.064886357813905171e+00,6.491187278844621211e-01,4.116388735874193294e+00
1.821517944335937500e-01,-4.078725337982177734e+00,5.548174977302551270e-01,4.116287231445312500e+00,-4.079544144625092628e+00,5.495235454854278112e-01,4.116388775976797199e+00
1.824437081813812256e-01,-4.091076374053955078e+00,4.549148976802825928e-01,4.116291046142578125e+00,-4.091762036209098063e+00,4.495997304215278434e-01,4.116388766693099832e+00
1.827356070280075073e-01,-4.100975990295410156e+00,3.547449111938476562e-01,4.116290569305419922e+00,-4.101532743872794207e+00,3.494070746935791227e-01,4.116388727137734627e+00
1.830275207757949829e-01,-4.108420848846435547e+00,2.543626427650451660e-01,4.116287231445312500e+00,-4.108850410236601469e+00,2.490053804582352814e-01,4.116388632429965888e+00
1.833194345235824585e-01,-4.113415241241455078e+00,1.538235247135162354e-01,4.116290092468261719e+00,-4.113710352357771605e+00,1.484704897241990729e-01,4.116388751006693880e+00
1.836113482713699341e-01,-4.115946769714355469e+00,5.319220572710037231e-02,4.116290092468261719e+00,-4.116110579513154732e+00,4.783112785712125004e-02,4.116388480157358032e+00
1.839032471179962158e-01,-4.116014003753662109e+00,-4.746573790907859802e-02,4.116287708282470703e+00,-4.116049271457487890e+00,-5.283683769894246401e-02,4.116388385038970199e+00
1.841951608657836914e-01,-4.113625526428222656e+00,-1.481005102396011353e-01,4.116290569305419922e+00,-4.113527470495838223e+00,-1.534575247777325291e-01,4.116388886200476271e+00
1.844870746135711670e-01,-4.108774185180664062e+00,-2.486466914415359497e-01,4.116290569305419922e+00,-4.108544618248684444e+00,-2.540021228657183827e-01,4.116388703531351112e+00
1.847789883613586426e-01,-4.101461887359619141e+00,-3.490438759326934814e-01,4.116287231445312500e+00,-4.101104618765278431e+00,-3.543947937638617374e-01,4.116388558421669508e+00
1.850708872079849243e-01,-4.091703891754150391e+00,-4.492277204990386963e-01,4.116290569305419922e+00,-4.091213757729604161e+00,-4.545599653912333338e-01,4.116388559595955066e+00
1.853628009557723999e-01,-4.079496383666992188e+00,-5.491479039192199707e-01,4.116291522979736328e+00,-4.078874815122460973e+00,-5.544689033714788051e-01,4.116388650534137383e+00
1.856547147035598755e-01,-4.064844608306884766e+00,-6.487390398979187012e-01,4.116287708282470703e+00,-4.064095983066789763e+00,-6.540461661666451265e-01,4.116388289150684443e+00
1.859466284513473511e-01,-4.047768115997314453e+00,-7.479430437088012695e-01,4.116290569305419922e+00,-4.046887142080542787e+00,-7.532323168739043506e-01,4.116388521983809667e+00
1.862385272979736328e-01,-4.028270721435546875e+00,-8.466947078704833984e-01,4.116291522979736328e+00,-4.027257694075757399e+00,-8.519680312808808331e-01,4.116388473020617056e+00
1.865304410457611084e-01,-4.006359100341796875e+00,-9.449388980865478516e-01,4.116287708282470703e+00,-4.005223451198586027e+00,-9.501788073685494274e-01,4.116388545801213716e+00
1.868223547935485840e-01,-3.982056617736816406e+00,-1.042624354362487793e+00,4.116289615631103516e+00,-3.980790520331322302e+00,-1.047836821125990747e+00,4.116388607805043343e+00
1.871142685413360596e-01,-3.955372571945190430e+00,-1.139686465263366699e+00,4.116291522979736328e+00,-3.953976614940671652e+00,-1.144868073708427136e+00,4.116388462924088110e+00
1.874061673879623413e-01,-3.926318645477294922e+00,-1.236060142517089844e+00,4.116287708282470703e+00,-3.924803011012540921e+00,-1.241199688585805427e+00,4.116388628664524596e+00
1.876980811357498169e-01,-3.894921064376831055e+00,-1.331701278686523438e+00,4.116289138793945312e+00,-3.893277722482390679e+00,-1.336803927574428785e+00,4.116388728625624438e+00
1.879899948835372925e-01,-3.861195325851440430e+00,-1.426546692848205566e+00,4.116292953491210938e+00,-3.859423682440056069e+00,-1.431608831389737713e+00,4.116388587912012120e+00
1.882819086313247681e-01,-3.825152873992919922e+00,-1.520536184310913086e+00,4.116288185119628906e+00,-3.823261708091392652e+00,-1.525557558275809633e+00,4.116388702755166662e+00
1.885738074779510498e-01,-3.786830902099609375e+00,-1.613613724708557129e+00,4.116289138793945312e+00,-3.784819247343605753e+00,-1.618579403607924849e+00,4.116388711096949038e+00
1.888657212257385254e-01,-3.746244192123413086e+00,-1.705731987953186035e+00,4.116292953491210938e+00,-3.744107400502275862e+00,-1.710647685344552471e+00,4.116388675753369419e+00
1.891576349735260010e-01,-3.703409194946289062e+00,-1.796826839447021484e+00,4.116287708282470703e+00,-3.701156220781980810e+00,-1.801693046556600786e+00,4.116388611956305787e+00
1.894495487213134766e-01,-3.658365011215209961e+00,-1.886849403381347656e+00,4.116289138793945312e+00,-3.655991504070861708e+00,-1.891660860635596908e+00,4.116388549383904305e+00
1.897414475679397583e-01,-3.611140489578247070e+00,-1.975736141204833984e+00,4.116292953491210938e+00,-3.608648050333322477e+00,-1.980483505556093871e+00,4.116388668111192750e+00
1.900333613157272339e-01,-3.561743497848510742e+00,-2.063446044921875000e+00,4.116287708282470703e+00,-3.559139086576401212e+00,-2.068135759662639739e+00,4.116388776341620925e+00
1.903252750635147095e-01,-3.510221719741821289e+00,-2.149924755096435547e+00,4.116288661956787109e+00,-3.507501309171388915e+00,-2.154550861830055286e+00,4.116388568885551713e+00
1.906171739101409912e-01,-3.456606626510620117e+00,-2.235115289688110352e+00,4.116292953491210938e+00,-3.453774485299755614e+00,-2.239664239874391338e+00,4.116388478105501569e+00
1.909090876579284668e-01,-3.400913476943969727e+00,-2.318968534469604492e+00,4.116288185119628906e+00,-3.397973735099647730e+00,-2.323451771524475795e+00,4.116388421787632979e+00
1.912010014057159424e-01,-3.343191385269165039e+00,-2.401437759399414062e+00,4.116288661956787109e+00,-3.340141200765336382e+00,-2.405849632806175808e+00,4.116388671727162496e+00
1.914929151535034180e-01,-3.283473491668701172e+00,-2.482474088668823242e+00,4.116293907165527344e+00,-3.280310471176636877e+00,-2.486808909585994432e+00,4.116388628410511785e+00
1.917848140001296997e-01,-3.221786499023437500e+00,-2.562014818191528320e+00,4.116288185119628906e+00,-3.218528190242079479e+00,-2.566267986485693431e+00,4.116388598012131972e+00
1.920767277479171753e-01,-3.158174276351928711e+00,-2.640031337738037109e+00,4.116288661956787109e+00,-3.154811111454352890e+00,-2.644205387488692161e+00,4.116388621131401138e+00
1.923686414957046509e-01,-3.092677831649780273e+00,-2.716472625732421875e+00,4.116294384002685547e+00,-3.089207525179639369e+00,-2.720561189535289692e+00,4.116388747389170710e+00
1.926605552434921265e-01,-3.025322675704956055e+00,-2.791281461715698242e+00,4.116288185119628906e+00,-3.021756224360942156e+00,-2.795289650851270125e+00,4.116388576364033547e+00
1.929524540901184082e-01,-2.956166505813598633e+00,-2.864421367645263672e+00,4.116288185119628906e+00,-2.952508775900859916e+00,-2.868335425434074715e+00,4.116388730983951305e+00
1.932443678379058838e-01,-2.885246515274047852e+00,-2.935852289199829102e+00,4.116293907165527344e+00,-2.881484556616229931e+00,-2.939677073300676735e+00,4.116388531869588085e+00
1.935362815856933594e-01,-2.812589645385742188e+00,-3.005523443222045898e+00,4.116288185119628906e+00,-2.808737263386884564e+00,-3.009260470350581418e+00,4.116388416215438717e+00
1.938281953334808350e-01,-2.738254308700561523e+00,-3.073400497436523438e+00,4.116288185119628906e+00,-2.734321987963183709e+00,-3.077034135462109354e+00,4.116388684837473555e+00
1.941200941801071167e-01,-2.662289142608642578e+00,-3.139441013336181641e+00,4.116293430328369141e+00,-2.658259760171171937e+00,-3.142977844002743382e+00,4.116388548283243409e+00
1.944120079278945923e-01,-2.584721088409423828e+00,-3.203599452972412109e+00,4.116288661956787109e+00,-2.580607795186887987e+00,-3.207041813720896695e+00,4.116388439826050849e+00
1.947039216756820679e-01,-2.505610227584838867e+00,-3.265845060348510742e+00,4.116288185119628906e+00,-2.501412412616886627e+00,-3.269188039155666470e+00,4.116388525558819289e+00
1.949958354234695435e-01,-2.425004482269287109e+00,-3.326142311096191406e+00,4.116293430328369141e+00,-2.420721117936235789e+00,-3.329379008193066536e+00,4.116388624877284741e+00
1.952877342700958252e-01,-2.342947006225585938e+00,-3.384439945220947266e+00,4.116289138793945312e+00,-2.338595115033653027e+00,-3.387569763949996648e+00,4.116388710713251520e+00
1.955796480178833008e-01,-2.259486198425292969e+00,-3.440718889236450195e+00,4.116287708282470703e+00,-2.255057289194850156e+00,-3.443743923744377433e+00,4.116388658748970641e+00
1.958715617656707764e-01,-2.174677371978759766e+00,-3.494945764541625977e+00,4.116292953491210938e+00,-2.170170964458446150e+00,-3.497858468047215119e+00,4.116388693681406252e+00
1.961634755134582520e-01,-2.088563203811645508e+00,-3.547074794769287109e+00,4.116289138793945312e+00,-2.084000382765562875e+00,-3.549873013756774665e+00,4.116388709678134639e+00
1.964553743600845337e-01,-2.001206159591674805e+00,-3.597081899642944336e+00,4.116287708282470703e+00,-1.996570317619353441e+00,-3.599772635301278001e+00,4.116388715738900750e+00
1.967472881078720093e-01,-1.912654876708984375e+00,-3.644943714141845703e+00,4.116292476654052734e+00,-1.907945809621433453e+00,-3.647519584368359435e+00,4.116388748746007131e+00
1.970392018556594849e-01,-1.822951912879943848e+00,-3.690621137619018555e+00,4.116289615631103516e+00,-1.818194499767123773e+00,-3.693077818067301621e+00,4.116388588226840284e+00
1.973311156034469604e-01,-1.732159376144409180e+00,-3.734092473983764648e+00,4.116287708282470703e+00,-1.727341725011836804e+00,-3.736434803855905429e+00,4.116388523746585371e+00
1.976230144500732422e-01,-1.640338182449340820e+00,-3.775334358215332031e+00,4.116291999816894531e+00,-1.635455921735610385e+00,-3.777557372116836287e+00,4.116388680818944934e+00
1.979149281978607178e-01,-1.547528386116027832e+00,-3.814314603805541992e+00,4.116289615631103516e+00,-1.542606689256552865e+00,-3.816414515967769816e+00,4.116388605978372084e+00
1.982068419456481934e-01,-1.453793644905090332e+00,-3.851013898849487305e+00,4.116287708282470703e+00,-1.448805666116424140e+00,-3.853001147635619628e+00,4.116388672350129063e+00
1.984987556934356689e-01,-1.359191417694091797e+00,-3.885415792465209961e+00,4.116291999816894531e+00,-1.354167486450302604e+00,-3.887272328559412848e+00,4.116388676709580530e+00
1.987906545400619507e-01,-1.263779282569885254e+00,-3.917486906051635742e+00,4.116289615631103516e+00,-1.258704845599121880e+00,-3.919224178127129754e+00,4.116388714243466751e+00
1.990825682878494263e-01,-1.167606472969055176e+00,-3.947216510772705078e+00,4.116287708282470703e+00,-1.162489284824888447e+00,-3.948831917884905174e+00,4.116388569248444540e+00
1.993744820356369019e-01,-1.070737123489379883e+00,-3.974591255187988281e+00,4.116291046142578125e+00,-1.065593849674811633e+00,-3.976074129447618954e+00,4.116388676416188552e+00
1.996663957834243774e-01,-9.732260107994079590e-01,-3.999584197998046875e+00,4.116290092468261719e+00,-9.680458452544223880e-01,-4.000942600829422879e+00,4.116388520735871026e+00
1.999582946300506592e-01,-8.751400709152221680e-01,-4.022182464599609375e+00,4.116287231445312500e+00,-8.699189998051952699e-01,-4.023418308312664671e+00,4.116388459546501011e+00
2.002502083778381348e-01,-7.765272259712219238e-01,-4.042382240295410156e+00,4.116290569305419922e+00,-7.712873036400678117e-01,-4.043484855598558525e+00,4.116388451326145059e+00
2.005421221256256104e-01,-6.774465441703796387e-01,-4.060161590576171875e+00,4.116290092468261719e+00,-6.721789201460696139e-01,-4.061136666309574927e+00,4.116388650641820135e+00
2.008340209722518921e-01,-5.779656171798706055e-01,-4.075509548187255859e+00,4.116287231445312500e+00,-5.726685256061814222e-01,-4.076359500330381636e+00,4.116388710526948991e+00
2.011259347200393677e-01,-4.781347513198852539e-01,-4.088427066802978516e+00,4.116290569305419922e+00,-4.728312870315287686e-01,-4.089142463692341245e+00,4.116388649577170433e+00
2.014178484678268433e-01,-3.780174851417541504e-01,-4.098896503448486328e+00,4.116290569305419922e+00,-3.726800632926507428e-01,-4.099483103689583352e+00,4.116388240558971567e+00
2.017097622156143188e-01,-2.776739299297332764e-01,-4.106910228729248047e+00,4.116286754608154297e+00,-2.723371959527614017e-01,-4.107369264446650625e+00,4.116387958249371870e+00
2.020016610622406006e-01,-1.771698892116546631e-01,-4.112473964691162109e+00,4.116288661956787109e+00,-1.718158141475344125e-01,-4.112799449348346847e+00,4.116386763236813628e+00
2.022935748100280762e-01,-7.655458897352218628e-02,-4.115576744079589844e+00,4.116288661956787109e+00,-7.119169761265400909e-02,-4.115770173295609347e+00,4.116385839203942076e+00
2.025854885578155518e-01,2.410642243921756744e-02,-4.116212368011474609e+00,4.116282939910888672e+00,2.945920443752665305e-02,-4.116278419099575814e+00,4.116383833933734415e+00
2.028774023056030273e-01,1.247529238462448120e-01,-4.114391803741455078e+00,4.116282463073730469e+00,1.301080932736275175e-01,-4.114324816456704781e+00,4.116381519155725144e+00
2.031693011522293091e-01,2.253195792436599731e-01,-4.110109329223632812e+00,4.116281032562255859e+00,2.306790054183908145e-01,-4.109909936438025824e+00,4.116378564851978616e+00
2.034612149000167847e-01,3.257509171962738037e-01,-4.103363513946533203e+00,4.116273403167724609e+00,3.310960494286364630e-01,-4.103036969273680334e+00,4.116374249891984860e+00
2.037531286478042603e-01,4.259926676750183105e-01,-4.094167232513427734e+00,4.116269588470458984e+00,4.313304437158794746e-01,-4.093707741211262352e+00,4.116368426432352123e+00
2.040450423955917358e-01,5.259792804718017578e-01,-4.082521438598632812e+00,4.116264343261718750e+00,5.313064139817317288e-01,-4.081929280103381075e+00,4.116361640247784948e+00
2.043369412422180176e-01,6.256448030471801758e-01,-4.068426609039306641e+00,4.116251468658447266e+00,6.309484209466547089e-01,-4.067710026114736976e+00,4.116352847661316261e+00
2.046288549900054932e-01,7.249413728713989258e-01,-4.051902294158935547e+00,4.116242408752441406e+00,7.302279675399691028e-01,-4.051054221197387228e+00,4.116342209736542301e+00
2.049207687377929688e-01,8.238037228584289551e-01,-4.032953739166259766e+00,4.116232395172119141e+00,8.290698479041185287e-01,-4.031973434547148294e+00,4.116329261562744257e+00
2.052126824855804443e-01,9.221706986427307129e-01,-4.011584281921386719e+00,4.116212844848632812e+00,9.274145920560522560e-01,-4.010478543866430101e+00,4.116313396277243797e+00
2.055045813322067261e-01,1.019981026649475098e+00,-3.987819910049438477e+00,4.116195678710937500e+00,1.025203323358293339e+00,-3.986583308894765310e+00,4.116295462303845021e+00
2.057964950799942017e-01,1.117185235023498535e+00,-3.961668252944946289e+00,4.116177558898925781e+00,1.122362097392501479e+00,-3.960305041607169230e+00,4.116274128413031086e+00
2.060884088277816772e-01,1.213717103004455566e+00,-3.933136701583862305e+00,4.116147994995117188e+00,1.218862689719762082e+00,-3.931650909717515407e+00,4.116248915247164852e+00
2.063803225755691528e-01,1.309522390365600586e+00,-3.902255773544311523e+00,4.116120338439941406e+00,1.314632042788951516e+00,-3.900642546067232264e+00,4.116220314817625514e+00
2.066722214221954346e-01,1.404537796974182129e+00,-3.869041204452514648e+00,4.116091251373291016e+00,1.409597391155342105e+00,-3.867302573056921489e+00,4.116186827237634738e+00
2.069641351699829102e-01,1.498707175254821777e+00,-3.833501577377319336e+00,4.116048812866210938e+00,1.503731675540865842e+00,-3.831641527842419848e+00,4.116149383818757279e+00
2.072560489177703857e-01,1.591983556747436523e+00,-3.795668840408325195e+00,4.116007328033447266e+00,1.596962887915558182e+00,-3.793685156558405325e+00,4.116107084670074023e+00
2.075479626655578613e-01,1.684305071830749512e+00,-3.755565166473388672e+00,4.115962982177734375e+00,1.689234877237424826e+00,-3.753455256515280336e+00,4.116058895732363609e+00
2.078398615121841431e-01,1.775606036186218262e+00,-3.713204622268676758e+00,4.115903854370117188e+00,1.780477324479482926e+00,-3.710982622816265231e+00,4.116004316060650758e+00
2.081317752599716187e-01,1.865846872329711914e+00,-3.668622255325317383e+00,4.115844249725341797e+00,1.870664495605655064e+00,-3.666280247739387654e+00,4.115944182090367498e+00
2.084236890077590942e-01,1.954968094825744629e+00,-3.621845006942749023e+00,4.115782260894775391e+00,1.959726660692778788e+00,-3.619380280168841946e+00,4.115876844258724354e+00
2.087156027555465698e-01,2.042908668518066406e+00,-3.572887182235717773e+00,4.115701198577880859e+00,2.047610231579871876e+00,-3.570310520937758803e+00,4.115801850962874653e+00
2.090075016021728516e-01,2.129618644714355469e+00,-3.521796226501464844e+00,4.115619659423828125e+00,2.134248657970564622e+00,-3.519109252515349340e+00,4.115719531890905891e+00
2.092994153499603271e-01,2.215054273605346680e+00,-3.468595504760742188e+00,4.115534305572509766e+00,2.219616158156644925e+00,-3.465790233126610165e+00,4.115628485369623668e+00
2.095913290977478027e-01,2.299150466918945312e+00,-3.413305759429931641e+00,4.115427970886230469e+00,2.303647328675002548e+00,-3.410393290093586049e+00,4.115528326719041452e+00
2.098832428455352783e-01,2.381865024566650391e+00,-3.355974674224853516e+00,4.115318298339843750e+00,2.386291466388112514e+00,-3.352951861289489077e+00,4.115418951538393877e+00
2.101751416921615601e-01,2.463144302368164062e+00,-3.296639680862426758e+00,4.115204811096191406e+00,2.467485176973212013e+00,-3.293509494104126301e+00,4.115299246268312672e+00
2.104670554399490356e-01,2.542932271957397461e+00,-3.235318422317504883e+00,4.115068912506103516e+00,2.547204533354875622e+00,-3.232083194587282993e+00,4.115168612763900668e+00
2.107589691877365112e-01,2.621194362640380859e+00,-3.172059297561645508e+00,4.114926338195800781e+00,2.625388715790284877e+00,-3.168719338344991421e+00,4.115027114637335615e+00
2.110508829355239868e-01,2.697880029678344727e+00,-3.106902837753295898e+00,4.114778518676757812e+00,2.701989042342756164e+00,-3.103455795179332011e+00,4.114873346480120375e+00
2.113427817821502686e-01,2.772926568984985352e+00,-3.039878845214843750e+00,4.114605903625488281e+00,2.776947882248347987e+00,-3.036341941386308196e+00,4.114706784905233228e+00
2.116346955299377441e-01,2.846306800842285156e+00,-2.971033334732055664e+00,4.114426136016845703e+00,2.850242082815287681e+00,-2.967397709694953090e+00,4.114526594658744152e+00
2.119266092777252197e-01,2.917972564697265625e+00,-2.900411128997802734e+00,4.114237308502197266e+00,2.921815645640256864e+00,-2.896675385343456366e+00,4.114332868784786434e+00
2.122185081243515015e-01,2.987865447998046875e+00,-2.828047990798950195e+00,4.114024162292480469e+00,2.991613160199534160e+00,-2.824228103052393468e+00,4.114123682918388702e+00
2.125104218721389771e-01,3.055958986282348633e+00,-2.753989219665527344e+00,4.113799095153808594e+00,3.059614751130339982e+00,-2.750078504112599909e+00,4.113900120824102835e+00
2.128023356199264526e-01,3.122209787368774414e+00,-2.678285121917724609e+00,4.113563537597656250e+00,3.125766182220049316e+00,-2.674280650359917910e+00,4.113659103863611222e+00
2.130942493677139282e-01,3.186565637588500977e+00,-2.600971460342407227e+00,4.113302230834960938e+00,3.190017546927021108e+00,-2.596894611410599740e+00,4.113401703271357235e+00
2.133861482143402100e-01,3.248992681503295898e+00,-2.522107362747192383e+00,4.113025188446044922e+00,3.252349203931601096e+00,-2.517942169991593815e+00,4.113126318961830563e+00
2.136780619621276855e-01,3.309458732604980469e+00,-2.441738128662109375e+00,4.112736701965332031e+00,3.312712756606677189e+00,-2.437483659483048459e+00,4.112832648921115997e+00
2.139699757099151611e-01,3.367917299270629883e+00,-2.359899997711181641e+00,4.112419605255126953e+00,3.371070557488080155e+00,-2.355567316247114018e+00,4.112519189612934944e+00
2.142618894577026367e-01,3.424338102340698242e+00,-2.276653528213500977e+00,4.112084865570068359e+00,3.427386634501722096e+00,-2.272244134219586709e+00,4.112185860081759792e+00
2.145537883043289185e-01,3.478686094284057617e+00,-2.192054986953735352e+00,4.111734390258789062e+00,3.481617691250052715e+00,-2.187577118315464642e+00,4.111831148843875461e+00
2.148457020521163940e-01,3.530922412872314453e+00,-2.106140851974487305e+00,4.111354827880859375e+00,3.533747064500010193e+00,-2.101592711018078319e+00,4.111454759433302186e+00
2.151376157999038696e-01,3.581018447875976562e+00,-2.018972396850585938e+00,4.110954284667968750e+00,3.583733377456849389e+00,-2.014355457600930599e+00,4.111054953447463411e+00
2.154295295476913452e-01,3.628947973251342773e+00,-1.930605411529541016e+00,4.110535144805908203e+00,3.631538737499054648e+00,-1.925933584496842599e+00,4.110631797406462340e+00
2.157214283943176270e-01,3.674666881561279297e+00,-1.841092467308044434e+00,4.110085010528564453e+00,3.677148613010893907e+00,-1.836353604935036854e+00,4.110184483028206159e+00
2.160133421421051025e-01,3.718158483505249023e+00,-1.750482797622680664e+00,4.109610080718994141e+00,3.720525811192202159e+00,-1.745684029625661937e+00,4.109711065639223726e+00
2.163052558898925781e-01,3.759397506713867188e+00,-1.658839106559753418e+00,4.109114170074462891e+00,3.761637448321364374e+00,-1.653994844792708641e+00,4.109211023933246665e+00
2.165971696376800537e-01,3.798347711563110352e+00,-1.566212773323059082e+00,4.108584880828857422e+00,3.800476590733697257e+00,-1.561299588305644859e+00,4.108683331817895024e+00
2.168890684843063354e-01,3.834987401962280273e+00,-1.472668170928955078e+00,4.108026027679443359e+00,3.836994878352745886e+00,-1.467713696748310648e+00,4.108127699101841834e+00
2.171809822320938110e-01,3.869301795959472656e+00,-1.378260493278503418e+00,4.107444286346435547e+00,3.871186272365346515e+00,-1.373250629873108197e+00,4.107541898483422216e+00
2.174728959798812866e-01,3.901261329650878906e+00,-1.283039569854736328e+00,4.106827259063720703e+00,3.903024132484728792e+00,-1.277984037654838589e+00,4.106925928143668969e+00
2.177648097276687622e-01,3.930846452713012695e+00,-1.187070488929748535e+00,4.106176853179931641e+00,3.932483850770781331e+00,-1.181987548406742139e+00,4.106278582994774773e+00
2.180567085742950439e-01,3.958044528961181641e+00,-1.090419650077819824e+00,4.105500221252441406e+00,3.959555752668683315e+00,-1.085290956756822078e+00,4.105598399662319764e+00
2.183486223220825195e-01,3.982832193374633789e+00,-9.931347966194152832e-01,4.104786396026611328e+00,3.984217313009232875e+00,-9.879689937321345372e-01,4.104883716971602148e+00
2.186405360698699951e-01,4.005192279815673828e+00,-8.952817916870117188e-01,4.104033946990966797e+00,4.006451598184516349e+00,-8.900982141905722234e-01,4.104135626353071054e+00
2.189324498176574707e-01,4.025121212005615234e+00,-7.969233393669128418e-01,4.103253364562988281e+00,4.026249708995615961e+00,-7.917086178001051522e-01,4.103350978735091026e+00
2.192243486642837524e-01,4.042594432830810547e+00,-6.981240510940551758e-01,4.102431774139404297e+00,4.043596598075247073e+00,-6.928768337467164917e-01,4.102529921244766342e+00
2.195162624120712280e-01,4.057602882385253906e+00,-5.989358425140380859e-01,4.101568698883056641e+00,4.058477338252292732e+00,-5.936802597840739049e-01,4.101669727801678711e+00
2.198081761598587036e-01,4.070146083831787109e+00,-4.994270205497741699e-01,4.100672721862792969e+00,4.070888875727421308e+00,-4.941501197436416470e-01,4.100770729919428703e+00
2.201000899076461792e-01,4.080207824707031250e+00,-3.996589481830596924e-01,4.099734306335449219e+00,4.080821061335892175e+00,-3.943641565434014007e-01,4.099832145662647420e+00
2.203919887542724609e-01,4.087778091430664062e+00,-2.996993660926818848e-01,4.098749637603759766e+00,4.088265803576096147e+00,-2.943850768630704717e-01,4.098851040739267759e+00
2.206839025020599365e-01,4.092864036560058594e+00,-1.996066570281982422e-01,4.097728252410888672e+00,4.093219931192217054e+00,-1.942757371367083707e-01,4.097827774217607022e+00
2.209758162498474121e-01,4.095455169677734375e+00,-9.943829476833343506e-02,4.096662044525146484e+00,4.095678481827588868e+00,-9.411484894906478604e-02,4.096759674584078859e+00
2.212677299976348877e-01,4.095545768737792969e+00,7.372864056378602982e-04,4.095545768737792969e+00,4.095641947356062573e+00,6.065670607207964034e-03,4.095646439001110473e+00
2.215596288442611694e-01,4.093146324157714844e+00,1.008518338203430176e-01,4.094388484954833984e+00,4.093110706854025338e+00,1.061869447530654348e-01,4.094487871004022672e+00
2.218515425920486450e-01,4.088252544403076172e+00,2.008522748947143555e-01,4.093183040618896484e+00,4.088084981435582854e+00,2.061699940784660623e-01,4.093280454830512838e+00
2.221434563398361206e-01,4.080862045288085938e+00,3.006695508956909180e-01,4.091923713684082031e+00,4.080568412875758000e+00,3.059827733622305646e-01,4.092024441490278441e+00
2.224353700876235962e-01,4.070991992950439453e+00,4.002413153648376465e-01,4.090620040893554688e+00,4.070565645957549883e+00,4.055462838821859428e-01,4.090717842435537044e+00
2.227272689342498779e-01,4.058642864227294922e+00,4.994990527629852295e-01,4.089264392852783203e+00,4.058086504267508943e+00,5.047818981460762133e-01,4.089360688520156550e+00
2.230191826820373535e-01,4.043815135955810547e+00,5.983883142471313477e-01,4.087849140167236328e+00,4.043133455743925353e+00,6.036573486444829495e-01,4.087949404717272195e+00
2.233110964298248291e-01,4.026531696319580078e+00,6.968432068824768066e-01,4.086385726928710938e+00,4.025720045064364427e+00,7.020943308724829635e-01,4.086484837935447700e+00
2.236029952764511108e-01,4.006800174713134766e+00,7.947955727577209473e-01,4.084867954254150391e+00,4.005859473520535730e+00,8.000146334687281424e-01,4.084964324857479845e+00
2.238949090242385864e-01,3.984624385833740234e+00,8.921873569488525391e-01,4.083286762237548828e+00,3.983556292638189777e+00,8.974015665510175488e-01,4.083387112222589543e+00
2.241868227720260620e-01,3.960031032562255859e+00,9.889586567878723145e-01,4.081652164459228516e+00,3.958837542365557738e+00,9.941319247234398082e-01,4.081751213706844794e+00
2.244787365198135376e-01,3.933033704757690430e+00,1.085047841072082520e+00,4.079961299896240234e+00,3.931710314401766659e+00,1.090189546486635352e+00,4.080056279469926217e+00
2.247706353664398193e-01,3.903640508651733398e+00,1.180383086204528809e+00,4.078199863433837891e+00,3.902195283826082495e+00,1.185497510588257253e+00,4.078300182763092252e+00
2.250625491142272949e-01,3.871883153915405273e+00,1.274917364120483398e+00,4.076382637023925781e+00,3.870317112717266639e+00,1.279979899555438783e+00,4.076481705620433438e+00
2.253544628620147705e-01,3.837781190872192383e+00,1.368584752082824707e+00,4.074504375457763672e+00,3.836087551328445588e+00,1.373605682519357662e+00,4.074599400248636094e+00
2.256463766098022461e-01,3.801344633102416992e+00,1.461319684982299805e+00,4.072551250457763672e+00,3.799533832043845205e+00,1.466299765595110438e+00,4.072651758182875170e+00
2.259382754564285278e-01,3.762615203857421875e+00,1.553064107894897461e+00,4.070538520812988281e+00,3.760686226796427167e+00,1.557988232333377798e+00,4.070637324609701402e+00
2.262301892042160034e-01,3.721612930297851562e+00,1.643767952919006348e+00,4.068461418151855469e+00,3.719559534264783363e+00,1.648640751807198601e+00,4.068554959375559221e+00
2.265221029520034790e-01,3.678353309631347656e+00,1.733361005783081055e+00,4.066303253173828125e+00,3.676186834677119375e+00,1.738184641914741091e+00,4.066403262447251699e+00
2.268140166997909546e-01,3.632880687713623047e+00,1.821793079376220703e+00,4.064080715179443359e+00,3.630597011501067506e+00,1.826561766571916712e+00,4.064180427469086254e+00
2.271059155464172363e-01,3.585227727890014648e+00,1.909002900123596191e+00,4.061791419982910156e+00,3.582828042916467837e+00,1.913701582948535096e+00,4.061885096071573997e+00
2.273978292942047119e-01,3.535408496856689453e+00,1.994929432868957520e+00,4.059415817260742188e+00,3.532897378937920330e+00,1.999575176419595257e+00,4.059515337606188545e+00
2.276897430419921875e-01,3.483470201492309570e+00,2.079531192779541016e+00,4.056971073150634766e+00,3.480846505877875252e+00,2.084113087448192569e+00,4.057070341854458029e+00
2.279816567897796631e-01,3.429449319839477539e+00,2.162748575210571289e+00,4.054455280303955078e+00,3.426709722482799148e+00,2.167260954939430828e+00,4.054548010440019112e+00
2.282735556364059448e-01,3.373371362686157227e+00,2.244513988494873047e+00,4.051848888397216797e+00,3.370533154471993420e+00,2.248951946189666540e+00,4.051947507269216153e+00
2.285654693841934204e-01,3.315282583236694336e+00,2.324792861938476562e+00,4.049168109893798828e+00,3.312337790942221805e+00,2.329159290016634465e+00,4.049267173153037191e+00
2.288573831319808960e-01,3.255225419998168945e+00,2.403528690338134766e+00,4.046411514282226562e+00,3.252170570285008999e+00,2.407817580062089124e+00,4.046504530713388448e+00
2.291492968797683716e-01,3.193227529525756836e+00,2.480661153793334961e+00,4.043560504913330078e+00,3.190074016911490062e+00,2.484876472667975733e+00,4.043659644158079658e+00
2.294411957263946533e-01,3.129346847534179688e+00,2.556145429611206055e+00,4.040629863739013672e+00,3.126098905455152455e+00,2.560273706626457813e+00,4.040729614751608523e+00
2.297331094741821289e-01,3.063620805740356445e+00,2.629942178726196289e+00,4.037619113922119141e+00,3.060270053544435154e+00,2.633984864787847879e+00,4.037713346505954704e+00
2.300250232219696045e-01,2.996086359024047852e+00,2.701988458633422852e+00,4.034510612487792969e+00,2.992642278217207963e+00,2.705949887124954323e+00,4.034609348747984825e+00
2.303169369697570801e-01,2.926799774169921875e+00,2.772247076034545898e+00,4.031316280364990234e+00,2.923261323163109271e+00,2.776122135545953995e+00,4.031415492723313676e+00
2.306088358163833618e-01,2.855813503265380859e+00,2.840671062469482422e+00,4.028037071228027344e+00,2.852186494457003896e+00,2.844446354744635919e+00,4.028131435812761119e+00
2.309007495641708374e-01,2.783162355422973633e+00,2.907209157943725586e+00,4.024656295776367188e+00,2.779444598635113284e+00,2.910899853788682545e+00,4.024754680184728706e+00
2.311926633119583130e-01,2.708901405334472656e+00,2.971830368041992188e+00,4.021184444427490234e+00,2.705096582689638929e+00,2.975427985880001014e+00,4.021283280351818590e+00
2.314845770597457886e-01,2.633086442947387695e+00,3.034492254257202148e+00,4.017621994018554688e+00,2.629205166431177965e+00,3.037980477614205199e+00,4.017716414775118317e+00
2.317764759063720703e-01,2.555765867233276367e+00,3.095140695571899414e+00,4.013955116271972656e+00,2.551800038923593750e+00,3.098537150052038669e+00,4.014052305202694626e+00
2.320683896541595459e-01,2.476990938186645508e+00,3.153750658035278320e+00,4.010190486907958984e+00,2.472946435836423262e+00,3.157049341707768075e+00,4.010289842454473508e+00
2.323603034019470215e-01,2.396822690963745117e+00,3.210285425186157227e+00,4.006331443786621094e+00,2.392698292258801818e+00,3.213478509284146689e+00,4.006425994250892408e+00
2.326522171497344971e-01,2.315309524536132812e+00,3.264698028564453125e+00,4.002363204956054688e+00,2.311111686860345849e+00,3.267789774969530381e+00,4.002460148775735860e+00
2.329441159963607788e-01,2.232516765594482422e+00,3.316957950592041016e+00,3.998292207717895508e+00,2.228256746164027025e+00,3.319940903158159262e+00,3.998391642559307346e+00
2.332360297441482544e-01,2.148496150970458984e+00,3.367042303085327148e+00,3.994121789932250977e+00,2.144164602065287362e+00,3.369914542858764239e+00,3.994216552331731673e+00
2.335279434919357300e-01,2.063304424285888672e+00,3.414906263351440430e+00,3.989838123321533203e+00,2.058907692011974433e+00,3.417671876645791862e+00,3.989935079752757296e+00
2.338198572397232056e-01,1.977004051208496094e+00,3.460525274276733398e+00,3.985446214675903320e+00,1.972558106229385322e+00,3.463175181402117442e+00,3.985544858552070746e+00
2.341117560863494873e-01,1.889663100242614746e+00,3.503874301910400391e+00,3.980949878692626953e+00,1.885150463896848594e+00,3.506412363770339713e+00,3.981045080921843393e+00
2.344036698341369629e-01,1.801332116127014160e+00,3.544919967651367188e+00,3.976336956024169922e+00,1.796758480493996224e+00,3.547348335373351702e+00,3.976433232144503283e+00
2.346955835819244385e-01,1.712071776390075684e+00,3.583641767501831055e+00,3.971609115600585938e+00,1.707457761703946364e+00,3.585951399689563779e+00,3.971707372017555304e+00
2.349874824285507202e-01,1.621955871582031250e+00,3.620019912719726562e+00,3.966772556304931641e+00,1.617284591949849304e+00,3.622213170563857165e+00,3.966867492665297146e+00
2.352793961763381958e-01,1.531034708023071289e+00,3.654026746749877930e+00,3.961815357208251953e+00,1.526315399684290641e+00,3.656104463205802180e+00,3.961910971385753211e+00
2.355713099241256714e-01,1.439378142356872559e+00,3.685642719268798828e+00,3.956737518310546875e+00,1.434628028623706530e+00,3.687599969517863840e+00,3.956835998079891503e+00
2.358632236719131470e-01,1.347052693367004395e+00,3.714857339859008789e+00,3.951545953750610352e+00,1.342245376074903795e+00,3.716697923314195684e+00,3.951640937985448243e+00
2.361551225185394287e-01,1.254125833511352539e+00,3.741644144058227539e+00,3.946230173110961914e+00,1.249288847807838554e+00,3.743361923842049244e+00,3.946325014254082220e+00
2.364470362663269043e-01,1.160654067993164062e+00,3.765991687774658203e+00,3.940788269042968750e+00,1.155781529788453055e+00,3.767592479154586282e+00,3.940886199014421720e+00
2.367389500141143799e-01,1.066709637641906738e+00,3.787894964218139648e+00,3.935227870941162109e+00,1.061803577841731627e+00,3.789371643443248949e+00,3.935322641162893209e+00
2.370308637619018555e-01,9.723575115203857422e-01,3.807334184646606445e+00,3.929538488388061523e+00,9.674362585754752164e-01,3.808685447233175925e+00,3.929633284464631782e+00
2.373227626085281372e-01,8.776693940162658691e-01,3.824299097061157227e+00,3.923718690872192383e+00,8.727170823858044768e-01,3.825532758767945296e+00,3.923816508744347509e+00
2.376146763563156128e-01,7.827085256576538086e-01,3.838792562484741211e+00,3.917774915695190430e+00,7.777276876659723337e-01,3.839901213112375977e+00,3.917869533639954494e+00
2.379065901041030884e-01,6.875365376472473145e-01,3.850803136825561523e+00,3.911699533462524414e+00,6.825501679800697330e-01,3.851785429440317543e+00,3.911793159953418808e+00
2.381985038518905640e-01,5.922256112098693848e-01,3.860322952270507812e+00,3.905486583709716797e+00,5.872224884049436211e-01,3.861185461761010629e+00,3.905583621048598797e+00
2.384904026985168457e-01,4.968487024307250977e-01,3.867360830307006836e+00,3.899145841598510742e+00,4.918270038142104617e-01,3.868098276027366555e+00,3.899240704892011244e+00
2.387823164463043213e-01,4.014634490013122559e-01,3.871911764144897461e+00,3.892668962478637695e+00,3.964461107646877758e-01,3.872522210552952870e+00,3.892762231368154691e+00
2.390742301940917969e-01,3.061426281929016113e-01,3.873972415924072266e+00,3.886050224304199219e+00,3.011030964351905093e-01,3.874464045227149267e+00,3.886146511962819350e+00
2.393661439418792725e-01,2.109535187482833862e-01,3.873558521270751953e+00,3.879298686981201172e+00,2.059248579781634836e-01,3.873924357288394571e+00,3.879393634722522410e+00
2.396580427885055542e-01,1.159685179591178894e-01,3.870671033859252930e+00,3.872407913208007812e+00,1.109344558891064980e-01,3.870911153038225638e+00,3.872500433598315528e+00
2.399499565362930298e-01,2.124628610908985138e-02,3.865310907363891602e+00,3.865369081497192383e+00,1.621412977159500737e-02,3.865431139293102891e+00,3.865465145441234540e+00
2.402418702840805054e-01,-7.314265519380569458e-02,3.857500076293945312e+00,3.858193635940551758e+00,-7.815425459074624992e-02,3.857496399084594518e+00,3.858288034408686507e+00
2.405337840318679810e-01,-1.671309918165206909e-01,3.847246646881103516e+00,3.850875377655029297e+00,-1.721332369966980524e-01,3.847117319976012251e+00,3.850966310543157523e+00
2.408256828784942627e-01,-2.606455683708190918e-01,3.834556102752685547e+00,3.843404531478881836e+00,-2.656415280377061316e-01,3.834308998730734164e+00,3.843499826872077918e+00
2.411175966262817383e-01,-3.536275923252105713e-01,3.819456577301025391e+00,3.835791826248168945e+00,-3.585982971008311315e-01,3.819087061162202978e+00,3.835885649940593112e+00
2.414095103740692139e-01,-4.460155665874481201e-01,3.801961421966552734e+00,3.828033447265625000e+00,-4.509670280046125246e-01,3.801468106431578509e+00,3.828123695044845842e+00
2.417014241218566895e-01,-5.377363562583923340e-01,3.782080173492431641e+00,3.820116519927978516e+00,-5.426678149023644870e-01,3.781471683553080609e+00,3.820211571476725965e+00
2.419933229684829712e-01,-6.287246346473693848e-01,3.759850025177001953e+00,3.812055587768554688e+00,-6.336215651415372241e-01,3.759122674905034600e+00,3.812148944204252210e+00
2.422852367162704468e-01,-7.189249396324157715e-01,3.735288143157958984e+00,3.803843975067138672e+00,-7.237929273952488085e-01,3.734438959857355744e+00,3.803933562333584817e+00
2.425771504640579224e-01,-8.082647919654846191e-01,3.708409786224365234e+00,3.795470237731933594e+00,-8.131041401922245448e-01,3.707448352391677027e+00,3.795564731163136862e+00
2.428690642118453979e-01,-8.966867923736572266e-01,3.679255723953247070e+00,3.786947250366210938e+00,-9.014923697259631385e-01,3.678177719590184136e+00,3.787041038801108428e+00
2.431609630584716797e-01,-9.841241836547851562e-01,3.647854566574096680e+00,3.778272390365600586e+00,-9.888957652807865983e-01,3.646655945604435178e+00,3.778361340608180630e+00
2.434528768062591553e-01,-1.070518612861633301e+00,3.614220619201660156e+00,3.769429445266723633e+00,-1.075239067479689448e+00,3.612916643128118999e+00,3.769523275220190150e+00
2.437447905540466309e-01,-1.155812144279479980e+00,3.578402280807495117e+00,3.760434150695800781e+00,-1.160489965971647663e+00,3.576985803236159001e+00,3.760527143589566634e+00
2.440367043018341064e-01,-1.239945411682128906e+00,3.540432691574096680e+00,3.751283884048461914e+00,-1.244575740418078169e+00,3.538901041925897939e+00,3.751371663562731662e+00
2.443286031484603882e-01,-1.322848081588745117e+00,3.500335931777954102e+00,3.741961717605590820e+00,-1.327424088898287557e+00,3.498702693067804237e+00,3.742054949658991436e+00
2.446205168962478638e-01,-1.404475331306457520e+00,3.458162069320678711e+00,3.732483863830566406e+00,-1.409004663405186930e+00,3.456418398107721224e+00,3.732575824316916702e+00
2.449124306440353394e-01,-1.484775662422180176e+00,3.413947105407714844e+00,3.722847461700439453e+00,-1.489248163173267692e+00,3.412092831855688235e+00,3.722934002197181513e+00
2.452043443918228149e-01,-1.563679695129394531e+00,3.367720127105712891e+00,3.713035345077514648e+00,-1.568099313064165834e+00,3.365766024113651333e+00,3.713127574526644992e+00
2.454962432384490967e-01,-1.641139745712280273e+00,3.319540500640869141e+00,3.703064918518066406e+00,-1.645492323585648897e+00,3.317487806601604028e+00,3.703156806554324110e+00
2.457881569862365723e-01,-1.717111825942993164e+00,3.269446372985839844e+00,3.692932844161987305e+00,-1.721399340079954765e+00,3.267288417726999850e+00,3.693018994351465523e+00
2.460800707340240479e-01,-1.791529417037963867e+00,3.217473030090332031e+00,3.682622671127319336e+00,-1.795756611447440365e+00,3.215220495850337645e+00,3.682714303946653445e+00
2.463719695806503296e-01,-1.864349484443664551e+00,3.163682460784912109e+00,3.672150135040283203e+00,-1.868514588800519682e+00,3.161330505707677041e+00,3.672241459228727578e+00
2.466638833284378052e-01,-1.935531735420227051e+00,3.108118057250976562e+00,3.661513328552246094e+00,-1.939612711568108994e+00,3.105674705105955891e+00,3.661599765787019400e+00
2.469557970762252808e-01,-2.005014419555664062e+00,3.050820589065551758e+00,3.650697231292724609e+00,-2.009027623911302296e+00,3.048287868893785113e+00,3.650787712985199995e+00
2.472477108240127563e-01,-2.072761535644531250e+00,2.991851568222045898e+00,3.639713764190673828e+00,-2.076702200051862679e+00,2.989228652249672713e+00,3.639804934763763100e+00
2.475396096706390381e-01,-2.138727664947509766e+00,2.931267738342285156e+00,3.628565311431884766e+00,-2.142581978451674196e+00,2.928558700284245919e+00,3.628651760006248228e+00
2.478315234184265137e-01,-2.202863454818725586e+00,2.869108915328979492e+00,3.617235422134399414e+00,-2.206645256538681821e+00,2.866314042796015205e+00,3.617324906631183890e+00
2.481234371662139893e-01,-2.265137434005737305e+00,2.805438041687011719e+00,3.605736017227172852e+00,-2.268841912832965768e+00,2.802558939475868538e+00,3.605825874146400878e+00
2.484153509140014648e-01,-2.325512409210205078e+00,2.740312576293945312e+00,3.594067573547363281e+00,-2.329131397975246820e+00,2.737349321283496728e+00,3.594152803619421466e+00
2.487072497606277466e-01,-2.383936166763305664e+00,2.673786401748657227e+00,3.582217931747436523e+00,-2.387467701700106026e+00,2.670752365138541862e+00,3.582306550611532803e+00
2.489991635084152222e-01,-2.440386772155761719e+00,2.605916976928710938e+00,3.570194721221923828e+00,-2.443834053964175190e+00,2.602807162181030254e+00,3.570284303359585465e+00
2.492910772562026978e-01,-2.494830846786499023e+00,2.536769151687622070e+00,3.558001995086669922e+00,-2.498187433630824739e+00,2.533583263135815944e+00,3.558087211521507420e+00
2.495829910039901733e-01,-2.547224998474121094e+00,2.466396331787109375e+00,3.545626163482666016e+00,-2.550495552647848108e+00,2.463140690212476169e+00,3.545714261450976679e+00
2.498748898506164551e-01,-2.597543716430664062e+00,2.394867897033691406e+00,3.533076047897338867e+00,-2.600719084485711541e+00,2.391551119683656523e+00,3.533165226035763773e+00
2.501668035984039307e-01,-2.645765781402587891e+00,2.322244882583618164e+00,3.520354747772216797e+00,-2.648848070271332400e+00,2.318856644218387775e+00,3.520439210640616157e+00
2.504587173461914062e-01,-2.691855669021606445e+00,2.248580932617187500e+00,3.507449626922607422e+00,-2.694846676337420810e+00,2.245130049758165658e+00,3.507535822952339899e+00
2.507506310939788818e-01,-2.735792875289916992e+00,2.173946380615234375e+00,3.494367599487304688e+00,-2.738682648302915634e+00,2.170446039686205530e+00,3.494455416700148032e+00
2.510425448417663574e-01,-2.777559518814086914e+00,2.098407506942749023e+00,3.481113672256469727e+00,-2.780357378128463175e+00,2.094837389429934138e+00,3.481196753742454408e+00
2.513344585895538330e-01,-2.817124605178833008e+00,2.022025346755981445e+00,3.467676162719726562e+00,-2.819819353869343459e+00,2.018411866439961067e+00,3.467761187141030099e+00
2.516263425350189209e-01,-2.854470491409301758e+00,1.944875359535217285e+00,3.454061746597290039e+00,-2.857066379020188673e+00,1.941214011382447424e+00,3.454148249875078402e+00
2.519182562828063965e-01,-2.889594078063964844e+00,1.867009878158569336e+00,3.440273284912109375e+00,-2.892087922803571853e+00,1.863298364431870580e+00,3.440356572816364977e+00
2.522101700305938721e-01,-2.922467231750488281e+00,1.788499951362609863e+00,3.426302433013916016e+00,-2.924862123523500834e+00,1.784742663682184149e+00,3.426386553964654524e+00
2.525020837783813477e-01,-2.953080654144287109e+00,1.709413766860961914e+00,3.412151813507080078e+00,-2.955376784924836464e+00,1.705613452640508676e+00,3.412238149763427320e+00
2.527939975261688232e-01,-2.981430530548095703e+00,1.629819869995117188e+00,3.397828817367553711e+00,-2.983621728495534864e+00,1.625978325844719574e+00,3.397911731470887098e+00
2.530859112739562988e-01,-3.007499456405639648e+00,1.549783706665039062e+00,3.383324384689331055e+00,-3.009583002296846832e+00,1.545916329512372345e+00,3.383407623324022229e+00
2.533778250217437744e-01,-3.031282901763916016e+00,1.469373583793640137e+00,3.368639707565307617e+00,-3.033265973027439610e+00,1.465471844221966080e+00,3.368725306304066969e+00
2.536697387695312500e-01,-3.052784204483032227e+00,1.388658046722412109e+00,3.353783369064331055e+00,-3.054661274938922144e+00,1.384724253081556888e+00,3.353865942712045634e+00
2.539616227149963379e-01,-3.071990966796875000e+00,1.307711839675903320e+00,3.338748216629028320e+00,-3.073762099768037714e+00,1.303753367672375374e+00,3.338830077989516365e+00
2.542535364627838135e-01,-3.088907480239868164e+00,1.226586699485778809e+00,3.323531866073608398e+00,-3.090577204901886699e+00,1.222602607636152028e+00,3.323616192591718921e+00
2.545454502105712891e-01,-3.103541851043701172e+00,1.145358443260192871e+00,3.308143854141235352e+00,-3.105104660743979395e+00,1.141351393035935580e+00,3.308225801930553267e+00
2.548373639583587646e-01,-3.115890979766845703e+00,1.064094424247741699e+00,3.292578697204589844e+00,-3.117348483454192021e+00,1.060067515570237928e+00,3.292659214808208556e+00
2.551292777061462402e-01,-3.125959396362304688e+00,9.828619956970214844e-01,3.276833772659301758e+00,-3.127315379874421097e+00,9.788180444340366382e-01,3.276917186824953809e+00
2.554211914539337158e-01,-3.133764505386352539e+00,9.017274379730224609e-01,3.260918855667114258e+00,-3.135010222047536654e+00,8.976815962246519343e-01,3.261000052214502176e+00
2.557131052017211914e-01,-3.139310836791992188e+00,8.207576870918273926e-01,3.244828939437866211e+00,-3.140451156308245562e+00,8.167010488701264004e-01,3.244908946085138357e+00
2.560050189495086670e-01,-3.142606973648071289e+00,7.400192022323608398e-01,3.228561162948608398e+00,-3.143646280633222378e+00,7.359539801706697082e-01,3.228643708845579940e+00
2.562969028949737549e-01,-3.143677473068237305e+00,6.595844030380249023e-01,3.212126970291137695e+00,-3.144610067809311627e+00,6.555183295715792946e-01,3.212207458893649559e+00
2.565888166427612305e-01,-3.142534017562866211e+00,5.795106291770935059e-01,3.195520877838134766e+00,-3.143360755213620905e+00,5.754343851045138347e-01,3.195597216324008727e+00
2.568807303905487061e-01,-3.139189720153808594e+00,4.998550415039062500e-01,3.178736686706542969e+00,-3.139916586131574316e+00,4.957785870693847130e-01,3.178816222316205753e+00
2.571726441383361816e-01,-3.133675336837768555e+00,4.206872582435607910e-01,3.161787033081054688e+00,-3.134296438481264602e+00,4.166265253975972582e-01,3.161865244747349202e+00
2.574645578861236572e-01,-3.126008987426757812e+00,3.420708179473876953e-01,3.144669294357299805e+00,-3.126526214826944372e+00,3.380169984499020730e-01,3.144745087163851593e+00
2.577564716339111328e-01,-3.116209030151367188e+00,2.640697360038757324e-01,3.127377510070800781e+00,-3.116628151688119797e+00,2.600236944547265616e-01,3.127456371809651525e+00
2.580483853816986084e-01,-3.104312181472778320e+00,1.867416054010391235e-01,3.109923839569091797e+00,-3.104629446829084927e+00,1.827077582893983643e-01,3.110000985057304934e+00
2.583402693271636963e-01,-3.090344905853271484e+00,1.101552173495292664e-01,3.092307329177856445e+00,-3.090559866761522390e+00,1.061409042953345844e-01,3.092381959202586739e+00
2.586321830749511719e-01,-3.074326753616333008e+00,3.435700386762619019e-02,3.074518680572509766e+00,-3.074446833964007197e+00,3.035829025522930602e-02,3.074596715125176960e+00
2.589240968227386475e-01,-3.056302070617675781e+00,-4.059181362390518188e-02,3.056571722030639648e+00,-3.056323307092274177e+00,-4.457032881534732371e-02,3.056648274120881137e+00
2.592160105705261230e-01,-3.036301851272583008e+00,-1.146336048841476440e-01,3.038464784622192383e+00,-3.036222889675200598e+00,-1.185882526140658172e-01,3.038537906534273247e+00
2.595079243183135986e-01,-3.014352321624755859e+00,-1.877083927392959595e-01,3.020191192626953125e+00,-3.014182653589472238e+00,-1.916285751136797555e-01,3.020267964932875415e+00
2.597998380661010742e-01,-2.990502357482910156e+00,-2.597678303718566895e-01,3.001763343811035156e+00,-2.990237658582377112e+00,-2.636602052213742886e-01,3.001839096057880685e+00
2.600917518138885498e-01,-2.964788675308227539e+00,-3.307581841945648193e-01,2.983181953430175781e+00,-2.964427469953939021e+00,-3.346186677311476787e-01,2.983253237224704701e+00
2.603836655616760254e-01,-2.937241554260253906e+00,-4.006220400333404541e-01,2.964436769485473633e+00,-2.936793155183937021e+00,-4.044527176965106996e-01,2.964512782429402638e+00
2.606755495071411133e-01,-2.907917976379394531e+00,-4.693095088005065918e-01,2.945545434951782227e+00,-2.907379427251899351e+00,-4.731013832897701388e-01,2.945620486905649482e+00
2.609674632549285889e-01,-2.876853466033935547e+00,-5.367856025695800781e-01,2.926503658294677734e+00,-2.876222448748050997e+00,-5.405379822630487219e-01,2.926574257549471980e+00
2.612593770027160645e-01,-2.844085454940795898e+00,-6.029886007308959961e-01,2.907304048538208008e+00,-2.843373668088024164e+00,-6.066937831095171596e-01,2.907378744305613161e+00
2.615512907505035400e-01,-2.809671878814697266e+00,-6.678814888000488281e-01,2.887961626052856445e+00,-2.808871935565209643e+00,-6.715558994486104938e-01,2.888035470088634149e+00
2.618432044982910156e-01,-2.773658990859985352e+00,-7.314204573631286621e-01,2.868477106094360352e+00,-2.772774341695011913e+00,-7.350374540837902870e-01,2.868546253569599358e+00
2.621351182460784912e-01,-2.736085176467895508e+00,-7.935538291931152344e-01,2.848839998245239258e+00,-2.735122429833672708e+00,-7.971287080599861463e-01,2.848913632139914220e+00
2.624270319938659668e-01,-2.697011709213256836e+00,-8.542512059211730957e-01,2.829066753387451172e+00,-2.695968635089323495e+00,-8.577785483338791206e-01,2.829139607613446294e+00
2.627189457416534424e-01,-2.656488895416259766e+00,-9.134742021560668945e-01,2.809157848358154297e+00,-2.655363832816221237e+00,-9.169483539720191256e-01,2.809226115584227301e+00
2.630108296871185303e-01,-2.614563226699829102e+00,-9.711691737174987793e-01,2.789105653762817383e+00,-2.613366192747145877e+00,-9.745919718510299701e-01,2.789177722733026776e+00
2.633027434349060059e-01,-2.571294307708740234e+00,-1.027318120002746582e+00,2.768923282623291016e+00,-2.570018096881330649e+00,-1.030693370695731081e+00,2.768992929332551256e+00
2.635946571826934814e-01,-2.526731014251708984e+00,-1.081893563270568848e+00,2.748611211776733398e+00,-2.525383437727479752e+00,-1.085200446182503775e+00,2.748676320693829833e+00
2.638865709304809570e-01,-2.480924367904663086e+00,-1.134847760200500488e+00,2.728161573410034180e+00,-2.479508938370787341e+00,-1.138101292091627803e+00,2.728230035484775939e+00
2.641784846782684326e-01,-2.433938264846801758e+00,-1.186161279678344727e+00,2.707588195800781250e+00,-2.432454759616673012e+00,-1.189356980311082834e+00,2.707656954674373839e+00
2.644703984260559082e-01,-2.385829925537109375e+00,-1.235808014869689941e+00,2.686895132064819336e+00,-2.384277291546655242e+00,-1.238940048246097714e+00,2.686959368158196693e+00
2.647623121738433838e-01,-2.336648941040039062e+00,-1.283751249313354492e+00,2.666073083877563477e+00,-2.335034150621319249e+00,-1.286825213981257710e+00,2.666140209348663248e+00
2.650542259216308594e-01,-2.286459922790527344e+00,-1.329977273941040039e+00,2.645134687423706055e+00,-2.284788510050675292e+00,-1.332980483971647478e+00,2.645202356400899735e+00
2.653461098670959473e-01,-2.235327243804931641e+00,-1.374461889266967773e+00,2.624087095260620117e+00,-2.233590510564009257e+00,-1.377403198623162961e+00,2.624150555981671129e+00
2.656380236148834229e-01,-2.183293581008911133e+00,-1.417184114456176758e+00,2.602917909622192383e+00,-2.181500511846357071e+00,-1.420062696375283151e+00,2.602983393113094124e+00
2.659299373626708984e-01,-2.130427837371826172e+00,-1.458130240440368652e+00,2.581640243530273438e+00,-2.128585845514266328e+00,-1.460935374686084476e+00,2.581706774738923738e+00
2.662218511104583740e-01,-2.076790809631347656e+00,-1.497287511825561523e+00,2.560259819030761719e+00,-2.074894328544920175e+00,-1.500021712045455313e+00,2.560322559998184033e+00
2.665137648582458496e-01,-2.022438287734985352e+00,-1.534632086753845215e+00,2.538769721984863281e+00,-2.020491723325648525e+00,-1.537300230859631744e+00,2.538834142638807023e+00
2.668056786060333252e-01,-1.967433094978332520e+00,-1.570160150527954102e+00,2.517180204391479492e+00,-1.965438788053954999e+00,-1.572760234569125171e+00,2.517245396267302482e+00
2.670975923538208008e-01,-1.911836504936218262e+00,-1.603865861892700195e+00,2.495496988296508789e+00,-1.909794849090252322e+00,-1.606392028280286377e+00,2.495558397259842298e+00
2.673895061016082764e-01,-1.855705738067626953e+00,-1.635731816291809082e+00,2.473714351654052734e+00,-1.853627276602852980e+00,-1.638182115452389676e+00,2.473777420050998543e+00
2.676813900470733643e-01,-1.799108982086181641e+00,-1.665756583213806152e+00,2.451843738555908203e+00,-1.796991697749743766e+00,-1.668134189444133941e+00,2.451907591197911351e+00
2.679733037948608398e-01,-1.742095232009887695e+00,-1.693946599960327148e+00,2.429887056350708008e+00,-1.739938483058577789e+00,-1.696249098880393547e+00,2.429947927483371739e+00
2.682652175426483154e-01,-1.684728503227233887e+00,-1.720288634300231934e+00,2.407841920852661133e+00,-1.682535260966603552e+00,-1.722520002244100290e+00,2.407903665541246685e+00
2.685571312904357910e-01,-1.627069592475891113e+00,-1.744788765907287598e+00,2.385716438293457031e+00,-1.624842251494708067e+00,-1.746948485175628063e+00,2.385778982240352786e+00
2.688490450382232666e-01,-1.569178104400634766e+00,-1.767454266548156738e+00,2.363517522811889648e+00,-1.566918560785460102e+00,-1.769537359354354855e+00,2.363577001556065316e+00
2.691409587860107422e-01,-1.511112213134765625e+00,-1.788281440734863281e+00,2.341241121292114258e+00,-1.508830188404585160e+00,-1.790286257340475862e+00,2.341301650933340639e+00
2.694328725337982178e-01,-1.452930808067321777e+00,-1.807281017303466797e+00,2.318894624710083008e+00,-1.450621725476668455e+00,-1.809213328998132031e+00,2.318955855606011696e+00
2.697247564792633057e-01,-1.394698023796081543e+00,-1.824464917182922363e+00,2.296487569808959961e+00,-1.392359515091039501e+00,-1.826324081978400571e+00,2.296546248539053980e+00
2.700166702270507812e-01,-1.336464166641235352e+00,-1.839838981628417969e+00,2.274014949798583984e+00,-1.334105109411629186e+00,-1.841620242718499334e+00,2.274071582283363480e+00
2.703085839748382568e-01,-1.278283357620239258e+00,-1.853418231010437012e+00,2.251481294631958008e+00,-1.275902840593236443e+00,-1.855127223827950811e+00,2.251538379690981362e+00
2.706004977226257324e-01,-1.220213651657104492e+00,-1.865221977233886719e+00,2.228895187377929688e+00,-1.217815553732512601e+00,-1.866854460358119416e+00,2.228950492736846645e+00
2.708924114704132080e-01,-1.162311911582946777e+00,-1.875259518623352051e+00,2.206256389617919922e+00,-1.159898199240180894e+00,-1.876817860727274745e+00,2.206311200838521280e+00
2.711843252182006836e-01,-1.104632616043090820e+00,-1.883549809455871582e+00,2.183568954467773438e+00,-1.102205436460965249e+00,-1.885036072083476677e+00,2.183624925947679873e+00
2.714762389659881592e-01,-1.047227978706359863e+00,-1.890118837356567383e+00,2.160841464996337891e+00,-1.044797353172354448e+00,-1.891525178367529536e+00,2.160895418476857177e+00
2.717681527137756348e-01,-9.901518225669860840e-01,-1.894981980323791504e+00,2.138073205947875977e+00,-9.877123058088591590e-01,-1.896314802351665163e+00,2.138126616611908837e+00
2.720600366592407227e-01,-9.334610700607299805e-01,-1.898161888122558594e+00,2.115270137786865234e+00,-9.310169635446422509e-01,-1.899423053055321331e+00,2.115325157247907484e+00
2.723519504070281982e-01,-8.771929740905761719e-01,-1.899690866470336914e+00,2.092437028884887695e+00,-8.747449659085149154e-01,-1.900877749030074337e+00,2.092490136688804458e+00
2.726438641548156738e-01,-8.214036822319030762e-01,-1.899589419364929199e+00,2.069575786590576172e+00,-8.189533350357176555e-01,-1.900703572177357525e+00,2.069627655945361688e+00
2.729357779026031494e-01,-7.661418914794921875e-01,-1.897884011268615723e+00,2.046689271926879883e+00,-7.636904633714880486e-01,-1.898929085641346548e+00,2.046742484080310120e+00
2.732276916503906250e-01,-7.114517092704772949e-01,-1.894610881805419922e+00,2.023787021636962891e+00,-7.090098029163737214e-01,-1.895580982538132009e+00,2.023838472307448288e+00
2.735196053981781006e-01,-6.573801040649414062e-01,-1.889796614646911621e+00,2.000869750976562500e+00,-6.549351450933648122e-01,-1.890698672458359875e+00,2.000920166901785979e+00
2.738115191459655762e-01,-6.039721965789794922e-01,-1.883470654487609863e+00,1.977939367294311523e+00,-6.015391811509698261e-01,-1.884303659276463039e+00,1.977991321220204268e+00
2.741034328937530518e-01,-5.512673854827880859e-01,-1.875673651695251465e+00,1.955005645751953125e+00,-5.488427557252124611e-01,-1.876437016227449517e+00,1.955056072439002701e+00
2.743953168392181396e-01,-4.993138313293457031e-01,-1.866437673568725586e+00,1.932072401046752930e+00,-4.969019204098190645e-01,-1.867132181351645270e+00,1.932121657956848093e+00
2.746872305870056152e-01,-4.481424987316131592e-01,-1.855793237686157227e+00,1.909136176109313965e+00,-4.457405653907103305e-01,-1.856423718764744324e+00,1.909186652799341521e+00
2.749791443347930908e-01,-3.977928757667541504e-01,-1.843785643577575684e+00,1.886209011077880859e+00,-3.954047634002437195e-01,-1.844349449082375969e+00,1.886258152334951976e+00
2.752710580825805664e-01,-3.483030498027801514e-01,-1.830449938774108887e+00,1.863293290138244629e+00,-3.459308677896597017e-01,-1.830947901558212854e+00,1.863340651494012290e+00
2.755629718303680420e-01,-2.997110784053802490e-01,-1.815821409225463867e+00,1.840389728546142578e+00,-2.973608776714366519e-01,-1.816257116376711167e+00,1.840438372877117645e+00
2.758548855781555176e-01,-2.520454227924346924e-01,-1.799946665763854980e+00,1.817507982254028320e+00,-2.497140503785687249e-01,-1.800319455140976910e+00,1.817555294211313344e+00
2.761467993259429932e-01,-2.053392529487609863e-01,-1.782864809036254883e+00,1.794650673866271973e+00,-2.030291306088306547e-01,-1.783175273452286103e+00,1.794696320753851992e+00
2.764387130737304688e-01,-1.596266776323318481e-01,-1.764612913131713867e+00,1.771818161010742188e+00,-1.573360601068419240e-01,-1.764866014873346156e+00,1.771865312676127013e+00
2.767305970191955566e-01,-1.149348616600036621e-01,-1.745242357254028320e+00,1.749022841453552246e+00,-1.126700102479035598e-01,-1.745436891362593945e+00,1.749069602085285169e+00
2.770225107669830322e-01,-7.128692418336868286e-02,-1.724792718887329102e+00,1.726265311241149902e+00,-6.904376509384073379e-02,-1.724926591956081445e+00,1.726307848888938956e+00
2.773144245147705078e-01,-2.870868891477584839e-02,-1.703300952911376953e+00,1.703542828559875488e+00,-2.648919659289951031e-02,-1.703381032443090470e+00,1.703586986104034029e+00
2.776063382625579834e-01,1.277864817529916763e-02,-1.680819630622863770e+00,1.680868148803710938e+00,1.497054516206244683e-02,-1.680844689692462035e+00,1.680911356404554358e+00
2.778982520103454590e-01,5.315275117754936218e-02,-1.657392501831054688e+00,1.658244609832763672e+00,5.530771352959207993e-02,-1.657362967135546539e+00,1.658285544774546594e+00
2.781901657581329346e-01,9.238756448030471802e-02,-1.633059740066528320e+00,1.635670900344848633e+00,9.451536391678762306e-02,-1.632980238004376305e+00,1.635713181376598380e+00
2.784820795059204102e-01,1.304724663496017456e-01,-1.607872843742370605e+00,1.613157868385314941e+00,1.325692003481885872e-01,-1.607743245075047289e+00,1.613199595513649109e+00
2.787739634513854980e-01,1.673870235681533813e-01,-1.581879734992980957e+00,1.590711116790771484e+00,1.694472405013969785e-01,-1.581699790622778989e+00,1.590750324522890446e+00
2.790658771991729736e-01,2.031168043613433838e-01,-1.555116295814514160e+00,1.568324923515319824e+00,2.051468292646135561e-01,-1.554891096097683834e+00,1.568365882784109822e+00
2.793577909469604492e-01,2.376534044742584229e-01,-1.527636647224426270e+00,1.546011924743652344e+00,2.396493473411431818e-01,-1.527365502890434490e+00,1.546052130136880587e+00
2.796497046947479248e-01,2.709857225418090820e-01,-1.499486327171325684e+00,1.523775815963745117e+00,2.729381844895306108e-01,-1.499170576003143296e+00,1.523813528128044048e+00
2.799416184425354004e-01,3.030958771705627441e-01,-1.470707654953002930e+00,1.501615166664123535e+00,3.050157476230281328e-01,-1.470350801675093022e+00,1.501654449693611504e+00
2.802335321903228760e-01,3.339852094650268555e-01,-1.441350817680358887e+00,1.479539871215820312e+00,3.358686223952537797e-01,-1.440953027684818810e+00,1.479578777728219441e+00
2.805254459381103516e-01,3.636478781700134277e-01,-1.411461710929870605e+00,1.457554221153259277e+00,3.654911485729281928e-01,-1.411023363356807003e+00,1.457590721575818149e+00
2.808173596858978271e-01,3.920709788799285889e-01,-1.381082773208618164e+00,1.435656428337097168e+00,3.938793001234442426e-01,-1.380607813001332396e+00,1.435694548428061657e+00
2.811092436313629150e-01,4.192578494548797607e-01,-1.350265979766845703e+00,1.413858294486999512e+00,4.210258404486767470e-01,-1.349754855330502101e+00,1.413895656621725117e+00
2.814011573791503906e-01,4.452135264873504639e-01,-1.319050073623657227e+00,1.392159581184387207e+00,4.469396370113653538e-01,-1.318503469902213787e+00,1.392194828059646339e+00
2.816930711269378662e-01,4.699275791645050049e-01,-1.287480711936950684e+00,1.370561361312866211e+00,4.716166252762969413e-01,-1.286901642077560526e+00,1.370597708161999329e+00
2.819849848747253418e-01,4.934100210666656494e-01,-1.255604386329650879e+00,1.349072217941284180e+00,4.950546124589936814e-01,-1.254995720224718392e+00,1.349108345204077519e+00
2.822768986225128174e-01,5.156655907630920410e-01,-1.223464846611022949e+00,1.327696084976196289e+00,5.172671069513384845e-01,-1.222825670520631958e+00,1.327730349287098432e+00
2.825688123703002930e-01,5.366919040679931641e-01,-1.191104292869567871e+00,1.306433081626892090e+00,5.382549930195199561e-01,-1.190436978752000607e+00,1.306468001097093490e+00
2.828607261180877686e-01,5.565026402473449707e-01,-1.158566117286682129e+00,1.285290122032165527e+00,5.580251301168377420e-01,-1.157872007926951774e+00,1.285324718731692517e+00
2.831526398658752441e-01,5.751073360443115234e-01,-1.125892758369445801e+00,1.264271736145019531e+00,5.765860910457636379e-01,-1.125173046876668748e+00,1.264304514666130697e+00
2.834445238113403320e-01,5.925068855285644531e-01,-1.093127846717834473e+00,1.243379712104797363e+00,5.939449046089370077e-01,-1.092385804504822922e+00,1.243413565791594788e+00
2.837364375591278076e-01,6.087203025817871094e-01,-1.060309410095214844e+00,1.222618699073791504e+00,6.101149246913736279e-01,-1.059544145877348686e+00,1.222650407268619288e+00
2.840283513069152832e-01,6.237629652023315430e-01,-1.027473568916320801e+00,1.201990962028503418e+00,6.251177170514766734e-01,-1.026685175101649028e+00,1.202021051789507355e+00
2.843202650547027588e-01,6.376407146453857422e-01,-9.946624636650085449e-01,1.181498646736145020e+00,6.389513468700493970e-01,-9.938571718567744684e-01,1.181529052422409132e+00
2.846121788024902344e-01,6.503730416297912598e-01,-9.619141221046447754e-01,1.161147713661193848e+00,6.516427427999308408e-01,-9.610909900431185982e-01,1.161177917196963616e+00
2.849040925502777100e-01,6.619784832000732422e-01,-9.292652010917663574e-01,1.140942335128784180e+00,6.632045150740745187e-01,-9.284260129601893397e-01,1.140971117231190934e+00
2.851960062980651855e-01,6.724684834480285645e-01,-8.967523574829101562e-01,1.120882987976074219e+00,6.736508430916067214e-01,-8.959008347957547747e-01,1.120912023392452772e+00
2.854879200458526611e-01,6.818652153015136719e-01,-8.644102215766906738e-01,1.100974678993225098e+00,6.830106261625873421e-01,-8.635424927928070371e-01,1.101003702223487091e+00
2.857798039913177490e-01,6.901899576187133789e-01,-8.322754502296447754e-01,1.081223607063293457e+00,6.912912110664691800e-01,-8.313968255859837120e-01,1.081251228943669762e+00
2.860717177391052246e-01,6.974598169326782227e-01,-8.003754019737243652e-01,1.061626553535461426e+00,6.985181849456498782e-01,-7.994887099629055527e-01,1.061654299693603587e+00
2.863636314868927002e-01,7.036982178688049316e-01,-7.687445878982543945e-01,1.042189717292785645e+00,7.047197498556919681e-01,-7.678454867877667622e-01,1.042217164230666349e+00
2.866555452346801758e-01,7.089301347732543945e-01,-7.374127507209777832e-01,1.022917151451110840e+00,7.099072134259417632e-01,-7.365090002482422848e-01,1.022943673483956317e+00
2.869474589824676514e-01,7.131744623184204102e-01,-7.064107060432434082e-01,1.003809690475463867e+00,7.141123035698490051e-01,-7.055000152396213586e-01,1.003835969475562306e+00
2.872393727302551270e-01,7.164571881294250488e-01,-6.757662296295166016e-01,9.848710298538208008e-01,7.173566693086191881e-01,-6.748496625011675132e-01,9.848972829587334665e-01
2.875312864780426025e-01,7.188058495521545410e-01,-6.455051302909851074e-01,9.661049246788024902e-01,7.196627622758259291e-01,-6.445876603986483433e-01,9.661302931513301440e-01
2.878232002258300781e-01,7.202423214912414551e-01,-6.156548261642456055e-01,9.475124478340148926e-01,7.210634912839886113e-01,-6.147313219517763772e-01,9.475374170191028789e-01
2.881150841712951660e-01,7.207937240600585938e-01,-5.862423181533813477e-01,9.290983080863952637e-01,7.215771109173352293e-01,-5.853173704548155776e-01,9.291232163475133810e-01
2.884069979190826416e-01,7.204898595809936523e-01,-5.572836399078369141e-01,9.108625650405883789e-01,7.212327069571975446e-01,-5.563612353065785499e-01,9.108866239750526006e-01
2.886989116668701172e-01,7.193547487258911133e-01,-5.288053750991821289e-01,8.928081393241882324e-01,7.200609685557435302e-01,-5.278832558540766939e-01,8.928317480066085832e-01
2.889908254146575928e-01,7.174164056777954102e-01,-5.008282661437988281e-01,8.749373555183410645e-01,7.180874828166937673e-01,-4.999068797318408364e-01,8.749608684856944318e-01
2.892827391624450684e-01,7.147059440612792969e-01,-4.733698368072509766e-01,8.572535514831542969e-01,7.153389429194643157e-01,-4.724542368756310950e-01,8.572763902026413474e-01
2.895746529102325439e-01,7.112492918968200684e-01,-4.464500546455383301e-01,8.397578597068786621e-01,7.118491096890791070e-01,-4.455351618713260797e-01,8.397801708952428168e-01
2.898665666580200195e-01,7.070749998092651367e-01,-4.200861752033233643e-01,8.224521279335021973e-01,7.076402353544872792e-01,-4.191776122969282370e-01,8.224746642562967835e-01
2.901584506034851074e-01,7.022155523300170898e-01,-3.942940533161163330e-01,8.053411841392517090e-01,7.027464049773400889e-01,-3.933923918022955157e-01,8.053633239951434319e-01
2.904503643512725830e-01,6.966971158981323242e-01,-3.690844774246215820e-01,7.884226441383361816e-01,6.971966384424101992e-01,-3.681865315758548474e-01,7.884443383582984133e-01
2.907422780990600586e-01,6.905496120452880859e-01,-3.444764614105224609e-01,7.717012763023376465e-01,6.910159324170364048e-01,-3.435846595528305181e-01,7.717210876568170175e-01
2.910341918468475342e-01,6.838038563728332520e-01,-3.204742074012756348e-01,7.551763653755187988e-01,6.842386101999157200e-01,-3.195907981337410830e-01,7.551958381374156426e-01
2.913261055946350098e-01,6.764884591102600098e-01,-2.970923185348510742e-01,7.388508319854736328e-01,6.768924194594480026e-01,-2.962178770504811376e-01,7.388696625291630848e-01
2.916180193424224854e-01,6.686319708824157715e-01,-2.743414342403411865e-01,7.227253913879394531e-01,6.690060938550511649e-01,-2.734777872353294503e-01,7.227442519496959372e-01
2.919099330902099609e-01,6.602662801742553711e-01,-2.522266507148742676e-01,7.068025469779968262e-01,6.606123107883116186e-01,-2.513709786257530832e-01,7.068210481163824666e-01
2.922018468379974365e-01,6.514196395874023438e-01,-2.307563275098800659e-01,6.910832524299621582e-01,6.517361783203221570e-01,-2.299142909918999722e-01,6.911010254180547374e-01
2.924937307834625244e-01,6.421208977699279785e-01,-2.099400460720062256e-01,6.755694746971130371e-01,6.424107504270998303e-01,-2.091088963668910616e-01,6.755872281238661792e-01
2.927856445312500000e-01,6.323994994163513184e-01,-1.897748112678527832e-01,6.602602005004882812e-01,6.326625571574276963e-01,-1.889558234161660966e-01,6.602773768893318573e-01
2.930775582790374756e-01,6.222842335700988770e-01,-1.702674180269241333e-01,6.451578736305236816e-01,6.225214346365853801e-01,-1.694615080653931183e-01,6.451745029817822497e-01
2.933694720268249512e-01,6.118022799491882324e-01,-1.514225006103515625e-01,6.302624344825744629e-01,6.120154087270278653e-01,-1.506281710889988135e-01,6.302790702894454089e-01
2.936613857746124268e-01,6.009836792945861816e-01,-1.332376599311828613e-01,6.155759096145629883e-01,6.011728082171843290e-01,-1.324569345411041044e-01,6.155920604164432097e-01
2.939532995223999023e-01,5.898556113243103027e-01,-1.157140284776687622e-01,6.010984778404235840e-01,5.900209275478139892e-01,-1.149502196530096249e-01,6.011141721359245516e-01
2.942452132701873779e-01,5.784442424774169922e-01,-9.885358810424804688e-02,5.868302583694458008e-01,5.785879973529318709e-01,-9.810250618792190624e-02,5.868459528711325035e-01
2.945371270179748535e-01,5.667780637741088867e-01,-8.265057951211929321e-02,5.727726817131042480e-01,5.669003641948966443e-01,-8.191418810185921440e-02,5.727878814506232041e-01
2.948290109634399414e-01,5.548843145370483398e-01,-6.710445880889892578e-02,5.589271783828735352e-01,5.549856440172348249e-01,-6.638463848006456725e-02,5.589418442837803536e-01
2.951209247112274170e-01,5.427853465080261230e-01,-5.221157893538475037e-02,5.452907085418701172e-01,5.428674546101114329e-01,-5.150539018302554423e-02,5.453053075963657514e-01
2.954128384590148926e-01,5.305090546607971191e-01,-3.796479478478431702e-02,5.318657755851745605e-01,5.305723170738666505e-01,-3.727409225066893872e-02,5.318800067667923681e-01
2.957047522068023682e-01,5.180798768997192383e-01,-2.435907907783985138e-02,5.186522006988525391e-01,5.181249021694681600e-01,-2.368710456162340106e-02,5.186660709653507784e-01
2.959966659545898438e-01,5.055212974548339844e-01,-1.139172818511724472e-02,5.056496858596801758e-01,5.055494559537738741e-01,-1.073206432263411683e-02,5.056633560183908527e-01
2.962885797023773193e-01,4.928576350212097168e-01,9.486424387432634830e-04,4.928585290908813477e-01,4.928694278252770400e-01,1.590436919237754468e-03,4.928719939034982289e-01
2.965804934501647949e-01,4.801115989685058594e-01,1.266969274729490280e-02,4.802787303924560547e-01,4.801075916837669877e-01,1.329416868287998377e-02,4.802916140360515840e-01
2.968724071979522705e-01,4.673050045967102051e-01,2.377607114613056183e-02,4.679094254970550537e-01,4.672864347847314193e-01,2.438591657355897516e-02,4.679223066503216399e-01
2.971642911434173584e-01,4.544610977172851562e-01,3.428036347031593323e-02,4.557521641254425049e-01,4.544287223802556119e-01,3.487343338640306462e-02,4.557648736797377254e-01
2.974562048912048340e-01,4.415992200374603271e-01,4.419364780187606812e-02,4.438050687313079834e-01,4.415523626919372613e-01,4.477009065675770921e-02,4.438162345118150665e-01
2.977481186389923096e-01,4.287381470203399658e-01,5.352320894598960876e-02,4.320660829544067383e-01,4.286787674805155324e-01,5.408481823145349504e-02,4.320771380803933304e-01
2.980400323867797852e-01,4.158985316753387451e-01,6.228344887495040894e-02,4.205363392829895020e-01,4.158276944387132579e-01,6.282723805951209717e-02,4.205471832082607331e-01
2.983319461345672607e-01,4.030987918376922607e-01,7.048598676919937134e-02,4.092150032520294189e-01,4.030167092639468374e-01,7.101382046135934489e-02,4.092254032223058835e-01
2.986238598823547363e-01,3.903571367263793945e-01,7.813920080661773682e-02,3.981010317802429199e-01,3.902649682144400667e-01,7.865057221908253182e-02,3.981113637235277891e-01
2.989157736301422119e-01,3.776903450489044189e-01,8.525938540697097778e-02,3.871939480304718018e-01,3.775884734536884557e-01,8.575476006912162441e-02,3.872039955367188591e-01
2.992076873779296875e-01,3.651144504547119141e-01,9.185969084501266479e-02,3.764927089214324951e-01,3.650037810193104693e-01,9.233791975019846332e-02,3.765023925318228826e-01
2.994995713233947754e-01,3.526469171047210693e-01,9.794958680868148804e-02,3.659972250461578369e-01,3.525278477416930456e-01,9.841247449932226388e-02,3.660066919749830339e-01
2.997914850711822510e-01,3.402993381023406982e-01,1.035471111536026001e-01,3.557044267654418945e-01,3.401729536698551715e-01,1.039930998527127531e-01,3.557136534144418882e-01
3.000833988189697266e-01,3.280866742134094238e-01,1.086659431457519531e-01,3.456141948699951172e-01,3.279531744066631616e-01,1.090966645882014696e-01,3.456231572503176142e-01
3.003753125667572021e-01,3.160230517387390137e-01,1.133175045251846313e-01,3.357252180576324463e-01,3.158833479017225110e-01,1.137324078209184797e-01,3.357340466356433795e-01
3.006672263145446777e-01,3.041200637817382812e-01,1.175187528133392334e-01,3.260363042354583740e-01,3.039744301699505158e-01,1.179186630349974563e-01,3.260448823231356652e-01
3.009591400623321533e-01,2.923890054225921631e-01,1.212848648428916931e-01,3.165459334850311279e-01,2.922383940479230668e-01,1.216689094217416889e-01,3.165542646618192957e-01
3.012510538101196289e-01,2.808417379856109619e-01,1.246282309293746948e-01,3.072527945041656494e-01,2.806862557062468344e-01,1.249981707839617762e-01,3.072609914091423700e-01
3.015429377555847168e-01,2.694887220859527588e-01,1.275654882192611694e-01,2.981562316417694092e-01,2.693289429140883762e-01,1.279206584724291995e-01,2.981640058009017435e-01
3.018348515033721924e-01,2.583365440368652344e-01,1.301128566265106201e-01,2.892526984214782715e-01,2.581735015885143758e-01,1.304530200182452970e-01,2.892603452849272783e-01
3.021267652511596680e-01,2.473960667848587036e-01,1.322830468416213989e-01,2.805416285991668701e-01,2.472301207917213806e-01,1.326087107047657088e-01,2.805491093934703306e-01
3.024186789989471436e-01,2.366743087768554688e-01,1.340926885604858398e-01,2.720212936401367188e-01,2.365049942226059299e-01,1.344057406679599054e-01,2.720285194915006421e-01
3.027105927467346191e-01,2.261779308319091797e-01,1.355575174093246460e-01,2.636897563934326172e-01,2.260072861256957610e-01,1.358556242383300305e-01,2.636968790469247370e-01
3.030025064945220947e-01,2.159144729375839233e-01,1.366909742355346680e-01,2.555454373359680176e-01,2.157417761896716080e-01,1.369762026475581929e-01,2.555523314024336634e-01
3.032944202423095703e-01,2.058889418840408325e-01,1.375090926885604858e-01,2.475863546133041382e-01,2.057146304935710268e-01,1.377816603822395736e-01,2.475930030045139785e-01
3.035863339900970459e-01,1.961057335138320923e-01,1.380274891853332520e-01,2.398104369640350342e-01,1.959313564364366100e-01,1.382862368542857323e-01,2.398169713309330764e-01
3.038782179355621338e-01,1.865713447332382202e-01,1.382596194744110107e-01,2.322166711091995239e-01,1.863959480493306842e-01,1.385068747165807967e-01,2.322231766920851426e-01
3.041701316833496094e-01,1.772869378328323364e-01,1.382208764553070068e-01,2.248014062643051147e-01,1.771110387638972772e-01,1.384563926344356821e-01,2.248076793914472737e-01
3.044620454311370850e-01,1.682568192481994629e-01,1.379264295101165771e-01,2.175639271736145020e-01,1.680809563659406425e-01,1.381492272759539952e-01,2.175693381196726339e-01
3.047539591789245605e-01,1.594826728105545044e-01,1.373894959688186646e-01,2.105008214712142944e-01,1.593070923385437876e-01,1.376010481725097323e-01,2.105060524724518545e-01
3.050458729267120361e-01,1.509669274091720581e-01,1.366245895624160767e-01,2.036106288433074951e-01,1.507918184211629042e-01,1.368253679511059473e-01,2.036157013044831432e-01
3.053377866744995117e-01,1.427100896835327148e-01,1.356461942195892334e-01,1.968909949064254761e-01,1.425363282631905981e-01,1.358360019127554386e-01,1.968959732711517974e-01
3.056297004222869873e-01,1.347139328718185425e-01,1.344671547412872314e-01,1.903398483991622925e-01,1.345413905076391636e-01,1.346466347171831890e-01,1.903446925984321192e-01
3.059216141700744629e-01,1.269785016775131226e-01,1.331010162830352783e-01,1.839549392461776733e-01,1.268076710302633581e-01,1.332701515168406570e-01,1.839595572875765417e-01
3.062134981155395508e-01,1.195033341646194458e-01,1.315615624189376831e-01,1.777343302965164185e-01,1.193346925691054217e-01,1.317205992412381621e-01,1.777388115045044903e-01
3.065054118633270264e-01,1.122870743274688721e-01,1.298606842756271362e-01,1.716746538877487183e-01,1.121199049732265612e-01,1.300107565445041136e-01,1.716789734023350666e-01
3.067973256111145020e-01,1.053292751312255859e-01,1.280109733343124390e-01,1.657741367816925049e-01,1.051644396401126558e-01,1.281517795394998827e-01,1.657782795300985212e-01
3.070892393589019775e-01,9.862728416919708252e-02,1.260251104831695557e-01,1.600302308797836304e-01,9.846510743467545845e-02,1.261570632985425100e-01,1.600343150772191025e-01
3.073811531066894531e-01,9.217983484268188477e-02,1.239144206047058105e-01,1.544406265020370483e-01,9.202024615912975103e-02,1.240379487780472884e-01,1.544446128560407749e-01
3.076730668544769287e-01,8.598464727401733398e-02,1.216903030872344971e-01,1.490029990673065186e-01,8.582780574866007151e-02,1.218055331017304788e-01,1.490067117073136660e-01
3.079649806022644043e-01,8.003780990839004517e-02,1.193642839789390564e-01,1.437145769596099854e-01,7.988360024164585516e-02,1.194719925841434410e-01,1.437182890226317289e-01
3.082568943500518799e-01,7.433684915304183960e-02,1.169467493891716003e-01,1.385731250047683716e-01,7.418618380784547384e-02,1.170467117780315536e-01,1.385767751321303476e-01
3.085487782955169678e-01,6.887914240360260010e-02,1.144482120871543884e-01,1.335766762495040894e-01,6.873125518609697615e-02,1.145410008681472108e-01,1.335800371288063393e-01
3.088406920433044434e-01,6.365865468978881836e-02,1.118784844875335693e-01,1.287214905023574829e-01,6.351369966519541943e-02,1.119646229148366923e-01,1.287247716238883732e-01
3.091326057910919189e-01,5.867244303226470947e-02,1.092471852898597717e-01,1.240056604146957397e-01,5.853133549538607622e-02,1.093265143190224192e-01,1.240088866493883890e-01
3.094245195388793945e-01,5.391666665673255920e-02,1.065634042024612427e-01,1.194268241524696350e-01,5.377851249458172334e-02,1.066366182938509877e-01,1.194298822208175598e-01
3.097164332866668701e-01,4.938560351729393005e-02,1.038362160325050354e-01,1.149821653962135315e-01,4.925099566380249788e-02,1.039034398529256747e-01,1.149851528987392152e-01
3.100083470344543457e-01,4.507491737604141235e-02,1.010739058256149292e-01,1.106692552566528320e-01,4.494435432893271326e-02,1.011352717965786074e-01,1.106722105472393580e-01
3.103002607822418213e-01,4.098024591803550720e-02,9.828445315361022949e-02,1.064857468008995056e-01,4.085239785629016934e-02,9.834063893889694041e-02,1.064884955172112069e-01
3.105921745300292969e-01,3.709527850151062012e-02,9.547561407089233398e-02,1.024287715554237366e-01,3.697144617070394906e-02,9.552653894269452772e-02,1.024314769703307398e-01
3.108840584754943848e-01,3.341542184352874756e-02,9.265489131212234497e-02,9.849628806114196777e-02,3.329551572965448736e-02,9.270097018832165747e-02,9.849904183066843233e-02
3.111759722232818604e-01,2.993554808199405670e-02,8.982885628938674927e-02,9.468559175729751587e-02,2.981846533301861848e-02,8.987008248892761064e-02,9.468776373630907739e-02
3.114678859710693359e-01,2.664863131940364838e-02,8.700374513864517212e-02,9.099341183900833130e-02,2.653520977132384912e-02,8.704061258011068503e-02,9.099552514233369416e-02
3.117597997188568115e-01,2.354964613914489746e-02,8.418593555688858032e-02,8.741771429777145386e-02,2.344038773422237390e-02,8.421864117337786448e-02,8.741985642988014948e-02
3.120517134666442871e-01,2.063364721834659576e-02,8.138123899698257446e-02,8.395626395940780640e-02,2.052725423742455743e-02,8.141014411498864733e-02,8.395820228751378622e-02
3.123436272144317627e-01,1.789372786879539490e-02,7.859496772289276123e-02,8.060616999864578247e-02,1.779123791491062784e-02,7.862016817572060889e-02,8.060805785108300647e-02
3.126355409622192383e-01,1.532422564923763275e-02,7.583214342594146729e-02,7.736501842737197876e-02,1.522553792377131544e-02,7.585400929895089184e-02,7.736696796303657586e-02
3.129274249076843262e-01,1.292034983634948730e-02,7.309786975383758545e-02,7.423095405101776123e-02,1.282459358960070031e-02,7.311646496597681844e-02,7.423265891680927431e-02
3.132193386554718018e-01,1.067465730011463165e-02,7.039573788642883301e-02,7.120048254728317261e-02,1.058265808985409638e-02,7.041131820041644784e-02,7.120215153327215385e-02
3.135112524032592773e-01,8.581629022955894470e-03,6.773003190755844116e-02,6.827152520418167114e-02,8.493323136237674459e-03,6.774288767562459956e-02,6.827324050115712861e-02
3.138031661510467529e-01,6.636258680373430252e-03,6.510466337203979492e-02,6.544201076030731201e-02,6.550969107551265005e-03,6.511482231369773721e-02,6.544352742015453750e-02
3.140950798988342285e-01,4.831695463508367538e-03,6.252270191907882690e-02,6.270911544561386108e-02,4.749965996220966054e-03,6.253046845405452192e-02,6.271061841545466642e-02
3.143869936466217041e-01,3.162190550938248634e-03,5.998720228672027588e-02,6.007048860192298889e-02,3.083762032411241100e-03,5.999282948162236451e-02,6.007203323913349463e-02
3.146789073944091797e-01,1.622856012545526028e-03,5.750123411417007446e-02,5.752412974834442139e-02,1.547523118857594424e-03,5.750465921514363865e-02,5.752547834875606364e-02
3.149708211421966553e-01,2.070634800475090742e-04,5.506690964102745056e-02,5.506729707121849060e-02,1.348489654753748531e-04,5.506843722859924156e-02,5.506860233421277673e-02
3.152627050876617432e-01,-1.090653124265372753e-03,5.268662795424461365e-02,5.269791558384895325e-02,-1.159474366526942442e-03,5.268658520665552708e-02,5.269934194603197869e-02
3.155546188354492188e-01,-2.275291364639997482e-03,5.036221444606781006e-02,5.041358619928359985e-02,-2.341405355522275210e-03,5.036045005318794815e-02,5.041485008009551072e-02
3.158465325832366943e-01,-3.352977801114320755e-03,4.809517413377761841e-02,4.821191355586051941e-02,-3.416191605312924630e-03,4.809191898383743946e-02,4.821310025949580164e-02
3.161384463310241699e-01,-4.329042043536901474e-03,4.588689282536506653e-02,4.609064385294914246e-02,-4.389195339188257591e-03,4.588245014181955433e-02,4.609191107713054431e-02
3.164303600788116455e-01,-5.208068527281284332e-03,4.373895004391670227e-02,4.404792562127113342e-02,-5.265497258399842381e-03,4.373317906437061697e-02,4.404902283200525653e-02
3.167222738265991211e-01,-5.995812360197305679e-03,4.165190458297729492e-02,4.208124428987503052e-02,-6.050582251173778486e-03,4.164506121914670483e-02,4.208230827229770404e-02
3.170141875743865967e-01,-6.697296164929866791e-03,3.962645307183265686e-02,4.018842428922653198e-02,-6.749280482660967480e-03,3.961876761117626156e-02,4.018954508403917852e-02
3.173061013221740723e-01,-7.316875737160444260e-03,3.766353055834770203e-02,3.836766630411148071e-02,-7.366485685371342018e-03,3.765485605878828024e-02,3.836864991318883478e-02
3.175979852676391602e-01,-7.859718985855579376e-03,3.576330840587615967e-02,3.661679103970527649e-02,-7.906852079073350970e-03,3.575384173043168190e-02,3.661769392363621589e-02
3.178898990154266357e-01,-8.330550976097583771e-03,3.392567858099937439e-02,3.493350744247436523e-02,-8.375213669132956784e-03,3.391548288851026910e-02,3.493428378490769093e-02
3.181818127632141113e-01,-8.733468130230903625e-03,3.215083107352256775e-02,3.331590443849563599e-02,-8.775823512135757717e-03,3.214000560831534181e-02,3.331658804287582210e-02
3.184737265110015869e-01,-9.073100052773952484e-03,3.043847903609275818e-02,3.176195919513702393e-02,-9.113387390021428919e-03,3.042711262895875582e-02,3.176260399677492685e-02
3.187656402587890625e-01,-9.353694505989551544e-03,2.878821268677711487e-02,3.026966936886310577e-02,-9.391614698475981432e-03,2.877658110214641532e-02,3.027034929717594552e-02
3.190575540065765381e-01,-9.578974917531013489e-03,2.719992399215698242e-02,2.883734554052352905e-02,-9.614915416151297370e-03,2.718787057277246427e-02,2.883794210309693559e-02
3.193494677543640137e-01,-9.753085672855377197e-03,2.567275799810886383e-02,2.746294252574443817e-02,-9.787073445475594213e-03,2.566040925707169240e-02,2.746349231011132805e-02
3.196413815021514893e-01,-9.879837743937969208e-03,2.420591004192829132e-02,2.614454552531242371e-02,-9.911749515415044925e-03,2.419351518275715540e-02,2.614515166057813228e-02
3.199332654476165771e-01,-9.962587617337703705e-03,2.279901877045631409e-02,2.488068304955959320e-02,-9.992774441258142279e-03,2.278636205370739021e-02,2.488119443830014155e-02
3.202251791954040527e-01,-1.000496838241815567e-02,2.145066298544406891e-02,2.366918511688709259e-02,-1.003342730877254674e-02,2.143787978905131036e-02,2.366965047080833717e-02
3.205170929431915283e-01,-1.001033652573823929e-02,2.015986666083335876e-02,2.250837534666061401e-02,-1.003697654932208735e-02,2.014717335611841340e-02,2.250887586027185833e-02
3.208090066909790039e-01,-9.981676936149597168e-03,1.892581582069396973e-02,2.139673754572868347e-02,-1.000682017716600890e-02,1.891304741061002395e-02,2.139719169456869019e-02
3.211009204387664795e-01,-9.922103025019168854e-03,1.774718612432479858e-02,2.033250406384468079e-02,-9.945666645498877148e-03,1.773446112612133210e-02,2.033291411621308831e-02
3.213928341865539551e-01,-9.834544733166694641e-03,1.662261597812175751e-02,1.931397430598735809e-02,-9.856599428859478054e-03,1.661005930141000453e-02,1.931441488363937198e-02
3.216847479343414307e-01,-9.721601381897926331e-03,1.555105764418840408e-02,1.833970844745635986e-02,-9.742271848906160908e-03,1.553857972859249217e-02,1.834010143810047358e-02
3.219766616821289062e-01,-9.585918858647346497e-03,1.453106291592121124e-02,1.740809157490730286e-02,-9.605223553244177440e-03,1.451872670487602650e-02,1.740843889148814549e-02
3.222685456275939941e-01,-9.430010803043842316e-03,1.356120500713586807e-02,1.651760749518871307e-02,-9.448019229803759564e-03,1.354914948484740866e-02,1.651800590657002965e-02
3.225604593753814697e-01,-9.256076999008655548e-03,1.264007482677698135e-02,1.566673070192337036e-02,-9.272937401302333571e-03,1.262816244820976104e-02,1.566709465302507445e-02
3.228523731231689453e-01,-9.066341444849967957e-03,1.176625862717628479e-02,1.485406886786222458e-02,-9.082028558902622770e-03,1.175455390075843230e-02,1.485438588937819729e-02
3.231442868709564209e-01,-8.862894028425216675e-03,1.093813963234424591e-02,1.407813187688589096e-02,-8.877482734016247864e-03,1.092673871178797239e-02,1.407847003649340123e-02
3.234362006187438965e-01,-8.647611364722251892e-03,1.015440188348293304e-02,1.333765592426061630e-02,-8.661176496461623145e-03,1.014325373568852710e-02,1.333797490811174449e-02
3.237281143665313721e-01,-8.422307670116424561e-03,9.413519874215126038e-03,1.263129524886608124e-02,-8.434911657672603674e-03,9.402593769872201468e-03,1.263156776785766787e-02
3.240200281143188477e-01,-8.188695646822452545e-03,8.713836781680583954e-03,1.195766311138868332e-02,-8.200374925904673970e-03,8.703248523357588404e-03,1.195795483286051300e-02
3.243119120597839355e-01,-7.948338985443115234e-03,8.054052479565143585e-03,1.131564658135175705e-02,-7.959134882393369831e-03,8.043766481376130734e-03,1.131591831373137194e-02
3.246038258075714111e-01,-7.702654227614402771e-03,7.432532496750354767e-03,1.070389803498983383e-02,-7.712615358321729848e-03,7.422534003334433153e-03,1.070413222527057985e-02
3.248957395553588867e-01,-7.453056517988443375e-03,6.847758777439594269e-03,1.012125704437494278e-02,-7.462244610434758119e-03,6.838020280094059267e-03,1.012144337419027505e-02
3.251876533031463623e-01,-7.200730964541435242e-03,6.298241671174764633e-03,9.566523134708404541e-03,-7.209172708660072267e-03,6.288861663298313601e-03,9.566710624001984603e-03
3.254795670509338379e-01,-6.946854759007692337e-03,5.782599560916423798e-03,9.038653224706649780e-03,-6.954619924336156653e-03,5.773491695361745134e-03,9.038802168892983227e-03
3.257714807987213135e-01,-6.692485883831977844e-03,5.299239419400691986e-03,8.536469191312789917e-03,-6.699617177621470208e-03,5.290486554437232730e-03,8.536633898051492614e-03
3.260633945465087891e-01,-6.438584998250007629e-03,4.846819210797548294e-03,8.058971725404262543e-03,-6.445104276972932547e-03,4.838431801474436106e-03,8.059143343964911624e-03
3.263553082942962646e-01,-6.186034996062517166e-03,4.423980601131916046e-03,7.605171296745538712e-03,-6.192011601756630505e-03,4.415844958329743185e-03,7.605306987380254860e-03
3.266471922397613525e-01,-5.935647524893283844e-03,4.029247909784317017e-03,7.174033205956220627e-03,-5.941098846584533071e-03,4.021462919216011421e-03,7.174177270984976110e-03
3.269391059875488281e-01,-5.688089877367019653e-03,3.661260241642594337e-03,6.764553952962160110e-03,-5.693041417535871576e-03,3.653831925796417138e-03,6.764703121626846130e-03
3.272310197353363037e-01,-5.444041453301906586e-03,3.318798961117863655e-03,6.375893484801054001e-03,-5.448537010059002934e-03,3.311641945996523454e-03,6.376011914078136972e-03
3.275229334831237793e-01,-5.204054526984691620e-03,3.000452183187007904e-03,6.007070187479257584e-03,-5.208132840641473832e-03,2.993619979330763067e-03,6.007196373219086949e-03
3.278148472309112549e-01,-4.968638997524976730e-03,2.705020131543278694e-03,5.657252855598926544e-03,-4.972336827272640092e-03,2.698516000256926187e-03,5.657395348346656166e-03
3.281067609786987305e-01,-4.738254472613334656e-03,2.431353554129600525e-03,5.325648467987775803e-03,-4.741584354026271916e-03,2.425108371832819781e-03,5.325764996831944438e-03
3.283986747264862061e-01,-4.513257183134555817e-03,2.178158145397901535e-03,5.011373199522495270e-03,-4.516248153431304604e-03,2.172232779362074512e-03,5.011496047200551460e-03
3.286905884742736816e-01,-4.293981008231639862e-03,1.944328076206147671e-03,4.713669884949922562e-03,-4.296681613811261478e-03,1.938695362733941019e-03,4.713810836250202467e-03
3.289824724197387695e-01,-4.080747719854116440e-03,1.728853327222168446e-03,4.431866109371185303e-03,-4.083152868654952271e-03,1.723468840995599901e-03,4.431984002079416424e-03
3.292743861675262451e-01,-3.873707028105854988e-03,1.530520385131239891e-03,4.165104590356349945e-03,-3.875848302642719359e-03,1.525427742990133383e-03,4.165228668894713042e-03
3.295662999153137207e-01,-3.673069644719362259e-03,1.348352176137268543e-03,3.912734799087047577e-03,-3.674982644582075898e-03,1.343544812645984694e-03,3.912877470809353678e-03
3.298582136631011963e-01,-3.479008562862873077e-03,1.181433210149407387e-03,3.674137406051158905e-03,-3.480687450044640981e-03,1.176847071034087646e-03,3.674255591749133604e-03
3.301501274108886719e-01,-3.291585715487599373e-03,1.028724131174385548e-03,3.448595292866230011e-03,-3.293063080453939671e-03,1.024400081501025944e-03,3.448718599542168872e-03
3.304420411586761475e-01,-3.110873512923717499e-03,8.893335470929741859e-04,3.235498210415244102e-03,-3.112185449996810165e-03,8.852570938747493078e-04,3.235641883371429862e-03
3.307339549064636230e-01,-2.936944132670760155e-03,7.624607533216476440e-04,3.034301567822694778e-03,-2.938073505499929489e-03,7.585971179449432691e-04,3.034426718685923497e-03
3.310258686542510986e-01,-2.769758459180593491e-03,6.471943343058228493e-04,2.844366710633039474e-03,-2.770739389387931115e-03,6.435528801763047051e-04,2.844495926080581414e-03
3.313177525997161865e-01,-2.609312999993562698e-03,5.427623982541263103e-04,2.665165346115827560e-03,-2.610171880847891694e-03,5.393468404331407335e-04,2.665312788746234535e-03
3.316096663475036621e-01,-2.455586567521095276e-03,4.484609526116400957e-04,2.496201777830719948e-03,-2.456291006423389368e-03,4.452262988005438872e-04,2.496315678230631632e-03
3.319015800952911377e-01,-2.308449009433388710e-03,3.634945605881512165e-04,2.336892299354076385e-03,-2.309046581865121552e-03,3.604572845908895996e-04,2.337012103357113523e-03
3.321934938430786133e-01,-2.167829778045415878e-03,2.871972683351486921e-04,2.186771016567945480e-03,-2.168346178313918134e-03,2.843675199514112957e-04,2.186913358002984861e-03
3.324854075908660889e-01,-2.033667871728539467e-03,2.189788065152242780e-04,2.045423490926623344e-03,-2.034082194091345851e-03,2.163178898071641443e-04,2.045552199717740570e-03
3.327773213386535645e-01,-1.905794721096754074e-03,1.581686665304005146e-04,1.912346808239817619e-03,-1.906135384867402478e-03,1.556730983733377132e-04,1.912481691154389960e-03
3.330692350864410400e-01,-1.784076215699315071e-03,1.041922514559701085e-04,1.787116052582859993e-03,-1.784364699780643243e-03,1.018842929006166456e-04,1.787271045746314287e-03
3.333611488342285156e-01,-1.668408047407865524e-03,5.654812775901518762e-05,1.669366145506501198e-03,-1.668625876506333846e-03,5.438374748530267632e-05,1.669511877087754030e-03
3.336530327796936035e-01,-1.558602554723620415e-03,1.468201935495017096e-05,1.558671705424785614e-03,-1.558769186713479310e-03,1.267025717028605225e-05,1.558820680150274033e-03
3.339449465274810791e-01,-1.454471494071185589e-03,-2.189665246987715364e-05,1.454636221751570702e-03,-1.454609520775636960e-03,-2.375272918029816576e-05,1.454803440357026840e-03
3.342368602752685547e-01,-1.355891581624746323e-03,-5.360511204344220459e-05,1.356950728222727776e-03,-1.355984176456373133e-03,-5.532776518517886470e-05,1.357112467115549961e-03
3.345287740230560303e-01,-1.262650243006646633e-03,-8.089977200143039227e-05,1.265239203348755836e-03,-1.262714154721714457e-03,-8.249639109109882767e-05,1.265406136810482600e-03
3.348206877708435059e-01,-1.174563658423721790e-03,-1.041795985656790435e-04,1.179174752905964851e-03,-1.174615883041892593e-03,-1.056371744025752453e-04,1.179356470839095037e-03
3.351126015186309814e-01,-1.091478276066482067e-03,-1.237938849953934550e-04,1.098476117476820946e-03,-1.091505655154483608e-03,-1.251372890600862967e-04,1.098655513046526517e-03
3.354045152664184570e-01,-1.013179658912122250e-03,-1.401103800162672997e-04,1.022821525111794472e-03,-1.013192486475171343e-03,-1.413389318673001971e-04,1.023003278739188391e-03
3.356963992118835449e-01,-9.394833468832075596e-04,-1.534528273623436689e-04,9.519331506453454494e-04,-9.394998420150957753e-04,-1.545636633604900777e-04,9.521291294660639724e-04
3.359883129596710205e-01,-8.702126797288656235e-04,-1.641083363210782409e-04,8.855516207404434681e-04,-8.702189279413946989e-04,-1.651165721727067932e-04,8.857451467287499837e-04
3.362802267074584961e-01,-8.051668410189449787e-04,-1.723673776723444462e-04,8.234101114794611931e-04,-8.051721346398981296e-04,-1.732739502125379592e-04,8.236055052164399041e-04
3.365721404552459717e-01,-7.441550260409712791e-04,-1.784900086931884289e-04,7.652616477571427822e-04,-7.441726369604371701e-04,-1.792907237803345751e-04,7.654659216675337467e-04
3.368640542030334473e-01,-6.870151264593005180e-04,-1.827038358896970749e-04,7.108941208571195602e-04,-6.870342677146499231e-04,-1.834137633378573337e-04,7.110954180670558218e-04
3.371559679508209229e-01,-6.335505750030279160e-04,-1.852368441177532077e-04,6.600749911740422249e-04,-6.335783124940447307e-04,-1.858518548593022493e-04,6.602744808164591039e-04
3.374478816986083984e-01,-5.835777265019714832e-04,-1.862931967480108142e-04,6.125912768766283989e-04,-5.836243541544667473e-04,-1.868149551364508784e-04,6.127945938280237020e-04
3.377397954463958740e-01,-5.369399441406130791e-04,-1.860517077147960663e-04,5.682602641172707081e-04,-5.369978008311690606e-04,-1.864856463449815927e-04,5.684571526423232287e-04
3.380316793918609619e-01,-4.934605094604194164e-04,-1.846872037276625633e-04,5.268895765766501427e-04,-4.935333740376813541e-04,-1.850335122044971341e-04,5.270793032625637831e-04
3.383235931396484375e-01,-4.529588040895760059e-04,-1.823564671212807298e-04,4.882884095422923565e-04,-4.530557840924381179e-04,-1.826146825854653335e-04,4.884748363993831558e-04
3.386155068874359131e-01,-4.152961191721260548e-04,-1.791972899809479713e-04,4.523080133367329836e-04,-4.154082867987789847e-04,-1.793697537237817622e-04,4.524793401825400038e-04
3.389074206352233887e-01,-3.803013823926448822e-04,-1.753401738824322820e-04,4.187759477645158768e-04,-3.804353717609626571e-04,-1.754256291650192051e-04,4.189334355895273608e-04
3.391993343830108643e-01,-3.478215949144214392e-04,-1.709032367216423154e-04,3.875406691804528236e-04,-3.479832297418212214e-04,-1.709010084133922116e-04,3.876847725385451355e-04
3.394912481307983398e-01,-3.177221224177628756e-04,-1.659895351622253656e-04,3.584687656257301569e-04,-3.179078372370369460e-04,-1.658997095368973677e-04,3.585918384474991020e-04
3.397831618785858154e-01,-2.898582606576383114e-04,-1.606950827408581972e-04,3.314222558401525021e-04,-2.900686602109548502e-04,-1.605161929460217961e-04,3.315196462269813320e-04
3.400750756263732910e-01,-2.640892926137894392e-04,-1.551058085169643164e-04,3.062694449909031391e-04,-2.643297147277766878e-04,-1.548345429111964836e-04,3.063395726421693963e-04
3.403669595718383789e-01,-2.402967656962573528e-04,-1.492974115535616875e-04,2.828997094184160233e-04,-2.405645241765863281e-04,-1.489308794869515537e-04,2.829340862410612608e-04
3.406588733196258545e-01,-2.183497854275628924e-04,-1.433369325241073966e-04,2.611936070024967194e-04,-2.186446693979077801e-04,-1.428711714051054493e-04,2.611851126591777637e-04
3.409507870674133301e-01,-1.981270906981080770e-04,-1.372854167129844427e-04,2.410427987342700362e-04,-1.984521475192289051e-04,-1.367172318822513686e-04,2.409872534980617501e-04
3.412427008152008057e-01,-1.795222924556583166e-04,-1.311955857090651989e-04,2.223522751592099667e-04,-1.798764818337498031e-04,-1.305184713183613326e-04,2.222400055619357453e-04
3.415346145629882812e-01,-1.624273136258125305e-04,-1.251142530236393213e-04,2.050273324130102992e-04,-1.628083250042312272e-04,-1.243228338812580507e-04,2.048480356629036887e-04
3.418265283107757568e-01,-1.467350521124899387e-04,-1.190818729810416698e-04,1.889753184514120221e-04,-1.471458298185573759e-04,-1.181693060811038487e-04,1.887217002166986270e-04
3.421184420585632324e-01,-1.323534379480406642e-04,-1.131338285631500185e-04,1.741168962325900793e-04,-1.327920830391803345e-04,-1.120914207976320582e-04,1.737763618399130376e-04
3.424103558063507080e-01,-1.191912087961100042e-04,-1.073006424121558666e-04,1.603744894964620471e-04,-1.196541629514356463e-04,-1.061203400345279264e-04,1.599332525794824910e-04
3.427022397518157959e-01,-1.071582955773919821e-04,-1.016081878333352506e-04,1.476723555242642760e-04,-1.076473864236724738e-04,-1.002795134654001420e-04,1.471187976592550637e-04
3.429941534996032715e-01,-9.617397154215723276e-05,-9.607754327589645982e-05,1.359423622488975525e-04,-9.668667111665075282e-05,-9.458869727957474694e-05,1.352602455441598501e-04
3.432860672473907471e-01,-8.616356353741139174e-05,-9.072781540453433990e-05,1.251227222383022308e-04,-8.669497529084620538e-05,-8.906647449349315256e-05,1.242934254873543178e-04
3.435779809951782227e-01,-7.705060852458700538e-05,-8.557315595680847764e-05,1.151501637650653720e-04,-7.760061409457457804e-05,-8.372491066915751503e-05,1.141565415314141758e-04
3.438698947429656982e-01,-6.876965926494449377e-05,-8.062617416726425290e-05,1.059709611581638455e-04,-6.933398836494612848e-05,-7.857557167994348181e-05,1.047918050585083761e-04
3.441618084907531738e-01,-6.125849176896736026e-05,-7.589694723719730973e-05,9.753435006132349372e-05,-6.183110109186438336e-05,-7.362606848593028150e-05,9.614511439967841900e-05
3.444537222385406494e-01,-5.445413262350484729e-05,-7.139176159398630261e-05,8.978884579846635461e-05,-5.503175476104173354e-05,-6.888160122188268343e-05,8.816557729051575877e-05
3.447456359863281250e-01,-4.830283796763978899e-05,-6.711653259117156267e-05,8.269095269497483969e-05,-4.887871657084915463e-05,-6.434621998254962919e-05,8.080572355753071374e-05
3.450375199317932129e-01,-4.275509854778647423e-05,-6.307609874056652188e-05,7.620100950589403510e-05,-4.332052381089934430e-05,-6.002111956220061462e-05,7.402163586918812936e-05
3.453294336795806885e-01,-3.775937148020602763e-05,-5.927113306825049222e-05,7.027685933280736208e-05,-3.830675958551678156e-05,-5.590575729282228328e-05,6.777065388814345714e-05
3.456213474273681641e-01,-3.327207014081068337e-05,-5.570289067691192031e-05,6.488330109277740121e-05,-3.379160491759353050e-05,-5.199911597393063525e-05,6.201435821627939934e-05
3.459132611751556396e-01,-2.925438457168638706e-05,-5.237283039605244994e-05,5.998943379381671548e-05,-2.973273275363914360e-05,-4.829853873439524700e-05,5.671670160435287960e-05
3.462051749229431152e-01,-2.566617149568628520e-05,-4.927907502860762179e-05,5.556239557336084545e-05,-2.609042507259824031e-05,-4.480021821064202460e-05,5.184370581073466491e-05
3.464970886707305908e-01,-2.247374686703551561e-05,-4.642086059902794659e-05,5.157485065865330398e-05,-2.282792753449438406e-05,-4.149960052135766769e-05,4.736381655813218006e-05
3.467890024185180664e-01,-1.964720649993978441e-05,-4.379766687634401023e-05,4.800258466275408864e-05,-1.991133277957639306e-05,-3.839133441675729219e-05,4.324760954501793606e-05
3.470808863639831543e-01,-1.715621147013735026e-05,-4.140659075346775353e-05,4.482010263018310070e-05,-1.730911628845003687e-05,-3.546991449452807941e-05,3.946796600961619824e-05
3.473728001117706299e-01,-1.497512312198523432e-05,-3.924556585843674839e-05,4.200558032607659698e-05,-1.499164221488918617e-05,-3.272848787119309288e-05,3.599865628928503920e-05
3.476647138595581055e-01,-1.308277296629967168e-05,-3.731421747943386436e-05,3.954123894800432026e-05,-1.293281635078195063e-05,-3.016047953154822416e-05,3.281634142216332666e-05
3.479566276073455811e-01,-1.145720943895867094e-05,-3.560953700798563659e-05,3.740730971912853420e-05,-1.110757045717103379e-05,-2.775906057624898622e-05,2.989888903516114662e-05
3.482485413551330566e-01,-1.008118852041661739e-05,-3.413043305044993758e-05,3.558815296855755150e-05,-9.493331960986862116e-06,-2.551697962679630606e-05,2.722571580318563987e-05
3.485404551029205322e-01,-8.941122359829023480e-06,-3.287738218205049634e-05,3.407148324185982347e-05,-8.069399273013956977e-06,-2.342700810722734723e-05,2.477781090983248753e-05
3.488323688507080078e-01,-8.023090231290552765e-06,-3.184864181093871593e-05,3.284366175648756325e-05,-6.816424598245126409e-06,-2.148191232003476129e-05,2.253743998836652576e-05
3.491242825984954834e-01,-7.317432391573674977e-06,-3.104468487435951829e-05,3.189540802850387990e-05,-5.717303480485607596e-06,-1.967429141176010122e-05,2.048817467816081898e-05
3.494161665439605713e-01,-6.818325800850288942e-06,-3.046823803742881864e-05,3.122183625237084925e-05,-4.755983648275734476e-06,-1.799719943061487909e-05,1.861500920784060959e-05
3.497080802917480469e-01,-6.519640464830445126e-06,-3.011965782206971198e-05,3.081719114561565220e-05,-3.917755214125019052e-06,-1.644309545893091250e-05,1.690337818867335804e-05
3.499999940395355225e-01,-6.419556029868545011e-06,-3.000204560521524400e-05,3.068115620408207178e-05,-3.189529840329582163e-06,-1.500519914419967552e-05,1.534044008363004888e-05
