x_m,Pre_sim,Pim_sim,p_abs_sim,Pre_analytic,Pim_analytic,p_abs_analytic
0.000000000000000000e+00,4.345330047607421875e+01,-4.634451953125000000e+04,4.634453515625000000e+04,4.311373688845615249e+01,-4.616521783606674580e+04,4.616523796804044832e+04
2.919099351856857538e-04,4.344024658203125000e+01,-4.599128906250000000e+04,4.599130468750000000e+04,4.309744746449239727e+01,-4.578462721334530215e+04,4.578464749733230565e+04
5.838198703713715076e-04,4.340127182006835938e+01,-4.558312890625000000e+04,4.558315234375000000e+04,4.307791576561921687e+01,-4.537666224186433828e+04,4.537668268967072800e+04
8.757297764532268047e-04,4.333641052246093750e+01,-4.514777734375000000e+04,4.514780078125000000e+04,4.299165581640006195e+01,-4.494154641416618688e+04,4.494156697734430054e+04
1.167639740742743015e-03,4.324550628662109375e+01,-4.468530078125000000e+04,4.468532031250000000e+04,4.290074023718605645e+01,-4.447956204943348712e+04,4.447958273840838228e+04
1.459549646824598312e-03,4.312880325317382812e+01,-4.419616015625000000e+04,4.419617968750000000e+04,4.278185329889233657e+01,-4.399097939480659261e+04,4.399100019778215938e+04
1.751459552906453609e-03,4.298636627197265625e+01,-4.368065234375000000e+04,4.368067187500000000e+04,4.265799549839799454e+01,-4.347609350126128265e+04,4.347611442890214676e+04
2.043369458988308907e-03,4.281811141967773438e+01,-4.313890625000000000e+04,4.313892578125000000e+04,4.249114444654806277e+01,-4.293520600558683509e+04,4.293522703141950478e+04
2.335279481485486031e-03,4.262429428100585938e+01,-4.257141015625000000e+04,4.257142968750000000e+04,4.229635646306157071e+01,-4.236864114482840523e+04,4.236866225692069565e+04
2.627189271152019501e-03,4.240505218505859375e+01,-4.197852343750000000e+04,4.197854296875000000e+04,4.205644566894785896e+01,-4.177672368823210854e+04,4.177674485724703118e+04
2.919099293649196625e-03,4.216035079956054688e+01,-4.136042578125000000e+04,4.136044531250000000e+04,4.183124005023340430e+01,-4.115984640080332611e+04,4.115986765759052651e+04
3.211009083315730095e-03,4.189047241210937500e+01,-4.071763281250000000e+04,4.071765234375000000e+04,4.156222744348597331e+01,-4.051834751810784655e+04,4.051836883460274112e+04
3.502919105812907219e-03,4.159560394287109375e+01,-4.005054687500000000e+04,4.005056640625000000e+04,4.126654166000844270e+01,-3.985261376912990090e+04,3.985263513444127602e+04
3.794829128310084343e-03,4.127577209472656250e+01,-3.935942968750000000e+04,3.935944921875000000e+04,4.095043422783658826e+01,-3.916305205227922852e+04,3.916307346196919389e+04
4.086738917976617813e-03,4.093127822875976562e+01,-3.864479296875000000e+04,3.864481250000000000e+04,4.062459755509431858e+01,-3.845007779292505438e+04,3.845009925396701874e+04
4.378648940473794937e-03,4.056236648559570312e+01,-3.790710156250000000e+04,3.790712500000000000e+04,4.023762869714642676e+01,-3.771408675428693095e+04,3.771410821929432859e+04
4.670558962970972061e-03,4.016912078857421875e+01,-3.714667187500000000e+04,3.714669531250000000e+04,3.984731333124195629e+01,-3.695555215915521694e+04,3.695557364182596211e+04
4.962468519806861877e-03,3.975187301635742188e+01,-3.636404296875000000e+04,3.636406640625000000e+04,3.943114795425107388e+01,-3.617492019798005640e+04,3.617494168821359926e+04
5.254378542304039001e-03,3.931090545654296875e+01,-3.555971484375000000e+04,3.555973437500000000e+04,3.901062368619722065e+01,-3.537267259558615478e+04,3.537269410694204271e+04
5.546288564801216125e-03,3.884636306762695312e+01,-3.473406640625000000e+04,3.473408593750000000e+04,3.854677395202346446e+01,-3.454925093293893588e+04,3.454927243634754268e+04
5.838198587298393250e-03,3.835860061645507812e+01,-3.388765234375000000e+04,3.388767187500000000e+04,3.804622267181972006e+01,-3.370515507810932468e+04,3.370517655130229832e+04
6.130108609795570374e-03,3.784794998168945312e+01,-3.302101953125000000e+04,3.302103906250000000e+04,3.753636283399065832e+01,-3.284091802763763553e+04,3.284093947920110077e+04
6.422018166631460190e-03,3.731461334228515625e+01,-3.213459570312500000e+04,3.213461523437500000e+04,3.702218070094463087e+01,-3.195706013130429710e+04,3.195708157635272073e+04
6.713928189128637314e-03,3.675896072387695312e+01,-3.122894921875000000e+04,3.122897070312500000e+04,3.646888081031747220e+01,-3.105407148108460024e+04,3.105409289500466912e+04
7.005838211625814438e-03,3.618137359619140625e+01,-3.030467187500000000e+04,3.030469335937500000e+04,3.589516058636255735e+01,-3.013251450443040812e+04,3.013253588436031714e+04
7.297748234122991562e-03,3.558211135864257812e+01,-2.936223437500000000e+04,2.936225585937500000e+04,3.530008829358333600e+01,-2.919293475227486124e+04,2.919295609469536066e+04
7.589658256620168686e-03,3.496155548095703125e+01,-2.840223046875000000e+04,2.840225000000000000e+04,3.469569197134121907e+01,-2.823592009806469287e+04,2.823594141471707917e+04
7.881567813456058502e-03,3.432014465332031250e+01,-2.742528320312500000e+04,2.742530273437500000e+04,3.404606190486457251e+01,-2.726197762025240081e+04,2.726199887941957422e+04
8.173477835953235626e-03,3.365817260742187500e+01,-2.643190625000000000e+04,2.643192773437500000e+04,3.338754981123017984e+01,-2.627175708458099689e+04,2.627177829991175531e+04
8.465387858450412750e-03,3.297606277465820312e+01,-2.542271093750000000e+04,2.542273242187500000e+04,3.271111923791660558e+01,-2.526581998165026380e+04,2.526584115683622804e+04
8.757297880947589874e-03,3.227427291870117188e+01,-2.439834765625000000e+04,2.439836718750000000e+04,3.202428183758296143e+01,-2.424479389039416492e+04,2.424481504038175626e+04
9.049207903444766998e-03,3.155315780639648438e+01,-2.335937304687500000e+04,2.335939257812500000e+04,3.130793770327868941e+01,-2.320925022998322311e+04,2.320927134627323176e+04
9.341117925941944122e-03,3.081315231323242188e+01,-2.230641406250000000e+04,2.230643554687500000e+04,3.056215205961258263e+01,-2.215980903176058564e+04,2.215983010695787380e+04
9.633027948439121246e-03,3.005476188659667969e+01,-2.124014453125000000e+04,2.124016406250000000e+04,2.980908054078604863e+01,-2.109713133667195507e+04,2.109715239595307139e+04
9.924937039613723755e-03,2.927838516235351562e+01,-2.016116796875000000e+04,2.016118945312500000e+04,2.904674129930870308e+01,-2.002186277819737370e+04,2.002188384798357220e+04
1.021684706211090088e-02,2.848447036743164062e+01,-1.907011132812500000e+04,1.907013085937500000e+04,2.825962275855466999e+01,-1.893459854132792680e+04,1.893461962986149229e+04
1.050875708460807800e-02,2.767355918884277344e+01,-1.796767773437500000e+04,1.796769921875000000e+04,2.745380600237325908e+01,-1.783601155431746884e+04,1.783603268322892109e+04
1.080066710710525513e-02,2.684609413146972656e+01,-1.685449414062500000e+04,1.685451367187500000e+04,2.663898133778176813e+01,-1.672677689402018586e+04,1.672679810656104746e+04
1.109257712960243225e-02,2.600253868103027344e+01,-1.573120996093750000e+04,1.573123046875000000e+04,2.580180301443031610e+01,-1.560752062413345993e+04,1.560754195143457400e+04
1.138448715209960938e-02,2.514347267150878906e+01,-1.459854003906250000e+04,1.459856054687500000e+04,2.494116739075842659e+01,-1.447890637770415378e+04,1.447892785934624590e+04
1.167639717459678650e-02,2.426936912536621094e+01,-1.345714160156250000e+04,1.345716210937500000e+04,2.407367973179431431e+01,-1.334165851084376300e+04,1.334168023009192257e+04
1.196830719709396362e-02,2.338071441650390625e+01,-1.230767285156250000e+04,1.230769531250000000e+04,2.319244045368952456e+01,-1.219642924651276007e+04,1.219645129759005067e+04
1.226021721959114075e-02,2.247811126708984375e+01,-1.115086328125000000e+04,1.115088574218750000e+04,2.230126841456409892e+01,-1.104393048392569108e+04,1.104395300064048752e+04
1.255212631076574326e-02,2.156207656860351562e+01,-9.987391601562500000e+03,9.987414062500000000e+03,2.139113430687852357e+01,-9.884805997154500801e+03,9.884829142782818963e+03
1.284403633326292038e-02,2.063310432434082031e+01,-8.817924804687500000e+03,8.817949218750000000e+03,2.046582088616649386e+01,-8.719745255595977142e+03,8.719769272882918813e+03
1.313594635576009750e-02,1.969182205200195312e+01,-7.643197753906250000e+03,7.643223144531250000e+03,1.953627308980921384e+01,-7.549515187115242043e+03,7.549540464587888891e+03
1.342785637825727463e-02,1.873877525329589844e+01,-6.463904296875000000e+03,6.463931152343750000e+03,1.858971512173958729e+01,-6.374749981385013598e+03,6.374777086508715001e+03
1.371976640075445175e-02,1.777448463439941406e+01,-5.280730957031250000e+03,5.280760742187500000e+03,1.763410488256219466e+01,-5.196168500594838406e+03,5.196198422715305242e+03
1.401167642325162888e-02,1.679959297180175781e+01,-4.094411865234375000e+03,4.094446044921875000e+03,1.666529460409094554e+01,-4.014482746404232785e+03,4.014517337516617317e+03
1.430358644574880600e-02,1.581465911865234375e+01,-2.905641601562500000e+03,2.905684570312500000e+03,1.568765101505562143e+01,-2.830420647311283119e+03,2.830464121503820479e+03
1.459549646824598312e-02,1.482023620605468750e+01,-1.715127563476562500e+03,1.715191528320312500e+03,1.470197977658708055e+01,-1.644615188204208152e+03,1.644680900807604985e+03
1.488740649074316025e-02,1.381697559356689453e+01,-5.235953979492187500e+02,5.237776489257812500e+02,1.370606299166954933e+01,-4.578534822259928774e+02,4.580585850622158546e+02
1.517931651324033737e-02,1.280546092987060547e+01,6.682548217773437500e+02,6.683775024414062500e+02,1.270398646787614894e+01,7.291840350514719375e+02,7.292946923199990579e+02
1.547122560441493988e-02,1.178625965118408203e+01,1.859699829101562500e+03,1.859737060546875000e+03,1.168965430516662174e+01,1.915759376486963674e+03,1.915795040346303267e+03
1.576313562691211700e-02,1.076002883911132812e+01,3.050033935546875000e+03,3.050052734375000000e+03,1.067249462747754940e+01,3.101217639554441121e+03,3.101236003600047752e+03
1.605504564940929413e-02,9.727372169494628906e+00,4.238549804687500000e+03,4.238561035156250000e+03,9.647868446524361374e+00,4.284816844315519120e+03,4.284827706068887892e+03
1.634695567190647125e-02,8.688869476318359375e+00,5.424526367187500000e+03,5.424533691406250000e+03,8.619452361799984530e+00,5.465877253026070321e+03,5.465884049273899109e+03
1.663886569440364838e-02,7.645189285278320312e+00,6.607257812500000000e+03,6.607261718750000000e+03,7.582064988118379034e+00,6.643626267415419534e+03,6.643630593944972134e+03
1.693077571690082550e-02,6.596946239471435547e+00,7.786048339843750000e+03,7.786051269531250000e+03,6.542120586197402332e+00,7.817421821075542539e+03,7.817424558508372684e+03
1.722268573939800262e-02,5.544732093811035156e+00,8.960168945312500000e+03,8.960169921875000000e+03,5.499189378665648498e+00,8.986542734246449982e+03,8.986544416822380299e+03
1.751459576189517975e-02,4.489218711853027344e+00,1.012893457031250000e+04,1.012893554687500000e+04,4.451384997708195179e+00,1.015029270320875730e+04,1.015029367928048487e+04
1.780650578439235687e-02,3.431025743484497070e+00,1.129165820312500000e+04,1.129165820312500000e+04,3.396806596707556469e+00,1.130794549741586889e+04,1.130794600760115281e+04
1.809841580688953400e-02,2.370764493942260742e+00,1.244760449218750000e+04,1.244760449218750000e+04,2.350416288752342098e+00,1.245888510856008179e+04,1.245888533026758705e+04
1.839032582938671112e-02,1.309096693992614746e+00,1.359611523437500000e+04,1.359611523437500000e+04,1.299068078541006477e+00,1.360234839503429066e+04,1.360234845706688247e+04
1.868223585188388824e-02,2.466466426849365234e-01,1.473651855468750000e+04,1.473651855468750000e+04,2.465760608725476033e-01,1.473767831327205931e+04,1.473767831533479148e+04
1.897414587438106537e-02,-8.159584999084472656e-01,1.586807421875000000e+04,1.586807421875000000e+04,-8.160273130432627031e-01,1.586417542095579847e+04,1.586417544194335460e+04
1.926605589687824249e-02,-1.878068208694458008e+00,1.699015039062500000e+04,1.699015039062500000e+04,-1.870909265858559323e+00,1.698120469712133490e+04,1.698120480018532544e+04
1.955796405673027039e-02,-2.939052104949951172e+00,1.810208593750000000e+04,1.810208593750000000e+04,-2.911465308447152012e+00,1.808809670874713629e+04,1.808809694306228630e+04
1.984987407922744751e-02,-3.998284816741943359e+00,1.920316601562500000e+04,1.920316601562500000e+04,-3.968896347649998546e+00,1.918413479465884666e+04,1.918413520521001919e+04
2.014178410172462463e-02,-5.055121898651123047e+00,2.029277148437500000e+04,2.029277148437500000e+04,-5.018387937197500648e+00,2.026871862451276320e+04,2.026871924577100799e+04
2.043369412422180176e-02,-6.108944416046142578e+00,2.137027148437500000e+04,2.137027148437500000e+04,-6.062318510918262682e+00,2.134118082518753363e+04,2.134118168623888050e+04
2.072560414671897888e-02,-7.159102916717529297e+00,2.243494726562500000e+04,2.243494726562500000e+04,-7.103615564077912836e+00,2.240088376675737891e+04,2.240088489308242424e+04
2.101751416921615601e-02,-8.204985618591308594e+00,2.348622265625000000e+04,2.348622265625000000e+04,-8.140959972643534215e+00,2.344718954073340137e+04,2.344719095402063613e+04
2.130942419171333313e-02,-9.245970726013183594e+00,2.452348437500000000e+04,2.452348437500000000e+04,-9.185578209695245633e+00,2.447945282591959403e+04,2.447945454930051710e+04
2.160133421421051025e-02,-1.028141021728515625e+01,2.554603320312500000e+04,2.554603320312500000e+04,-1.019972647359436557e+01,2.549711906353464292e+04,2.549712110365564513e+04
2.189324423670768738e-02,-1.131070709228515625e+01,2.655331835937500000e+04,2.655332226562500000e+04,-1.121843481130237841e+01,2.649951522782883694e+04,2.649951760246235062e+04
2.218515425920486450e-02,-1.233325290679931641e+01,2.754475976562500000e+04,2.754476367187500000e+04,-1.224571601288378098e+01,2.748604655605358857e+04,2.748604928393867885e+04
2.247706428170204163e-02,-1.334840106964111328e+01,2.851967968750000000e+04,2.851968359375000000e+04,-1.325156812831273889e+01,2.845615929139595755e+04,2.845616237691509741e+04
2.276897430419921875e-02,-1.435557651519775391e+01,2.947755859375000000e+04,2.947756250000000000e+04,-1.425127475250285869e+01,2.940925499847472383e+04,2.940925845144931009e+04
2.306088432669639587e-02,-1.535418128967285156e+01,3.041784375000000000e+04,3.041784765625000000e+04,-1.522531963235998731e+01,3.034478149069277788e+04,3.034478531030083104e+04
2.335279434919357300e-02,-1.634358024597167969e+01,3.133989257812500000e+04,3.133989648437500000e+04,-1.620571113736257018e+01,3.126214319453744611e+04,3.126214739490615102e+04
2.364470437169075012e-02,-1.732321166992187500e+01,3.224320703125000000e+04,3.224321093750000000e+04,-1.718991949161902610e+01,3.216078903766403528e+04,3.216079363166374969e+04
2.393661439418792725e-02,-1.829250144958496094e+01,3.312728125000000000e+04,3.312728515625000000e+04,-1.815155673159464200e+01,3.304022226750805567e+04,3.304022725353666465e+04
2.422852441668510437e-02,-1.925083160400390625e+01,3.399149609375000000e+04,3.399150000000000000e+04,-1.910155060536274618e+01,3.389989740057822928e+04,3.389990278214623686e+04
2.452043443918228149e-02,-2.019764900207519531e+01,3.483538671875000000e+04,3.483539062500000000e+04,-2.005324356183523449e+01,3.473928146525945340e+04,3.473928725312447204e+04
2.481234446167945862e-02,-2.113241004943847656e+01,3.565848828125000000e+04,3.565849218750000000e+04,-2.096517811198966186e+01,3.555792584027122211e+04,3.555793202087153622e+04
2.510425262153148651e-02,-2.205450820922851562e+01,3.646022265625000000e+04,3.646022656250000000e+04,-2.187353373799443901e+01,3.635528346311072528e+04,3.635529004332946351e+04
2.539616264402866364e-02,-2.296341705322265625e+01,3.724014453125000000e+04,3.724014843750000000e+04,-2.277781636985805847e+01,3.713090898781281430e+04,3.713091597429501417e+04
2.568807266652584076e-02,-2.385862159729003906e+01,3.799784765625000000e+04,3.799785156250000000e+04,-2.367786914683671284e+01,3.788430708834942925e+04,3.788431448773819284e+04
2.597998268902301788e-02,-2.473953628540039062e+01,3.873279687500000000e+04,3.873280078125000000e+04,-2.455218481938471697e+01,3.861507251276423631e+04,3.861508031813243724e+04
2.627189271152019501e-02,-2.560564231872558594e+01,3.944455859375000000e+04,3.944456640625000000e+04,-2.541115160078046742e+01,3.932273974566659308e+04,3.932274795626639389e+04
2.656380273401737213e-02,-2.645647430419921875e+01,4.013278906250000000e+04,4.013279687500000000e+04,-2.623296681791577356e+01,4.000691028072259360e+04,4.000691888134269539e+04
2.685571275651454926e-02,-2.729146575927734375e+01,4.079698828125000000e+04,4.079699609375000000e+04,-2.708070887137360572e+01,4.066712470600461529e+04,4.066713372268230160e+04
2.714762277901172638e-02,-2.811011314392089844e+01,4.143675781250000000e+04,4.143676953125000000e+04,-2.789300521545839828e+01,4.130303398063207715e+04,4.130304339906428504e+04
2.743953280150890350e-02,-2.891199302673339844e+01,4.205180468750000000e+04,4.205181640625000000e+04,-2.868803722739007256e+01,4.191423986803847947e+04,4.191424968574465311e+04
2.773144282400608063e-02,-2.969656753540039062e+01,4.264169140625000000e+04,4.264170312500000000e+04,-2.946147033085468792e+01,4.250038471535048302e+04,4.250039492676546070e+04
2.802335284650325775e-02,-3.046335029602050781e+01,4.320603125000000000e+04,4.320604296875000000e+04,-3.024278236408002485e+01,4.306109985179681826e+04,4.306111047188984230e+04
2.831526286900043488e-02,-3.121196556091308594e+01,4.374458984375000000e+04,4.374460156250000000e+04,-3.096425247620402388e+01,4.359608817529724911e+04,4.359609917152248818e+04
2.860717289149761200e-02,-3.194190216064453125e+01,4.425698046875000000e+04,4.425699218750000000e+04,-3.168377632737097116e+01,4.410499170310298359e+04,4.410500308346509701e+04
2.889908291399478912e-02,-3.265269470214843750e+01,4.474284765625000000e+04,4.474285937500000000e+04,-3.238880539671009728e+01,4.458752195246037445e+04,4.458753371622892155e+04
2.919099293649196625e-02,-3.334401321411132812e+01,4.520202734375000000e+04,4.520203906250000000e+04,-3.309338513154798989e+01,4.504337512551718100e+04,4.504338728237696341e+04
2.948290295898914337e-02,-3.401538848876953125e+01,4.563417187500000000e+04,4.563418359375000000e+04,-3.375568857457558636e+01,4.547230552679246466e+04,4.547231805580700166e+04
2.977481298148632050e-02,-3.466637039184570312e+01,4.603895312500000000e+04,4.603896484375000000e+04,-3.438047476184316054e+01,4.587405228059041838e+04,4.587406516387432202e+04
3.006672300398349762e-02,-3.529667663574218750e+01,4.641627734375000000e+04,4.641628906250000000e+04,-3.500601972038857213e+01,4.624835023893975449e+04,4.624836348720952810e+04
3.035863302648067474e-02,-3.590587234497070312e+01,4.676584765625000000e+04,4.676585937500000000e+04,-3.562576989573337727e+01,4.659498543321774923e+04,4.659499905265858979e+04
3.065054304897785187e-02,-3.649353790283203125e+01,4.708737109375000000e+04,4.708738281250000000e+04,-3.621101864528012015e+01,4.691376773685982334e+04,4.691378171183710219e+04
3.094245120882987976e-02,-3.705943298339843750e+01,4.738080078125000000e+04,4.738081250000000000e+04,-3.676566439055866908e+01,4.720448974946535600e+04,4.720450406710633251e+04
3.123436123132705688e-02,-3.760318374633789062e+01,4.764592187500000000e+04,4.764593359375000000e+04,-3.732535000270026160e+01,4.746698027209297288e+04,4.746699494736333145e+04
3.152627125382423401e-02,-3.812437057495117188e+01,4.788245312500000000e+04,4.788246484375000000e+04,-3.784509196320810531e+01,4.770109105352395272e+04,4.770110606629124959e+04
3.181818127632141113e-02,-3.862281417846679688e+01,4.809042187500000000e+04,4.809043359375000000e+04,-3.831185352873540495e+01,4.790668005596106377e+04,4.790669537530572416e+04
3.211009129881858826e-02,-3.909818649291992188e+01,4.826966406250000000e+04,4.826967968750000000e+04,-3.878054386475123039e+01,4.808360969861665944e+04,4.808362533731711301e+04
3.240200132131576538e-02,-3.955009078979492188e+01,4.841993359375000000e+04,4.841994921875000000e+04,-3.923027514875700206e+01,4.823179037217816222e+04,4.823180632653339853e+04
3.269391134381294250e-02,-3.997840118408203125e+01,4.854131250000000000e+04,4.854132812500000000e+04,-3.967171781183891710e+01,4.835112218396161188e+04,4.835113845912605757e+04
3.298582136631011963e-02,-4.038283920288085938e+01,4.863371093750000000e+04,4.863372656250000000e+04,-4.007378569336738394e+01,4.844154544525031088e+04,4.844156202098102221e+04
3.327773138880729675e-02,-4.076303482055664062e+01,4.869690625000000000e+04,4.869692187500000000e+04,-4.042839020584256815e+01,4.850299962284259527e+04,4.850301647184640024e+04
3.356964141130447388e-02,-4.111891174316406250e+01,4.873105078125000000e+04,4.873106640625000000e+04,-4.079727996613100061e+01,4.853544464765486191e+04,4.853546179406992451e+04
3.386155143380165100e-02,-4.145024108886718750e+01,4.873610937500000000e+04,4.873612500000000000e+04,-4.112708084179060819e+01,4.853886466505371936e+04,4.853888208858110011e+04
3.415346145629882812e-02,-4.175667190551757812e+01,4.871189453125000000e+04,4.871191015625000000e+04,-4.143177376206455875e+01,4.851326176866028254e+04,4.851327946064285788e+04
3.444537147879600525e-02,-4.203819656372070312e+01,4.865861718750000000e+04,4.865863281250000000e+04,-4.170482422575581438e+01,4.845864141244425991e+04,4.845865935859370802e+04
3.473728150129318237e-02,-4.229463577270507812e+01,4.857631250000000000e+04,4.857632812500000000e+04,-4.193498708418240994e+01,4.837504050746616849e+04,4.837505868360404565e+04
3.502919152379035950e-02,-4.252566146850585938e+01,4.846481250000000000e+04,4.846482812500000000e+04,-4.221031902549481885e+01,4.826252012646249932e+04,4.826253858499602939e+04
3.532110154628753662e-02,-4.273131942749023438e+01,4.832440234375000000e+04,4.832441796875000000e+04,-4.238603034237253553e+01,4.812113077436332242e+04,4.812114944158073195e+04
3.561301156878471375e-02,-4.291147994995117188e+01,4.815516015625000000e+04,4.815517578125000000e+04,-4.256297695795358038e+01,4.795096260001600604e+04,4.795098149021709105e+04
3.590492159128189087e-02,-4.306586074829101562e+01,4.795698828125000000e+04,4.795700390625000000e+04,-4.274087297531894336e+01,4.775213206033921597e+04,4.775215118809098203e+04
3.619683161377906799e-02,-4.319454193115234375e+01,4.773019531250000000e+04,4.773021093750000000e+04,-4.286860794963537558e+01,4.752473227746925113e+04,4.752475161179356655e+04
3.648874163627624512e-02,-4.329745483398437500e+01,4.747493359375000000e+04,4.747494921875000000e+04,-4.296365950433921199e+01,4.726891381616287981e+04,4.726893334142279491e+04
3.678065165877342224e-02,-4.337436294555664062e+01,4.719115625000000000e+04,4.719117187500000000e+04,-4.301802554706156201e+01,4.698482556979826768e+04,4.698484526285993343e+04
3.707256168127059937e-02,-4.342537689208984375e+01,4.687920312500000000e+04,4.687921875000000000e+04,-4.306904084269883271e+01,4.667263823004105507e+04,4.667265810187554598e+04
3.736447170376777649e-02,-4.345048522949218750e+01,4.653928906250000000e+04,4.653930468750000000e+04,-4.311235100629802730e+01,4.633255269651157141e+04,4.633257275448700238e+04
3.765638172626495361e-02,-4.344951248168945312e+01,4.617142968750000000e+04,4.617144531250000000e+04,-4.311074295089587594e+01,4.596475065384812478e+04,4.596477087081572245e+04
3.794829174876213074e-02,-4.342258834838867188e+01,4.577600000000000000e+04,4.577602343750000000e+04,-4.308069880170086918e+01,4.556945613412788953e+04,4.556947649805531546e+04
3.824020177125930786e-02,-4.336975860595703125e+01,4.535326562500000000e+04,4.535328906250000000e+04,-4.304744756040707898e+01,4.514693021537220920e+04,4.514695073816647346e+04
3.853211179375648499e-02,-4.329090118408203125e+01,4.490330468750000000e+04,4.490332421875000000e+04,-4.294711472999035351e+01,4.469737989333060250e+04,4.469740052601916977e+04
3.882402181625366211e-02,-4.318618392944335938e+01,4.442651953125000000e+04,4.442653906250000000e+04,-4.284412018979504921e+01,4.422110999507446104e+04,4.422113075007365114e+04
3.911592811346054077e-02,-4.305570220947265625e+01,4.392324218750000000e+04,4.392326171875000000e+04,-4.270109983963517664e+01,4.371839867013561889e+04,4.371841952386709454e+04
3.940783813595771790e-02,-4.289939117431640625e+01,4.339360546875000000e+04,4.339362500000000000e+04,-4.256751326090209631e+01,4.318954564641640900e+04,4.318956662363112991e+04
3.969974815845489502e-02,-4.271743774414062500e+01,4.283803515625000000e+04,4.283805468750000000e+04,-4.238903553237437904e+01,4.263486119762413000e+04,4.263488226993254648e+04
3.999165818095207214e-02,-4.251000595092773438e+01,4.225691015625000000e+04,4.225692968750000000e+04,-4.217614720998523836e+01,4.205468102586956229e+04,4.205470217484635941e+04
4.028356820344924927e-02,-4.227707672119140625e+01,4.165044531250000000e+04,4.165046484375000000e+04,-4.196519708704951057e+01,4.144935900143493927e+04,4.144938024515688448e+04
4.057547822594642639e-02,-4.201887512207031250e+01,4.101907812500000000e+04,4.101909765625000000e+04,-4.168999859037166544e+01,4.081922256190508779e+04,4.081924385157475626e+04
4.086738824844360352e-02,-4.173560333251953125e+01,4.036323828125000000e+04,4.036325781250000000e+04,-4.140491767149782021e+01,4.016469617421835574e+04,4.016471751593029330e+04
4.115929827094078064e-02,-4.142731094360351562e+01,3.968319921875000000e+04,3.968321875000000000e+04,-4.109850977995793642e+01,3.948614263293379190e+04,3.948616402128595655e+04
4.145120829343795776e-02,-4.109424209594726562e+01,3.897942968750000000e+04,3.897944921875000000e+04,-4.076719097106603584e+01,3.878398201542198512e+04,3.878400344132147438e+04
4.174311831593513489e-02,-4.073666000366210938e+01,3.825241015625000000e+04,3.825243359375000000e+04,-4.042534314604852597e+01,3.805863851885388431e+04,3.805865998845935246e+04
4.203502833843231201e-02,-4.035466766357421875e+01,3.750245703125000000e+04,3.750248046875000000e+04,-4.002930521188022084e+01,3.731050870841739379e+04,3.731053018152068398e+04
4.232693836092948914e-02,-3.994853210449218750e+01,3.673008593750000000e+04,3.673010937500000000e+04,-3.962529661739856124e+01,3.654007622515796538e+04,3.654009771065871610e+04
4.261884838342666626e-02,-3.951855850219726562e+01,3.593578125000000000e+04,3.593580078125000000e+04,-3.921187835135658162e+01,3.574781364237272646e+04,3.574783514817664400e+04
4.291075840592384338e-02,-3.906491470336914062e+01,3.511995312500000000e+04,3.511997265625000000e+04,-3.876187804881913479e+01,3.493415537316214613e+04,3.493417687765698065e+04
4.320266842842102051e-02,-3.858789443969726562e+01,3.428312109375000000e+04,3.428314062500000000e+04,-3.828913807621209742e+01,3.409960558279784163e+04,3.409962707949271135e+04
4.349457845091819763e-02,-3.808784484863281250e+01,3.342582031250000000e+04,3.342583984375000000e+04,-3.777291134226403813e+01,3.324464646086361608e+04,3.324466791984307201e+04
4.378648847341537476e-02,-3.756499099731445312e+01,3.254850585937500000e+04,3.254852539062500000e+04,-3.725525570976172673e+01,3.236982284869130308e+04,3.236984428769677106e+04
4.407839849591255188e-02,-3.701965332031250000e+01,3.165171289062500000e+04,3.165173242187500000e+04,-3.672913524927874818e+01,3.147565901353615482e+04,3.147568044325294613e+04
4.437030851840972900e-02,-3.645222091674804688e+01,3.073602929687500000e+04,3.073605078125000000e+04,-3.616419537853629151e+01,3.056265357433297322e+04,3.056267497052107865e+04
4.466221854090690613e-02,-3.586296844482421875e+01,2.980194335937500000e+04,2.980196484375000000e+04,-3.557733532424831679e+01,2.963137619384042773e+04,2.963139755205079928e+04
4.495412856340408325e-02,-3.525224304199218750e+01,2.885002148437500000e+04,2.885004296875000000e+04,-3.498522633141161009e+01,2.868239328442704937e+04,2.868241462095908355e+04
4.524603858590126038e-02,-3.462047958374023438e+01,2.788087500000000000e+04,2.788089453125000000e+04,-3.435829086090295448e+01,2.771623645861334444e+04,2.771625775464498656e+04
4.553794860839843750e-02,-3.396800231933593750e+01,2.689504687500000000e+04,2.689506640625000000e+04,-3.369405261755950676e+01,2.673349499145726440e+04,2.673351622490862064e+04
4.582985863089561462e-02,-3.329517745971679688e+01,2.589311523437500000e+04,2.589313671875000000e+04,-3.302540987183456167e+01,2.573477489085607885e+04,2.573479608158443443e+04
4.612176865339279175e-02,-3.260248184204101562e+01,2.487572460937500000e+04,2.487574609375000000e+04,-3.234011829769446678e+01,2.472066861481602973e+04,2.472068976883132927e+04
4.641367867588996887e-02,-3.189028549194335938e+01,2.384345507812500000e+04,2.384347460937500000e+04,-3.164118122586345905e+01,2.369180521132413560e+04,2.369182634023124410e+04
4.670558869838714600e-02,-3.115898323059082031e+01,2.279690625000000000e+04,2.279692773437500000e+04,-3.091531558451735862e+01,2.264874589241708236e+04,2.264876699195824403e+04
4.699749872088432312e-02,-3.040908241271972656e+01,2.173674218750000000e+04,2.173676367187500000e+04,-3.016124436415288557e+01,2.159212442552507855e+04,2.159214549108120264e+04
4.728940874338150024e-02,-2.964100074768066406e+01,2.066358007812500000e+04,2.066359960937500000e+04,-2.940663654577279473e+01,2.052263662651662162e+04,2.052265769471182284e+04
4.758131876587867737e-02,-2.885515213012695312e+01,1.957804687500000000e+04,1.957806835937500000e+04,-2.862682426185291362e+01,1.944084575486596441e+04,1.944086683148560769e+04
4.787322878837585449e-02,-2.805208206176757812e+01,1.848081640625000000e+04,1.848083593750000000e+04,-2.783120239584802391e+01,1.834743363304973900e+04,1.834745474159812511e+04
4.816513881087303162e-02,-2.723224449157714844e+01,1.737254101562500000e+04,1.737256250000000000e+04,-2.701666201978437343e+01,1.724304626181126150e+04,1.724306742685274367e+04
4.845704883337020874e-02,-2.639608001708984375e+01,1.625385742187500000e+04,1.625387890625000000e+04,-2.617836344999484410e+01,1.612832688118803162e+04,1.612834812661127216e+04
4.874895885586738586e-02,-2.554416084289550781e+01,1.512546386718750000e+04,1.512548535156250000e+04,-2.534564374464915915e+01,1.500403891941502479e+04,1.500406032702406810e+04
4.904086887836456299e-02,-2.467698097229003906e+01,1.398803320312500000e+04,1.398805468750000000e+04,-2.447826226736519217e+01,1.387070167139736077e+04,1.387072327033558759e+04
4.933277890086174011e-02,-2.379499816894531250e+01,1.284222167968750000e+04,1.284224316406250000e+04,-2.360447554483414478e+01,1.272909055384091516e+04,1.272911243956733233e+04
4.962468892335891724e-02,-2.289881324768066406e+01,1.168873632812500000e+04,1.168875878906250000e+04,-2.271878157203341786e+01,1.157989141225776439e+04,1.157991369841404594e+04
4.991659894585609436e-02,-2.198895072937011719e+01,1.052826855468750000e+04,1.052829101562500000e+04,-2.181667622382531846e+01,1.042374405266366193e+04,1.042376688356001796e+04
5.020850524306297302e-02,-2.106591033935546875e+01,9.361510742187500000e+03,9.361534179687500000e+03,-2.089732873864888774e+01,9.261373525744395010e+03,9.261397102041762992e+03
5.050041526556015015e-02,-2.013028335571289062e+01,8.189138671875000000e+03,8.189163085937500000e+03,-1.996584486403153491e+01,8.093430635988769609e+03,8.093455263021024621e+03
5.079232528805732727e-02,-1.918263435363769531e+01,7.011876464843750000e+03,7.011902343750000000e+03,-1.903040681537997258e+01,6.920693601126150497e+03,6.920719765822915178e+03
5.108423531055450439e-02,-1.822347640991210938e+01,5.830418457031250000e+03,5.830446777343750000e+03,-1.807950515866297536e+01,5.743794120256336100e+03,5.743822574244267344e+03
5.137614533305168152e-02,-1.725343894958496094e+01,4.645469238281250000e+03,4.645501464843750000e+03,-1.711410650450213211e+01,4.563473281778891760e+03,4.563505372644065574e+03
5.166805535554885864e-02,-1.627309989929199219e+01,3.457745117187500000e+03,3.457783447265625000e+03,-1.614414838375165218e+01,3.380434341759053041e+03,3.380472891840873672e+03
5.195996537804603577e-02,-1.528299999237060547e+01,2.267959472656250000e+03,2.268010742187500000e+03,-1.516073211024608902e+01,2.195350330437275716e+03,2.195402678587501214e+03
5.225187540054321289e-02,-1.428377056121826172e+01,1.076806884765625000e+03,1.076901611328125000e+03,-1.416957899447036517e+01,1.008930137494211863e+03,1.009029632524719204e+03
5.254378542304039001e-02,-1.327601814270019531e+01,-1.149897232055664062e+02,1.157535629272460938e+02,-1.317022806864172679e+01,-1.780709172408040217e+02,1.785572918543550145e+02
5.283569544553756714e-02,-1.226030063629150391e+01,-1.306702148437500000e+03,1.306759643554687500e+03,-1.216216283753422367e+01,-1.364963366043408769e+03,1.365017548914825966e+03
5.312760546803474426e-02,-1.123725605010986328e+01,-2.497648193359375000e+03,2.497673583984375000e+03,-1.114626165816854453e+01,-2.551006351496813295e+03,2.551030702387964993e+03
5.341951549053192139e-02,-1.020752048492431641e+01,-3.687090820312500000e+03,3.687104980468750000e+03,-1.012623623785655980e+01,-3.735558329155033334e+03,3.735572054074166317e+03
5.371142551302909851e-02,-9.171639442443847656e+00,-4.874333984375000000e+03,4.874342773437500000e+03,-9.097648378115685830e+00,-4.917875826064579087e+03,4.917884240991890692e+03
5.400333553552627563e-02,-8.130285263061523438e+00,-6.058665527343750000e+03,6.058670410156250000e+03,-8.060440375368193244e+00,-6.097230303179753719e+03,6.097235631063679648e+03
5.429524555802345276e-02,-7.084094047546386719e+00,-7.239369628906250000e+03,7.239373046875000000e+03,-7.025082055865444985e+00,-7.272983509122371288e+03,7.272986901936772483e+03
5.458715558052062988e-02,-6.033635139465332031e+00,-8.415741210937500000e+03,8.415743164062500000e+03,-5.983468772583662165e+00,-8.444364802160234831e+03,8.444366922029217676e+03
5.487906560301780701e-02,-4.979574680328369141e+00,-9.587086914062500000e+03,9.587087890625000000e+03,-4.937956379157935949e+00,-9.610695468726369654e+03,9.610696737282411050e+03
5.517097562551498413e-02,-3.922555685043334961e+00,-1.075269921875000000e+04,1.075269921875000000e+04,-3.892209607885269484e+00,-1.077126854640197780e+04,1.077126924962904195e+04
5.546288564801216125e-02,-2.863168478012084961e+00,-1.191187304687500000e+04,1.191187304687500000e+04,-2.833292853774215470e+00,-1.192538911805186399e+04,1.192538945462571610e+04
5.575479567050933838e-02,-1.802073001861572266e+00,-1.306392968750000000e+04,1.306392968750000000e+04,-1.787907826270949130e+00,-1.307242172800675326e+04,1.307242185027232881e+04
5.604670569300651550e-02,-7.399147152900695801e-01,-1.420817968750000000e+04,1.420817968750000000e+04,-7.347444359595695085e-01,-1.421161553541447392e+04,1.421161555440771735e+04
5.633861571550369263e-02,3.227014541625976562e-01,-1.534391796875000000e+04,1.534391796875000000e+04,3.248059879550204143e-01,-1.534228777215061382e+04,1.534228777558878755e+04
5.663052573800086975e-02,1.385123491287231445e+00,-1.647048828125000000e+04,1.647048828125000000e+04,1.380373956636269828e+00,-1.646380846583868333e+04,1.646380852370598222e+04
5.692243576049804688e-02,2.446706533432006836e+00,-1.758721875000000000e+04,1.758721875000000000e+04,2.429233971524833890e+00,-1.757547034800716938e+04,1.757547051588824252e+04
5.721434578299522400e-02,3.506835699081420898e+00,-1.869341406250000000e+04,1.869341406250000000e+04,3.473051563703188016e+00,-1.867665614801870470e+04,1.867665647093751249e+04
5.750625580549240112e-02,4.564867496490478516e+00,-1.978843554687500000e+04,1.978843554687500000e+04,4.531288043656473086e+00,-1.976662975733735948e+04,1.976663027671196323e+04
5.779816582798957825e-02,5.620163917541503906e+00,-2.087163867187500000e+04,2.087163867187500000e+04,5.580040891968366168e+00,-2.084480384717998095e+04,2.084480459405330475e+04
5.809007585048675537e-02,6.672103881835937500e+00,-2.194233789062500000e+04,2.194233789062500000e+04,6.621688542466071858e+00,-2.191051104442520955e+04,2.191051204501250686e+04
5.838198587298393250e-02,7.720053195953369141e+00,-2.299991992187500000e+04,2.299991992187500000e+04,7.663029416223737122e+00,-2.296311412013144945e+04,2.296311539874762457e+04
5.867389589548110962e-02,8.763383865356445312e+00,-2.404376757812500000e+04,2.404376757812500000e+04,8.698020913636467455e+00,-2.400199000368667839e+04,2.400199157971360910e+04
5.896580591797828674e-02,9.801476478576660156e+00,-2.507321484375000000e+04,2.507321484375000000e+04,9.733368357763124479e+00,-2.502647822373399322e+04,2.502648011649843465e+04
5.925771594047546387e-02,1.083370399475097656e+01,-2.608766601562500000e+04,2.608766601562500000e+04,1.074514027158576290e+01,-2.603605130514463963e+04,2.603605352241701621e+04
5.954962596297264099e-02,1.185945606231689453e+01,-2.708653906250000000e+04,2.708654296875000000e+04,1.176163794008060748e+01,-2.703003342774220437e+04,2.703003598667578262e+04
5.984153598546981812e-02,1.287811660766601562e+01,-2.806919726562500000e+04,2.806920117187500000e+04,1.277174525074090816e+01,-2.800784971964048236e+04,2.800785263163604395e+04
6.013344600796699524e-02,1.388906955718994141e+01,-2.903505859375000000e+04,2.903506250000000000e+04,1.378924302450058015e+01,-2.896890223514259560e+04,2.896890551699309071e+04
6.042535603046417236e-02,1.489172363281250000e+01,-2.998358593750000000e+04,2.998358984375000000e+04,1.478406186948424228e+01,-2.991264721344818827e+04,2.991265086689401141e+04
6.071726605296134949e-02,1.588547325134277344e+01,-3.091416601562500000e+04,3.091416992187500000e+04,1.574831920285889986e+01,-3.083851205369249874e+04,3.083851607479346785e+04
6.100917607545852661e-02,1.686971092224121094e+01,-3.182624218750000000e+04,3.182624609375000000e+04,1.674071046032403842e+01,-3.174590910967954915e+04,3.174591352365563216e+04
6.130108609795570374e-02,1.784387397766113281e+01,-3.271931835937500000e+04,3.271932226562500000e+04,1.770711380156594217e+01,-3.263434069199278383e+04,3.263434549585658533e+04
6.159299239516258240e-02,1.880735397338867188e+01,-3.359280859375000000e+04,3.359281250000000000e+04,1.865431151813651311e+01,-3.350324604455894587e+04,3.350325123783649906e+04
6.188490241765975952e-02,1.975958251953125000e+01,-3.444619140625000000e+04,3.444619531250000000e+04,1.960040801876264283e+01,-3.435212721552790026e+04,3.435213280726259836e+04
6.217681244015693665e-02,2.070001220703125000e+01,-3.527901171875000000e+04,3.527901562500000000e+04,2.054829377634510479e+01,-3.518044466506242316e+04,3.518045066601472354e+04
6.246872246265411377e-02,2.162806510925292969e+01,-3.609072656250000000e+04,3.609073046875000000e+04,2.145245894334970771e+01,-3.598775774171533703e+04,3.598776413566681731e+04
6.276063621044158936e-02,2.254315948486328125e+01,-3.688082812500000000e+04,3.688083203125000000e+04,2.236074232837036746e+01,-3.677353220714405325e+04,3.677353900554934080e+04
6.305254250764846802e-02,2.344479370117187500e+01,-3.764891406250000000e+04,3.764891796875000000e+04,2.327203335812341223e+01,-3.753730296820041258e+04,3.753731018219078396e+04
6.334445625543594360e-02,2.433242607116699219e+01,-3.839449609375000000e+04,3.839450000000000000e+04,2.413542759244803548e+01,-3.827865107935765263e+04,3.827865868828313251e+04
6.363636255264282227e-02,2.520545387268066406e+01,-3.911704687500000000e+04,3.911705078125000000e+04,2.501201903835303497e+01,-3.899707787916431698e+04,3.899708590029136394e+04
6.392827630043029785e-02,2.606346511840820312e+01,-3.981628125000000000e+04,3.981628906250000000e+04,2.587183286385858594e+01,-3.969221079696574452e+04,3.969221922874179290e+04
6.422018259763717651e-02,2.690584754943847656e+01,-4.049167187500000000e+04,4.049167968750000000e+04,2.669722798190158031e+01,-4.036359012614167295e+04,4.036359895516186225e+04
6.451209634542465210e-02,2.773214340209960938e+01,-4.114281250000000000e+04,4.114282421875000000e+04,2.751872904126634722e+01,-4.101084020545621752e+04,4.101084943814150756e+04
6.480400264263153076e-02,2.854187011718750000e+01,-4.176940234375000000e+04,4.176941406250000000e+04,2.831904169078517342e+01,-4.163356105952242069e+04,4.163357069079115172e+04
6.509591639041900635e-02,2.933455848693847656e+01,-4.237103125000000000e+04,4.237104296875000000e+04,2.910637695125435798e+01,-4.223138762275983026e+04,4.223139765299001738e+04
6.538782268762588501e-02,3.010963058471679688e+01,-4.294723437500000000e+04,4.294724609375000000e+04,2.986496890165302176e+01,-4.280395266852500208e+04,4.280396308714529005e+04
6.567973643541336060e-02,3.086676216125488281e+01,-4.349783203125000000e+04,4.349784375000000000e+04,3.062748712419330488e+01,-4.335093303150857537e+04,4.335094385068575502e+04
6.597164273262023926e-02,3.160540771484375000e+01,-4.402240625000000000e+04,4.402241796875000000e+04,3.134856618168358722e+01,-4.387197777953443438e+04,4.387198897953642154e+04
6.626355648040771484e-02,3.232513046264648438e+01,-4.452060156250000000e+04,4.452061328125000000e+04,3.206269951004676244e+01,-4.436678975041428203e+04,4.436680133584306168e+04
6.655546277761459351e-02,3.302555084228515625e+01,-4.499221875000000000e+04,4.499223046875000000e+04,3.277994763995420158e+01,-4.483506312011662521e+04,4.483507510320250731e+04
6.684737652540206909e-02,3.370625686645507812e+01,-4.543696875000000000e+04,4.543698046875000000e+04,3.343359474540822873e+01,-4.527653703053704521e+04,4.527654937473537575e+04
6.713928282260894775e-02,3.436672210693359375e+01,-4.585444140625000000e+04,4.585445312500000000e+04,3.409909768136544983e+01,-4.569091759480260953e+04,4.569093031886640529e+04
6.743118911981582642e-02,3.500667953491210938e+01,-4.624455859375000000e+04,4.624457031250000000e+04,3.473246842754856090e+01,-4.607798309437422722e+04,4.607799618461940554e+04
6.772310286760330200e-02,3.562573623657226562e+01,-4.660705859375000000e+04,4.660707031250000000e+04,3.534930651760372911e+01,-4.643749571857105184e+04,4.643750917292803933e+04
6.801500916481018066e-02,3.622340011596679688e+01,-4.694157812500000000e+04,4.694158984375000000e+04,3.593058024178623100e+01,-4.676923891546490631e+04,4.676925271734019043e+04
6.830692291259765625e-02,3.679947280883789062e+01,-4.724810156250000000e+04,4.724811328125000000e+04,3.651213479677590357e+01,-4.707301149807666661e+04,4.707302565837515431e+04
6.859882920980453491e-02,3.735356140136718750e+01,-4.752641015625000000e+04,4.752642187500000000e+04,3.705121516887977862e+01,-4.734863124223319755e+04,4.734864573887543520e+04
6.889074295759201050e-02,3.788523101806640625e+01,-4.777618359375000000e+04,4.777619531250000000e+04,3.757888846544323513e+01,-4.759593841405875719e+04,4.759595324907079339e+04
6.918264925479888916e-02,3.839428329467773438e+01,-4.799744921875000000e+04,4.799746093750000000e+04,3.810518295809037426e+01,-4.781478013525852293e+04,4.781479531889769714e+04
6.947456300258636475e-02,3.888042831420898438e+01,-4.819007421875000000e+04,4.819008593750000000e+04,3.856544418288930842e+01,-4.800503451253549429e+04,4.800505000354867661e+04
6.976646929979324341e-02,3.934321212768554688e+01,-4.835374609375000000e+04,4.835376171875000000e+04,3.903653206787389962e+01,-4.816657011108167353e+04,4.816658592963157571e+04
7.005838304758071899e-02,3.978253555297851562e+01,-4.848857031250000000e+04,4.848858593750000000e+04,3.948246360890749429e+01,-4.829931221444056428e+04,4.829932835198580869e+04
7.035028934478759766e-02,4.019811248779296875e+01,-4.859446875000000000e+04,4.859448437500000000e+04,3.988490056802775285e+01,-4.840316373315062810e+04,4.840318016601266572e+04
7.064220309257507324e-02,4.058955001831054688e+01,-4.867116406250000000e+04,4.867117968750000000e+04,4.027318882352530949e+01,-4.847807188392653916e+04,4.847808861241217528e+04
7.093410938978195190e-02,4.095674896240234375e+01,-4.871882421875000000e+04,4.871883984375000000e+04,4.063766957206549080e+01,-4.852398661926353816e+04,4.852400363579508848e+04
7.122602313756942749e-02,4.129952621459960938e+01,-4.873741796875000000e+04,4.873743359375000000e+04,4.097847769734737966e+01,-4.854088794713647076e+04,4.854090524425861804e+04
7.151792943477630615e-02,4.161749267578125000e+01,-4.872673437500000000e+04,4.872675000000000000e+04,4.128124374855698875e+01,-4.852875727713137167e+04,4.852877483518223016e+04
7.180984318256378174e-02,4.191062545776367188e+01,-4.868696484375000000e+04,4.868698046875000000e+04,4.158287878620371458e+01,-4.848760585439693386e+04,4.848762368509262888e+04
7.210174947977066040e-02,4.217874526977539062e+01,-4.861815625000000000e+04,4.861817187500000000e+04,4.183770874377172078e+01,-4.841746186070858676e+04,4.841747993676502665e+04
7.239366322755813599e-02,4.242155075073242188e+01,-4.852015234375000000e+04,4.852016796875000000e+04,4.209100303667959508e+01,-4.831835709036638582e+04,4.831837542348352144e+04
7.268556952476501465e-02,4.263901138305664062e+01,-4.839317968750000000e+04,4.839319531250000000e+04,4.231778922487950467e+01,-4.819036284962775244e+04,4.819038143005372694e+04
7.297748327255249023e-02,4.283104324340820312e+01,-4.823733203125000000e+04,4.823734765625000000e+04,4.248564844026909526e+01,-4.803354289715928462e+04,4.803356168642467674e+04
7.326938956975936890e-02,4.299736404418945312e+01,-4.805253515625000000e+04,4.805255078125000000e+04,4.266080536260948008e+01,-4.784800864056104183e+04,4.784802765853069286e+04
7.356130331754684448e-02,4.313800811767578125e+01,-4.783902734375000000e+04,4.783904296875000000e+04,4.278921144096037210e+01,-4.763384418532542622e+04,4.763386340397423919e+04
7.385320961475372314e-02,4.325291061401367188e+01,-4.759698828125000000e+04,4.759700390625000000e+04,4.291375657271382238e+01,-4.739121176360039681e+04,4.739123119325895095e+04
7.414512336254119873e-02,4.334186935424804688e+01,-4.732638281250000000e+04,4.732639843750000000e+04,4.301416283578326727e+01,-4.712022769742092350e+04,4.712024733036742691e+04
7.443702965974807739e-02,4.340491867065429688e+01,-4.702751171875000000e+04,4.702752734375000000e+04,4.306471592976751595e+01,-4.682107324918283120e+04,4.682109305404032057e+04
7.472894340753555298e-02,4.344207763671875000e+01,-4.670057031250000000e+04,4.670058593750000000e+04,4.310379743012515519e+01,-4.649391212008710863e+04,4.649393210051969800e+04
7.502084970474243164e-02,4.345318222045898438e+01,-4.634562890625000000e+04,4.634564453125000000e+04,4.310353197349233767e+01,-4.613894954947142833e+04,4.613896968337219005e+04
7.531276345252990723e-02,4.343830871582031250e+01,-4.596297265625000000e+04,4.596298828125000000e+04,4.309804645126588696e+01,-4.575638719640785712e+04,4.575640749347794917e+04
7.560466974973678589e-02,4.339752578735351562e+01,-4.555290625000000000e+04,4.555292968750000000e+04,4.304815290955325935e+01,-4.534647720730714354e+04,4.534649764046056225e+04
7.589658349752426147e-02,4.333072280883789062e+01,-4.511551953125000000e+04,4.511554296875000000e+04,4.298941357187302259e+01,-4.490943074756958231e+04,4.490945132330639899e+04
7.618848979473114014e-02,4.323800659179687500e+01,-4.465117578125000000e+04,4.465119531250000000e+04,4.288785840758335866e+01,-4.444554148415116651e+04,4.444556217653007479e+04
7.648040354251861572e-02,4.311949157714843750e+01,-4.416016796875000000e+04,4.416018750000000000e+04,4.277172196632655243e+01,-4.395506951570454839e+04,4.395509032581572683e+04
7.677230983972549438e-02,4.297513961791992188e+01,-4.364270703125000000e+04,4.364272656250000000e+04,4.264845359991765861e+01,-4.343831828528133337e+04,4.343833922175203043e+04
7.706422358751296997e-02,4.280507659912109375e+01,-4.309912500000000000e+04,4.309914453125000000e+04,4.245965037245496632e+01,-4.289557279799426033e+04,4.289559381206809485e+04
7.735612988471984863e-02,4.260947799682617188e+01,-4.252984375000000000e+04,4.252986328125000000e+04,4.227556658981173854e+01,-4.232719914864296152e+04,4.232722026063619705e+04
7.764804363250732422e-02,4.238834762573242188e+01,-4.193507421875000000e+04,4.193509375000000000e+04,4.206598915629120228e+01,-4.173348977997252950e+04,4.173351098053596070e+04
7.793994992971420288e-02,4.214186096191406250e+01,-4.131523437500000000e+04,4.131525390625000000e+04,4.181100593898076312e+01,-4.111484016784366395e+04,4.111486142731783912e+04
7.823185622692108154e-02,4.187022781372070312e+01,-4.067073046875000000e+04,4.067075000000000000e+04,4.152952329056817149e+01,-4.047159656750594149e+04,4.047161787505242683e+04
7.852376997470855713e-02,4.157351684570312500e+01,-4.000185546875000000e+04,4.000187500000000000e+04,4.124543750526352426e+01,-3.980414350436400127e+04,3.980416487381838670e+04
7.881567627191543579e-02,4.125191879272460938e+01,-3.930905078125000000e+04,3.930907031250000000e+04,4.091893752301037068e+01,-3.911289956181017624e+04,3.911292096598896023e+04
7.910759001970291138e-02,4.090570449829101562e+01,-3.859277343750000000e+04,3.859279296875000000e+04,4.057760913112130652e+01,-3.839825803705080034e+04,3.839827947737110662e+04
7.939949631690979004e-02,4.053501129150390625e+01,-3.785341015625000000e+04,3.785343359375000000e+04,4.022420056055877779e+01,-3.766066354152451822e+04,3.766068502263633127e+04
7.969141006469726562e-02,4.014004135131835938e+01,-3.709138281250000000e+04,3.709140625000000000e+04,3.981648605042776978e+01,-3.690052214674744027e+04,3.690054362817924266e+04
7.998331636190414429e-02,3.972112274169921875e+01,-3.630722265625000000e+04,3.630724609375000000e+04,3.940822457563132275e+01,-3.611834828377115628e+04,3.611836978264604841e+04
8.027523010969161987e-02,3.927842712402343750e+01,-3.550131640625000000e+04,3.550133593750000000e+04,3.897868517441747827e+01,-3.531454766931113409e+04,3.531456918080618198e+04
8.056713640689849854e-02,3.881221008300781250e+01,-3.467416015625000000e+04,3.467417968750000000e+04,3.850685098811523233e+01,-3.448964247700151464e+04,3.448966397297834192e+04
8.085905015468597412e-02,3.832282638549804688e+01,-3.382630078125000000e+04,3.382632031250000000e+04,3.802051965622790419e+01,-3.364410572730712738e+04,3.364412721040828910e+04
8.115095645189285278e-02,3.781052780151367188e+01,-3.295822265625000000e+04,3.295824218750000000e+04,3.751399748344535112e+01,-3.277844795139615599e+04,3.277846941823846282e+04
8.144287019968032837e-02,3.727556610107421875e+01,-3.207039453125000000e+04,3.207041406250000000e+04,3.698279812487041340e+01,-3.189318593637486993e+04,3.189320737868076321e+04
8.173477649688720703e-02,3.671837615966796875e+01,-3.116343554687500000e+04,3.116345703125000000e+04,3.642200492834574987e+01,-3.098886320699714270e+04,3.098888461084755545e+04
8.202669024467468262e-02,3.613920211791992188e+01,-3.023781445312500000e+04,3.023783593750000000e+04,3.585516084931429504e+01,-3.006599074159887823e+04,3.006601212110560300e+04
8.231859654188156128e-02,3.553838348388671875e+01,-2.929408789062500000e+04,2.929410937500000000e+04,3.525032496014576822e+01,-2.912515411768016202e+04,2.912517544949783405e+04
8.261051028966903687e-02,3.491634750366210938e+01,-2.833286328125000000e+04,2.833288281250000000e+04,3.463361545698229804e+01,-2.816689007185580704e+04,2.816691136435319277e+04
8.290241658687591553e-02,3.427346801757812500e+01,-2.735474804687500000e+04,2.735476757812500000e+04,3.400993503085764758e+01,-2.719180542278715802e+04,2.719182669160712976e+04
8.319433033466339111e-02,3.361000442504882812e+01,-2.636018164062500000e+04,2.636020312500000000e+04,3.333932160849261805e+01,-2.620041521876003026e+04,2.620043643044515557e+04
8.348623663187026978e-02,3.292649841308593750e+01,-2.534991015625000000e+04,2.534993164062500000e+04,3.266586069381220625e+01,-2.519340826391999144e+04,2.519342944124532733e+04
8.377815037965774536e-02,3.222330856323242188e+01,-2.432446875000000000e+04,2.432448828125000000e+04,3.196347804476511456e+01,-2.417127845775866081e+04,2.417129959159078135e+04
8.407005667686462402e-02,3.150079536437988281e+01,-2.328445312500000000e+04,2.328447265625000000e+04,3.125227415869036207e+01,-2.313475067979281084e+04,2.313477178882069711e+04
8.436197042465209961e-02,3.075947570800781250e+01,-2.223052539062500000e+04,2.223054687500000000e+04,3.052122818949792915e+01,-2.208434717109842677e+04,2.208436826171337816e+04
8.465387672185897827e-02,2.999982070922851562e+01,-2.116336914062500000e+04,2.116338867187500000e+04,2.976343248857963175e+01,-2.102075839107015418e+04,2.102077946218121724e+04
8.494579046964645386e-02,2.922211837768554688e+01,-2.008345703125000000e+04,2.008347851562500000e+04,2.899104191423205279e+01,-1.994459045756373962e+04,1.994461152794041845e+04
8.523769676685333252e-02,2.842700386047363281e+01,-1.899159179687500000e+04,1.899161132812500000e+04,2.819772683689125614e+01,-1.885650371951498892e+04,1.885652480272760658e+04
8.552961051464080811e-02,2.761489486694335938e+01,-1.788835742187500000e+04,1.788837890625000000e+04,2.739666803256428196e+01,-1.775711892153526787e+04,1.775714005607223953e+04
8.582151681184768677e-02,2.678622436523437500e+01,-1.677441015625000000e+04,1.677442968750000000e+04,2.657319510818750885e+01,-1.664714733827106102e+04,1.664716854713748398e+04
8.611343055963516235e-02,2.594155311584472656e+01,-1.565042773437500000e+04,1.565044824218750000e+04,2.573520347467609781e+01,-1.552717818980108677e+04,1.552719951692939321e+04
8.640533685684204102e-02,2.508144187927246094e+01,-1.451716113281250000e+04,1.451718164062500000e+04,2.488271326951426943e+01,-1.439796783399122432e+04,1.439798933525322536e+04
8.669725060462951660e-02,2.420621871948242188e+01,-1.337511621093750000e+04,1.337513671875000000e+04,2.401549832612921165e+01,-1.326012392958997771e+04,1.326014567688623174e+04
8.698915690183639526e-02,2.331657981872558594e+01,-1.222512207031250000e+04,1.222514355468750000e+04,2.312924309707081960e+01,-1.211436019526774908e+04,1.211438227490670943e+04
8.728107064962387085e-02,2.241300582885742188e+01,-1.106780468750000000e+04,1.106782714843750000e+04,2.223540639835473343e+01,-1.096133035236113938e+04,1.096135290495162008e+04
8.757297694683074951e-02,2.149598503112792969e+01,-9.903864257812500000e+03,9.903887695312500000e+03,2.132652180445143131e+01,-9.801779899544526415e+03,9.801803100432458450e+03
8.786489069461822510e-02,2.056611824035644531e+01,-8.733987304687500000e+03,8.734011718750000000e+03,2.040276211678614260e+01,-8.636322183749156466e+03,8.636346283829741878e+03
8.815679699182510376e-02,1.962402915954589844e+01,-7.558958984375000000e+03,7.558984375000000000e+03,1.946811791070343034e+01,-7.465745515847365823e+03,7.465770898909907373e+03
8.844871073961257935e-02,1.867010116577148438e+01,-6.379328613281250000e+03,6.379355957031250000e+03,1.851959186742584507e+01,-6.290670093953471223e+03,6.290697354526246272e+03
8.874061703681945801e-02,1.770505714416503906e+01,-5.195923339843750000e+03,5.195953125000000000e+03,1.756252403581497035e+01,-5.111855529439143538e+03,5.111885698654465159e+03
8.903253078460693359e-02,1.672942543029785156e+01,-4.009386718750000000e+03,4.009421630859375000e+03,1.659638915882463905e+01,-3.929972331825015317e+03,3.930007375189423328e+03
8.932443708181381226e-02,1.574377155303955078e+01,-2.820472412109375000e+03,2.820516113281250000e+03,1.561756003199586118e+01,-2.745761839667407457e+03,2.745806254700994032e+03
8.961634337902069092e-02,1.474872016906738281e+01,-1.629875732421875000e+03,1.629942382812500000e+03,1.462950424112859871e+01,-1.559897728941770083e+03,1.559966328852014840e+03
8.990825712680816650e-02,1.374486923217773438e+01,-4.383054504394531250e+02,4.385208740234375000e+02,1.363440746046649643e+01,-3.730778595977209307e+02,3.733269162393930287e+02
9.020016342401504517e-02,1.333628177642822266e+01,9.911229610443115234e-01,1.337306022644042969e+01,1.328302484064696998e+01,9.870999794935572114e-01,1.331965147016845386e+01
9.049207717180252075e-02,1.315422630310058594e+01,2.409032821655273438e+00,1.337299919128417969e+01,1.310176712812043753e+01,2.399339375202141245e+00,1.331965207191586842e+01
9.078398346900939941e-02,1.282222175598144531e+01,3.799472093582153320e+00,1.337330818176269531e+01,1.277080747196372279e+01,3.784124880878505959e+00,1.331965181977547985e+01
9.107589721679687500e-02,1.234316825866699219e+01,5.146386146545410156e+00,1.337307262420654297e+01,1.229391089697124784e+01,5.125707372011107488e+00,1.331965169237384572e+01
9.136780351400375366e-02,1.172323989868164062e+01,6.434484958648681641e+00,1.337299346923828125e+01,1.167655211861127285e+01,6.408685620113990566e+00,1.331965167547940254e+01
9.165971726179122925e-02,1.096966648101806641e+01,7.649256706237792969e+00,1.337328243255615234e+01,1.092574883048422230e+01,7.618473073281784025e+00,1.331965162739427377e+01
9.195162355899810791e-02,1.009034347534179688e+01,8.776356697082519531e+00,1.337308788299560547e+01,1.005013046542688215e+01,8.741166548610040721e+00,1.331965145950301199e+01
9.224353730678558350e-02,9.095789909362792969e+00,9.803236007690429688e+00,1.337298870086669922e+01,9.059641153731803342e+00,9.764016912238361101e+00,1.331965180088682565e+01
9.253544360399246216e-02,7.997562885284423828e+00,1.071835136413574219e+01,1.337325954437255859e+01,7.965658728780945275e+00,1.067527061730161364e+01,1.331965171226437228e+01
9.282735735177993774e-02,6.807653903961181641e+00,1.151067924499511719e+01,1.337310314178466797e+01,6.780635052082129022e+00,1.146455859073046213e+01,1.331965147403701444e+01
9.311926364898681641e-02,5.540047645568847656e+00,1.217146682739257812e+01,1.337298583984375000e+01,5.518153677350184694e+00,1.212283385438522387e+01,1.331965167216777601e+01
9.341117739677429199e-02,4.209245681762695312e+00,1.269352912902832031e+01,1.337323570251464844e+01,4.192596890008998045e+00,1.264259622707061759e+01,1.331965119824289445e+01
9.370308369398117065e-02,2.830231428146362305e+00,1.307019805908203125e+01,1.337311840057373047e+01,2.819156920009959322e+00,1.301789029644918649e+01,1.331965140347246113e+01
9.399499744176864624e-02,1.418865442276000977e+00,1.329749870300292969e+01,1.337298202514648438e+01,1.413478821118686612e+00,1.324443986191240441e+01,1.331965125795587035e+01
9.428690373897552490e-02,-8.649435825645923615e-03,1.337321186065673828e+01,1.337321472167968750e+01,-8.325492480288944341e-03,1.331964845001341047e+01,1.331965105195213894e+01
9.457881748676300049e-02,-1.436120152473449707e+00,1.329580020904541016e+01,1.337313461303710938e+01,-1.430059998959616774e+00,1.324266046990460310e+01,1.331965194446905976e+01
9.487072378396987915e-02,-2.847072839736938477e+00,1.306639862060546875e+01,1.337298011779785156e+01,-2.835428435970846817e+00,1.301435591833544514e+01,1.331965143630361226e+01
9.516263753175735474e-02,-4.225648880004882812e+00,1.268803405761718750e+01,1.337319374084472656e+01,-4.208422510168372987e+00,1.263733751665365723e+01,1.331965162960029758e+01
9.545454382896423340e-02,-5.555844306945800781e+00,1.216444778442382812e+01,1.337315177917480469e+01,-5.533305132075418520e+00,1.211592643351500520e+01,1.331965236134186092e+01
9.574645757675170898e-02,-6.822507858276367188e+00,1.150173759460449219e+01,1.337298011779785156e+01,-6.794983501361392619e+00,1.145606019423242117e+01,1.331965149535265169e+01
9.603836387395858765e-02,-8.011369705200195312e+00,1.070792865753173828e+01,1.337317371368408203e+01,-7.978997041858150396e+00,1.066530391739715355e+01,1.331965095054777315e+01
9.633027762174606323e-02,-9.108616828918457031e+00,9.791568756103515625e+00,1.337317180633544922e+01,-9.071868205139427488e+00,9.752657270411505763e+00,1.331965151817156467e+01
9.662218391895294189e-02,-1.010158252716064453e+01,8.763251304626464844e+00,1.337297821044921875e+01,-1.006104194922762929e+01,8.728605846448990846e+00,1.331965183954826948e+01
9.691409766674041748e-02,-1.097944641113281250e+01,7.634987831115722656e+00,1.337315464019775391e+01,-1.093528605064960679e+01,7.604777247069765878e+00,1.331965157153451429e+01
9.720600396394729614e-02,-1.173172760009765625e+01,6.419408321380615234e+00,1.337319183349609375e+01,-1.168454797169075121e+01,6.394094053825094548e+00,1.331965089902523935e+01
9.749791771173477173e-02,-1.234974288940429688e+01,5.130343437194824219e+00,1.337297916412353516e+01,-1.230032142357441138e+01,5.110304544287481932e+00,1.331965163428116483e+01
9.778982400894165039e-02,-1.282696247100830078e+01,3.782834768295288086e+00,1.337313747406005859e+01,-1.277552417766074377e+01,3.768169423452833122e+00,1.331965160271990989e+01
9.808173775672912598e-02,-1.315754795074462891e+01,2.392015457153320312e+00,1.337321186065673828e+01,-1.310476122701235902e+01,2.382926801639248193e+00,1.331965115755578211e+01
9.837364405393600464e-02,-1.333747291564941406e+01,9.738991260528564453e-01,1.337298297882080078e+01,-1.328424838058377055e+01,9.704936339900024356e-01,1.331965138172383334e+01
9.866555780172348022e-02,-1.336536502838134766e+01,-4.553808569908142090e-01,1.337312126159667969e+01,-1.331194402083368722e+01,-4.530540806043350521e-01,1.331965133228952070e+01
9.895746409893035889e-02,-1.324050712585449219e+01,-1.879449605941772461e+00,1.337323379516601562e+01,-1.318753177622052419e+01,-1.871399963261474619e+00,1.331965210398984567e+01
9.924937784671783447e-02,-1.296399211883544922e+01,-3.282011032104492188e+00,1.337298393249511719e+01,-1.291242736860002971e+01,-3.268387214045620492e+00,1.331965223008123544e+01
9.954128414392471313e-02,-1.253970813751220703e+01,-4.647110462188720703e+00,1.337310504913330078e+01,-1.248978436817906967e+01,-4.628003441767659432e+00,1.331965200073273436e+01
9.983319789171218872e-02,-1.197213935852050781e+01,-5.959181785583496094e+00,1.337325668334960938e+01,-1.192441196726490382e+01,-5.934772498947906705e+00,1.331965184902814237e+01
1.001251041889190674e-01,-1.126743412017822266e+01,-7.202896595001220703e+00,1.337298774719238281e+01,-1.122280652727710937e+01,-7.173682577996814302e+00,1.331965119958284482e+01
1.004170104861259460e-01,-1.043428516387939453e+01,-8.364521026611328125e+00,1.337308883666992188e+01,-1.039296070527676363e+01,-8.330634972729059839e+00,1.331965131939584168e+01
1.007089242339134216e-01,-9.481927871704101562e+00,-9.430675506591796875e+00,1.337327957153320312e+01,-9.444343135161615166e+00,-9.392416759333707788e+00,1.331965126554321621e+01
1.010008305311203003e-01,-8.420920372009277344e+00,-1.038869762420654297e+01,1.337299251556396484e+01,-8.387826942462647040e+00,-1.034685790057741706e+01,1.331965124286081092e+01
1.012927442789077759e-01,-7.263908386230468750e+00,-1.122830295562744141e+01,1.337307643890380859e+01,-7.235437445554751434e+00,-1.118309237784399635e+01,1.331965127771475643e+01
1.015846505761146545e-01,-6.023971557617187500e+00,-1.193972492218017578e+01,1.337330436706542969e+01,-6.000413978997579001e+00,-1.189151543058425453e+01,1.331965116492068546e+01
1.018765643239021301e-01,-4.714970588684082031e+00,-1.251423740386962891e+01,1.337299823760986328e+01,-4.696781038135087627e+00,-1.246408334190905443e+01,1.331965186009905011e+01
1.021684706211090088e-01,-3.352248191833496094e+00,-1.294608974456787109e+01,1.337306213378906250e+01,-3.339527701369948698e+00,-1.289421118953428014e+01,1.331965192745397175e+01
1.024603843688964844e-01,-1.951198697090148926e+00,-1.323022079467773438e+01,1.337332820892333984e+01,-1.944065633249070446e+00,-1.317701506572758596e+01,1.331965154306943155e+01
1.027522906661033630e-01,-5.278105735778808594e-01,-1.336258411407470703e+01,1.337300395965576172e+01,-5.264397291016404967e-01,-1.330924354115948205e+01,1.331965098740473685e+01
1.030442044138908386e-01,9.015995264053344727e-01,-1.334262275695800781e+01,1.337305068969726562e+01,8.972519340886642158e-01,-1.328939628398329376e+01,1.331965144536353129e+01
1.033361107110977173e-01,2.320728063583374023e+00,-1.317045402526855469e+01,1.337335681915283203e+01,2.310653265984860649e+00,-1.311769827242277309e+01,1.331965189041853037e+01
1.036280244588851929e-01,3.713222026824951172e+00,-1.284715747833251953e+01,1.337301349639892578e+01,3.697676490471383914e+00,-1.279610523726005766e+01,1.331965167229305003e+01
1.039199307560920715e-01,5.063354015350341797e+00,-1.237742328643798828e+01,1.337303829193115234e+01,5.042423740577207880e+00,-1.232830404805034519e+01,1.331965156754151636e+01
1.042118445038795471e-01,6.355819702148437500e+00,-1.176651763916015625e+01,1.337338352203369141e+01,6.329577108393598550e+00,-1.171962376333212141e+01,1.331965192957981259e+01
1.045037508010864258e-01,7.575290203094482422e+00,-1.102055740356445312e+01,1.337302112579345703e+01,7.544382813222827444e+00,-1.097703997780415186e+01,1.331965159855026215e+01
1.047956645488739014e-01,8.708403587341308594e+00,-1.014896965026855469e+01,1.337302780151367188e+01,8.673003304522502788e+00,-1.010901301033271693e+01,1.331965203612070248e+01
1.050875708460807800e-01,9.742252349853515625e+00,-9.161685943603515625e+00,1.337340545654296875e+01,9.702501813407760523e+00,-9.125489691144014870e+00,1.331965102930090161e+01
1.053794845938682556e-01,1.066423511505126953e+01,-8.069203376770019531e+00,1.337303066253662109e+01,1.062115181746445636e+01,-8.037676709772448191e+00,1.331965137758668938e+01
1.056713908910751343e-01,1.146462345123291016e+01,-6.884768486022949219e+00,1.337301921844482422e+01,1.141842355447674784e+01,-6.858040951165614629e+00,1.331965172807810305e+01
1.059633046388626099e-01,1.213436126708984375e+01,-5.621787548065185547e+00,1.337337684631347656e+01,1.208523503372315666e+01,-5.600019910317877603e+00,1.331965197804680479e+01
1.062552109360694885e-01,1.266479969024658203e+01,-4.294307708740234375e+00,1.337304115295410156e+01,1.261394281437623199e+01,-4.278032002364750674e+00,1.331965131441550731e+01
1.065471246838569641e-01,1.305080509185791016e+01,-2.917858839035034180e+00,1.337300968170166016e+01,1.299852574776361180e+01,-2.907137468429349614e+00,1.331965164242741650e+01
1.068390309810638428e-01,1.328803539276123047e+01,-1.508186221122741699e+00,1.337335109710693359e+01,1.323457465510314357e+01,-1.503049044372281040e+00,1.331965174962494736e+01
1.071309447288513184e-01,1.337280654907226562e+01,-8.113140612840652466e-02,1.337305164337158203e+01,1.331940014395725846e+01,-8.176038325174449228e-02,1.331965108233387873e+01
1.074228510260581970e-01,1.330501461029052734e+01,1.346773266792297363e+00,1.337300205230712891e+01,1.325203175919953047e+01,1.340436622543470957e+00,1.331965150016653965e+01
1.077147647738456726e-01,1.308554744720458984e+01,2.759391784667968750e+00,1.337332439422607422e+01,1.303323596394689687e+01,2.747342542569403356e+00,1.331965205018999221e+01
1.080066710710525513e-01,1.271599388122558594e+01,4.140332221984863281e+00,1.337306404113769531e+01,1.266551857797912994e+01,4.122830470340208109e+00,1.331965059362670267e+01
1.082985848188400269e-01,1.220131778717041016e+01,5.474019050598144531e+00,1.337299728393554688e+01,1.215306701420134061e+01,5.451244987347964255e+00,1.331965126284299572e+01
1.085904911160469055e-01,1.154757690429687500e+01,6.745265007019042969e+00,1.337329959869384766e+01,1.150176837402095487e+01,6.717324212175096676e+00,1.331965165839942067e+01
1.088824048638343811e-01,1.076139450073242188e+01,7.939244747161865234e+00,1.337307834625244141e+01,1.071901762989472040e+01,7.906691314359907352e+00,1.331965113997240735e+01
1.091743111610412598e-01,9.852394104003906250e+00,9.042524337768554688e+00,1.337299156188964844e+01,9.813816319633085428e+00,9.005671201338989462e+00,1.331965106683066047e+01
1.094662249088287354e-01,8.831041336059570312e+00,1.004276752471923828e+01,1.337327480316162109e+01,8.796443169825119313e+00,1.000178570065630090e+01,1.331965200903596624e+01
1.097581312060356140e-01,7.708489894866943359e+00,1.092788982391357422e+01,1.337309265136718750e+01,7.678594322462759081e+00,1.088357979286036326e+01,1.331965164246106603e+01
1.100500449538230896e-01,6.497896194458007812e+00,1.168820476531982422e+01,1.337298679351806641e+01,6.472963955638990186e+00,1.164104177400215612e+01,1.331965149525560577e+01
1.103419512510299683e-01,5.213280200958251953e+00,1.231525802612304688e+01,1.337325286865234375e+01,5.193402978965993455e+00,1.226546746691651890e+01,1.331965189800095395e+01
1.106338649988174438e-01,3.868854999542236328e+00,1.280124855041503906e+01,1.337310791015625000e+01,3.854464512467489445e+00,1.274975407861887788e+01,1.331965186268507395e+01
1.109257712960243225e-01,2.480291366577148438e+00,1.314096069335937500e+01,1.337298297882080078e+01,2.471530266130637976e+00,1.308833992039548022e+01,1.331965103627785396e+01
1.112176850438117981e-01,1.063404679298400879e+00,1.333088207244873047e+01,1.337322902679443359e+01,1.060305566480823192e+00,1.327738158151810133e+01,1.331965125502714997e+01
1.115095913410186768e-01,-3.656419217586517334e-01,1.336812400817871094e+01,1.337312316894531250e+01,-3.629845096544938032e-01,1.331470501534895590e+01,1.331965192488181238e+01
1.118014976382255554e-01,-1.790480375289916992e+00,1.325257778167724609e+01,1.337298107147216797e+01,-1.782126717451714359e+00,1.319989125016071441e+01,1.331965107099749268e+01
1.120934113860130310e-01,-3.194918155670166016e+00,1.298596096038818359e+01,1.337320804595947266e+01,-3.180955894701905873e+00,1.293424347282529574e+01,1.331965219584815507e+01
1.123853176832199097e-01,-4.562798023223876953e+00,1.257067108154296875e+01,1.337314128875732422e+01,-4.543400484131660200e+00,1.252080872121276300e+01,1.331965236004323749e+01
1.126772314310073853e-01,-5.878515720367431641e+00,1.201164627075195312e+01,1.337297916412353516e+01,-5.853952901227207128e+00,1.196429441839774555e+01,1.331965110278380848e+01
1.129691377282142639e-01,-7.127193450927734375e+00,1.131570816040039062e+01,1.337318706512451172e+01,-7.097592864806661517e+00,1.127108280371142612e+01,1.331965209916061887e+01
1.132610514760017395e-01,-8.294353485107421875e+00,1.049023723602294922e+01,1.337315845489501953e+01,-8.260142972068610590e+00,1.044907448286432228e+01,1.331965162710574724e+01
1.135529577732086182e-01,-9.366593360900878906e+00,9.544815063476562500e+00,1.337297916412353516e+01,-9.328298691700712908e+00,9.507678654583047617e+00,1.331965126722165138e+01
1.138448715209960938e-01,-1.033206176757812500e+01,8.490589141845703125e+00,1.337316799163818359e+01,-1.028989901693456943e+01,8.457605599024125453e+00,1.331965143115071193e+01
1.141367778182029724e-01,-1.117934799194335938e+01,7.339213371276855469e+00,1.337317752838134766e+01,-1.113388687920468278e+01,7.310928278476437114e+00,1.331965124663377154e+01
1.144286915659904480e-01,-1.189872360229492188e+01,6.103847026824951172e+00,1.337297916412353516e+01,-1.185066700157932651e+01,6.080692190275655662e+00,1.331965186839357784e+01
1.147205978631973267e-01,-1.248244094848632812e+01,4.798935890197753906e+00,1.337314891815185547e+01,-1.243201342718803204e+01,4.781020174404341461e+00,1.331965133784833277e+01
1.150125116109848022e-01,-1.292343330383300781e+01,3.439086437225341797e+00,1.337319850921630859e+01,-1.287133294530267946e+01,3.426646704620676331e+00,1.331965162559148474e+01
1.153044179081916809e-01,-1.321647834777832031e+01,2.039925098419189453e+00,1.337298011779785156e+01,-1.316356127235701834e+01,2.033167221722028906e+00,1.331965143397462903e+01
1.155963316559791565e-01,-1.335886669158935547e+01,6.175177693367004395e-01,1.337313270568847656e+01,-1.330537984457608580e+01,6.164305585004081767e-01,1.331965162614640974e+01
1.158882379531860352e-01,-1.334854507446289062e+01,-8.119767308235168457e-01,1.337321758270263672e+01,-1.329516384083429337e+01,-8.072992368021041365e-01,1.331965140731426800e+01
1.161801517009735107e-01,-1.318537044525146484e+01,-2.232191324234008789e+00,1.337298297882080078e+01,-1.313302479216864960e+01,-2.221879715699718538e+00,1.331965050828114805e+01
1.164720579981803894e-01,-1.287189579010009766e+01,-3.626913070678710938e+00,1.337311458587646484e+01,-1.282082875884303341e+01,-3.611022514739166134e+00,1.331965216008022246e+01
1.167639717459678650e-01,-1.241131210327148438e+01,-4.980252742767333984e+00,1.337324142456054688e+01,-1.236212537634092001e+01,-4.958927094332596042e+00,1.331965096191631126e+01
1.170558780431747437e-01,-1.180858135223388672e+01,-6.276475429534912109e+00,1.337298488616943359e+01,-1.176217729751117247e+01,-6.250145547533477952e+00,1.331965217802025592e+01
1.173477917909622192e-01,-1.107123184204101562e+01,-7.501173496246337891e+00,1.337309837341308594e+01,-1.102781422656601684e+01,-7.469968275575115335e+00,1.331965137132915089e+01
1.176396980881690979e-01,-1.020740795135498047e+01,-8.640196800231933594e+00,1.337326335906982422e+01,-1.016745631455535381e+01,-8.604414464437274646e+00,1.331965150385733310e+01
1.179316118359565735e-01,-9.226598739624023438e+00,-9.680223464965820312e+00,1.337298965454101562e+01,-9.190903254514031673e+00,-9.640560479657015236e+00,1.331965123401364792e+01
1.182235181331634521e-01,-8.140651702880859375e+00,-1.060986232757568359e+01,1.337308502197265625e+01,-8.109348409877803476e+00,-1.056653138163653871e+01,1.331965153717984585e+01
1.185154318809509277e-01,-6.961690902709960938e+00,-1.141839218139648438e+01,1.337328815460205078e+01,-6.935111493681831440e+00,-1.137177826662378877e+01,1.331965136086733281e+01
1.188073381781578064e-01,-5.702996253967285156e+00,-1.209598350524902344e+01,1.337299537658691406e+01,-5.681650976897596905e+00,-1.204707256974408303e+01,1.331965147156492790e+01
1.190992519259452820e-01,-4.379248619079589844e+00,-1.263571166992187500e+01,1.337307167053222656e+01,-4.363222697739461253e+00,-1.258472923753882355e+01,1.331965173314352491e+01
1.193911582231521606e-01,-3.005514144897460938e+00,-1.303120803833007812e+01,1.337331295013427734e+01,-2.995009505984810527e+00,-1.297856009307427883e+01,1.331965104762431906e+01
1.196830719709396362e-01,-1.597284793853759766e+00,-1.327726745605468750e+01,1.337300014495849609e+01,-1.592525143789517372e+00,-1.322410653684195303e+01,1.331965202365842060e+01
1.199749782681465149e-01,-1.709117442369461060e-01,-1.337196540832519531e+01,1.337305736541748047e+01,-1.718681423247315210e-01,-1.331854289659394830e+01,1.331965178023657259e+01
1.202668920159339905e-01,1.257486224174499512e+00,-1.331408786773681641e+01,1.337333965301513672e+01,1.250802903298703139e+00,-1.326079278173698484e+01,1.331965213896625144e+01
1.205587983131408691e-01,2.671379804611206055e+00,-1.310347461700439453e+01,1.337300777435302734e+01,2.659105730181481775e+00,-1.305152395262028442e+01,1.331965167600508337e+01
1.208507120609283447e-01,4.054860591888427734e+00,-1.274348735809326172e+01,1.337304592132568359e+01,4.037074351094847025e+00,-1.269311349411894341e+01,1.331965087721342300e+01
1.211426183581352234e-01,5.392096042633056641e+00,-1.223814487457275391e+01,1.337336540222167969e+01,5.368889598593754364e+00,-1.218967393043568315e+01,1.331965187428828834e+01
1.214345321059226990e-01,6.667477607727050781e+00,-1.159233760833740234e+01,1.337301540374755859e+01,6.639401591969872563e+00,-1.154692437349654455e+01,1.331965149644316426e+01
1.217264384031295776e-01,7.866790771484375000e+00,-1.081441974639892578e+01,1.337303447723388672e+01,7.834003670960399290e+00,-1.077225676447306313e+01,1.331965199681871326e+01
1.220183521509170532e-01,8.976471900939941406e+00,-9.913152694702148438e+00,1.337339305877685547e+01,8.939090941869066498e+00,-9.874500415814615906e+00,1.331965109636617228e+01
1.223102584481239319e-01,9.983042716979980469e+00,-8.898126602172851562e+00,1.337302589416503906e+01,9.942037453978633366e+00,-8.863916461370608957e+00,1.331965178863437238e+01
1.226021721959114075e-01,1.087583637237548828e+01,-7.781644821166992188e+00,1.337302494049072266e+01,1.083141231405163829e+01,-7.752007304700778256e+00,1.331965127055223341e+01
1.228940784931182861e-01,1.164465427398681641e+01,-6.576453208923339844e+00,1.337339687347412109e+01,1.159698951857427929e+01,-6.551560493174191535e+00,1.331965130135329467e+01
1.231859847903251648e-01,1.227978038787841797e+01,-5.295755863189697266e+00,1.337303352355957031e+01,1.223005581947895060e+01,-5.276252132263238082e+00,1.331965096805405580e+01
1.234778985381126404e-01,1.277489852905273438e+01,-3.954685449600219727e+00,1.337301635742187500e+01,1.272337795977714414e+01,-3.940655938553144111e+00,1.331965149444222263e+01
1.237698048353195190e-01,1.312438869476318359e+01,-2.568533182144165039e+00,1.337336826324462891e+01,1.307131757793080595e+01,-2.560032907944554736e+00,1.331965133601033635e+01
1.240617185831069946e-01,1.332325553894042969e+01,-1.152898788452148438e+00,1.337304401397705078e+01,1.326990484321038011e+01,-1.150106428237702261e+00,1.331965162247616874e+01
1.243536248803138733e-01,1.337016391754150391e+01,2.758443355560302734e-01,1.337300872802734375e+01,1.331685535760589190e+01,2.729107608501740723e-01,1.331965153068144581e+01
1.246455386281013489e-01,1.326465606689453125e+01,1.701512336730957031e+00,1.337333965301513672e+01,1.321164310215880633e+01,1.692810102613542700e+00,1.331965162841471795e+01
1.249374449253082275e-01,1.300697135925292969e+01,3.107629299163818359e+00,1.337305641174316406e+01,1.295546985137344898e+01,3.093366502052230071e+00,1.331965147388869219e+01
1.252293586730957031e-01,1.260089015960693359e+01,4.478251934051513672e+00,1.337300205230712891e+01,1.255124636421076900e+01,4.458625216675627279e+00,1.331965180167596685e+01
1.255212724208831787e-01,1.205114364624023438e+01,5.797886371612548828e+00,1.337331485748291016e+01,1.200360794587427016e+01,5.772911391657461699e+00,1.331965125872987876e+01
1.258131712675094604e-01,1.136322021484375000e+01,7.050971508026123047e+00,1.337306785583496094e+01,1.131883486637465985e+01,7.021188868598764898e+00,1.331965149171681162e+01
1.261050850152969360e-01,1.054558086395263672e+01,8.223608970642089844e+00,1.337299633026123047e+01,1.050471815534675812e+01,8.189262801942563286e+00,1.331965197602970363e+01
1.263969987630844116e-01,9.607707023620605469e+00,9.302517890930175781e+00,1.337329006195068359e+01,9.570534356564206036e+00,9.263799841761581888e+00,1.331965147360837420e+01
1.266889125108718872e-01,8.559679985046386719e+00,1.027478599548339844e+01,1.337308311462402344e+01,8.527006891933913479e+00,1.023246164812467640e+01,1.331965156884484003e+01
1.269808113574981689e-01,7.413999080657958984e+00,1.112966728210449219e+01,1.337299156188964844e+01,7.386085222383567128e+00,1.108417160717349859e+01,1.331965146426827751e+01
1.272727251052856445e-01,6.183726787567138672e+00,1.185773086547851562e+01,1.337326622009277344e+01,6.160748839021089829e+00,1.180924556340724862e+01,1.331965116038529828e+01
1.275646388530731201e-01,4.882575988769531250e+00,1.244990730285644531e+01,1.337309741973876953e+01,4.864969630072537576e+00,1.239940268995399997e+01,1.331965151830807415e+01
1.278565526008605957e-01,3.525682210922241211e+00,1.289985752105712891e+01,1.337298583984375000e+01,3.513622602137358886e+00,1.284786261443245259e+01,1.331965155511140253e+01
1.281484514474868774e-01,2.128660202026367188e+00,1.320274257659912109e+01,1.337324237823486328e+01,2.122176520799523569e+00,1.314950516529374092e+01,1.331965161997563385e+01
1.284403651952743530e-01,7.072244882583618164e-01,1.335439968109130859e+01,1.337311363220214844e+01,7.064314194992173945e-01,1.330090496813109091e+01,1.331965158409595773e+01
1.287322789430618286e-01,-7.223269939422607422e-01,1.335346031188964844e+01,1.337298297882080078e+01,-7.173859390278460868e-01,1.330031872092135892e+01,1.331965167200726974e+01
1.290241926908493042e-01,-2.143656492233276367e+00,1.320029449462890625e+01,1.337322044372558594e+01,-2.133030543157035996e+00,1.314774932966914811e+01,1.331965208756806618e+01
1.293160915374755859e-01,-3.540384054183959961e+00,1.289597892761230469e+01,1.337312984466552734e+01,-3.524202603869017292e+00,1.284496349317703334e+01,1.331965056351584309e+01
1.296080052852630615e-01,-4.896684646606445312e+00,1.244423866271972656e+01,1.337298107147216797e+01,-4.875180344640638985e+00,1.239539183744469319e+01,1.331965172955212751e+01
1.298999190330505371e-01,-6.197172164916992188e+00,1.185063457489013672e+01,1.337320041656494141e+01,-6.170449921878073951e+00,1.180417889048096391e+01,1.331965057788234574e+01
1.301918327808380127e-01,-7.426734924316406250e+00,1.112136173248291016e+01,1.337314796447753906e+01,-7.395232762332256016e+00,1.107807050080322142e+01,1.331965140797006342e+01
1.304837316274642944e-01,-8.571289062500000000e+00,1.026496791839599609e+01,1.337297916412353516e+01,-8.535431312641316381e+00,1.022543557359152899e+01,1.331965166070378181e+01
1.307756453752517700e-01,-9.618197441101074219e+00,9.291513442993164062e+00,1.337318038940429688e+01,-9.578160843526923429e+00,9.255914208747089589e+00,1.331965138373218238e+01
1.310675591230392456e-01,-1.055505657196044922e+01,8.211718559265136719e+00,1.337316608428955078e+01,-1.051144329404443489e+01,8.180628664268763117e+00,1.331965185230332693e+01
1.313594728708267212e-01,-1.137115287780761719e+01,7.038000106811523438e+00,1.337297821044921875e+01,-1.132462714629502543e+01,7.011842804575898036e+00,1.331965162902863042e+01
1.316513717174530029e-01,-1.205755710601806641e+01,5.784182071685791016e+00,1.337316131591796875e+01,-1.200835833459207791e+01,5.763023527968273108e+00,1.331965127455981701e+01
1.319432854652404785e-01,-1.260612106323242188e+01,4.464053153991699219e+00,1.337318420410156250e+01,-1.255491419174735057e+01,4.448286331668213300e+00,1.331965170905925966e+01
1.322351992130279541e-01,-1.301041221618652344e+01,3.092856645584106445e+00,1.337298107147216797e+01,-1.295800686966152604e+01,3.082719920154788351e+00,1.331965105174735697e+01
1.325271129608154297e-01,-1.326638507843017578e+01,1.686407208442687988e+00,1.337314224243164062e+01,-1.321303577916310878e+01,1.681902972281236419e+00,1.331965135090302965e+01
1.328190118074417114e-01,-1.337066364288330078e+01,2.607204914093017578e-01,1.337320613861083984e+01,-1.331707458462611271e+01,2.619688499684464933e-01,1.331965101535503848e+01
1.331109255552291870e-01,-1.332187557220458984e+01,-1.168003916740417480e+00,1.337298011779785156e+01,-1.326895117308347416e+01,-1.161060679846391830e+00,1.331965191496980161e+01
1.334028393030166626e-01,-1.312122344970703125e+01,-2.583404302597045898e+00,1.337312507629394531e+01,-1.306921024575738421e+01,-2.570772487965321762e+00,1.331965193361632949e+01
1.336947530508041382e-01,-1.277058410644531250e+01,-3.969303846359252930e+00,1.337322711944580078e+01,-1.272012099168250820e+01,-3.951158060292996765e+00,1.331965194967422228e+01
1.339866518974304199e-01,-1.227371883392333984e+01,-5.309659957885742188e+00,1.337298297882080078e+01,-1.222571607744027489e+01,-5.286299548626292477e+00,1.331965076584172891e+01
1.342785656452178955e-01,-1.163692188262939453e+01,-6.589545249938964844e+00,1.337310981750488281e+01,-1.159157832747849426e+01,-6.561131530824753533e+00,1.331965221343454964e+01
1.345704793930053711e-01,-1.086714267730712891e+01,-7.794164657592773438e+00,1.337325000762939453e+01,-1.082500920129486488e+01,-7.760946396149900117e+00,1.331965139078461924e+01
1.348623782396316528e-01,-9.972915649414062500e+00,-8.909417152404785156e+00,1.337298679351806641e+01,-9.934750255265015539e+00,-8.872082246149924245e+00,1.331965112219299030e+01
1.351542919874191284e-01,-8.965023040771484375e+00,-9.923104286193847656e+00,1.337309360504150391e+01,-8.930974290165456964e+00,-9.881842950308206142e+00,1.331965171714907648e+01
1.354462057352066040e-01,-7.854659557342529297e+00,-1.082352638244628906e+01,1.337327194213867188e+01,-7.825108502130990296e+00,-1.077871953729047583e+01,1.331965156953026685e+01
1.357381194829940796e-01,-6.654281616210937500e+00,-1.159988880157470703e+01,1.337299060821533203e+01,-6.629867383038924977e+00,-1.155240132149891075e+01,1.331965156487410518e+01
1.360300183296203613e-01,-5.378131866455078125e+00,-1.224397659301757812e+01,1.337308025360107422e+01,-5.358871733814384974e+00,-1.219408073489746869e+01,1.331965131783382539e+01
1.363219320774078369e-01,-4.040481090545654297e+00,-1.274831581115722656e+01,1.337329483032226562e+01,-4.026643602446529968e+00,-1.269642651518212340e+01,1.331965108238737905e+01
1.366138458251953125e-01,-2.656513452529907227e+00,-1.310648536682128906e+01,1.337299537658691406e+01,-2.648355759144433996e+00,-1.305370986377700682e+01,1.331965200125974214e+01
1.369057595729827881e-01,-1.242287755012512207e+00,-1.331524085998535156e+01,1.337306594848632812e+01,-1.239855354360895667e+00,-1.326182027177887512e+01,1.331965158030428675e+01
1.371976584196090698e-01,1.860806941986083984e-01,-1.337202644348144531e+01,1.337332057952880859e+01,1.828119544957833575e-01,-1.331839698119406279e+01,1.331965158551024864e+01
1.374895721673965454e-01,1.612379670143127441e+00,-1.327544498443603516e+01,1.337300300598144531e+01,1.603390231321524917e+00,-1.322279223634467726e+01,1.331965069960298997e+01
1.377814859151840210e-01,3.020268201828002930e+00,-1.302753067016601562e+01,1.337305545806884766e+01,3.005697464708487754e+00,-1.297608906488846969e+01,1.331965107160368333e+01
1.380733996629714966e-01,4.393736362457275391e+00,-1.263097381591796875e+01,1.337334823608398438e+01,4.373657847035063106e+00,-1.258110536996516338e+01,1.331965071963591996e+01
1.383652985095977783e-01,5.716719150543212891e+00,-1.208952140808105469e+01,1.337301063537597656e+01,5.691548261306401457e+00,-1.204239965061658424e+01,1.331965130759624572e+01
1.386572122573852539e-01,6.974508285522460938e+00,-1.141028022766113281e+01,1.337304210662841797e+01,6.944452562456485900e+00,-1.136607589460542478e+01,1.331965099520775553e+01
1.389491260051727295e-01,8.152855873107910156e+00,-1.060085296630859375e+01,1.337337398529052734e+01,8.118047953574269116e+00,-1.055984913005094938e+01,1.331965150542495202e+01
1.392410397529602051e-01,9.237619400024414062e+00,-9.669748306274414062e+00,1.337301921844482422e+01,9.198876846912183325e+00,-9.632952780087553180e+00,1.331965144093694242e+01
1.395329385995864868e-01,1.021700000762939453e+01,-8.628492355346679688e+00,1.337303161621093750e+01,1.017452267625461992e+01,-8.596057023092031457e+00,1.331965119790564600e+01
1.398248523473739624e-01,1.107998275756835938e+01,-7.488783359527587891e+00,1.337340164184570312e+01,1.103394854044112527e+01,-7.460904385755966040e+00,1.331965144613384489e+01
1.401167660951614380e-01,1.181573772430419922e+01,-6.263083934783935547e+00,1.337302684783935547e+01,1.176732055994961890e+01,-6.240455777102273949e+00,1.331965170214980354e+01
1.404086798429489136e-01,1.241677570343017578e+01,-4.966023921966552734e+00,1.337302207946777344e+01,1.236622455819469479e+01,-4.948697317034992160e+00,1.331965145787707527e+01
1.407005786895751953e-01,1.287626171112060547e+01,-3.612385988235473633e+00,1.337338638305664062e+01,1.282379144959274697e+01,-3.600485841700951983e+00,1.331965185126612283e+01
1.409924924373626709e-01,1.318795394897460938e+01,-2.217208147048950195e+00,1.337303733825683594e+01,1.313484665791649419e+01,-2.211088282727857290e+00,1.331965120117627244e+01
1.412844061851501465e-01,1.334925556182861328e+01,-7.967880964279174805e-01,1.337301445007324219e+01,1.329582290571742043e+01,-7.963748580069568428e-01,1.331965163413313924e+01
1.415763199329376221e-01,1.335837936401367188e+01,6.327508687973022461e-01,1.337335586547851562e+01,1.330486507204745905e+01,6.274395286288830809e-01,1.331965145743215295e+01
1.418682187795639038e-01,1.321422672271728516e+01,2.054910182952880859e+00,1.337304878234863281e+01,1.316188594335974038e+01,2.043982894150727425e+00,1.331965118378073321e+01
1.421601325273513794e-01,1.291933822631835938e+01,3.453691720962524414e+00,1.337300586700439453e+01,1.286849978671985539e+01,3.437271292880199614e+00,1.331965167343603085e+01
1.424520462751388550e-01,1.247716140747070312e+01,4.813154220581054688e+00,1.337333202362060547e+01,1.242808055490105090e+01,4.791233768515248848e+00,1.331965117049505842e+01
1.427439600229263306e-01,1.189184856414794922e+01,6.117409229278564453e+00,1.337306022644042969e+01,1.184563168960528223e+01,6.090495518375384165e+00,1.331965186426175229e+01
1.430358588695526123e-01,1.117088794708251953e+01,7.351758956909179688e+00,1.337299919128417969e+01,1.112787596288324110e+01,7.320074781842810019e+00,1.331965158167005825e+01
1.433277726173400879e-01,1.032253360748291016e+01,8.502388000488281250e+00,1.337330532073974609e+01,1.028291386310065469e+01,8.466097417911853995e+00,1.331965175991930295e+01
1.436196863651275635e-01,9.355801582336425781e+00,9.555525779724121094e+00,1.337307357788085938e+01,9.320483514794778657e+00,9.515340508729961400e+00,1.331965157001633315e+01
1.439116001129150391e-01,8.282290458679199219e+00,1.049955272674560547e+01,1.337299251556396484e+01,8.251514315201507799e+00,1.045588977248251084e+01,1.331965162563495042e+01
1.442034989595413208e-01,7.114407062530517578e+00,1.132386302947998047e+01,1.337328243255615234e+01,7.088340111669836574e+00,1.127690383290194909e+01,1.331965185713298538e+01
1.444954127073287964e-01,5.864902973175048828e+00,1.201841831207275391e+01,1.337308692932128906e+01,5.844085745318562175e+00,1.196911683926224690e+01,1.331965075032174894e+01
1.447873264551162720e-01,4.548451423645019531e+00,1.257570648193359375e+01,1.337298870086669922e+01,4.533098977559297360e+00,1.252454171074518463e+01,1.331965207520620709e+01
1.450792253017425537e-01,3.180201292037963867e+00,1.298962497711181641e+01,1.337325859069824219e+01,3.170363978732918309e+00,1.293684273770765003e+01,1.331965118829417172e+01
1.453711390495300293e-01,1.775500535964965820e+00,1.325471591949462891e+01,1.337310409545898438e+01,1.771305314254469243e+00,1.320134800863717750e+01,1.331965133783369382e+01
1.456630527973175049e-01,3.504759967327117920e-01,1.336839103698730469e+01,1.337298583984375000e+01,3.520059144873495249e-01,1.331499949474101285e+01,1.331965163616479408e+01
1.459549665451049805e-01,-1.078558683395385742e+00,1.332967090606689453e+01,1.337323570251464844e+01,-1.071265509078722422e+00,1.327650181685075736e+01,1.331965128236408447e+01
1.462468653917312622e-01,-2.495183467864990234e+00,1.313827896118164062e+01,1.337311840057373047e+01,-2.482296509621809477e+00,1.308630343892041914e+01,1.331965215976682337e+01
1.465387791395187378e-01,-3.883335113525390625e+00,1.279673194885253906e+01,1.337298107147216797e+01,-3.864963352064055613e+00,1.274657473138065455e+01,1.331965123775656501e+01
1.468306928873062134e-01,-5.227227687835693359e+00,1.230930328369140625e+01,1.337321376800537109e+01,-5.203514828257049807e+00,1.226118042406415931e+01,1.331965134526219963e+01
1.471226066350936890e-01,-6.511284828186035156e+00,1.168092155456542969e+01,1.337313556671142578e+01,-6.482560722330197756e+00,1.163570041028610724e+01,1.331965155537600687e+01
1.474145054817199707e-01,-7.720814228057861328e+00,1.091904830932617188e+01,1.337298011779785156e+01,-7.687534309705342572e+00,1.087726686452541891e+01,1.331965157971481872e+01
1.477064192295074463e-01,-8.842398643493652344e+00,1.003266048431396484e+01,1.337319278717041016e+01,-8.804667704471428991e+00,9.994545489829825158e+00,1.331965138186581399e+01
1.479983329772949219e-01,-9.862787246704101562e+00,9.031427383422851562e+00,1.337315368652343750e+01,-9.821230460437941900e+00,8.997586340151077167e+00,1.331965193634981404e+01
1.482902467250823975e-01,-1.077035522460937500e+01,7.926916122436523438e+00,1.337297821044921875e+01,-1.072553399571602206e+01,7.897850787699768560e+00,1.331965189327521237e+01
1.485821455717086792e-01,-1.155510997772216797e+01,6.732101917266845703e+00,1.337317371368408203e+01,-1.150728337441707083e+01,6.707871244016253343e+00,1.331965116981055353e+01
1.488740593194961548e-01,-1.220767879486083984e+01,5.460248470306396484e+00,1.337317276000976562e+01,-1.215754744839834522e+01,5.441245467297069816e+00,1.331965135412477785e+01
1.491659730672836304e-01,-1.272060012817382812e+01,4.125880241394042969e+00,1.337297821044921875e+01,-1.266891067702843898e+01,4.112398779488390055e+00,1.331965170205523030e+01
1.494578868150711060e-01,-1.308851051330566406e+01,2.744479894638061523e+00,1.337315559387207031e+01,-1.303549371444543148e+01,2.736607390352242319e+00,1.331965151151774229e+01
1.497497856616973877e-01,-1.330671787261962891e+01,1.331737279891967773e+00,1.337319087982177734e+01,-1.325312863393053853e+01,1.329547224881198142e+00,1.331965143728239021e+01
1.500416994094848633e-01,-1.337263202667236328e+01,-9.629850089550018311e-02,1.337297821044921875e+01,-1.331932926759417590e+01,-9.270493451694974962e-02,1.331965188522112165e+01
1.503336131572723389e-01,-1.328610324859619141e+01,-1.523230433464050293e+00,1.337313652038574219e+01,-1.323333175522295413e+01,-1.513948054140776822e+00,1.331965119867742331e+01
1.506255269050598145e-01,-1.304766845703125000e+01,-2.932774066925048828e+00,1.337321281433105469e+01,-1.299611655936088361e+01,-2.917891417198465120e+00,1.331965224572528506e+01
1.509174257516860962e-01,-1.265986442565917969e+01,-4.308650016784667969e+00,1.337298202514648438e+01,-1.261042425824146918e+01,-4.288395109118115833e+00,1.331965211950946859e+01
1.512093394994735718e-01,-1.212772846221923828e+01,-5.635469913482666016e+00,1.337311935424804688e+01,-1.208062915953641436e+01,-5.609947554233810862e+00,1.331965136373679393e+01
1.515012532472610474e-01,-1.145697402954101562e+01,-6.897909164428710938e+00,1.337323570251464844e+01,-1.141277211751218346e+01,-6.867442747280177784e+00,1.331965229626639591e+01
1.517931669950485229e-01,-1.065499496459960938e+01,-8.081323623657226562e+00,1.337298393249511719e+01,-1.061449791274329257e+01,-8.046462101096167885e+00,1.331965158268070581e+01
1.520850658416748047e-01,-9.731622695922851562e+00,-9.172535896301269531e+00,1.337310314178466797e+01,-9.695000567793043089e+00,-9.133459702023257520e+00,1.331965172735346670e+01
1.523769795894622803e-01,-8.697036743164062500e+00,-1.015901374816894531e+01,1.337325763702392578e+01,-8.664694115466973656e+00,-1.011613499049374809e+01,1.331965131902858701e+01
1.526688933372497559e-01,-7.562767505645751953e+00,-1.102911472320556641e+01,1.337298965454101562e+01,-7.535339614420049514e+00,-1.098324971747404355e+01,1.331965155178774829e+01
1.529608070850372314e-01,-6.342299461364746094e+00,-1.177347564697265625e+01,1.337308883666992188e+01,-6.319878171016900303e+00,-1.172485640770479165e+01,1.331965156743193468e+01
1.532527059316635132e-01,-5.049437999725341797e+00,-1.238336753845214844e+01,1.337328052520751953e+01,-5.032292072340630362e+00,-1.233244304465182672e+01,1.331965145756162805e+01
1.535446196794509888e-01,-3.698642492294311523e+00,-1.285134124755859375e+01,1.337299346923828125e+01,-3.687161140721971542e+00,-1.279913875089343378e+01,1.331965127329811516e+01
1.538365334272384644e-01,-2.305705547332763672e+00,-1.317280673980712891e+01,1.337307453155517578e+01,-2.299848644743823112e+00,-1.311959660796917859e+01,1.331965160747706634e+01
1.541284471750259399e-01,-8.864107728004455566e-01,-1.334389686584472656e+01,1.337330627441406250e+01,-8.862561209425988684e-01,-1.329013454359386159e+01,1.331965187603396217e+01
1.544203460216522217e-01,5.429661273956298828e-01,-1.336197185516357422e+01,1.337299919128417969e+01,5.373629613561254903e-01,-1.330880773069081258e+01,1.331965172835734812e+01
1.547122597694396973e-01,1.966198921203613281e+00,-1.322772979736328125e+01,1.337306213378906250e+01,1.954942218185085512e+00,-1.317540502447572770e+01,1.331965077002481479e+01
1.550041735172271729e-01,3.367031097412109375e+00,-1.294252967834472656e+01,1.337333011627197266e+01,3.350133164985403589e+00,-1.289145899110777549e+01,1.331965116444678543e+01
1.552960872650146484e-01,4.729232311248779297e+00,-1.250886249542236328e+01,1.337300586700439453e+01,4.707092174697050879e+00,-1.246019320852106738e+01,1.331965208009461321e+01
1.555879861116409302e-01,6.037361621856689453e+00,-1.193267440795898438e+01,1.337304878234863281e+01,6.010171254559598886e+00,-1.188658650191338495e+01,1.331965079033995991e+01
1.558798998594284058e-01,7.276790618896484375e+00,-1.122029399871826172e+01,1.337335777282714844e+01,7.244666799829645676e+00,-1.117711597260518808e+01,1.331965159099966733e+01
1.561718136072158813e-01,8.432711601257324219e+00,-1.037915515899658203e+01,1.337301349639892578e+01,8.396336698735675341e+00,-1.033995412391031721e+01,1.331965169376081981e+01
1.564637124538421631e-01,9.492421150207519531e+00,-9.419771194458007812e+00,1.337303829193115234e+01,9.452030793439792689e+00,-9.384680630850644079e+00,1.331965152183784795e+01
1.567556262016296387e-01,1.044397163391113281e+01,-8.352894783020019531e+00,1.337338447570800781e+01,1.039979450492341506e+01,-8.322102469562246085e+00,1.331965146910869180e+01
1.570475399494171143e-01,1.127562522888183594e+01,-7.190130233764648438e+00,1.337302207946777344e+01,1.122871811943625175e+01,-7.164427216294257050e+00,1.331965194527746910e+01
1.573394536972045898e-01,1.197871875762939453e+01,-5.945433139801025391e+00,1.337302875518798828e+01,1.192930648185443054e+01,-5.924926672170486519e+00,1.331965124200372408e+01
1.576313525438308716e-01,1.254525184631347656e+01,-4.632989883422851562e+00,1.337340450286865234e+01,1.249356953330654108e+01,-4.617775055842369802e+00,1.331965187795557348e+01
1.579232662916183472e-01,1.296776103973388672e+01,-3.267281055450439453e+00,1.337302970886230469e+01,1.291511112031246888e+01,-3.257763570934117503e+00,1.331965159957737832e+01
1.582151800394058228e-01,1.324242305755615234e+01,-1.864365577697753906e+00,1.337301921844482422e+01,1.318907000202190005e+01,-1.860525392250314880e+00,1.331965173168736172e+01
1.585070937871932983e-01,1.336612987518310547e+01,-4.401587247848510742e-01,1.337337493896484375e+01,1.331231317989320750e+01,-4.420777818220649191e-01,1.331965145808024253e+01
1.587989926338195801e-01,1.333641815185546875e+01,9.890305995941162109e-01,1.337304115295410156e+01,1.328344504484903865e+01,9.814213546407661859e-01,1.331965090138887220e+01
1.590909063816070557e-01,1.315462875366210938e+01,2.406900405883789062e+00,1.337301158905029297e+01,1.310279582405810395e+01,2.393706432026029507e+00,1.331965047926097867e+01
1.593828201293945312e-01,1.282286643981933594e+01,3.797438859939575195e+00,1.337334918975830078e+01,1.277241635793224006e+01,3.778689238446239163e+00,1.331965134607976609e+01
1.596747338771820068e-01,1.234397029876708984e+01,5.144409656524658203e+00,1.337305259704589844e+01,1.229610437535958845e+01,5.120445556145972965e+00,1.331965260444852106e+01
1.599666327238082886e-01,1.172429275512695312e+01,6.432587623596191406e+00,1.337300300598144531e+01,1.167929089395366127e+01,6.403693313575366197e+00,1.331965179124134480e+01
1.602585464715957642e-01,1.097091770172119141e+01,7.647529602050781250e+00,1.337332248687744141e+01,1.092902635731721617e+01,7.613770363197450486e+00,1.331965150679394760e+01
1.605504602193832397e-01,1.009170246124267578e+01,8.774760246276855469e+00,1.337306499481201172e+01,1.005384929825500784e+01,8.736888078289876347e+00,1.331965085895972223e+01
1.608423739671707153e-01,9.097332954406738281e+00,9.801815032958984375e+00,1.337299728393554688e+01,9.063823553539016586e+00,9.760134221181642644e+00,1.331965155044116145e+01
1.611342728137969971e-01,7.999295234680175781e+00,1.071710681915283203e+01,1.337329769134521484e+01,7.970231242766976365e+00,1.067185717334629125e+01,1.331965170683833932e+01
1.614261865615844727e-01,6.809477806091308594e+00,1.150957202911376953e+01,1.337307929992675781e+01,6.785568201051292547e+00,1.146164009645220183e+01,1.331965200415233319e+01
1.617181003093719482e-01,5.541944026947021484e+00,1.217061042785644531e+01,1.337299251556396484e+01,5.523324433140079925e+00,1.212047898695867865e+01,1.331965178475132205e+01
1.620100140571594238e-01,4.211212635040283203e+00,1.269291591644287109e+01,1.337327194213867188e+01,4.197965298676614943e+00,1.264081550634422157e+01,1.331965199674246492e+01
1.623019129037857056e-01,2.832275152206420898e+00,1.306972980499267578e+01,1.337309265136718750e+01,2.824733699701085232e+00,1.301668072145632848e+01,1.331965080167493731e+01
1.625938266515731812e-01,1.421023488044738770e+00,1.329727268218994141e+01,1.337298583984375000e+01,1.419178020493939707e+00,1.324383105502784375e+01,1.331965191992542330e+01
1.628857403993606567e-01,-6.516346242278814316e-03,1.337324905395507812e+01,1.337325096130371094e+01,-2.644251995220931947e-03,1.331965148661084619e+01,1.331965174908274818e+01
1.631776541471481323e-01,-1.433996319770812988e+00,1.329600238800048828e+01,1.337310791015625000e+01,-1.424436380482328790e+00,1.324326567236995622e+01,1.331965107166903550e+01
1.634695529937744141e-01,-2.844989299774169922e+00,1.306685638427734375e+01,1.337298297882080078e+01,-2.829851966722952472e+00,1.301556913432902007e+01,1.331965097305721457e+01
1.637614667415618896e-01,-4.223635673522949219e+00,1.268873977661132812e+01,1.337322902679443359e+01,-4.202983402242230326e+00,1.263914720739951925e+01,1.331965133214224650e+01
1.640533804893493652e-01,-5.553925514221191406e+00,1.216529369354248047e+01,1.337312507629394531e+01,-5.528136197526518636e+00,1.211828445158822021e+01,1.331965119167944955e+01
1.643452942371368408e-01,-6.820705413818359375e+00,1.150280857086181641e+01,1.337298202514648438e+01,-6.790118098753858966e+00,1.145894430597562419e+01,1.331965121174259181e+01
1.646371930837631226e-01,-8.009680747985839844e+00,1.070923328399658203e+01,1.337320709228515625e+01,-7.974426755492882712e+00,1.066872254692055222e+01,1.331965175452765671e+01
1.649291068315505981e-01,-9.107033729553222656e+00,9.793000221252441406e+00,1.337314128875732422e+01,-9.067661041051836790e+00,9.756568777161948702e+00,1.331965131146084680e+01
1.652210205793380737e-01,-1.010023307800292969e+01,8.764808654785156250e+00,1.337297916412353516e+01,-1.005731802338810610e+01,8.732895603109914973e+00,1.331965132570608112e+01
1.655129343271255493e-01,-1.097829627990722656e+01,7.636695861816406250e+00,1.337318611145019531e+01,-1.093204850827454955e+01,7.609431241734428752e+00,1.331965196279361408e+01
1.658048331737518311e-01,-1.173066520690917969e+01,6.421285152435302734e+00,1.337315940856933594e+01,-1.168180762971771713e+01,6.399100644863549903e+00,1.331965159307195101e+01
1.660967469215393066e-01,-1.234891033172607422e+01,5.132347106933593750e+00,1.337298011779785156e+01,-1.229813558170664045e+01,5.115563079778354449e+00,1.331965181261245590e+01
1.663886606693267822e-01,-1.282638645172119141e+01,3.784888982772827148e+00,1.337316513061523438e+01,-1.277391570609812632e+01,3.773618067884759064e+00,1.331965148901301710e+01
1.666805744171142578e-01,-1.315713405609130859e+01,2.394108295440673828e+00,1.337318038940429688e+01,-1.310374652798469697e+01,2.388503797889468316e+00,1.331965177706247161e+01
1.669724732637405396e-01,-1.333731365203857422e+01,9.760265946388244629e-01,1.337297916412353516e+01,-1.328383038919649906e+01,9.761980256437682302e-01,1.331965136158642871e+01
1.672643870115280151e-01,-1.336546421051025391e+01,-4.532498419284820557e-01,1.337314701080322266e+01,-1.331213686711777378e+01,-4.473632616479060187e-01,1.331965171679606996e+01
1.675563007593154907e-01,-1.324076843261718750e+01,-1.877369046211242676e+00,1.337319946289062500e+01,-1.318832998942697721e+01,-1.865761924641609948e+00,1.331965147702676688e+01
1.678481996059417725e-01,-1.296452140808105469e+01,-3.279906749725341797e+00,1.337298107147216797e+01,-1.291384125882322031e+01,-3.262792734161969133e+00,1.331965136496391366e+01
1.681401133537292480e-01,-1.254047489166259766e+01,-4.645119190216064453e+00,1.337313175201416016e+01,-1.249176926839975010e+01,-4.622639416813636437e+00,1.331965069484990494e+01
1.684320271015167236e-01,-1.197305774688720703e+01,-5.957256317138671875e+00,1.337322044372558594e+01,-1.192695348920335618e+01,-5.929663156876742391e+00,1.331965182306360340e+01
1.687239408493041992e-01,-1.126853942871093750e+01,-7.201157569885253906e+00,1.337298107147216797e+01,-1.122587254540096069e+01,-7.168884161290187684e+00,1.331965144151994629e+01
1.690158396959304810e-01,-1.043561553955078125e+01,-8.362900733947753906e+00,1.337311458587646484e+01,-1.039655307872484968e+01,-8.326151739795328410e+00,1.331965159877839788e+01
1.693077534437179565e-01,-9.483430862426757812e+00,-9.429110527038574219e+00,1.337324142456054688e+01,-9.448375858190081189e+00,-9.388360701269574449e+00,1.331965176026656117e+01
1.695996671915054321e-01,-8.422573089599609375e+00,-1.038734817504882812e+01,1.337298583984375000e+01,-8.392230730120456172e+00,-1.034328720370181820e+01,1.331965190257763254e+01
1.698915809392929077e-01,-7.265712261199951172e+00,-1.122716331481933594e+01,1.337309837341308594e+01,-7.240228548303090150e+00,-1.117999204519962397e+01,1.331965208113147270e+01
1.701834797859191895e-01,-6.025890827178955078e+00,-1.193871307373046875e+01,1.337326622009277344e+01,-6.005496914280162635e+00,-1.188894931646567699e+01,1.331965123555862007e+01
1.704753935337066650e-01,-4.716963768005371094e+00,-1.251347827911376953e+01,1.337299156188964844e+01,-4.702143908752989709e+00,-1.246206055659742518e+01,1.331965129629616662e+01
1.707673072814941406e-01,-3.354283094406127930e+00,-1.294558429718017578e+01,1.337308311462402344e+01,-3.345013964552022045e+00,-1.289278867765827918e+01,1.331965158364893398e+01
1.710592210292816162e-01,-1.953267097473144531e+00,-1.322987651824951172e+01,1.337329101562500000e+01,-1.949710840280180157e+00,-1.317618087281665673e+01,1.331965145016511087e+01
1.713511198759078979e-01,-5.299417376518249512e-01,-1.336248970031738281e+01,1.337299346923828125e+01,-5.321293113644708361e-01,-1.330901796454457831e+01,1.331965167654858462e+01
1.716430336236953735e-01,8.994724154472351074e-01,-1.334278678894042969e+01,1.337306976318359375e+01,8.915327305098632582e-01,-1.328978100956074648e+01,1.331965126764405305e+01
1.719349473714828491e-01,2.318655967712402344e+00,-1.317077636718750000e+01,1.337331295013427734e+01,2.305057536904033810e+00,-1.311868237444608276e+01,1.331965155287631397e+01
1.722268611192703247e-01,3.711239337921142578e+00,-1.284771823883056641e+01,1.337300109863281250e+01,3.692193786242158549e+00,-1.279768887402774702e+01,1.331965222787662562e+01
1.725187599658966064e-01,5.061419963836669922e+00,-1.237823390960693359e+01,1.337305736541748047e+01,5.037141347655509804e+00,-1.233046364708914844e+01,1.331965189892167523e+01
1.728106737136840820e-01,6.353889942169189453e+00,-1.176751041412353516e+01,1.337334060668945312e+01,6.324533045566938405e+00,-1.172234693608223921e+01,1.331965224524818048e+01
1.731025874614715576e-01,7.573524951934814453e+00,-1.102175426483154297e+01,1.337300872802734375e+01,7.539700038232950874e+00,-1.098025662554053206e+01,1.331965135539427969e+01
1.733945012092590332e-01,8.706795692443847656e+00,-1.015037155151367188e+01,1.337304592132568359e+01,8.668709832593348708e+00,-1.011269452365316823e+01,1.331965167301402708e+01
1.736864000558853149e-01,9.740736961364746094e+00,-9.163239479064941406e+00,1.337336540222167969e+01,9.698591230259914653e+00,-9.129646277056359338e+00,1.331965138417081640e+01
1.739783138036727905e-01,1.066293621063232422e+01,-8.070895195007324219e+00,1.337301540374755859e+01,1.061769202175200455e+01,-8.042246470485109100e+00,1.331965135282475643e+01
1.742702275514602661e-01,1.146355724334716797e+01,-6.886574268341064453e+00,1.337303447723388672e+01,1.141549743322153354e+01,-6.862910838590842388e+00,1.331965190334698868e+01
1.745621412992477417e-01,1.213349533081054688e+01,-5.623697280883789062e+00,1.337339401245117188e+01,1.208285578631006096e+01,-5.605150720754314975e+00,1.331965159285854483e+01
1.748540401458740234e-01,1.266409969329833984e+01,-4.296322345733642578e+00,1.337302494049072266e+01,1.261210938559873362e+01,-4.283435443303525325e+00,1.331965173535917124e+01
1.751459538936614990e-01,1.305035305023193359e+01,-2.919943571090698242e+00,1.337302398681640625e+01,1.299727359727673459e+01,-2.912730556567098006e+00,1.331965165676740348e+01
1.754378676414489746e-01,1.328784561157226562e+01,-1.510237932205200195e+00,1.337339496612548828e+01,1.323393180529276414e+01,-1.508693589936340507e+00,1.331965117318972425e+01
1.757297813892364502e-01,1.337277603149414062e+01,-8.319149911403656006e-02,1.337303447723388672e+01,1.331936429828349944e+01,-8.741695596449471084e-02,1.331965116039377506e+01
1.760216802358627319e-01,1.330524063110351562e+01,1.344662785530090332e+00,1.337301540374755859e+01,1.325260443890576845e+01,1.334758372270188342e+00,1.331965105873461752e+01
1.763135939836502075e-01,1.308603668212890625e+01,2.757277727127075195e+00,1.337336540222167969e+01,1.303441616125654079e+01,2.741732891150525209e+00,1.331965104314832793e+01
1.766055077314376831e-01,1.271663665771484375e+01,4.138298034667968750e+00,1.337304687500000000e+01,1.266727733841763737e+01,4.117428094328775323e+00,1.331965199546733380e+01
1.768974214792251587e-01,1.220220088958740234e+01,5.472077369689941406e+00,1.337300777435302734e+01,1.215538574320408927e+01,5.446072077432584813e+00,1.331965103291674524e+01
1.771893203258514404e-01,1.154868793487548828e+01,6.743443489074707031e+00,1.337334060668945312e+01,1.150464547014455974e+01,6.712395646815399353e+00,1.331965174894239112e+01
1.774812340736389160e-01,1.076264381408691406e+01,7.937515258789062500e+00,1.337305641174316406e+01,1.072242784210698474e+01,7.902067148766136917e+00,1.331965179923259335e+01
1.777731478214263916e-01,9.853817939758300781e+00,9.040986061096191406e+00,1.337300205230712891e+01,9.817657066004032984e+00,9.001484405095215635e+00,1.331965133781028499e+01
1.780650615692138672e-01,8.832641601562500000e+00,1.004141235351562500e+01,1.337331295013427734e+01,8.800698612239758134e+00,9.998040041436082603e+00,1.331965092386576188e+01
1.783569604158401489e-01,7.710220336914062500e+00,1.092664146423339844e+01,1.337306880950927734e+01,7.683256743741914363e+00,1.088028898977609238e+01,1.331965174812383879e+01
1.786488741636276245e-01,6.499764442443847656e+00,1.168717479705810547e+01,1.337299442291259766e+01,6.477985082606482869e+00,1.163824935037305153e+01,1.331965234801309883e+01
1.789407879114151001e-01,5.215191841125488281e+00,1.231448841094970703e+01,1.337328910827636719e+01,5.198646385777193402e+00,1.226324585112549137e+01,1.331965176157022590e+01
1.792326867580413818e-01,3.870890140533447266e+00,1.280060768127441406e+01,1.337308216094970703e+01,3.859999100363053604e+00,1.274807864441375216e+01,1.331965097812106791e+01
1.795246005058288574e-01,2.482424497604370117e+00,1.314056396484375000e+01,1.337298965454101562e+01,2.477150143553553008e+00,1.308727831766639227e+01,1.331965189476692935e+01
1.798165142536163330e-01,1.065570354461669922e+00,1.333074569702148438e+01,1.337326526641845703e+01,1.066044578059552661e+00,1.327692211136347566e+01,1.331965133904121856e+01
1.801084280014038086e-01,-3.635088503360748291e-01,1.336815738677978516e+01,1.337309932708740234e+01,-3.572922474863888809e-01,1.331485855913991756e+01,1.331965150445068602e+01
1.804003268480300903e-01,-1.788330793380737305e+00,1.325287246704101562e+01,1.337298488616943359e+01,-1.776445643207784419e+00,1.320065640871002088e+01,1.331965047379580724e+01
1.806922405958175659e-01,-3.192854881286621094e+00,1.298650360107421875e+01,1.337324237823486328e+01,-3.175401230061379199e+00,1.293560705140570732e+01,1.331965099994186730e+01
1.809841543436050415e-01,-4.560817718505859375e+00,1.257136058807373047e+01,1.337311363220214844e+01,-4.538023174023624762e+00,1.252275736599101563e+01,1.331965113565132697e+01
1.812760680913925171e-01,-5.876633644104003906e+00,1.201257038116455078e+01,1.337298297882080078e+01,-5.848837546307429136e+00,1.196679569180835578e+01,1.331965088778900785e+01
1.815679669380187988e-01,-7.125406742095947266e+00,1.131687355041503906e+01,1.337322044372558594e+01,-7.092730551571513331e+00,1.127414204531936548e+01,1.331965110411056763e+01
1.818598806858062744e-01,-8.292662620544433594e+00,1.049153804779052734e+01,1.337313175201416016e+01,-8.255665110021384479e+00,1.045261234639409587e+01,1.331965131949086256e+01
1.821517944335937500e-01,-9.365097999572753906e+00,9.546283721923828125e+00,1.337298011779785156e+01,-9.324260816616620318e+00,9.511638894110321374e+00,1.331965143043331423e+01
1.824437081813812256e-01,-1.033077812194824219e+01,8.492199897766113281e+00,1.337319850921630859e+01,-1.028627459760767771e+01,8.462013905310955764e+00,1.331965181343209714e+01
1.827356070280075073e-01,-1.117817306518554688e+01,7.340949058532714844e+00,1.337314701080322266e+01,-1.113072538755367269e+01,7.315740933487223430e+00,1.331965138654283187e+01
1.830275207757949829e-01,-1.189773273468017578e+01,6.105777740478515625e+00,1.337297916412353516e+01,-1.184804855023569381e+01,6.085791368143681268e+00,1.331965131020006332e+01
1.833194345235824585e-01,-1.248170375823974609e+01,4.800937652587890625e+00,1.337317943572998047e+01,-1.242998193463808043e+01,4.786299031567208040e+00,1.331965124599777894e+01
1.836113482713699341e-01,-1.292285442352294922e+01,3.441139459609985352e+00,1.337316799163818359e+01,-1.286986386762071177e+01,3.432161940155247226e+00,1.331965208083677332e+01
1.839032471179962158e-01,-1.321614646911621094e+01,2.042069196701049805e+00,1.337297821044921875e+01,-1.316268089305572353e+01,2.038857511254905663e+00,1.331965120577917894e+01
1.841951608657836914e-01,-1.335879611968994141e+01,6.196499466896057129e-01,1.337316036224365234e+01,-1.330511265317668901e+01,6.221568342327828960e-01,1.331965096540089455e+01
1.844870746135711670e-01,-1.334864044189453125e+01,-8.098819255828857422e-01,1.337318611145019531e+01,-1.329550586635730092e+01,-8.016537816850803910e-01,1.331965183584133428e+01
1.847789883613586426e-01,-1.318571662902832031e+01,-2.230123281478881836e+00,1.337298011779785156e+01,-1.313397671541356182e+01,-2.216253208818220077e+00,1.331965174644677674e+01
1.850708872079849243e-01,-1.287250041961669922e+01,-3.624867200851440430e+00,1.337314224243164062e+01,-1.282238807432341687e+01,-3.605479937223960984e+00,1.331965170363984718e+01
1.853628009557723999e-01,-1.241207408905029297e+01,-4.978259563446044922e+00,1.337320613861083984e+01,-1.236425845151119773e+01,-4.953606533318911431e+00,1.331965107436024098e+01
1.856547147035598755e-01,-1.180955123901367188e+01,-6.274640083312988281e+00,1.337298011779785156e+01,-1.176484158632065125e+01,-6.245127751754212753e+00,1.331965157903728425e+01
1.859466284513473511e-01,-1.107240867614746094e+01,-7.499482154846191406e+00,1.337312507629394531e+01,-1.103101398957043600e+01,-7.465242660932686292e+00,1.331965155793153599e+01
1.862385272979736328e-01,-1.020873546600341797e+01,-8.638572692871093750e+00,1.337322711944580078e+01,-1.017117532992934592e+01,-8.600018358672002705e+00,1.331965177328817695e+01
1.865304410457611084e-01,-9.228164672851562500e+00,-9.678721427917480469e+00,1.337298202514648438e+01,-9.195051233407443902e+00,-9.636604072355300588e+00,1.331965109273972381e+01
1.868223547935485840e-01,-8.142358779907226562e+00,-1.060858249664306641e+01,1.337310791015625000e+01,-8.113854719338727151e+00,-1.056307201402176688e+01,1.331965197668261780e+01
1.871142685413360596e-01,-6.963492393493652344e+00,-1.141724967956542969e+01,1.337325000762939453e+01,-6.939982774922848208e+00,-1.136880552157717084e+01,1.331965089270996572e+01
1.874061673879623413e-01,-5.704922676086425781e+00,-1.209506702423095703e+01,1.337298679351806641e+01,-5.686813134258109415e+00,-1.204463697832868796e+01,1.331965178087225254e+01
1.876980811357498169e-01,-4.381271839141845703e+00,-1.263503360748291016e+01,1.337309360504150391e+01,-4.368662382933123922e+00,-1.258284187226119144e+01,1.331965166955894730e+01
1.879899948835372925e-01,-3.007548093795776367e+00,-1.303069782257080078e+01,1.337327289581298828e+01,-3.000545310170806168e+00,-1.297728197120151528e+01,1.331965162902017852e+01
1.882819086313247681e-01,-1.599365472793579102e+00,-1.327700710296630859e+01,1.337299060821533203e+01,-1.598190767346522323e+00,-1.322342266571152436e+01,1.331965167430758612e+01
1.885738074779510498e-01,-1.730450540781021118e-01,-1.337195873260498047e+01,1.337307739257812500e+01,-1.775749669043403256e-01,-1.331846741912115561e+01,1.331965116897070978e+01
1.888657212257385254e-01,1.255358695983886719e+00,-1.331424713134765625e+01,1.337329864501953125e+01,1.245070093354318841e+00,-1.326133129180363035e+01,1.331965116541478622e+01
1.891576349735260010e-01,2.669358968734741211e+00,-1.310387611389160156e+01,1.337299728393554688e+01,2.653538226251148213e+00,-1.305265632507316553e+01,1.331965098111240486e+01
1.894495487213134766e-01,4.052903175354003906e+00,-1.274413013458251953e+01,1.337306499481201172e+01,4.031636008429256179e+00,-1.269484338996410422e+01,1.331965230778111220e+01
1.897414475679397583e-01,5.390093326568603516e+00,-1.223898029327392578e+01,1.337332248687744141e+01,5.363666452470796209e+00,-1.219197331476578938e+01,1.331965206457442541e+01
1.900333613157272339e-01,6.665590763092041016e+00,-1.159340858459472656e+01,1.337300300598144531e+01,6.634409569094725789e+00,-1.154979292667191437e+01,1.331965115832604241e+01
1.903252750635147095e-01,7.865075588226318359e+00,-1.081568908691406250e+01,1.337305355072021484e+01,7.829387077582208754e+00,-1.077561174945595646e+01,1.331965129369476308e+01
1.906171739101409912e-01,8.974806785583496094e+00,-9.914599418640136719e+00,1.337334728240966797e+01,8.934821500931196425e+00,-9.878364033813067380e+00,1.331965131818524561e+01
1.909090876579284668e-01,9.981612205505371094e+00,-8.899708747863769531e+00,1.337300968170166016e+01,9.938238566979791244e+00,-8.868175449534223986e+00,1.331965170783102970e+01
1.912010014057159424e-01,1.087460803985595703e+01,-7.783389091491699219e+00,1.337304210662841797e+01,1.082806060752971611e+01,-7.756689571585979159e+00,1.331965200860321019e+01
1.914929151535034180e-01,1.164360618591308594e+01,-6.578269004821777344e+00,1.337337493896484375e+01,1.159418208080876056e+01,-6.556528070932899688e+00,1.331965158958289130e+01
1.917848140001296997e-01,1.227892112731933594e+01,-5.297708511352539062e+00,1.337301826477050781e+01,1.222777436404634166e+01,-5.281538577024342374e+00,1.331965148337692995e+01
1.920767277479171753e-01,1.277428150177001953e+01,-3.956727743148803711e+00,1.337303066253662109e+01,1.272168844279550903e+01,-3.946107452943125704e+00,1.331965167959470797e+01
1.923686414957046509e-01,1.312402248382568359e+01,-2.570597410202026367e+00,1.337340450286865234e+01,1.307021938088085022e+01,-2.565632648037787789e+00,1.331965110462848578e+01
1.926605552434921265e-01,1.332306194305419922e+01,-1.154949903488159180e+00,1.337302970886230469e+01,1.326941095500911061e+01,-1.155792125773461576e+00,1.331965174210331071e+01
1.929524540901184082e-01,1.337022018432617188e+01,2.737482786178588867e-01,1.337302207946777344e+01,1.331697222546331538e+01,2.671541937452265869e-01,1.331965167025763641e+01
1.932443678379058838e-01,1.326497554779052734e+01,1.699365973472595215e+00,1.337338542938232422e+01,1.321236605174536827e+01,1.687148959526198810e+00,1.331965045701064199e+01
1.935362815856933594e-01,1.300744915008544922e+01,3.105550050735473633e+00,1.337303924560546875e+01,1.295679483439175783e+01,3.087815697613321753e+00,1.331965232890664375e+01
1.938281953334808350e-01,1.260160255432128906e+01,4.476280212402343750e+00,1.337301349639892578e+01,1.255315475603181774e+01,4.453246889237052031e+00,1.331965097836214973e+01
1.941200941801071167e-01,1.205212211608886719e+01,5.795949459075927734e+00,1.337335777282714844e+01,1.200611320243489644e+01,5.767699120273086066e+00,1.331965117304805624e+01
1.944120079278945923e-01,1.136430931091308594e+01,7.049179553985595703e+00,1.337304878234863281e+01,1.132184226722069909e+01,7.016338680750838996e+00,1.331965167738351674e+01
1.947039216756820679e-01,1.054687690734863281e+01,8.221961021423339844e+00,1.337300491333007812e+01,1.050819389486559530e+01,8.184801222573304003e+00,1.331965127115300973e+01
1.949958354234695435e-01,9.609194755554199219e+00,9.301039695739746094e+00,1.337333011627197266e+01,9.574503076396634782e+00,9.259698577349062987e+00,1.331965190623572148e+01
1.952877342700958252e-01,8.561332702636718750e+00,1.027338027954101562e+01,1.337306118011474609e+01,8.531448103613561429e+00,1.022875866533167333e+01,1.331965129341790366e+01
1.955796480178833008e-01,7.415748596191406250e+00,1.112851142883300781e+01,1.337299823760986328e+01,7.390834154108338439e+00,1.108100639653100750e+01,1.331965210707454794e+01
1.958715617656707764e-01,6.185603618621826172e+00,1.185679531097412109e+01,1.337330532073974609e+01,6.165763096415215472e+00,1.180662866122899857e+01,1.331965145584785226e+01
1.961634755134582520e-01,4.884520053863525391e+00,1.244911956787109375e+01,1.337307453155517578e+01,4.870281557281175289e+00,1.239731703826552511e+01,1.331965135408813161e+01
1.964553743600845337e-01,3.527777194976806641e+00,1.289929199218750000e+01,1.337299251556396484e+01,3.519200415549203154e+00,1.284633600581929969e+01,1.331965165982996169e+01
1.967472881078720093e-01,2.130800724029541016e+00,1.320243644714355469e+01,1.337328147888183594e+01,2.127809988122725926e+00,1.314859490662108321e+01,1.331965177337518647e+01
1.970392018556594849e-01,7.093169689178466797e-01,1.335426425933837891e+01,1.337308883666992188e+01,7.121048593959964368e-01,1.330060189113233804e+01,1.331965104637387043e+01
1.973311156034469604e-01,-7.202336192131042480e-01,1.335357856750488281e+01,1.337298870086669922e+01,-7.116869135850607542e-01,1.330062463104468229e+01,1.331965141581868650e+01
1.976230144500732422e-01,-2.141520500183105469e+00,1.320067787170410156e+01,1.337325763702392578e+01,-2.127296749762196182e+00,1.314867777099395063e+01,1.331965159405377364e+01
1.979149281978607178e-01,-3.538355588912963867e+00,1.289650917053222656e+01,1.337310409545898438e+01,-3.518698970237513990e+00,1.284647278095026657e+01,1.331965109733909891e+01
1.982068419456481934e-01,-4.894734859466552734e+00,1.244501018524169922e+01,1.337298297882080078e+01,-4.869892733050170008e+00,1.239747034471122333e+01,1.331965187906234505e+01
1.984987556934356689e-01,-6.195329666137695312e+00,1.185163593292236328e+01,1.337323474884033203e+01,-6.165391998913293925e+00,1.180682216393461559e+01,1.331965120080258558e+01
1.987906545400619507e-01,-7.424915313720703125e+00,1.112254238128662109e+01,1.337311840057373047e+01,-7.390443601584189892e+00,1.108126580817264362e+01,1.331965121688900666e+01
1.990825682878494263e-01,-8.569682121276855469e+00,1.026631355285644531e+01,1.337298202514648438e+01,-8.531049543793921330e+00,1.022909147560924126e+01,1.331965159961205991e+01
1.993744820356369019e-01,-9.616764068603515625e+00,9.293043136596679688e+00,1.337321186065673828e+01,-9.574212057836676948e+00,9.259999639112850289e+00,1.331965201665551568e+01
1.996663957834243774e-01,-1.055374717712402344e+01,8.213356018066406250e+00,1.337313747406005859e+01,-1.050793709646516128e+01,8.185130752903599927e+00,1.331965117656603503e+01
1.999582946300506592e-01,-1.136999320983886719e+01,7.039874553680419922e+00,1.337298011779785156e+01,-1.132159469332918889e+01,7.016737600304747247e+00,1.331965138250810377e+01
2.002502083778381348e-01,-1.205667781829833984e+01,5.786086082458496094e+00,1.337319183349609375e+01,-1.200588845327143517e+01,5.768167638008979914e+00,1.331965147639270874e+01
2.005421221256256104e-01,-1.260539245605468750e+01,4.466019153594970703e+00,1.337315368652343750e+01,-1.255301543969494915e+01,4.453641253165187663e+00,1.331965153602430085e+01
2.008340209722518921e-01,-1.300990867614746094e+01,3.094967365264892578e+00,1.337297821044921875e+01,-1.295667310765078639e+01,3.088321308814163224e+00,1.331965114126480110e+01
2.011259347200393677e-01,-1.326613807678222656e+01,1.688562870025634766e+00,1.337316894531250000e+01,-1.321230609237259479e+01,1.687614466506001554e+00,1.331964995283683528e+01
2.014178484678268433e-01,-1.337058448791503906e+01,2.628159821033477783e-01,1.337316703796386719e+01,-1.331695658573681484e+01,2.676742152216563531e-01,1.331964647398322299e+01
2.017097622156143188e-01,-1.332204437255859375e+01,-1.165913820266723633e+00,1.337296581268310547e+01,-1.326943475883987311e+01,-1.155374290949666705e+00,1.331963920574785298e+01
2.020016610622406006e-01,-1.312164783477783203e+01,-2.581276416778564453e+00,1.337313079833984375e+01,-1.307029658889104340e+01,-2.565118034834223515e+00,1.331962775208859107e+01
2.022935748100280762e-01,-1.277115726470947266e+01,-3.967210292816162109e+00,1.337315273284912109e+01,-1.272179042987770536e+01,-3.945647611951326628e+00,1.331961286297110014e+01
2.025854885578155518e-01,-1.227448940277099609e+01,-5.307708740234375000e+00,1.337291526794433594e+01,-1.222792233984435839e+01,-5.281035943249561271e+00,1.331958803353761667e+01
2.028774023056030273e-01,-1.163789081573486328e+01,-6.587685108184814453e+00,1.337303543090820312e+01,-1.159430272129871931e+01,-6.556116034434285922e+00,1.331955378569722370e+01
2.031693011522293091e-01,-1.086826038360595703e+01,-7.792295932769775391e+00,1.337306880950927734e+01,-1.082824479285930330e+01,-7.756181876664450137e+00,1.331950609437086719e+01
2.034612149000167847e-01,-9.974202156066894531e+00,-8.907658576965332031e+00,1.337277412414550781e+01,-9.938396131273579570e+00,-8.867686746612900350e+00,1.331944390348815155e+01
2.037531286478042603e-01,-8.966403007507324219e+00,-9.921504974365234375e+00,1.337283229827880859e+01,-8.935015773599896960e+00,-9.877803827902464917e+00,1.331936617624891106e+01
2.040450423955917358e-01,-7.856107234954833984e+00,-1.082195281982421875e+01,1.337284851074218750e+01,-7.829498784268556832e+00,-1.077505393473501272e+01,1.331926568956829726e+01
2.043369412422180176e-01,-6.655906200408935547e+00,-1.159836006164550781e+01,1.337247371673583984e+01,-6.634607181297214495e+00,-1.154909362492755065e+01,1.331914321596786444e+01
2.046288549900054932e-01,-5.379794120788574219e+00,-1.224254798889160156e+01,1.337244129180908203e+01,-5.363829829293152329e+00,-1.219117923297892325e+01,1.331899101014155740e+01
2.049207687377929688e-01,-4.042212009429931641e+00,-1.274683856964111328e+01,1.337241077423095703e+01,-4.031827195994301505e+00,-1.269389614114721887e+01,1.331880737080432198e+01
2.052126824855804443e-01,-2.658354997634887695e+00,-1.310501575469970703e+01,1.337192153930664062e+01,-2.653736912276368543e+00,-1.305153346408032533e+01,1.331859021682049971e+01
2.055045813322067261e-01,-1.244326949119567871e+00,-1.331373977661132812e+01,1.337176132202148438e+01,-1.245464758559303720e+00,-1.325996800980635903e+01,1.331833075448651016e+01
2.057964950799942017e-01,1.839612275362014771e-01,-1.337038612365722656e+01,1.337165164947509766e+01,1.770841108183857371e-01,-1.331685130454777166e+01,1.331802866229608640e+01
2.060884088277816772e-01,1.610057830810546875e+00,-1.327371788024902344e+01,1.337100887298583984e+01,1.597538402092484988e+00,-1.322151070312021304e+01,1.331767525579755862e+01
2.063803225755691528e-01,3.017689704895019531e+00,-1.302569198608398438e+01,1.337067985534667969e+01,2.999600729014893830e+00,-1.297505351652402972e+01,1.331726767359465846e+01
2.066722214221954346e-01,4.390733718872070312e+00,-1.262894439697265625e+01,1.337044334411621094e+01,4.367236430739104946e+00,-1.258031922027349836e+01,1.331680088181683530e+01
2.069641351699829102e-01,5.713300704956054688e+00,-1.208736705780029297e+01,1.336960124969482422e+01,5.684944442269650899e+00,-1.204177916065676435e+01,1.331626969784406711e+01
2.072560489177703857e-01,6.970641136169433594e+00,-1.140797424316406250e+01,1.336905860900878906e+01,6.937548325692731943e+00,-1.136562063947579659e+01,1.331566405748508863e+01
2.075479626655578613e-01,8.148310661315917969e+00,-1.059838199615478516e+01,1.336864471435546875e+01,8.110680650988694396e+00,-1.055962583636451946e+01,1.331498548351966882e+01
2.078398615121841431e-01,9.232273101806640625e+00,-9.667292594909667969e+00,1.336755084991455078e+01,9.190925938862509526e+00,-9.633033641999437791e+00,1.331422009588052013e+01
2.081317752599716187e-01,1.021083736419677734e+01,-8.626030921936035156e+00,1.336673450469970703e+01,1.016603831355069154e+01,-8.596356155737330695e+00,1.331336449395357313e+01
2.084236890077590942e-01,1.107274913787841797e+01,-7.486423492431640625e+00,1.336608791351318359e+01,1.102478310224672597e+01,-7.461530608417137778e+00,1.331241080615869343e+01
2.087156027555465698e-01,1.180738258361816406e+01,-6.261027812957763672e+00,1.336468315124511719e+01,1.175731801927743980e+01,-6.241607466406093430e+00,1.331135570748232588e+01
2.090075016021728516e-01,1.240716075897216797e+01,-4.964514732360839844e+00,1.336353397369384766e+01,1.235528063438979629e+01,-4.950568932499948893e+00,1.331018753849701497e+01
2.092994153499603271e-01,1.286530113220214844e+01,-3.611487150192260742e+00,1.336258983612060547e+01,1.281189689724796033e+01,-3.603069230667557576e+00,1.330889965349108728e+01
2.095913290977478027e-01,1.317554378509521484e+01,-2.217247009277343750e+00,1.336080646514892578e+01,1.312191188701992672e+01,-2.214640526726245007e+00,1.330748677374255884e+01
2.098832428455352783e-01,1.333539772033691406e+01,-7.980605363845825195e-01,1.335925579071044922e+01,1.328179029815737699e+01,-8.012454691360514358e-01,1.330593656328026064e+01
2.101751416921615601e-01,1.334307384490966797e+01,6.298555731773376465e-01,1.335793209075927734e+01,1.328974388844283183e+01,6.209687328529008843e-01,1.330424348798474554e+01
2.104670554399490356e-01,1.319741725921630859e+01,2.050153255462646484e+00,1.335570907592773438e+01,1.314571159237491038e+01,2.035703281366846529e+00,1.330239907383881892e+01
2.107589691877365112e-01,1.290121078491210938e+01,3.446676731109619141e+00,1.335368156433105469e+01,1.285136251794739159e+01,3.426795369233978761e+00,1.330039266601954573e+01
2.110508829355239868e-01,1.245787715911865234e+01,4.803471088409423828e+00,1.335185527801513672e+01,1.241013122454393347e+01,4.778207504423199303e+00,1.329821882681009626e+01
2.113427817821502686e-01,1.187158584594726562e+01,6.104547023773193359e+00,1.334915828704833984e+01,1.182710502936478747e+01,6.074507293635462268e+00,1.329586598293079547e+01
2.116346955299377441e-01,1.114996623992919922e+01,7.335482120513916016e+00,1.334657478332519531e+01,1.110900934628763181e+01,7.300846660500321050e+00,1.329332353537085254e+01
2.119266092777252197e-01,1.030136680603027344e+01,8.482242584228515625e+00,1.334416007995605469e+01,1.026409022851408004e+01,8.443223472500077875e+00,1.329058203487170253e+01
2.122185081243515015e-01,9.334845542907714844e+00,9.531023979187011719e+00,1.334090518951416016e+01,9.302182174537003689e+00,9.488448160780803775e+00,1.328763491777594652e+01
2.125104218721389771e-01,8.262117385864257812e+00,1.047048091888427734e+01,1.333767414093017578e+01,8.234224518144268146e+00,1.042471129424158605e+01,1.328446683098333025e+01
2.128023356199264526e-01,7.095591068267822266e+00,1.128998279571533203e+01,1.333458423614501953e+01,7.072626307301018933e+00,1.124121128039895012e+01,1.328107201747265087e+01
2.130942493677139282e-01,5.848185062408447266e+00,1.197938823699951172e+01,1.333067893981933594e+01,5.830675995806582357e+00,1.192868617470374382e+01,1.327743711800750148e+01
2.133861482143402100e-01,4.534747123718261719e+00,1.253145027160644531e+01,1.332670974731445312e+01,4.522803949828245962e+00,1.247923863253938492e+01,1.327355085937615442e+01
2.136780619621276855e-01,3.170314311981201172e+00,1.294014263153076172e+01,1.332284450531005859e+01,3.163876074594914822e+00,1.288669777397635130e+01,1.326940433226756255e+01
2.139699757099151611e-01,1.770282864570617676e+00,1.320001029968261719e+01,1.331818962097167969e+01,1.769668272482976645e+00,1.314641012198987013e+01,1.326498491858134798e+01
2.142618894577026367e-01,3.510048091411590576e-01,1.330875110626220703e+01,1.331337928771972656e+01,3.561163387243578282e-01,1.325549968152512470e+01,1.326028244999400840e+01
2.145537883043289185e-01,-1.071194410324096680e+00,1.326545906066894531e+01,1.330863857269287109e+01,-1.060377140499152437e+00,1.321279941571893168e+01,1.325528076202521177e+01
2.148457020521163940e-01,-2.480072021484375000e+00,1.306991004943847656e+01,1.330313014984130859e+01,-2.463733034384688381e+00,1.301890171723308676e+01,1.324997292026263018e+01
2.151376157999038696e-01,-3.859379768371582031e+00,1.272498893737792969e+01,1.329737472534179688e+01,-3.837680807731190580e+00,1.267615352425748654e+01,1.324434453465228323e+01
2.154295295476913452e-01,-5.193426132202148438e+00,1.223504352569580078e+01,1.329164981842041016e+01,-5.166545182294748351e+00,1.218858648282938084e+01,1.323838470396234435e+01
2.157214283943176270e-01,-6.466572761535644531e+00,1.160514736175537109e+01,1.328517913818359375e+01,-6.434942265616279578e+00,1.156198165551404244e+01,1.323207851262446155e+01
2.160133421421051025e-01,-7.664483547210693359e+00,1.084299945831298828e+01,1.327836418151855469e+01,-7.628516715442648533e+00,1.080357919043527914e+01,1.322541457201981530e+01
2.163052558898925781e-01,-8.773622512817382812e+00,9.957778930664062500e+00,1.327154159545898438e+01,-8.733473679721766914e+00,9.922298117576673349e+00,1.321837972099676328e+01
2.165971696376800537e-01,-9.780872344970703125e+00,8.959243774414062500e+00,1.326399326324462891e+01,-9.737262365761477412e+00,8.928336517307876363e+00,1.321096027342328227e+01
2.168890684843063354e-01,-1.067486572265625000e+01,7.859314441680908203e+00,1.325600147247314453e+01,-1.062833288336520177e+01,7.833364064242441138e+00,1.320314555106422105e+01
2.171809822320938110e-01,-1.144583892822265625e+01,6.670932292938232422e+00,1.324796581268310547e+01,-1.139667434370601740e+01,6.649938780854787623e+00,1.319491841147960365e+01
2.174728959798812866e-01,-1.208454513549804688e+01,5.407454013824462891e+00,1.323921394348144531e+01,-1.203350995302495363e+01,5.391865793758627845e+00,1.318626476783531665e+01
2.177648097276687622e-01,-1.258388328552246094e+01,4.083726406097412109e+00,1.322992610931396484e+01,-1.253165006812737836e+01,4.073778932011784093e+00,1.317717451568810283e+01
2.180567085742950439e-01,-1.293871021270751953e+01,2.715266466140747070e+00,1.322054767608642578e+01,-1.288554675793451665e+01,2.710944058161269599e+00,1.316763201708631570e+01
2.183486223220825195e-01,-1.314460086822509766e+01,1.317600727081298828e+00,1.321047306060791016e+01,-1.309134564218496344e+01,1.318982777855552735e+00,1.315762312469219353e+01
2.186405360698699951e-01,-1.319943141937255859e+01,-9.297193586826324463e-02,1.319975852966308594e+01,-1.314685111527657391e+01,-8.592136080045596758e-02,1.314713188218216189e+01
2.189324498176574707e-01,-1.310331439971923828e+01,-1.500185370445251465e+00,1.318891239166259766e+01,-1.305165252251339680e+01,-1.487498238917707161e+00,1.313614420517731496e+01
2.192243486642837524e-01,-1.285707664489746094e+01,-2.887735605239868164e+00,1.317738246917724609e+01,-1.280710264806696763e+01,-2.869587988589605398e+00,1.312464907958996285e+01
2.195162624120712280e-01,-1.246374988555908203e+01,-4.239712715148925781e+00,1.316511344909667969e+01,-1.241622907676839738e+01,-4.216421526441433976e+00,1.311262578492300968e+01
2.198081761598587036e-01,-1.192867851257324219e+01,-5.540692806243896484e+00,1.315266704559326172e+01,-1.188381072072384192e+01,-5.512416405495699223e+00,1.310006457516790412e+01
2.201000899076461792e-01,-1.125784111022949219e+01,-6.775603294372558594e+00,1.313955020904541016e+01,-1.121627178799489855e+01,-6.742657949919118821e+00,1.308694727779468714e+01
2.203919887542724609e-01,-1.045917701721191406e+01,-7.930116176605224609e+00,1.312559032440185547e+01,-1.042158988810837705e+01,-7.893072036473119724e+00,1.307325980652402819e+01
2.206839025020599365e-01,-9.542641639709472656e+00,-8.991497039794921875e+00,1.311140823364257812e+01,-9.509106991248936325e+00,-8.950645961929964756e+00,1.305898843352089678e+01
2.209758162498474121e-01,-8.518660545349121094e+00,-9.947483062744140625e+00,1.309656429290771484e+01,-8.489657742880087454e+00,-9.903263955522273676e+00,1.304411459486578195e+01
2.212677299976348877e-01,-7.399218082427978516e+00,-1.078695297241210938e+01,1.308078002929687500e+01,-7.375299712319336898e+00,-1.074011375998670381e+01,1.302862576882126078e+01
2.215596288442611694e-01,-6.197930335998535156e+00,-1.150098419189453125e+01,1.306472206115722656e+01,-6.179095203551250748e+00,-1.145181684717814896e+01,1.301250654700559117e+01
2.218515425920486450e-01,-4.928527832031250000e+00,-1.208140182495117188e+01,1.304801368713378906e+01,-4.915069688936453574e+00,-1.203043280890132039e+01,1.299573867144885320e+01
2.221434563398361206e-01,-3.605829715728759766e+00,-1.252140903472900391e+01,1.303026103973388672e+01,-3.597964983747291345e+00,-1.246960898842494281e+01,1.297830884007927210e+01
2.224353700876235962e-01,-2.245506286621093750e+00,-1.281697082519531250e+01,1.301218795776367188e+01,-2.243252949246640426e+00,-1.276458188023355689e+01,1.296019808380607330e+01
2.227272689342498779e-01,-8.633475899696350098e-01,-1.296475982666015625e+01,1.299347400665283203e+01,-8.666696391165678026e-01,-1.291234635750225834e+01,1.294139887027164804e+01
2.230191826820373535e-01,5.247003436088562012e-01,-1.296299934387207031e+01,1.297361373901367188e+01,5.157832197816313302e-01,-1.291158838347848459e+01,1.292188635278088427e+01
2.233110964298248291e-01,1.902470827102661133e+00,-1.281291389465332031e+01,1.295338439941406250e+01,1.888123440715898438e+00,-1.276273855011959313e+01,1.290164739194532650e+01
2.236029952764511108e-01,3.254008054733276367e+00,-1.251645278930664062e+01,1.293252277374267578e+01,3.234332476918864607e+00,-1.246799003580269627e+01,1.288067087166376545e+01
2.238949090242385864e-01,4.563623905181884766e+00,-1.207692432403564453e+01,1.291041374206542969e+01,4.539076734058908436e+00,-1.203116654947034014e+01,1.285893409808017296e+01
2.241868227720260620e-01,5.816512107849121094e+00,-1.150068664550781250e+01,1.288788604736328125e+01,5.787218718412262319e+00,-1.145783239820123534e+01,1.283642566137517704e+01
2.244787365198135376e-01,6.998334407806396484e+00,-1.079465866088867188e+01,1.286473178863525391e+01,6.964556944725210030e+00,-1.075505418584830863e+01,1.281312779835015014e+01
2.247706353664398193e-01,8.095117568969726562e+00,-9.966976165771484375e+00,1.284023094177246094e+01,8.057554128122029979e+00,-9.931518734921294111e+00,1.278902822382173987e+01
2.250625491142272949e-01,9.095073699951171875e+00,-9.028325080871582031e+00,1.281526470184326172e+01,9.053981536566368504e+00,-8.997105650142737332e+00,1.276410951630841595e+01
2.253544628620147705e-01,9.986866950988769531e+00,-7.989891052246093750e+00,1.278967857360839844e+01,9.942515067992651723e+00,-7.963169051880034210e+00,1.273835418043009504e+01
2.256463766098022461e-01,1.075989055633544922e+01,-6.863662242889404297e+00,1.276264476776123047e+01,1.071331369339277195e+01,-6.842035482261370483e+00,1.271174810297783786e+01
2.259382754564285278e-01,1.140637302398681641e+01,-5.663691520690917969e+00,1.273509883880615234e+01,1.135781430528596658e+01,-5.647206183125597967e+00,1.268427701794984053e+01
2.262301892042160034e-01,1.191936588287353516e+01,-4.403983592987060547e+00,1.270694065093994141e+01,1.186914419554227784e+01,-4.392708938372528849e+00,1.265592650704929056e+01
2.265221029520034790e-01,1.229256343841552734e+01,-3.099237918853759766e+00,1.267723941802978516e+01,1.224186052533836921e+01,-3.093519497602067680e+00,1.262667858163349166e+01
2.268140166997909546e-01,1.252319049835205078e+01,-1.765134811401367188e+00,1.264697551727294922e+01,1.247227119781799765e+01,-1.764860628855515312e+00,1.259651864092633566e+01
2.271059155464172363e-01,1.260920619964599609e+01,-4.172905385494232178e-01,1.261610889434814453e+01,1.255833379133441419e+01,-4.224739272194331097e-01,1.256543798813841661e+01
2.273978292942047119e-01,1.254929733276367188e+01,9.285828471183776855e-01,1.258360671997070312e+01,1.249973787035358619e+01,9.181340418266410452e-01,1.253341202332040538e+01
2.276897430419921875e-01,1.234590148925781250e+01,2.256898641586303711e+00,1.255049324035644531e+01,1.229787854643694267e+01,2.241214346936200030e+00,1.250043433212729127e+01
2.279816567897796631e-01,1.200209331512451172e+01,3.552311658859252930e+00,1.251675510406494141e+01,1.195581662875595264e+01,3.531529929178067295e+00,1.246648526655038403e+01
2.282735556364059448e-01,1.152167320251464844e+01,4.799487590789794922e+00,1.248134708404541016e+01,1.147832010883410803e+01,4.774076099209267454e+00,1.243155803276108351e+01
2.285654693841934204e-01,1.091187858581542969e+01,5.984591484069824219e+00,1.244525718688964844e+01,1.087161924270134605e+01,5.954794487489261989e+00,1.239563158320328107e+01
2.288573831319808960e-01,1.018053722381591797e+01,7.094188213348388672e+00,1.240849971771240234e+01,1.014356892303536917e+01,7.060123333702708059e+00,1.235869459058934794e+01
2.291492968797683716e-01,9.336119651794433594e+00,8.115167617797851562e+00,1.237008857727050781e+01,9.303316794368940990e+00,8.077674747035539227e+00,1.232073588286360710e+01
2.294411957263946533e-01,8.389911651611328125e+00,9.036621093750000000e+00,1.233090209960937500e+01,8.361432061762361201e+00,8.995980337049905629e+00,1.228174288723127816e+01
2.297331094741821289e-01,7.353473663330078125e+00,9.848612785339355469e+00,1.229100227355957031e+01,7.329405846018333115e+00,9.805049676723950114e+00,1.224169878810421430e+01
2.300250232219696045e-01,6.239027023315429688e+00,1.054154396057128906e+01,1.224947357177734375e+01,6.219933211060724609e+00,1.049604501878311957e+01,1.220059548490884715e+01
2.303169369697570801e-01,5.060548305511474609e+00,1.110871315002441406e+01,1.220707416534423828e+01,5.046531182928737813e+00,1.106163222319062100e+01,1.215842030945637475e+01
2.306088358163833618e-01,3.832284688949584961e+00,1.154446792602539062e+01,1.216392803192138672e+01,3.823359089117837950e+00,1.149604730352602822e+01,1.211516315735153704e+01
2.309007495641708374e-01,2.568665266036987305e+00,1.184383201599121094e+01,1.211917591094970703e+01,2.564941817097757593e+00,1.179514583041837916e+01,1.207080741648763222e+01
2.311926633119583130e-01,1.284858107566833496e+00,1.200489902496337891e+01,1.207346153259277344e+01,1.286350368610239991e+00,1.195635024570094451e+01,1.202534857992468886e+01
2.314845770597457886e-01,-3.952016588300466537e-03,1.202696323394775391e+01,1.202696323394775391e+01,2.754394922810169712e-03,1.197877280877663075e+01,1.197877312544894046e+01
2.317764759063720703e-01,-1.282524943351745605e+00,1.191003131866455078e+01,1.197888660430908203e+01,-1.270765318403032307e+00,1.186320609348499744e+01,1.193107301590915448e+01
2.320683896541595459e-01,-2.536086082458496094e+00,1.165708446502685547e+01,1.192976665496826172e+01,-2.519488370223081919e+00,1.161205107412580517e+01,1.188223681786369923e+01
2.323603034019470215e-01,-3.750187635421752930e+00,1.127237701416015625e+01,1.187983226776123047e+01,-3.728871717610006797e+00,1.122932874476462217e+01,1.183225711115122891e+01
2.326522171497344971e-01,-4.910648345947265625e+00,1.076082134246826172e+01,1.182834529876708984e+01,-4.884999255658677875e+00,1.072061933483541551e+01,1.178112459191535599e+01
2.329441159963607788e-01,-6.004371166229248047e+00,1.012993812561035156e+01,1.177574253082275391e+01,-5.974748248186530830e+00,1.009296641544984041e+01,1.172883573474393870e+01
2.332360297441482544e-01,-7.019396305084228516e+00,9.388304710388183594e+00,1.172229480743408203e+01,-6.985997845035695875e+00,9.354691062452081596e+00,1.167537625795264233e+01
2.335279434919357300e-01,-7.944015502929687500e+00,8.545125007629394531e+00,1.166732788085937500e+01,-7.907474445107486538e+00,8.515486824556164791e+00,1.162074300375055991e+01
2.338198572397232056e-01,-8.768363952636718750e+00,7.611514091491699219e+00,1.161117362976074219e+01,-8.729124634485744494e+00,7.586171666253908263e+00,1.156493049846212706e+01
2.341117560863494873e-01,-9.483924865722656250e+00,6.599520206451416016e+00,1.155415439605712891e+01,-9.442247405870997312e+00,6.578490907654666486e+00,1.150793546626729658e+01
2.344036698341369629e-01,-1.008286666870117188e+01,5.521406173706054688e+00,1.149565696716308594e+01,-1.003947802348982599e+01,5.505052287909728115e+00,1.144974758135546544e+01
2.346955835819244385e-01,-1.055946159362792969e+01,4.390633583068847656e+00,1.143590354919433594e+01,-1.051493500799471903e+01,4.379103858186998544e+00,1.139036473617685097e+01
2.349874824285507202e-01,-1.090964221954345703e+01,3.221247911453247070e+00,1.137526893615722656e+01,-1.086419047920582592e+01,3.214560719076265727e+00,1.132978531946191048e+01
2.352793961763381958e-01,-1.113009166717529297e+01,2.027171373367309570e+00,1.131319427490234375e+01,-1.108448241693396596e+01,2.025390709165160619e+00,1.126800594497938945e+01
2.355713099241256714e-01,-1.121967411041259766e+01,8.228852152824401855e-01,1.124981021881103516e+01,-1.117453209655096913e+01,8.260042376552935162e-01,1.120501899050029770e+01
2.358632236719131470e-01,-1.117916393280029297e+01,-3.773111104965209961e-01,1.118552970886230469e+01,-1.113470404474517927e+01,-3.694130951565721688e-01,1.114083031909820498e+01
2.361551225185394287e-01,-1.101000595092773438e+01,-1.559209465980529785e+00,1.111986351013183594e+01,-1.096691321846246758e+01,-1.546661587693682005e+00,1.107543893523565792e+01
2.364470362663269043e-01,-1.071568393707275391e+01,-2.709118843078613281e+00,1.105283737182617188e+01,-1.067457640537790553e+01,-2.692201532522690233e+00,1.100883874557022679e+01
2.367389500141143799e-01,-1.030156421661376953e+01,-3.813918352127075195e+00,1.098490810394287109e+01,-1.026262127106570432e+01,-3.792734057640585021e+00,1.094103409122360304e+01
2.370308637619018555e-01,-9.773570060729980469e+00,-4.860929012298583984e+00,1.091564464569091797e+01,-9.737324691848055380e+00,-4.835854382330603052e+00,1.087202739886079961e+01
2.373227626085281372e-01,-9.139345169067382812e+00,-5.838329792022705078e+00,1.084498596191406250e+01,-9.106346079133432525e+00,-5.809806383316382217e+00,1.080182341665390489e+01
2.376146763563156128e-01,-8.408094406127929688e+00,-6.735779285430908203e+00,1.077342891693115234e+01,-8.378394208001928689e+00,-6.704057487075088417e+00,1.073041827212191279e+01
2.379065901041030884e-01,-7.589376449584960938e+00,-7.543475151062011719e+00,1.070059204101562500e+01,-7.563407117890240450e+00,-7.508927711830635232e+00,1.065781978701323318e+01
2.381985038518905640e-01,-6.694018840789794922e+00,-8.252809524536132812e+00,1.062632369995117188e+01,-6.672136822046468296e+00,-8.216103418311444528e+00,1.058403350110426189e+01
2.384904026985168457e-01,-5.734020233154296875e+00,-8.857100486755371094e+00,1.055117130279541016e+01,-5.716279528080207228e+00,-8.818430597681640393e+00,1.050907083662854902e+01
2.387823164463043213e-01,-4.721372127532958984e+00,-9.350407600402832031e+00,1.047480201721191406e+01,-4.707933482361293720e+00,-9.310279151148934673e+00,1.043292555070997452e+01
2.390742301940917969e-01,-3.668850898742675781e+00,-9.728144645690917969e+00,1.039698410034179688e+01,-3.659921470498054941e+00,-9.687296056284667500e+00,1.035561345610780926e+01
2.393661439418792725e-01,-2.589694261550903320e+00,-9.988024711608886719e+00,1.031829261779785156e+01,-2.585199412845647693e+00,-9.946675679321389296e+00,1.027714031595273525e+01
2.396580427885055542e-01,-1.497090458869934082e+00,-1.012841606140136719e+01,1.023846149444580078e+01,-1.497058564776577949e+00,-1.008703312290483289e+01,1.019752036374284998e+01
2.399499565362930298e-01,-4.041730761528015137e-01,-1.014912509918212891e+01,1.015716934204101562e+01,-4.085025731215324862e-01,-1.010850744886138841e+01,1.011675823551858500e+01
2.402418702840805054e-01,6.760052442550659180e-01,-1.005232334136962891e+01,1.007502841949462891e+01,6.673799669303207560e-01,-1.001264980223916545e+01,1.003486681937233804e+01
2.405337840318679810e-01,1.730788350105285645e+00,-9.840775489807128906e+00,9.991820335388183594e+00,1.718038042707936697e+00,-9.802439908588047146e+00,9.951858262539280631e+00
2.408256828784942627e-01,2.747788667678833008e+00,-9.518481254577636719e+00,9.907160758972167969e+00,2.731231825893420506e+00,-9.482240721146522944e+00,9.867751333538073766e+00
2.411175966262817383e-01,3.715760946273803711e+00,-9.091676712036132812e+00,9.821682929992675781e+00,3.695621424288245915e+00,-9.057628152060093640e+00,9.782548004106589090e+00
2.414095103740692139e-01,4.623979568481445312e+00,-8.566990852355957031e+00,9.735220909118652344e+00,4.600429564674319849e+00,-8.535440036369916328e+00,9.696271901818555250e+00
2.417014241218566895e-01,5.462240695953369141e+00,-7.952016830444335938e+00,9.647313117980957031e+00,5.435823958410274770e+00,-7.923601830808076230e+00,9.608935845347925664e+00
2.419933229684829712e-01,6.222111701965332031e+00,-7.256225585937500000e+00,9.558634757995605469e+00,6.193031629023650453e+00,-7.231011119114081787e+00,9.520565243872804118e+00
2.422852367162704468e-01,6.895915985107421875e+00,-6.489174842834472656e+00,9.469057083129882812e+00,6.864452514116598181e+00,-6.467314801410132041e+00,9.431164777433393098e+00
2.425771504640579224e-01,7.476630687713623047e+00,-5.661094665527343750e+00,9.378059387207031250e+00,7.443544250099315640e+00,-5.643001317768169933e+00,9.340760936643217605e+00
2.428690642118453979e-01,7.959589481353759766e+00,-4.783404350280761719e+00,9.286334991455078125e+00,7.925054561088262339e+00,-4.769106799039234623e+00,9.249371300627309722e+00
2.431609630584716797e-01,8.340780258178710938e+00,-3.867518663406372070e+00,9.193819999694824219e+00,8.305065064605516412e+00,-3.857062057353378037e+00,9.157020991654768238e+00
2.434528768062591553e-01,8.617024421691894531e+00,-2.924941539764404297e+00,9.099911689758300781e+00,8.581007648579722868e+00,-2.918458768823531280e+00,9.063724060798996618e+00
2.437447905540466309e-01,8.787724494934082031e+00,-1.967736601829528809e+00,9.005336761474609375e+00,8.751583912580890967e+00,-1.965161866786181211e+00,8.969508467113190164e+00
2.440367043018341064e-01,8.852908134460449219e+00,-1.007627725601196289e+00,8.910066604614257812e+00,8.816853069590097292e+00,-1.008965292738809527e+00,8.874396261869977209e+00
2.443286031484603882e-01,8.813281059265136719e+00,-5.634518712759017944e-02,8.813460350036621094e+00,8.778201872610713608e+00,-6.140706591002147163e-02,8.778416653591348151e+00
2.446205168962478638e-01,8.672228813171386719e+00,8.749458789825439453e-01,8.716253280639648438e+00,8.638256539012976631e+00,8.663114674416892980e-01,8.681588080093492366e+00
2.449124306440353394e-01,8.433571815490722656e+00,1.775567412376403809e+00,8.618455886840820312e+00,8.400860244454735337e+00,1.763393211972639207e+00,8.583938983176151893e+00
2.452043443918228149e-01,8.101646423339843750e+00,2.634970664978027344e+00,8.519374847412109375e+00,8.071016710502139091e+00,2.619616237251253477e+00,8.485499394359484526e+00
2.454962432384490967e-01,7.683217048645019531e+00,3.443941354751586914e+00,8.419771194458007812e+00,7.654725750925953420e+00,3.425669107503604316e+00,8.386300445130347114e+00
2.457881569862365723e-01,7.185205936431884766e+00,4.193985939025878906e+00,8.319657325744628906e+00,7.159008378565077990e+00,4.172819565099792349e+00,8.286363743358398537e+00
2.460800707340240479e-01,6.614986896514892578e+00,4.876879215240478516e+00,8.218394279479980469e+00,6.591633345208739669e+00,4.853493623958092584e+00,8.185721135945788873e+00
2.463719695806503296e-01,5.981668949127197266e+00,5.486329555511474609e+00,8.116660118103027344e+00,5.961223204930606201e+00,5.460906812062284565e+00,8.084410016137937305e+00
2.466638833284378052e-01,5.294329166412353516e+00,6.016832828521728516e+00,8.014498710632324219e+00,5.276839531875010536e+00,5.989535397435608921e+00,7.982453865967094941e+00
2.469557970762252808e-01,4.562355041503906250e+00,6.463292598724365234e+00,7.911335945129394531e+00,4.548137140287796143e+00,6.434832989242584844e+00,7.879887502135416000e+00
2.472477108240127563e-01,3.796009540557861328e+00,6.822852611541748047e+00,7.807753086090087891e+00,3.785063386057398560e+00,6.793457623626368402e+00,7.776745548137698805e+00
2.475396096706390381e-01,3.005473613739013672e+00,7.093403339385986328e+00,7.703845977783203125e+00,2.997816759348124194e+00,7.063218129654360133e+00,7.673066901161915254e+00
2.478315234184265137e-01,2.200840950012207031e+00,7.273403167724609375e+00,7.599084377288818359e+00,2.196488902892947959e+00,7.243158481155401951e+00,7.568877610561904667e+00
2.481234371662139893e-01,1.392358183860778809e+00,7.363484859466552734e+00,7.493969440460205078e+00,1.391315755525225351e+00,7.333401176700770741e+00,7.464216794145850820e+00
2.484153509140014648e-01,5.899307131767272949e-01,7.365031242370605469e+00,7.388619899749755859e+00,5.921058602888183975e-01,7.335262126201331334e+00,7.359120858490642014e+00
2.487072497606277466e-01,-1.966829299926757812e-01,7.279923915863037109e+00,7.282580375671386719e+00,-1.914402415844510541e-01,7.251107081937927745e+00,7.253633798299186530e+00
2.489991635084152222e-01,-9.584411978721618652e-01,7.111964225769042969e+00,7.176255702972412109e+00,-9.502935419731421973e-01,7.084328968514175706e+00,7.147781106752288949e+00
2.492910772562026978e-01,-1.686775445938110352e+00,6.865633964538574219e+00,7.069804668426513672e+00,-1.675812186467794396e+00,6.839285510720692685e+00,7.041602998001802227e+00
2.495829910039901733e-01,-2.373513221740722656e+00,6.545779705047607422e+00,6.962815284729003906e+00,-2.360069020873878820e+00,6.521219421153340079e+00,6.935144448540066620e+00
2.498748898506164551e-01,-3.011550426483154297e+00,6.158758163452148438e+00,6.855635643005371094e+00,-2.995833083732879487e+00,6.136174988270101771e+00,6.828444870705191683e+00
2.501668035984039307e-01,-3.594662666320800781e+00,5.711376667022705078e+00,6.748438835144042969e+00,-3.576832072735828483e+00,5.690810917199317309e+00,6.721536771592238502e+00
2.504587173461914062e-01,-4.117071628570556641e+00,5.210633754730224609e+00,6.640857219696044922e+00,-4.097491915892837788e+00,5.192463722303659601e+00,6.614462903989010378e+00
2.507506310939788818e-01,-4.574344158172607422e+00,4.664513111114501953e+00,6.533169746398925781e+00,-4.553341731683078208e+00,4.648827324505194092e+00,6.507266432116698418e+00
2.510425448417663574e-01,-4.963043212890625000e+00,4.081208229064941406e+00,6.425578117370605469e+00,-4.940745005740899032e+00,4.068028014109693835e+00,6.399985401181387701e+00
2.513344585895538330e-01,-5.280222415924072266e+00,3.468928575515747070e+00,6.317770004272460938e+00,-5.257097170399787522e+00,3.458401289553078239e+00,6.292663199203326840e+00
2.516263425350189209e-01,-5.524396896362304688e+00,2.836312294006347656e+00,6.209961891174316406e+00,-5.500750701237280715e+00,2.828485656577155005e+00,6.185352810198067708e+00
2.519182562828063965e-01,-5.695180892944335938e+00,2.191725254058837891e+00,6.102355480194091797e+00,-5.671149459495212319e+00,2.186552800603025926e+00,6.078071185973209722e+00
2.522101700305938721e-01,-5.792560577392578125e+00,1.543558716773986816e+00,5.994691848754882812e+00,-5.768585267408881556e+00,1.541025914305362399e+00,5.970874044553902138e+00
2.525020837783813477e-01,-5.817920207977294922e+00,8.999920487403869629e-01,5.887119770050048828e+00,-5.794319235362489273e+00,9.000188205747311487e-01,5.863801606354060780e+00
2.527939975261688232e-01,-5.773624420166015625e+00,2.687973082065582275e-01,5.779878139495849609e+00,-5.750499655536961185e+00,2.713229548298170535e-01,5.756896944895600221e+00
2.530859112739562988e-01,-5.662384986877441406e+00,-3.425691127777099609e-01,5.672737598419189453e+00,-5.640104813192865940e+00,-3.376452925909259051e-01,5.650202354554227924e+00
2.533778250217437744e-01,-5.488019943237304688e+00,-9.272002577781677246e-01,5.565793991088867188e+00,-5.466870819388849334e+00,-9.201030713440476738e-01,5.543759213546531228e+00
2.536697387695312500e-01,-5.255168437957763672e+00,-1.478899121284484863e+00,5.459298133850097656e+00,-5.235221790760165028e+00,-1.469717211771355947e+00,5.437611229301616333e+00
2.539616227149963379e-01,-4.968700885772705078e+00,-1.991832017898559570e+00,5.353072166442871094e+00,-4.950225425176027372e+00,-1.980771429410342899e+00,5.331809000295065992e+00
2.542535364627838135e-01,-4.634149551391601562e+00,-2.461122035980224609e+00,5.247138977050781250e+00,-4.617356616032957106e+00,-2.448472529791816843e+00,5.226375402587194685e+00
2.545454502105712891e-01,-4.257695198059082031e+00,-2.882679700851440430e+00,5.141770839691162109e+00,-4.242617569277394196e+00,-2.868543592548078003e+00,5.121361750695791137e+00
2.548373639583587646e-01,-3.845519781112670898e+00,-3.252917766571044922e+00,5.036814212799072266e+00,-3.832307586903284768e+00,-3.237560531406613595e+00,5.016809706891257825e+00
2.551292777061462402e-01,-3.404183149337768555e+00,-3.569147109985351562e+00,4.932269096374511719e+00,-3.392957519774177033e+00,-3.552894994377570281e+00,4.912761298095535523e+00
2.554211914539337158e-01,-2.940474510192871094e+00,-3.829764842987060547e+00,4.828404426574707031e+00,-2.931260765090930143e+00,-3.812696879134814143e+00,4.809256404593730494e+00
2.557131052017211914e-01,-2.461048603057861328e+00,-4.033583164215087891e+00,4.725098133087158203e+00,-2.453863608697677723e+00,-4.015987188874474256e+00,4.706336123917913561e+00
2.560050189495086670e-01,-1.972589135169982910e+00,-4.180269241333007812e+00,4.622310638427734375e+00,-1.967442234541988633e+00,-4.162493659594907136e+00,4.604039792663327191e+00
2.562969028949737549e-01,-1.481697320938110352e+00,-4.270589351654052734e+00,4.520327568054199219e+00,-1.478570071138576081e+00,-4.252717237121887095e+00,4.502418611610913501e+00
2.565888166427612305e-01,-9.946023821830749512e-01,-4.305658340454101562e+00,4.419041156768798828e+00,-9.933857096466502945e-01,-4.287922730649101233e+00,4.401487988413398611e+00
2.568807303905487061e-01,-5.172892808914184570e-01,-4.287275791168212891e+00,4.318369865417480469e+00,-5.179315835557831704e-01,-4.270003778389087401e+00,4.301300430416559628e+00
2.571726441383361816e-01,-5.536363273859024048e-02,-4.218236923217773438e+00,4.218599796295166016e+00,-5.780276589316952346e-02,-4.201493503894859316e+00,4.201891100803970325e+00
2.574645578861236572e-01,3.859801292419433594e-01,-4.101537704467773438e+00,4.119659423828125000e+00,3.818414807982901116e-01,-4.085493344237104196e+00,4.103298524634042543e+00
2.577564716339111328e-01,8.019699454307556152e-01,-3.940669298171997070e+00,4.021446228027343750e+00,7.963045317130698075e-01,-3.925607235365209391e+00,4.005557773092088603e+00
2.580483853816986084e-01,1.188602447509765625e+00,-3.739899396896362305e+00,3.924235343933105469e+00,1.181517895688177333e+00,-3.725855330088191142e+00,3.908705985179494746e+00
2.583402693271636963e-01,1.542234420776367188e+00,-3.503568172454833984e+00,3.827986001968383789e+00,1.533869055844401030e+00,-3.490643840157012345e+00,3.812787523492895847e+00
2.586321830749511719e-01,1.859825253486633301e+00,-3.236202001571655273e+00,3.732553005218505859e+00,1.850419717784829388e+00,-3.224608101547845163e+00,3.717815291341796335e+00
2.589240968227386475e-01,2.139187335968017578e+00,-2.942872524261474609e+00,3.638216733932495117e+00,2.128847540091213464e+00,-2.932604969940986628e+00,3.623832744301947351e+00
2.592160105705261230e-01,2.378541707992553711e+00,-2.628529787063598633e+00,3.544944286346435547e+00,2.367396421264507556e+00,-2.619635332313007936e+00,3.530871718105697443e+00
2.595079243183135986e-01,2.576584815979003906e+00,-2.298169851303100586e+00,3.452589273452758789e+00,2.564954423599806521e+00,-2.290739371925943235e+00,3.438964679265531288e+00
2.597998380661010742e-01,2.733056306838989258e+00,-1.956918478012084961e+00,3.361417531967163086e+00,2.721011802585810990e+00,-1.950932124383333521e+00,3.348139988674629919e+00
2.600917518138885498e-01,2.847991466522216797e+00,-1.609679818153381348e+00,3.271409988403320312e+00,2.835632835617264202e+00,-1.605158599288957433e+00,3.258427183059657395e+00
2.603836655616760254e-01,2.921811580657958984e+00,-1.261238455772399902e+00,3.182405471801757812e+00,2.909476075656430183e+00,-1.258142336254487903e+00,3.169853809419772794e+00
2.606755495071411133e-01,2.955935716629028320e+00,-9.161977767944335938e-01,3.094668626785278320e+00,2.943682646596898600e+00,-9.144760095918706977e-01,3.082455822229216214e+00
2.609674632549285889e-01,2.951977252960205078e+00,-5.787541270256042480e-01,3.008176565170288086e+00,2.939882640253478119e+00,-5.784072826360494579e-01,2.996241799833614827e+00
2.612593770027160645e-01,2.911794185638427734e+00,-2.529877126216888428e-01,2.922763586044311523e+00,2.900152733767334290e+00,-2.538723057668374472e-01,2.911243209835535861e+00
2.615512907505035400e-01,2.838091611862182617e+00,5.757329985499382019e-02,2.838675498962402344e+00,2.826939014541760109e+00,5.551089630849413703e-02,2.827483979008070136e+00
2.618432044982910156e-01,2.733636140823364258e+00,3.497344851493835449e-01,2.755917549133300781e+00,2.723024103093432569e+00,3.465406458973039339e-01,2.744986463588976022e+00
2.621351182460784912e-01,2.601310253143310547e+00,6.205589771270751953e-01,2.674305200576782227e+00,2.591463162225480676e+00,6.164355804382420922e-01,2.663770663176903586e+00
2.624270319938659668e-01,2.444597005844116211e+00,8.678477406501770020e-01,2.594072818756103516e+00,2.435528039314431403e+00,8.628527788234324758e-01,2.583855984417497531e+00
2.627189457416534424e-01,2.266914844512939453e+00,1.089716792106628418e+00,2.515230655670166016e+00,2.258656451300315560e+00,1.083881819877654085e+00,2.505260218911765868e+00
2.630108296871185303e-01,2.071703672409057617e+00,1.284508824348449707e+00,2.437605142593383789e+00,2.064379518375448086e+00,1.278107275121491249e+00,2.428007619964676067e+00
2.633027434349060059e-01,1.862659454345703125e+00,1.451450467109680176e+00,2.361399650573730469e+00,1.856246692418970667e+00,1.444547730334210245e+00,2.352099047304361701e+00
2.635946571826934814e-01,1.643312215805053711e+00,1.590013027191162109e+00,2.286616802215576172e+00,1.637849410986223830e+00,1.582628136717344924e+00,2.277556258843529857e+00
2.638865709304809570e-01,1.417151808738708496e+00,1.699858427047729492e+00,2.213105916976928711e+00,1.412665988394832928e+00,1.692250721023568216e+00,2.204390550145853389e+00
2.641784846782684326e-01,1.187631607055664062e+00,1.781454086303710938e+00,2.141038894653320312e+00,1.184102714433405090e+00,1.773681646062828188e+00,2.132614784697110188e+00
2.644703984260559082e-01,9.579848051071166992e-01,1.835469007492065430e+00,2.070430278778076172e+00,9.554006693346024370e-01,1.827575366593226169e+00,2.062237173446199723e+00
2.647623121738433838e-01,7.312913537025451660e-01,1.862736105918884277e+00,2.001142978668212891e+00,7.296115277933058474e-01,1.854934426490181032e+00,1.993267344855510936e+00
2.650542259216308594e-01,5.103744864463806152e-01,1.864728569984436035e+00,1.933311939239501953e+00,5.095619835858360425e-01,1.857071185782239509e+00,1.925712025246398396e+00
2.653461098670959473e-01,2.978158891201019287e-01,1.843055367469787598e+00,1.866962194442749023e+00,2.978545384064422707e-01,1.835575336111957334e+00,1.859584399964637313e+00
2.656380236148834229e-01,9.594060480594635010e-02,1.799405097961425781e+00,1.801960945129394531e+00,9.672671659072756833e-02,1.792265979230066808e+00,1.794874201165065797e+00
2.659299373626708984e-01,-9.326852113008499146e-02,1.735914707183837891e+00,1.738418459892272949e+00,-9.178702506035496533e-02,1.729157285231191166e+00,1.731591688313827815e+00
2.662218511104583740e-01,-2.681339979171752930e-01,1.654771566390991211e+00,1.676354646682739258e+00,-2.659759569389692491e-01,1.648418968559657083e+00,1.669738993249209713e+00
2.665137648582458496e-01,-4.271763265132904053e-01,1.558171391487121582e+00,1.615666270256042480e+00,-4.244796313614262462e-01,1.552326144206541025e+00,1.609316443533675756e+00
2.668056786060333252e-01,-5.693838596343994141e-01,1.448541283607482910e+00,1.556428551673889160e+00,-5.662117613515309511e-01,1.443227303387309979e+00,1.550322807655041046e+00
2.670975923538208008e-01,-6.940233111381530762e-01,1.328276515007019043e+00,1.498661756515502930e+00,-6.904088176249465469e-01,1.323500830773598480e+00,1.492755433590071235e+00
2.673895061016082764e-01,-8.005360364913940430e-01,1.199709892272949219e+00,1.442276597023010254e+00,-7.966093738771198307e-01,1.195519615981380790e+00,1.436611863637901498e+00
2.676813900470733643e-01,-8.888034224510192871e-01,1.065228104591369629e+00,1.387329220771789551e+00,-8.846278530675444340e-01,1.061630860086853589e+00,1.381892369727702574e+00
2.679733037948608398e-01,-9.589809775352478027e-01,9.270675778388977051e-01,1.333828568458557129e+00,-9.545919062267401722e-01,9.240554090430841416e-01,1.328579732803185198e+00
2.682652175426483154e-01,-1.011324644088745117e+00,7.873899340629577637e-01,1.281702160835266113e+00,-1.006839400009714280e+00,7.849622396508952882e-01,1.276671960642071557e+00
2.685571312904357910e-01,-1.046471953392028809e+00,6.482357382774353027e-01,1.230980515480041504e+00,-1.041955399998281795e+00,6.463753805861068846e-01,1.226161566928850366e+00
2.688490450382232666e-01,-1.065254449844360352e+00,5.114735960960388184e-01,1.181681990623474121e+00,-1.060726292191782605e+00,5.101750798064652592e-01,1.177038180775143772e+00
2.691409587860107422e-01,-1.068574547767639160e+00,3.788275420665740967e-01,1.133737921714782715e+00,-1.064133134221794785e+00,3.780489646750520016e-01,1.129291967137187713e+00
2.694328725337982178e-01,-1.057595491409301758e+00,2.518199384212493896e-01,1.087162137031555176e+00,-1.053294949294643512e+00,2.515250337274709813e-01,1.082910473123799289e+00
2.697247564792633057e-01,-1.033609151840209961e+00,1.317718178033828735e-01,1.041974902153015137e+00,-1.029464244457821920e+00,1.319462611464848611e-01,1.037885565198615856e+00
2.700166702270507812e-01,-9.979131817817687988e-01,1.982850208878517151e-02,9.981101751327514648e-01,-9.939855118970117864e-01,2.040540719937664060e-02,9.941949398906316793e-01
2.703085839748382568e-01,-9.519460201263427734e-01,-8.309467136859893799e-02,9.555656909942626953e-01,-9.482757012600691038e-01,-8.215732221677357616e-02,9.518280470726352416e-01
2.706004977226257324e-01,-8.971995115280151367e-01,-1.763009130954742432e-01,9.143571257591247559e-01,-8.937945660869582865e-01,-1.750215510740682767e-01,9.107696029770353530e-01
2.708924114704132080e-01,-8.351230621337890625e-01,-2.592271566390991211e-01,8.744308352470397949e-01,-8.320180847707714378e-01,-2.576656189393519147e-01,8.710026777048517355e-01
2.711843252182006836e-01,-7.672010064125061035e-01,-3.315470218658447266e-01,8.357755541801452637e-01,-7.644180527541800663e-01,-3.297543442433669703e-01,8.325099920865006720e-01
2.714762389659881592e-01,-6.948931813240051270e-01,-3.931516706943511963e-01,7.984014153480529785e-01,-6.924294304172070591e-01,-3.911533124110902482e-01,7.952731794283431910e-01
2.717681527137756348e-01,-6.195790767669677734e-01,-4.440289437770843506e-01,7.622597813606262207e-01,-6.174445486623555412e-01,-4.418809318783272766e-01,7.592736849321981563e-01
2.720600366592407227e-01,-5.425988435745239258e-01,-4.843563735485076904e-01,7.273339033126831055e-01,-5.407955957370511602e-01,-4.821134446453103073e-01,7.244951689806902184e-01
2.723519504070281982e-01,-4.651825726032257080e-01,-5.145084261894226074e-01,6.936236023902893066e-01,-4.637019930331026107e-01,-5.121887255015741269e-01,6.909101452966213142e-01
2.726438641548156738e-01,-3.884829282760620117e-01,-5.349010229110717773e-01,6.610885262489318848e-01,-3.873165467054910938e-01,-5.325499107336046922e-01,6.585009603442026904e-01
2.729357779026031494e-01,-3.135460019111633301e-01,-5.460889339447021484e-01,6.297016739845275879e-01,-3.126765285857433518e-01,-5.437570466584414897e-01,6.272466319711423877e-01
2.732276916503906250e-01,-2.412872910499572754e-01,-5.487630963325500488e-01,5.994668006896972656e-01,-2.407043429340908758e-01,-5.464608059865532219e-01,5.971247718750293254e-01
2.735196053981781006e-01,-1.725184768438339233e-01,-5.436260104179382324e-01,5.703436136245727539e-01,-1.722073715875207245e-01,-5.413846281762234591e-01,5.681132760766907097e-01
2.738115191459655762e-01,-1.079320609569549561e-01,-5.314512848854064941e-01,5.423004627227783203e-01,-1.078576431115110951e-01,-5.293111905267522399e-01,5.401884926527201758e-01
2.741034328937530518e-01,-4.806635528802871704e-02,-5.130913257598876953e-01,5.153378844261169434e-01,-4.821696823740980603e-02,-5.110579902239569261e-01,5.133275225406849218e-01
2.743953168392181396e-01,6.626180838793516159e-03,-4.893766045570373535e-01,4.894214570522308350e-01,6.271482237482181588e-03,-4.874689736123033468e-01,4.875093144998232098e-01
2.746872305870056152e-01,5.582352355122566223e-02,-4.611444771289825439e-01,4.645110070705413818e-01,5.530566961187093067e-02,-4.593869902031711971e-01,4.627041429025095520e-01
2.749791443347930908e-01,9.934302419424057007e-02,-4.292615056037902832e-01,4.406069517135620117e-01,9.867317139491112166e-02,-4.276548812869178651e-01,4.388907520575676124e-01
2.752710580825805664e-01,1.370758712291717529e-01,-3.945409953594207764e-01,4.176749885082244873e-01,1.362760387328747769e-01,-3.930924343613156902e-01,4.160442532770153301e-01
2.755629718303680420e-01,1.690043359994888306e-01,-3.577693402767181396e-01,3.956783711910247803e-01,1.681154526342908961e-01,-3.564886044529554376e-01,3.941407496304438762e-01
2.758548855781555176e-01,1.952509433031082153e-01,-3.197051882743835449e-01,3.746122419834136963e-01,1.942821776396542743e-01,-3.185892797734917181e-01,3.731550532084462746e-01
2.761467993259429932e-01,2.159779369831085205e-01,-2.810420393943786621e-01,3.544447720050811768e-01,2.149451914739856084e-01,-2.800920316678056632e-01,3.530622913050718292e-01
2.764387130737304688e-01,2.314068973064422607e-01,-2.424224615097045898e-01,3.351384997367858887e-01,2.303503419392137486e-01,-2.416324787247217387e-01,3.338375874675675314e-01
2.767305970191955566e-01,2.418693602085113525e-01,-2.044274806976318359e-01,3.166881203651428223e-01,2.407963807363599218e-01,-2.037917552683496669e-01,3.154583593615565285e-01
2.770225107669830322e-01,2.477107793092727661e-01,-1.675631999969482422e-01,2.990619838237762451e-01,2.466321926612610460e-01,-1.670752089972518672e-01,2.978952230539737567e-01
2.773144245147705078e-01,2.493019104003906250e-01,-1.322776675224304199e-01,2.822212278842926025e-01,2.482491708004234410e-01,-1.319244080289932730e-01,2.811257729858614995e-01
2.776063382625579834e-01,2.470863461494445801e-01,-9.893847256898880005e-02,2.661587893962860107e-01,2.460629386826105047e-01,-9.871380461379307414e-02,2.651252251568157470e-01
2.778982520103454590e-01,2.414961755275726318e-01,-6.785050034523010254e-02,2.508467435836791992e-01,2.405096675640540638e-01,-6.774740282169844363e-02,2.498691873378093842e-01
2.781901657581329346e-01,2.329632639884948730e-01,-3.926536068320274353e-02,2.362491488456726074e-01,2.320349024430664042e-01,-3.926195352842570124e-02,2.353331615957079681e-01
2.784820795059204102e-01,2.219549864530563354e-01,-1.333947107195854187e-02,2.223554700613021851e-01,2.210856726836874508e-01,-1.343157610722479044e-02,2.214932999048115081e-01
2.787739634513854980e-01,2.089108079671859741e-01,9.812785312533378601e-03,2.091411501169204712e-01,2.081038705844093228e-01,9.634384764302813056e-03,2.083267681360204127e-01
2.790658771991729736e-01,1.942470371723175049e-01,3.012368083000183105e-02,1.965689361095428467e-01,1.935139628610851037e-01,2.988282087858609368e-02,1.958076525722707295e-01
2.793577909469604492e-01,1.783852279186248779e-01,4.760762304067611694e-02,1.846287548542022705e-01,1.777252417249327032e-01,4.730787545464378019e-02,1.839138293501003663e-01
2.796497046947479248e-01,1.617075949907302856e-01,6.230815127491950989e-02,1.732964217662811279e-01,1.611208451040636036e-01,6.195625685446810166e-02,1.726224333349072049e-01
2.799416184425354004e-01,1.445677429437637329e-01,7.429163157939910889e-02,1.625394672155380249e-01,1.440562502794222322e-01,7.391129017569220139e-02,1.619107224985513738e-01
2.802335321903228760e-01,1.272940933704376221e-01,8.369836211204528809e-02,1.523456573486328125e-01,1.268555497773072582e-01,8.329311369381672825e-02,1.517566252198366272e-01
2.805254459381103516e-01,1.101758107542991638e-01,9.067752212285995483e-02,1.426924020051956177e-01,1.098089624681072574e-01,9.025121752659165386e-02,1.421382795145429978e-01
2.808173596858978271e-01,9.347181767225265503e-02,9.538699686527252197e-02,1.335502266883850098e-01,9.317234335102055065e-02,9.495804907739188727e-02,1.330342687058670148e-01
2.811092436313629150e-01,7.740103453397750854e-02,9.803444892168045044e-02,1.249066591262817383e-01,7.716483865224085803e-02,9.760639132136343654e-02,1.244243543322829382e-01
2.814011573791503906e-01,6.214296445250511169e-02,9.882434457540512085e-02,1.167390197515487671e-01,6.196831896131132361e-02,9.839953991783204068e-02,1.162864652955443306e-01
2.816930711269378662e-01,4.785491526126861572e-02,9.795773774385452271e-02,1.090220734477043152e-01,4.773354929361101756e-02,9.754877659480537533e-02,1.086013606881094384e-01
2.819849848747253418e-01,3.464635461568832397e-02,9.566085040569305420e-02,1.017416715621948242e-01,3.457405565248423268e-02,9.526981388491462255e-02,1.013494092825771992e-01
2.822768986225128174e-01,2.259935066103935242e-02,9.214787185192108154e-02,9.487865865230560303e-02,2.257373785690958146e-02,9.177613918791095726e-02,9.451155149012885337e-02
2.825688123703002930e-01,1.177508383989334106e-02,8.762226253747940063e-02,8.840991556644439697e-02,1.178594791476743515e-02,8.727698318774750053e-02,8.806917941370846770e-02
2.828607261180877686e-01,2.193044172599911690e-03,8.229189366102218628e-02,8.232110738754272461e-02,2.236790564875884135e-03,8.197369013524205550e-02,8.200420176076221590e-02
2.831526398658752441e-01,-6.146627478301525116e-03,7.634779065847396851e-02,7.659482210874557495e-02,-6.072236084509304889e-03,7.605702457745647238e-02,7.629903694439291173e-02
2.834445238113403320e-01,-1.325628068298101425e-02,6.996647268533706665e-02,7.121120393276214600e-02,-1.316038049136677469e-02,6.970577255746064627e-02,7.093722818457161294e-02
2.837364375591278076e-01,-1.918182894587516785e-02,6.331370770931243896e-02,6.615563482046127319e-02,-1.906867729214322543e-02,6.308187770140791240e-02,6.590096924937662026e-02
2.840283513069152832e-01,-2.398007735610008240e-02,5.653655529022216797e-02,6.141193956136703491e-02,-2.385080006633786415e-02,5.633386149886168703e-02,6.117486914720254160e-02
2.843202650547027588e-01,-2.771227806806564331e-02,4.976727440953254700e-02,5.696272104978561401e-02,-2.757406520544495448e-02,4.959324348113534203e-02,5.674344782380872504e-02
2.846121788024902344e-01,-3.046093136072158813e-02,4.312084615230560303e-02,5.279465764760971069e-02,-3.031704209979261752e-02,4.297400478047078143e-02,5.259171159557866210e-02
2.849040925502777100e-01,-3.231281042098999023e-02,3.669429197907447815e-02,4.889364913105964661e-02,-3.216450243996613056e-02,3.657384453647946621e-02,4.870524942333379070e-02
2.851960062980651855e-01,-3.335396572947502136e-02,3.057016804814338684e-02,4.524403065443038940e-02,-3.320652757918970965e-02,3.047361801675750603e-02,4.507011059337145964e-02
2.854879200458526611e-01,-3.368030115962028503e-02,2.481272071599960327e-02,4.183340817689895630e-02,-3.353578845756112481e-02,2.473815793181431341e-02,4.167283966001929935e-02
2.857798039913177490e-01,-3.338651731610298157e-02,1.947120763361454010e-02,3.864954784512519836e-02,-3.324553535391062964e-02,1.941780626344258992e-02,3.850086779609924320e-02
2.860717177391052246e-01,-3.256211057305335999e-02,1.458224281668663025e-02,3.567818552255630493e-02,-3.242791759625426179e-02,1.454669438215374852e-02,3.554118958444187765e-02
2.863636314868927002e-01,-3.129813820123672485e-02,1.016785856336355209e-02,3.290833905339241028e-02,-3.117195412644230626e-02,1.014799047149382225e-02,3.278219691647515227e-02
2.866555452346801758e-01,-2.968059666454792023e-02,6.237564142793416977e-03,3.032894805073738098e-02,-2.956262994323295701e-02,6.232686655310144125e-03,3.021250522720376683e-02
2.869474589824676514e-01,-2.778812870383262634e-02,2.793877385556697845e-03,2.792822569608688354e-02,-2.767982173466720930e-02,2.800678581997723907e-03,2.782114900184059353e-02
2.872393727302551270e-01,-2.569545432925224304e-02,-1.727588678477331996e-04,2.569603361189365387e-02,-2.559722566827994997e-02,-1.564210504268423473e-04,2.559770359735159470e-02
2.875312864780426025e-01,-2.347017452120780945e-02,-2.679999917745590210e-03,2.362268790602684021e-02,-2.338192030820454917e-02,-2.654873274227548523e-03,2.353215989664858912e-02
2.878232002258300781e-01,-2.117208018898963928e-02,-4.748623818159103394e-03,2.169807255268096924e-02,-2.109399324046987156e-02,-4.717214493572932481e-03,2.161501014127366338e-02
2.881150841712951660e-01,-1.885467022657394409e-02,-6.406632717698812485e-03,1.991340145468711853e-02,-1.878649199957619156e-02,-6.370720096989555999e-03,1.983729709926044388e-02
2.884069979190826416e-01,-1.656305231153964996e-02,-7.686977740377187729e-03,1.825990900397300720e-02,-1.650449982976402025e-02,-7.647174920418753005e-03,1.819004669851515682e-02
2.886989116668701172e-01,-1.433612033724784851e-02,-8.622082881629467010e-03,1.672915555536746979e-02,-1.428668259260056257e-02,-8.580177718400449835e-03,1.666519574385645977e-02
2.889908254146575928e-01,-1.220562588423490524e-02,-9.247768670320510864e-03,1.531334500759840012e-02,-1.216464406032080267e-02,-9.205094663341515868e-03,1.525491176229402598e-02
2.892827391624450684e-01,-1.019620336592197418e-02,-9.601279161870479584e-03,1.400525309145450592e-02,-1.016326266591568300e-02,-9.558247624973014930e-03,1.395177428417969379e-02
2.895746529102325439e-01,-8.327223360538482666e-03,-9.717776440083980560e-03,1.279757171869277954e-02,-8.301508808975956513e-03,-9.675469086250677517e-03,1.274871564293822944e-02
2.898665666580200195e-01,-6.612195167690515518e-03,-9.632522240281105042e-03,1.168360468000173569e-02,-6.592743972675872872e-03,-9.591881969594175800e-03,1.163909243918441645e-02
2.901584506034851074e-01,-5.058942362666130066e-03,-9.380037896335124969e-03,1.065729744732379913e-02,-5.045462001500041101e-03,-9.341171267311855486e-03,1.061669286801842846e-02
2.904503643512725830e-01,-3.671477548778057098e-03,-8.991612121462821960e-03,9.712303988635540009e-03,-3.663099944245436137e-03,-8.955072663753452927e-03,9.675310207669584120e-03
2.907422780990600586e-01,-2.450269181281328201e-03,-8.496899157762527466e-03,8.843138813972473145e-03,-2.445857401898016668e-03,-8.463089523435773920e-03,8.809432598760697994e-03
2.910341918468475342e-01,-1.391020370647311211e-03,-7.923252880573272705e-03,8.044430986046791077e-03,-1.390436181150246815e-03,-7.892216327487393615e-03,8.013762620249633567e-03
2.913261055946350098e-01,-4.882477805949747562e-04,-7.294837851077318192e-03,7.311158813536167145e-03,-4.908108983839972383e-04,-7.266730389483294465e-03,7.283286750596364503e-03
2.916180193424224854e-01,2.660126483533531427e-04,-6.633232813328504562e-03,6.638564635068178177e-03,2.611670456951028412e-04,-6.608141298891746090e-03,6.613300208812223496e-03
2.919099330902099609e-01,8.823554380796849728e-04,-5.957317538559436798e-03,6.022307090461254120e-03,8.754750151701623431e-04,-5.935166327572362864e-03,5.999387955294773096e-03
2.922018468379974365e-01,1.371562713757157326e-03,-5.283023230731487274e-03,5.458160769194364548e-03,1.363130605718005425e-03,-5.263746145989870069e-03,5.437384347061402154e-03
2.924937307834625244e-01,1.745217829011380672e-03,-4.623844288289546967e-03,4.942238796502351761e-03,1.735939778502442344e-03,-4.607269061395442324e-03,4.923455607465020319e-03
2.927856445312500000e-01,2.016275655478239059e-03,-3.990369383245706558e-03,4.470840562134981155e-03,2.006285000012301804e-03,-3.976378548343162574e-03,4.453848432647662323e-03
2.930775582790374756e-01,2.196850255131721497e-03,-3.391165519133210182e-03,4.040563944727182388e-03,2.186447027086566713e-03,-3.379605469864460643e-03,4.025206048663032728e-03
2.933694720268249512e-01,2.298893406987190247e-03,-2.832725644111633301e-03,3.648183774203062057e-03,2.288577748446795398e-03,-2.823265270456970337e-03,3.634338302642487004e-03
2.936613857746124268e-01,2.334586810320615768e-03,-2.319218358024954796e-03,3.290755208581686020e-03,2.324406601180293696e-03,-2.311749787803039913e-03,3.278269837737266598e-03
2.939532995223999023e-01,2.314946381375193596e-03,-1.853390480391681194e-03,2.965473337098956108e-03,2.305037486370249428e-03,-1.847760104597583140e-03,2.954219900026832692e-03
2.942452132701873779e-01,2.250211546197533607e-03,-1.436663209460675716e-03,2.669728826731443405e-03,2.240880862488692660e-03,-1.432474141350813419e-03,2.659610724430704412e-03
2.945371270179748535e-01,2.150191925466060638e-03,-1.068694167770445347e-03,2.401131438091397285e-03,2.141442923786472576e-03,-1.065858341451168595e-03,2.392035074967796549e-03
2.948290109634399414e-01,2.023459412157535553e-03,-7.484728703275322914e-04,2.157452050596475601e-03,2.015342307093509738e-03,-7.468585900509519841e-04,2.149279499807758148e-03
2.951209247112274170e-01,1.877591363154351711e-03,-4.742182209156453609e-04,1.936551649123430252e-03,1.870223202996678128e-03,-4.734582255464491450e-04,1.929221998725067985e-03
2.954128384590148926e-01,1.719439751468598843e-03,-2.430807362543419003e-04,1.736537204124033451e-03,1.712800586749268746e-03,-2.431145586034638359e-04,1.729968363460325335e-03
2.957047522068023682e-01,1.554746064357459545e-03,-5.202658576308749616e-05,1.555616268888115883e-03,1.548836163947563908e-03,-5.275683121529902521e-05,1.549734411436903304e-03
2.959966659545898438e-01,1.388382283039391041e-03,1.021482603391632438e-04,1.392134814523160458e-03,1.383190095713930558e-03,1.010132612441585250e-04,1.386873649554382776e-03
2.962885797023773193e-01,1.224373118020594120e-03,2.232924452982842922e-04,1.244567800313234329e-03,1.219870281965186945e-03,2.217788654159721234e-04,1.239866674270673642e-03
2.965804934501647949e-01,1.065917429514229298e-03,3.150541742797940969e-04,1.111503108404576778e-03,1.062081646935904245e-03,3.132292389397733413e-04,1.107307536723593387e-03
2.968724071979522705e-01,9.155613370239734650e-04,3.809300833381712437e-04,9.916452690958976746e-04,9.123105945453157013e-04,3.790030925104173934e-04,9.879038237865503044e-04
2.971642911434173584e-01,7.750989752821624279e-04,4.246577736921608448e-04,8.838057401590049267e-04,7.724048613018173835e-04,4.226412148371483097e-04,8.804742280394696995e-04
2.974562048912048340e-01,6.457650451920926571e-04,4.496142209973186255e-04,7.868707180023193359e-04,6.435883448220766591e-04,4.475409418216619610e-04,7.838997717804492386e-04
2.977481186389923096e-01,5.283957580104470253e-04,4.588661249727010727e-04,6.998286698944866657e-04,5.266366355407916828e-04,4.568606300066836625e-04,6.971856145560008291e-04
2.980400323867797852e-01,4.232521750964224339e-04,4.554555634967982769e-04,6.217573536559939384e-04,4.218863023206554405e-04,4.535203489041293376e-04,6.194100087631121236e-04
2.983319461345672607e-01,3.303157573100179434e-04,4.420207405928522348e-04,5.518068792298436165e-04,3.293203017275729105e-04,4.401679822919618438e-04,5.497269447324884756e-04
2.986238598823547363e-01,2.493657520972192287e-04,4.208811151329427958e-04,4.892077413387596607e-04,2.486368043282630603e-04,4.191686188759831031e-04,4.873628950966313908e-04
2.989157736301422119e-01,1.797932200133800507e-04,3.941750328522175550e-04,4.332430835347622633e-04,1.793127612660375602e-04,3.925991277163304988e-04,4.316099413086711537e-04
2.992076873779296875e-01,1.209016700158827007e-04,3.636949404608458281e-04,3.832639486063271761e-04,1.206481588441712157e-04,3.622595097186622187e-04,3.818218571717626217e-04
2.994995713233947754e-01,7.194545469246804714e-05,3.309604944661259651e-04,3.386901225894689560e-04,7.183760461028864362e-05,3.296781932793803175e-04,3.374142151126721602e-04
2.997914850711822510e-01,3.196361649315804243e-05,2.972547954414039850e-04,2.989683998748660088e-04,3.198816477754188448e-05,2.961194637393406177e-04,2.978422056913859468e-04
3.000833988189697266e-01,3.093126821340774768e-08,2.636129793245345354e-04,2.636129793245345354e-04,1.729035177875920057e-07,2.626223236576638825e-04,2.626223805751848718e-04
3.003753125667572021e-01,-2.474533721397165209e-05,2.308623370481655002e-04,2.321847132407128811e-04,-2.453990435943872550e-05,2.300058006914704602e-04,2.313112086728501802e-04
3.006672263145446777e-01,-4.332425669417716563e-05,1.996280916500836611e-04,2.042752312263473868e-04,-4.306753593471596462e-05,1.988975360045113546e-04,2.035068610149396026e-04
3.009591400623321533e-01,-5.659107046085409820e-05,1.703645102679729462e-04,1.795177231542766094e-04,-5.629029919126494824e-05,1.697545108017501150e-04,1.788440430111767031e-04
3.012510538101196289e-01,-6.535040301969274879e-05,1.433964353054761887e-04,1.575855712871998549e-04,-6.503613382184309801e-05,1.428890762443277122e-04,1.569935884437640859e-04
3.015429377555847168e-01,-7.039259071461856365e-05,1.189033500850200653e-04,1.381778565701097250e-04,-7.007389019146698594e-05,1.184885205728178250e-04,1.376585616447478560e-04
3.018348515033721924e-01,-7.242003630381077528e-05,9.695889457361772656e-05,1.210193731822073460e-04,-7.209988955959216808e-05,9.663185341080925519e-05,1.205657877182143010e-04
3.021267652511596680e-01,-7.204478606581687927e-05,7.757843559375032783e-05,1.058719280990771949e-04,-7.173812296507778676e-05,7.732113697975668025e-05,1.054747197692172911e-04
3.024186789989471436e-01,-6.982961349422112107e-05,6.068438233342021704e-05,9.251361916540190578e-05,-6.954051122494459447e-05,6.048750303981057023e-05,9.216626674341182131e-05
3.027105927467346191e-01,-6.625503738177940249e-05,4.615402212948538363e-05,8.074604556895792484e-05,-6.598453195170296646e-05,4.601360083902798043e-05,8.044383083281593213e-05
3.030025064945220947e-01,-6.172501161927357316e-05,3.384361480129882693e-05,7.039437332423403859e-05,-6.147842777313067579e-05,3.374477158462740862e-05,7.013064017071798462e-05
3.032944202423095703e-01,-5.658685040543787181e-05,2.356617915211245418e-05,6.129792745923623443e-05,-5.636462652810229825e-05,2.350174018133664031e-05,6.106801875944155614e-05
3.035863339900970459e-01,-5.112313374411314726e-05,1.512363542133243755e-05,5.331321881385520101e-05,-5.092486917574358797e-05,1.509126508863792701e-05,5.311392079805577550e-05
3.038782179355621338e-01,-4.556086787488311529e-05,8.324360351252835244e-06,4.631509364116936922e-05,-4.538687434248039751e-05,8.313328259099667621e-06,4.614195259548138216e-05
3.041701316833496094e-01,-4.007778989034704864e-05,2.963150109280832112e-06,4.018718027509748936e-05,-3.992651497243939005e-05,2.968354952228354462e-06,4.003670477158235584e-05
3.044620454311370850e-01,-3.480898521956987679e-05,-1.155266772912000306e-06,3.482815372990444303e-05,-3.467910241951147504e-05,-1.135532489001221190e-06,3.469768837626714491e-05
3.047539591789245605e-01,-2.985203718708362430e-05,-4.209950930089689791e-06,3.014743197127245367e-05,-2.974192557689178448e-05,-4.181617696026335676e-06,3.003444794859879113e-05
3.050458729267120361e-01,-2.527319520595483482e-05,-6.372957614075858146e-06,2.606432281027082354e-05,-2.518068260362418774e-05,-6.339369644780363222e-06,2.596640875973464969e-05
3.053377866744995117e-01,-2.111078720190562308e-05,-7.801831998222041875e-06,2.250630859634838998e-05,-2.103502755183623738e-05,-7.763808601188351610e-06,2.242206743595237393e-05
3.056297004222869873e-01,-1.738475475576706231e-05,-8.633453035145066679e-06,1.941046684805769473e-05,-1.732315772680255247e-05,-8.594125624966869690e-06,1.933780724087897092e-05
3.059216141700744629e-01,-1.409608648827997968e-05,-8.992192306322976947e-06,1.672002326813526452e-05,-1.404640609818148759e-05,-8.953377334602766278e-06,1.665726538093238840e-05
3.062134981155395508e-01,-1.123184028983814642e-05,-8.986708962765987962e-06,1.438454637536779046e-05,-1.119337095525857888e-05,-8.948626003267253883e-06,1.433071738219609196e-05
3.065054118633270264e-01,-8.771557986619882286e-06,-8.707784218131564558e-06,1.235984382219612598e-05,-8.742136241455392208e-06,-8.671798192863437363e-06,1.231361157264258395e-05
3.067973256111145020e-01,-6.687295353913214058e-06,-8.233365406340453774e-06,1.060699014487909153e-05,-6.664996425673905958e-06,-8.200191710541938098e-06,1.056718133864876210e-05
3.070892393589019775e-01,-4.945304681314155459e-06,-7.628287221450591460e-06,9.091028914554044604e-06,-4.929685263527499094e-06,-7.597891457665440473e-06,9.057027735405565497e-06
3.073811531066894531e-01,-3.511970135150477290e-06,-6.944394954189192504e-06,7.781937711115460843e-06,-3.501474700112046341e-06,-6.917123031486492128e-06,7.752865025798245965e-06
3.076730668544769287e-01,-2.351934199396055192e-06,-6.223423497431213036e-06,6.653014224866637960e-06,-2.345121182828798205e-06,-6.199312671571471951e-06,6.628051822523641751e-06
3.079649806022644043e-01,-1.429288658982841298e-06,-5.497666734299855307e-06,5.680423328158212826e-06,-1.425863753191433992e-06,-5.476609928295566026e-06,5.659182250941448903e-06
3.082568943500518799e-01,-7.113544029380136635e-07,-4.791279934579506516e-06,4.843799160880735144e-06,-7.104187236092761505e-07,-4.773149188106199517e-06,4.825727710384570063e-06
3.085487782955169678e-01,-1.670874922865550616e-07,-4.121848633076297119e-06,4.125234227103646845e-06,-1.677062102301529077e-07,-4.106329198207269181e-06,4.109752408235721822e-06
3.088406920433044434e-01,2.329925479216399253e-07,-3.500785169308073819e-06,3.508529971441021189e-06,2.309849278819811031e-07,-3.487766646003902081e-06,3.495407016913187556e-06
3.091326057910919189e-01,5.142359214005409740e-07,-2.935418251581722870e-06,2.980120598294888623e-06,5.113128011083307892e-07,-2.924650158186266745e-06,2.969009822879709491e-06
3.094245195388793945e-01,6.993844863245612942e-07,-2.429388359814765863e-06,2.528055802031303756e-06,6.960716226476782038e-07,-2.420472767692091510e-06,2.518571841936295543e-06
3.097164332866668701e-01,8.088281902018934488e-07,-1.983052925424999557e-06,2.141658796972478740e-06,8.052038591261087597e-07,-1.975878888494187051e-06,2.133647261556746301e-06
3.100083470344543457e-01,8.595125677857140545e-07,-1.595061689840804320e-06,1.811900574466562830e-06,8.557867189279299090e-07,-1.589405704208237673e-06,1.805154121083049259e-06
3.103002607822418213e-01,8.658524848215165548e-07,-1.262563614545797464e-06,1.530936742710764520e-06,8.622812843696046944e-07,-1.258050527171738125e-06,1.525195116137992140e-06
3.105921745300292969e-01,8.401351578868343495e-07,-9.812270036491099745e-07,1.291755893362278584e-06,8.367269984384733465e-07,-9.777835852447531803e-07,1.286923777653494258e-06
3.108840584754943848e-01,7.921601650195952971e-07,-7.465029057129868306e-07,1.088478029487305321e-06,7.889830802059747130e-07,-7.439754537039779683e-07,1.084432467498713179e-06
3.111759722232818604e-01,7.298313562387193087e-07,-5.535268314815766644e-07,9.159944625025673304e-07,7.269614668352552355e-07,-5.516051209990438956e-07,9.125465378684177631e-07
3.114678859710693359e-01,6.594588626285258215e-07,-3.970191642110876273e-07,7.697468618061975576e-07,6.568886032413501427e-07,-3.956797796247611249e-07,7.668540441780765737e-07
3.117597997188568115e-01,5.858143481418665033e-07,-2.721635041780245956e-07,6.459500241362547968e-07,5.835520635806323769e-07,-2.713162785002466687e-07,6.435414002909508414e-07
3.120517134666442871e-01,5.124809945300512481e-07,-1.744262192460155347e-07,5.413513690655236132e-07,5.105159772012358239e-07,-1.738718394042070425e-07,5.393125063592861915e-07
3.123436272144317627e-01,4.420129187110433122e-07,-9.935518363590745139e-08,4.530417925252550049e-07,4.403306771403962871e-07,-9.907236594153012914e-08,4.513384970553391151e-07
3.126355409622192383e-01,3.761377911359886639e-07,-4.310346923830365995e-08,3.785994522331748158e-07,3.747256026226531275e-07,-4.304186181304256187e-08,3.771894472665474616e-07
3.129274249076843262e-01,3.159684069942159113e-07,-2.291716594271520080e-09,3.159767061333695892e-07,3.147766300759596596e-07,-2.338066048924170916e-09,3.147853131815820725e-07
3.132193386554718018e-01,2.620162149469251744e-07,2.620896388805249444e-08,2.633237556892709108e-07,2.610344917903836362e-07,2.606459970947799287e-08,2.623325547130572636e-07
3.135112524032592773e-01,2.144609538845543284e-07,4.497454142438073177e-08,2.191260080053325510e-07,2.136733012629361696e-07,4.475493973082936723e-08,2.183100645937141600e-07
3.138031661510467529e-01,1.732248193775376421e-07,5.616983145273479749e-08,1.821040598315448733e-07,1.725793414489040554e-07,5.593321949028538323e-08,1.814170723429464207e-07
3.140950798988342285e-01,1.379484757535465178e-07,6.168778554638265632e-08,1.511130847120512044e-07,1.374370484815099381e-07,6.143626156309399267e-08,1.505435369923193063e-07
3.143869936466217041e-01,1.081877272213205288e-07,6.303143607055972097e-08,1.252100219062413089e-07,1.077995602758808853e-07,6.277254436746138421e-08,1.247442885347388688e-07
3.146789073944091797e-01,8.345050872549109044e-08,6.140611219507263741e-08,1.036083858707570471e-07,8.314266596565638560e-08,6.116445042686414187e-08,1.032172122269199729e-07
3.149708211421966553e-01,6.314025569054138032e-08,5.780511713737723767e-08,8.560446218552897335e-08,6.290804395181127393e-08,5.758003883022908642e-08,8.528119878105435944e-08
3.152627050876617432e-01,4.669804098966778838e-08,5.298037564216429018e-08,7.062313756023286260e-08,4.653515002467581110e-08,5.277422904726729404e-08,7.036078054820395851e-08
3.155546188354492188e-01,3.359912170708412305e-08,4.750234694483879139e-08,5.818396431322980789e-08,3.347643962777550997e-08,4.732000605333240859e-08,5.796425608113601975e-08
3.158465325832366943e-01,2.331043269521160255e-08,4.180238732942598290e-08,4.786246776689040416e-08,2.322535629667471799e-08,4.164268090085177460e-08,4.768154829404822673e-08
3.161384463310241699e-01,1.536827909376370371e-08,3.618265864702152612e-08,3.931117831257324724e-08,1.531676897682988018e-08,3.604559288072580655e-08,3.916488450145882058e-08
3.164303600788116455e-01,9.368483766536428448e-09,3.085235888988790975e-08,3.224339550911281549e-08,9.334725048607325382e-09,3.073526213157553152e-08,3.212154152636137176e-08
3.167222738265991211e-01,4.931917541028951746e-09,2.594079084872191743e-08,2.640546092891327135e-08,4.914258493510763838e-09,2.584234258821323619e-08,2.630544823772486909e-08
3.170141875743865967e-01,1.743694300060383284e-09,2.152006217670532351e-08,2.159059064865687105e-08,1.739776139576697077e-09,2.143957726184826426e-08,2.151005100371920430e-08
3.173061013221740723e-01,-4.583612656094970816e-10,1.762305146257858723e-08,1.762901113977477507e-08,-4.561884101183466464e-10,1.755635941733273322e-08,1.756228526861165755e-08
3.175979852676391602e-01,-1.904634450156095227e-09,1.424540219119307949e-08,1.437216479160952076e-08,-1.897376638234731475e-09,1.419127542019916617e-08,1.431755342784750795e-08
3.178898990154266357e-01,-2.779908969685607190e-09,1.136319127681417740e-08,1.169829033642599825e-08,-2.768672948954063020e-09,1.132061150433209822e-08,1.165426079724862862e-08
3.181818127632141113e-01,-3.231631851008387457e-09,8.942099505304668128e-09,9.508132059465879138e-09,-3.219479377164084331e-09,8.907928853114802274e-09,9.471865915021180361e-09
3.184737265110015869e-01,-3.381842583749516962e-09,6.935222174320188060e-09,7.715838634680949326e-09,-3.369256575377873216e-09,6.908474509276673835e-09,7.686280629540702762e-09
3.187656402587890625e-01,-3.324417408023805365e-09,5.293966154340523644e-09,6.251226203346504917e-09,-3.311767734953172450e-09,5.274057857136612426e-09,6.227639344944543838e-09
3.190575540065765381e-01,-3.130967263231809738e-09,3.971536433056144233e-09,5.057277707720686521e-09,-3.119202512199228358e-09,3.956199825490383679e-09,5.037950116001559131e-09
3.193494677543640137e-01,-2.856804792727984932e-09,2.919726460604010754e-09,4.084866667142250662e-09,-2.846088062828217455e-09,2.908241247259982692e-09,4.069162618234565092e-09
3.196413815021514893e-01,-2.541995502980398669e-09,2.094892481707688603e-09,3.293981531982126398e-09,-2.532417307592924310e-09,2.086904252677471571e-09,3.281509832324064890e-09
3.199332654476165771e-01,-2.215092553825570576e-09,1.458879350657582563e-09,2.652350339360509679e-09,-2.206728186140220053e-09,1.453095747076554877e-09,2.642184046897126531e-09
3.202251791954040527e-01,-1.895692935960369141e-09,9.761056407597834550e-10,2.132236831542400068e-09,-1.888502648872600657e-09,9.720821809867305277e-10,2.124002359083140885e-09
3.205170929431915283e-01,-1.596366039358088074e-09,6.163968779837603051e-10,1.711236263801652058e-09,-1.590334753565932496e-09,6.139408999409905161e-10,1.704725214519914558e-09
3.208090066909790039e-01,-1.324632181720630797e-09,3.546488380745671520e-10,1.371286417750638975e-09,-1.319588385623929444e-09,3.531165909199222679e-10,1.366017874793912033e-09
3.211009204387664795e-01,-1.083996892248251243e-09,1.690500378570547468e-10,1.097099411317969953e-09,-1.079825681746235318e-09,1.681965543869841575e-10,1.092846550923950964e-09
3.213928341865539551e-01,-8.752407132384121269e-10,4.177680423822494049e-11,8.762372494253156674e-10,-8.719008691329608689e-10,4.150951851208128037e-11,8.728884039336971888e-10
3.216847479343414307e-01,-6.975339195136598391e-10,-4.134578790448983909e-11,6.987582734652164618e-10,-6.948403755627805674e-10,-4.130058360959511715e-11,6.960667250477637315e-10
3.219766616821289062e-01,-5.486684440114686367e-10,-9.197632933055643889e-11,5.563242644335275600e-10,-5.465105460733083649e-10,-9.174197663409790520e-11,5.541573488153676169e-10
3.222685456275939941e-01,-4.257801333729105409e-10,-1.192532184113304083e-10,4.421651933483872199e-10,-4.241252090331578776e-10,-1.188696150989123348e-10,4.404681354322732609e-10
3.225604593753814697e-01,-3.258409653206228995e-10,-1.301434238154541845e-10,3.508698609433480442e-10,-3.245571729931534307e-10,-1.297076765343519935e-10,3.495160080643629441e-10
3.228523731231689453e-01,-2.456708725340206456e-10,-1.300531904391277749e-10,2.779712293676794843e-10,-2.446753595978237898e-10,-1.296123332142817337e-10,2.768851540180050276e-10
3.231442868709564209e-01,-1.821904294097009824e-10,-1.230112539607475242e-10,2.198297516242675442e-10,-1.814598853366586490e-10,-1.225774743332005587e-10,2.189815681748118043e-10
3.234362006187438965e-01,-1.326639909038362930e-10,-1.119219925072023614e-10,1.735692006787914465e-10,-1.321226998317471333e-10,-1.115220835059631294e-10,1.728976081972823766e-10
3.237281143665313721e-01,-9.456797844809017306e-11,-9.887633767302617116e-11,1.368197083406741399e-10,-9.416378817885573555e-11,-9.851869326535823617e-11,1.362818840745392309e-10
3.240200281143188477e-01,-6.567763694009798314e-11,-8.530302852971516359e-11,1.076575981140415195e-10,-6.539901989121918830e-11,-8.498993318080560565e-11,1.072395474851040378e-10
3.243119120597839355e-01,-4.414876103586706790e-11,-7.213585284659984609e-11,8.457360506364253183e-11,-4.395593458790239460e-11,-7.186832880462374363e-11,8.424476761595027549e-11
3.246038258075714111e-01,-2.839305006385739460e-11,-5.994451462987271384e-11,6.632880356072234918e-11,-2.825797478673027667e-11,-5.971822718992438365e-11,6.606648013747144157e-11
3.248957395553588867e-01,-1.709010363781793274e-11,-4.903334335781828202e-11,5.192630006534137976e-11,-1.700591234171004308e-11,-4.884615599055403892e-11,5.172183300722688482e-11
3.251876533031463623e-01,-9.189505927043040145e-12,-3.952738830692581473e-11,4.058154159936044891e-11,-9.139726832135862635e-12,-3.937532454756811615e-11,4.042215716401568435e-11
3.254795670509338379e-01,-3.839946156186657689e-12,-3.142959503765752061e-11,3.166330392323501997e-11,-3.810686568510546592e-12,-3.130538262957492831e-11,3.153646006937872082e-11
3.257714807987213135e-01,-3.598126842047771889e-13,-2.465650947303110740e-11,2.465913410965026031e-11,-3.483042606406625982e-13,-2.455884937700886885e-11,2.456131915391739259e-11
3.260633945465087891e-01,1.768295904668037988e-12,-1.908942968975591015e-11,1.917115424743265351e-11,1.768906170896699481e-12,-1.901346164831616783e-11,1.909556893348365905e-11
3.263553082942962646e-01,2.944728228621018573e-12,-1.458578570423529897e-11,1.488007286831738440e-11,2.940057342571844570e-12,-1.452549491108044068e-11,1.482005194287234578e-11
3.266471922397613525e-01,3.474718126075804214e-12,-1.099186106717775502e-11,1.152799557202488501e-11,3.465994484970658616e-12,-1.094625311836139689e-11,1.148188029466792603e-11
3.269391059875488281e-01,3.579348623050648825e-12,-8.164896710127766966e-12,8.915002416842732202e-12,3.568796540488395466e-12,-8.130925208591966649e-12,8.879653906268996545e-12
3.272310197353363037e-01,3.419924499842297294e-12,-5.973222784450005207e-12,6.882969454807819076e-12,3.409321232709503202e-12,-5.947054540204396718e-12,6.854992995763713411e-12
3.275229334831237793e-01,3.111713144099415018e-12,-4.295216526201128815e-12,5.303927436139943552e-12,3.101439031567404515e-12,-4.276221871123871636e-12,5.282518107646003306e-12
3.278148472309112549e-01,2.732602555691188151e-12,-3.029347172417429235e-12,4.079713563504006046e-12,2.723205647477748980e-12,-3.015928474434868006e-12,4.063455864330475742e-12
3.281067609786987305e-01,2.334515176657947499e-12,-2.089320903786440198e-12,3.132925559604093912e-12,2.326244271834898435e-12,-2.079325787273262623e-12,3.120097457109994348e-12
3.283986747264862061e-01,1.949977939535996185e-12,-1.401156317706875321e-12,2.401177564073653237e-12,1.942879161543009605e-12,-1.394269926307130991e-12,2.391394585542620256e-12
3.286905884742736816e-01,1.597686284486588004e-12,-9.064418052956435545e-13,1.836909964414434882e-12,1.591781238658286932e-12,-9.019478004426161983e-13,1.829556598323152011e-12
3.289824724197387695e-01,1.287124486853974403e-12,-5.582930493776283587e-13,1.402989812000765557e-12,1.282193490403226847e-12,-5.551158000231641473e-13,1.397202096429778358e-12
3.292743861675262451e-01,1.020926398975774418e-12,-3.183907402049684920e-13,1.069422003209530292e-12,1.016947371259422347e-12,-3.163955298068501254e-13,1.065029617988723770e-12
3.295662999153137207e-01,7.981362966369420775e-13,-1.578775359143552715e-13,8.136011937949494399e-13,7.950216427723650273e-13,-1.567609586035377858e-13,8.103291989178039910e-13
3.298582136631011963e-01,6.155537776546260442e-13,-5.460870877672593937e-14,6.179713316588342220e-13,6.130308272664779437e-13,-5.392555727066599135e-14,6.153980507817473420e-13
3.301501274108886719e-01,4.683570697071315347e-13,8.648629060907086358e-15,4.684369211971350921e-13,4.664047481522960376e-13,8.960366934563322746e-15,4.664908115650389542e-13
3.304420411586761475e-01,3.516006116897202327e-13,4.435878341079238507e-14,3.543877702145287190e-13,3.501484499834949006e-13,4.440991387101318923e-14,3.529535061107550997e-13
3.307339549064636230e-01,2.604842069039298158e-13,6.162069823584942485e-14,2.676735515096811957e-13,2.593401035580993717e-13,6.157330977140090208e-14,2.665493608878673910e-13
3.310258686542510986e-01,1.902658396503789651e-13,6.713940249028146900e-14,2.017642102654024217e-13,1.894113859292090492e-13,6.701367932500585577e-14,2.009166651532383180e-13
3.313177525997161865e-01,1.369155033488847484e-13,6.550935195779455933e-14,1.517805249973830373e-13,1.363106964716219969e-13,6.534016635220585620e-14,1.511619770693430701e-13
3.316096663475036621e-01,9.700345317579725513e-14,5.988011329187761800e-14,1.139969195429468840e-13,9.653492524690794434e-14,5.971041780661514701e-14,1.135091440680734360e-13
3.319015800952911377e-01,6.749733150873682419e-14,5.238213020893750516e-14,8.543873616408126370e-14,6.716031338077330289e-14,5.221897668227486518e-14,8.507249390459670483e-14
3.321934938430786133e-01,4.600706548043599631e-14,4.434835812927757914e-14,6.390169697643305335e-14,4.578224760442028508e-14,4.420109049677292116e-14,6.363765078015024097e-14
3.324854075908660889e-01,3.063051724695904643e-14,3.658921784804002042e-14,4.771791617982738820e-14,3.046299461358144032e-14,3.646053119500557866e-14,4.751172882403950944e-14
3.327773213386535645e-01,1.978473300175229849e-14,2.954510889955665187e-14,3.555768757234657740e-14,1.966975607653836423e-14,2.943648655392481200e-14,3.540347503776874013e-14
3.330692350864410400e-01,1.227952896293684273e-14,2.341560579872774273e-14,2.644007246217078277e-14,1.220798406335214380e-14,2.332838396258966382e-14,2.632961019835026846e-14
3.333611488342285156e-01,7.211743545008572620e-15,1.825607570118351758e-14,1.962889418605055780e-14,7.161261116378978294e-15,1.818382129534342456e-14,1.954315782257172819e-14
3.336530327796936035e-01,3.869144435587499806e-15,1.401763294740614174e-14,1.454181251055088747e-14,3.837099533483277703e-15,1.396003378816759117e-14,1.447777179667639238e-14
3.339449465274810791e-01,1.736444646925627833e-15,1.060837107448673461e-14,1.074954774987150335e-14,1.718959133825089292e-15,1.056497887383471060e-14,1.070390578753075807e-14
3.342368602752685547e-01,4.397750857612392527e-16,7.921020982952064332e-15,7.933219951458420766e-15,4.289823519947941409e-16,7.886448803054820082e-15,7.898107405038739913e-15
3.345287740230560303e-01,-3.004021935074281408e-16,5.834559452331383733e-15,5.842287357425658342e-15,-3.057900584355708154e-16,5.808150839851545221e-15,5.816194953602074820e-15
3.348206877708435059e-01,-6.776067701665350156e-16,4.239215671341745387e-15,4.293029368546705596e-15,-6.791063392128747595e-16,4.220240118714533108e-15,4.274530626813518199e-15
3.351126015186309814e-01,-8.257401271471033304e-16,3.039121180463486699e-15,3.149302379209378833e-15,-8.256676798777982352e-16,3.024522171424594928e-15,3.135197200023266916e-15
3.354045152664184570e-01,-8.383659473193167278e-16,2.147515241942296940e-15,2.305358772871951741e-15,-8.372424081283883874e-16,2.136730464727892122e-15,2.294905647050635686e-15
3.356963992118835449e-01,-7.764363509906802366e-16,1.494177342143136918e-15,1.683870370680737479e-15,-7.747375061981248008e-16,1.486751899427111859e-15,1.676499154178198118e-15
3.359883129596710205e-01,-6.790439733197887497e-16,1.022894351279711803e-15,1.227767798418885527e-15,-6.772693259913051767e-16,1.017388430215944794e-15,1.222200048218777133e-15
3.362802267074584961e-01,-5.706361439280919004e-16,6.872841215889153969e-16,8.933001102948167661e-16,-5.689313577819163157e-16,6.833572696972957527e-16,8.891906701690687052e-16
3.365721404552459717e-01,-4.651804890553723048e-16,4.518089093126606993e-16,6.484783659016436948e-16,-4.636686057405526938e-16,4.492178383540952898e-16,6.455890660822208965e-16
3.368640542030334473e-01,-3.700803413584285648e-16,2.895963295015090144e-16,4.699206971864441831e-16,-3.687728324657737488e-16,2.877627657346453658e-16,4.677614897659725402e-16
3.371559679508209229e-01,-2.884199066168911980e-16,1.796691744653441665e-16,3.398044456780240823e-16,-2.873281317313699926e-16,1.784156040968414825e-16,3.382152910048278596e-16
3.374478816986083984e-01,-2.207377257316465286e-16,1.066498720666746527e-16,2.451516637261286213e-16,-2.198786715353418885e-16,1.058695174928643668e-16,2.440389004448239407e-16
3.377397954463958740e-01,-1.662450786799027943e-16,5.941366362982990353e-17,1.765429479105959550e-16,-1.655558407343670415e-16,5.889533844128178116e-17,1.757196553928336864e-16
3.380316793918609619e-01,-1.233417481707292109e-16,2.971190408643112693e-17,1.268699580333985922e-16,-1.227996460554060926e-16,2.938145145734011420e-17,1.262656832281560293e-16
3.383235931396484375e-01,-9.019746144123174584e-17,1.173293164052160748e-17,9.095737572637196131e-17,-8.979676040695419029e-17,1.154799739108838525e-17,9.053626026807448046e-17
3.386155068874359131e-01,-6.507435172910589058e-17,1.465180159329079171e-18,6.509084240179774774e-17,-6.476594310624925064e-17,1.357086017727928587e-18,6.478015953130578516e-17
3.389074206352233887e-01,-4.631503363692609588e-17,-3.915540493219786696e-18,4.648025469247743762e-17,-4.608228557513289401e-17,-3.972792736311694273e-18,4.625321746596438023e-17
3.391993343830108643e-01,-3.250763559051745156e-17,-6.297937289838876376e-18,3.311208624261200079e-17,-3.234293315857328621e-17,-6.319086324939527956e-18,3.295445610660229134e-17
3.394912481307983398e-01,-2.250411361771761053e-17,-6.917852910665717013e-18,2.354340153730271067e-17,-2.238360368311542143e-17,-6.921320467653530797e-18,2.342926355775481559e-17
3.397831618785858154e-01,-1.535281958484146592e-17,-6.583132621434909258e-18,1.670469078610422968e-17,-1.526480600989081430e-17,-6.577238973082214106e-18,1.662150339255237874e-17
3.400750756263732910e-01,-1.030714275254049261e-17,-5.793754162875554948e-18,1.182390661865141457e-17,-1.024726003258892911e-17,-5.782937127284854762e-18,1.176642256565792682e-17
3.403669595718383789e-01,-6.803268129902115131e-18,-4.846324236724162257e-18,8.352922765119676855e-18,-6.761275384417902078e-18,-4.834284103772162115e-18,8.311747567143727390e-18
3.406588733196258545e-01,-4.404312831780938942e-18,-3.908285705657390366e-18,5.888350537727119193e-18,-4.374647520513011785e-18,-3.896618694048723180e-18,5.858427961112146194e-18
3.409507870674133301e-01,-2.785948852571966251e-18,-3.063466086927128791e-18,4.140813206881253147e-18,-2.766568816281291011e-18,-3.053246607587775051e-18,4.120220608409981667e-18
3.412427008152008057e-01,-1.714588762493924140e-18,-2.346239284478324873e-18,2.905968623550347801e-18,-1.701650652835640357e-18,-2.337636589476869885e-18,2.891394087418215285e-18
3.415346145629882812e-01,-1.018762259865209309e-18,-1.761810745905774815e-18,2.035154440480301055e-18,-1.009986867388035640e-18,-1.754683051174357763e-18,2.024595288539132387e-18
3.418265283107757568e-01,-5.761896128763687640e-19,-1.299763682358021771e-18,1.421752453387009235e-18,-5.707614104835622494e-19,-1.294258674570846292e-18,1.414522571187561181e-18
3.421184420585632324e-01,-3.026868669796850627e-19,-9.437911586367719218e-19,9.911413550435683159e-19,-2.993023866092900142e-19,-9.395638285956124941e-19,9.860842289760355436e-19
3.424103558063507080e-01,-1.393863697143265915e-19,-6.753031693542968085e-19,6.895381722145101463e-19,-1.372340917294624983e-19,-6.720172799165356566e-19,6.858865944449052723e-19
3.427022397518157959e-01,-4.613739453242880180e-20,-4.762908552019747580e-19,4.785202620491700213e-19,-4.492212458854950265e-20,-4.739060849272688932e-19,4.760304345403148118e-19
3.429941534996032715e-01,3.436675335629273275e-21,-3.313284868278223493e-19,3.313462970603863817e-19,4.100472901798225919e-21,-3.296017119034503397e-19,3.296272172738523259e-19
3.432860672473907471e-01,2.676570831259913292e-20,-2.274040479072858959e-19,2.289738040653642618e-19,2.712454686002510248e-20,-2.261143668223937552e-19,2.277354779691863054e-19
3.435779809951782227e-01,3.507998014594377751e-20,-1.538769196850305303e-19,1.578249364264724911e-19,3.522857515995575776e-20,-1.529790696308931441e-19,1.569829552943067307e-19
3.438698947429656982e-01,3.528478166455881092e-20,-1.026446224918549948e-19,1.085400033410057787e-19,3.532127266194864970e-20,-1.020252683468729708e-19,1.079664192409434318e-19
3.441618084907531738e-01,3.158815997467334702e-20,-6.746855368553581908e-20,7.449709442570182409e-20,3.157091025075444896e-20,-6.702115472861631976e-20,7.408479975823867653e-20
3.444537222385406494e-01,2.643198294069946747e-20,-4.361419962728369893e-20,5.099850881020420048e-20,2.638828240172205091e-20,-4.331434540855305622e-20,5.071956196857851067e-20
3.447456359863281250e-01,2.112994262234209162e-20,-2.768985808051553028e-20,3.483106017387640410e-20,2.107927160246557787e-20,-2.749226333361207768e-20,3.464332885990003339e-20
3.450375199317932129e-01,1.633287183414133077e-20,-1.723332255439065710e-20,2.374342299887765034e-20,1.628275361632772129e-20,-1.709530327786086472e-20,2.360884282407915771e-20
3.453294336795806885e-01,1.229150323692878588e-20,-1.046415625063544472e-20,1.614247812158635185e-20,1.224770923924980275e-20,-1.037461926129537068e-20,1.605114034659362795e-20
3.456213474273681641e-01,9.046516506942306462e-21,-6.166083782544431714e-21,1.094806175574036759e-20,9.011272036262403233e-21,-6.110059408615505714e-21,1.088741703473948994e-20
3.459132611751556396e-01,6.533538574831940601e-21,-3.497671827869389603e-21,7.410859741878893061e-21,6.504527959934509774e-21,-3.460174849586757189e-21,7.367611144141806213e-21
3.462051749229431152e-01,4.637595778317435649e-21,-1.876888763805766984e-21,5.002999986635251312e-21,4.615608962218860176e-21,-1.853933473267147589e-21,4.974024066630100999e-21
3.464970886707305908e-01,3.240152287436697449e-21,-9.230288533680634689e-22,3.369060590695165780e-21,3.224270390910206109e-21,-9.096988818151890174e-22,3.350145013171229893e-21
3.467890024185180664e-01,2.231536191037733766e-21,-3.847480874557935556e-22,2.264461250981290400e-21,2.219357560900768211e-21,-3.765180086439338430e-22,2.251069477817288851e-21
3.470808863639831543e-01,1.514830840339026435e-21,-9.658203291818513748e-23,1.517906716293566270e-21,1.506215555872328360e-21,-9.216032608086432227e-23,1.509032413984245235e-21
3.473728001117706299e-01,1.013850194815992338e-21,4.432768145250995802e-23,1.014818739302760971e-21,1.008087495134680694e-21,4.624150310082188386e-23,1.009147498860269724e-21
3.476647138595581055e-01,6.695634773865810723e-22,1.019832562511502952e-22,6.772856304769023151e-22,6.653960730731649693e-22,1.024573524004223931e-22,6.732380285768867741e-22
3.479566276073455811e-01,4.358153831193975027e-22,1.158009943540994722e-22,4.509378340507098155e-22,4.330346524770886674e-22,1.150706374782370237e-22,4.480627878496503008e-22
3.482485413551330566e-01,2.795070502362467017e-22,1.084762883204903004e-22,2.998187670416221491e-22,2.777042314439688943e-22,1.066510621267528119e-22,2.974795610031888346e-22
3.485404551029205322e-01,1.768213165044407164e-22,9.288987358093768089e-23,1.997355927212233917e-22,1.753366872007972012e-22,8.986638548209437640e-23,1.970251788938829657e-22
3.488323688507080078e-01,1.103868084587397227e-22,7.600681763780414690e-23,1.340234414509896577e-22,1.088459270639480365e-22,7.140190144324190633e-23,1.301755252269823697e-22
3.491242825984954834e-01,6.853721363312397971e-23,6.125122489274305522e-23,9.191877949572337359e-23,6.630622861500292878e-23,5.444861977324789075e-23,8.579725023773637508e-23
3.494161665439605713e-01,4.351941141357688844e-23,5.019930885414564690e-23,6.643725959253840451e-23,3.952665295722075401e-23,4.024938579954588798e-23,5.641249286497854403e-23
3.497080802917480469e-01,3.026523238587398146e-23,4.342270653292765505e-23,5.292934818783659041e-23,2.295784166311237114e-23,2.901421682746113778e-23,3.699847661646986372e-23
3.499999940395355225e-01,2.610365505608752004e-23,4.112837716529562254e-23,4.871287402765579878e-23,1.290790164312043691e-23,2.047683221079369892e-23,2.420567252148697338e-23
