x_m,Pre_sim,Pim_sim,p_abs_sim,Pre_analytic,Pim_analytic,p_abs_analytic
0.000000000000000000e+00,1.129578682594001293e-03,8.484482020139694214e-02,8.485233783721923828e-02,1.129723497446448845e-03,5.655142116827019394e-02,5.656270424344791992e-02
2.919099351856857538e-04,1.123096211813390255e-03,4.944069385528564453e-01,4.944081902503967285e-01,1.123829236726053707e-03,4.955853036306491211e-01,4.955865778719557024e-01
5.838198703713715076e-04,1.103831804357469082e-03,9.277923107147216797e-01,9.277929663658142090e-01,1.102784334698604434e-03,9.289409104631966008e-01,9.289415650435076666e-01
8.757297764532268047e-04,1.071910257451236248e-03,1.350539207458496094e+00,1.350539565086364746e+00,1.072330761828443023e-03,1.351697202461735747e+00,1.351697627813315927e+00
1.167639740742743015e-03,1.027777325361967087e-03,1.757898926734924316e+00,1.757899165153503418e+00,1.024001254904483883e-03,1.758993647152161222e+00,1.758993945214204713e+00
1.459549646824598312e-03,9.718707879073917866e-04,2.145121335983276367e+00,2.145121574401855469e+00,9.703981034584875740e-04,2.146205041990608464e+00,2.146205261371425088e+00
1.751459552906453609e-03,9.048819774761795998e-04,2.507880926132202148e+00,2.507880926132202148e+00,8.971908965392745355e-04,2.508880000298891577e+00,2.508880160719373809e+00
2.043369458988308907e-03,8.275372092612087727e-04,2.841939687728881836e+00,2.841939687728881836e+00,8.229124741550310727e-04,2.842899499919187001e+00,2.842899619020289315e+00
2.335279481485486031e-03,7.407469092868268490e-04,3.143558979034423828e+00,3.143558979034423828e+00,7.399102838943876891e-04,3.144433852496885340e+00,3.144433939550269841e+00
2.627189271152019501e-03,6.454873364418745041e-04,3.409236907958984375e+00,3.409236907958984375e+00,6.495030754875054119e-04,3.410036331965256906e+00,3.410036393820058187e+00
2.919099293649196625e-03,5.428528529591858387e-04,3.635963201522827148e+00,3.635963201522827148e+00,5.383014833780847734e-04,3.636666225131720331e+00,3.636666264971571749e+00
3.211009083315730095e-03,4.340176528785377741e-04,3.821158170700073242e+00,3.821158170700073242e+00,4.346592329311939188e-04,3.821749477863683353e+00,3.821749502581243796e+00
3.502919105812907219e-03,3.202188818249851465e-04,3.962653160095214844e+00,3.962653160095214844e+00,3.114274263195385074e-04,3.963157561429512032e+00,3.963157573665593958e+00
3.794829128310084343e-03,2.027658047154545784e-04,4.058928966522216797e+00,4.058928966522216797e+00,1.993371802215729684e-04,4.059285120657850854e+00,4.059285125552223761e+00
4.086738917976617813e-03,8.299152977997437119e-05,4.108741283416748047e+00,4.108741283416748047e+00,6.995986061776536514e-05,4.109026660158657585e+00,4.109026660754222071e+00
4.378648940473794937e-03,-3.772912896238267422e-05,4.111712455749511719e+00,4.111712455749511719e+00,-4.512980150700796799e-05,4.111817299885829335e+00,4.111817300133493447e+00
4.670558962970972061e-03,-1.580174721311777830e-04,4.067569732666015625e+00,4.067569732666015625e+00,-1.595400277820228647e-04,4.067623458857783980e+00,4.067623461986516809e+00
4.962468519806861877e-03,-2.765065873973071575e-04,3.977100372314453125e+00,3.977100372314453125e+00,-2.720468165550330797e-04,3.976949165683343335e+00,3.976949174988147817e+00
5.254378542304039001e-03,-3.918243455700576305e-04,3.841015338897705078e+00,3.841015338897705078e+00,-3.969508609439669150e-04,3.840836357171083737e+00,3.840836377683541247e+00
5.546288564801216125e-03,-5.026831058785319328e-04,3.661214828491210938e+00,3.661214828491210938e+00,-5.095191024680292315e-04,3.660834857493095118e+00,3.660834892950814989e+00
5.838198587298393250e-03,-6.077736034058034420e-04,3.439403772354125977e+00,3.439403772354125977e+00,-6.093383546287017968e-04,3.438998168563802693e+00,3.438998222546563177e+00
6.130108609795570374e-03,-7.059446070343255997e-04,3.178438663482666016e+00,3.178438663482666016e+00,-7.027962360065872095e-04,3.177864866887303297e+00,3.177864944600259367e+00
6.422018166631460190e-03,-7.960231159813702106e-04,2.881038188934326172e+00,2.881038188934326172e+00,-8.000502980927972577e-04,2.880429783178833691e+00,2.880429894287334314e+00
6.713928189128637314e-03,-8.770304266363382339e-04,2.550808429718017578e+00,2.550808429718017578e+00,-8.819177184308248877e-04,2.550076476394969038e+00,2.550076628896050135e+00
7.005838211625814438e-03,-9.479937143623828888e-04,2.191365003585815430e+00,2.191365242004394531e+00,-9.490552978088253157e-04,2.190578466437267835e+00,2.190578672023584694e+00
7.297748234122991562e-03,-1.008143648505210876e-03,1.806928038597106934e+00,1.806928277015686035e+00,-1.006412138223129055e-03,1.806048760293331501e+00,1.806049040702514041e+00
7.589658256620168686e-03,-1.056759036146104336e-03,1.401816964149475098e+00,1.401817321777343750e+00,-1.058956256523529852e-03,1.400896140662178935e+00,1.400896540901768850e+00
7.881567813456058502e-03,-1.093309023417532444e-03,9.807015657424926758e-01,9.807021617889404297e-01,-1.095259664824362999e-03,9.797299798232843582e-01,9.797305920293938319e-01
8.173477835953235626e-03,-1.117362175136804581e-03,5.483753681182861328e-01,5.483765006065368652e-01,-1.117707295513693279e-03,5.473607191754927825e-01,5.473618603500897128e-01
8.465387858450412750e-03,-1.128645497374236584e-03,1.097839176654815674e-01,1.097897142171859741e-01,-1.128607074927602321e-03,1.087364249595847987e-01,1.087422818728804863e-01
8.757297880947589874e-03,-1.127040712162852287e-03,-3.300632536411285400e-01,3.300651907920837402e-01,-1.126710887119101653e-03,-3.311142841978850782e-01,3.311162011700741203e-01
9.049207903444766998e-03,-1.112543046474456787e-03,-7.661343812942504883e-01,7.661352157592773438e-01,-1.111019369067358037e-03,-7.671893145313863904e-01,7.671901190025697259e-01
9.341117925941944122e-03,-1.085353316739201546e-03,-1.193464994430541992e+00,1.193465471267700195e+00,-1.084691377685273288e-03,-1.194505681896618432e+00,1.194506174382824248e+00
9.633027948439121246e-03,-1.045735669322311878e-03,-1.607131123542785645e+00,1.607131481170654297e+00,-1.047031159025147784e-03,-1.608173025177023652e+00,1.608173366021607542e+00
9.924937039613723755e-03,-9.941995376721024513e-04,-2.002480506896972656e+00,2.002480745315551758e+00,-9.916313527493878389e-04,-2.003449061133100173e+00,2.003449306543052977e+00
1.021684706211090088e-02,-9.312682668678462505e-04,-2.374879598617553711e+00,2.374879598617553711e+00,-9.311481242510482757e-04,-2.375847590741040793e+00,2.375847773209983416e+00
1.050875708460807800e-02,-8.577333646826446056e-04,-2.720238447189331055e+00,2.720238447189331055e+00,-8.563424061689020681e-04,-2.721091542697642307e+00,2.721091677445460544e+00
1.080066710710525513e-02,-7.743577007204294205e-04,-3.034390211105346680e+00,3.034390211105346680e+00,-7.655398725390319967e-04,-3.035237532426919405e+00,3.035237628968175283e+00
1.109257712960243225e-02,-6.821690476499497890e-04,-3.314006805419921875e+00,3.314006805419921875e+00,-6.768902774433000835e-04,-3.314712406146266055e+00,3.314712475259418145e+00
1.138448715209960938e-02,-5.821551894769072533e-04,-3.555606126785278320e+00,3.555606126785278320e+00,-5.816037651376515689e-04,-3.556310451766952596e+00,3.556310499325081143e+00
1.167639717459678650e-02,-4.755122936330735683e-04,-3.756716728210449219e+00,3.756716728210449219e+00,-4.730323562481789806e-04,-3.757267503816474452e+00,3.757267533593380726e+00
1.196830719709396362e-02,-3.634198219515383244e-04,-3.914773464202880859e+00,3.914773464202880859e+00,-3.665318231999654605e-04,-3.915295087377325345e+00,3.915295104533832227e+00
1.226021721959114075e-02,-2.471857005730271339e-04,-4.028207302093505859e+00,4.028207302093505859e+00,-2.406870103602292571e-04,-4.028579849296582971e+00,4.028579856486491195e+00
1.255212631076574326e-02,-1.281214790651574731e-04,-4.095521926879882812e+00,4.095521926879882812e+00,-1.273717152792372995e-04,-4.095835363383677930e+00,4.095835365364171032e+00
1.284403633326292038e-02,-7.595348961331183091e-06,-4.116108417510986328e+00,4.116108417510986328e+00,-4.881147031279540123e-06,-4.116288497515796507e+00,4.116288497518690193e+00
1.313594635576009750e-02,1.130177261075004935e-04,-4.089613914489746094e+00,4.089613914489746094e+00,1.254442623399957830e-04,-4.089707896966111811e+00,4.089707898889997750e+00
1.342785637825727463e-02,2.323395456187427044e-04,-4.016414642333984375e+00,4.016414642333984375e+00,2.388484416363068714e-04,-4.016394925389410453e+00,4.016394932491373027e+00
1.371976640075445175e-02,3.490068775136023760e-04,-3.897318124771118164e+00,3.897318124771118164e+00,3.497126349780770244e-04,-3.897187099127072951e+00,3.897187114817739051e+00
1.401167642325162888e-02,4.616843943949788809e-04,-3.733669519424438477e+00,3.733669519424438477e+00,4.642297191466717679e-04,-3.733449673162590354e+00,3.733449702024534744e+00
1.430358644574880600e-02,5.690911202691495419e-04,-3.527396917343139648e+00,3.527396917343139648e+00,5.731965009605735802e-04,-3.527052602811514781e+00,3.527052649387830030e+00
1.459549646824598312e-02,6.699862424284219742e-04,-3.280761480331420898e+00,3.280761480331420898e+00,6.754423217153606796e-04,-3.280353763408343504e+00,3.280353832946929504e+00
1.488740649074316025e-02,7.632403867319226265e-04,-2.996707677841186523e+00,2.996707677841186523e+00,7.645626610054848202e-04,-2.996165976999314307e+00,2.996166074549993841e+00
1.517931651324033737e-02,8.477523806504905224e-04,-2.678332090377807617e+00,2.678332090377807617e+00,8.503430225157130760e-04,-2.677748131023077516e+00,2.677748266040114622e+00
1.547122560441493988e-02,9.226052789017558098e-04,-2.329437732696533203e+00,2.329437732696533203e+00,9.252571202657758212e-04,-2.328733841254422288e+00,2.328734025066906632e+00
1.576313562691211700e-02,9.868810884654521942e-04,-1.953837156295776367e+00,1.953837394714355469e+00,9.901929002936330285e-04,-1.953109630825021314e+00,1.953109881830366934e+00
1.605504564940929413e-02,1.039923401549458504e-03,-1.555993914604187012e+00,1.555994272232055664e+00,1.040321935472544347e-03,-1.555161097498569678e+00,1.555161445459179781e+00
1.634695567190647125e-02,1.081031979992985725e-03,-1.140293359756469727e+00,1.140293955802917480e+00,1.081842597837792685e-03,-1.139449546375419065e+00,1.139450059949340011e+00
1.663886569440364838e-02,1.109836739487946033e-03,-7.116189599037170410e-01,7.116197943687438965e-01,1.110923565980910131e-03,-7.107171060465162782e-01,7.107179742895943786e-01
1.693077571690082550e-02,1.125913928262889385e-03,-2.747807502746582031e-01,2.747830450534820557e-01,1.126524663728454417e-03,-2.738646078196185774e-01,2.738669247536318907e-01
1.722268573939800262e-02,1.129166223108768463e-03,1.651853621006011963e-01,1.651892215013504028e-01,1.129348130287384250e-03,1.661249676874304027e-01,1.661288064013859422e-01
1.751459576189517975e-02,1.119481399655342102e-03,6.032577157020568848e-01,6.032587289810180664e-01,1.120200509070341886e-03,6.042163438042572610e-01,6.042173822138561246e-01
1.780650578439235687e-02,1.097032800316810608e-03,1.034450888633728027e+00,1.034451365470886230e+00,1.095649709632263080e-03,1.035388020321829972e+00,1.035388600031043715e+00
1.809841580688953400e-02,1.062027411535382271e-03,1.453803420066833496e+00,1.453803777694702148e+00,1.059475581196846986e-03,1.454736787217131289e+00,1.454737173021755314e+00
1.839032582938671112e-02,1.014901557937264442e-03,1.856564283370971680e+00,1.856564521789550781e+00,1.014179516226581266e-03,1.857470213631177369e+00,1.857470490502377336e+00
1.868223585188388824e-02,9.561703773215413094e-04,2.238094329833984375e+00,2.238094568252563477e+00,9.586559245963633281e-04,2.238978353484239570e+00,2.238978558716491651e+00
1.897414587438106537e-02,8.865162380971014500e-04,2.594057798385620117e+00,2.594057798385620117e+00,8.823658711416415426e-04,2.594890733511296066e+00,2.594890883531005610e+00
1.926605589687824249e-02,8.067341404967010021e-04,2.920387506484985352e+00,2.920387506484985352e+00,8.006787296190423552e-04,2.921158415630326743e+00,2.921158525361865266e+00
1.955796405673027039e-02,7.177285733632743359e-04,3.213319778442382812e+00,3.213319778442382812e+00,7.173329799509731196e-04,3.214051334548864158e+00,3.214051414598393830e+00
1.984987407922744751e-02,6.205301033332943916e-04,3.469582557678222656e+00,3.469582557678222656e+00,6.116988544771303658e-04,3.470210956981280237e+00,3.470211010893778258e+00
2.014178410172462463e-02,5.162295419722795486e-04,3.686132907867431641e+00,3.686132907867431641e+00,5.112339820763434680e-04,3.686726890583578164e+00,3.686726926029678886e+00
2.043369412422180176e-02,4.060427309013903141e-04,3.860654115676879883e+00,3.860654115676879883e+00,3.989223437284728359e-04,3.861112236707084477e+00,3.861112257315011398e+00
2.072560414671897888e-02,2.912040799856185913e-04,3.990945339202880859e+00,3.990945339202880859e+00,2.895419345397031493e-04,3.991380251694493175e+00,3.991380262196440487e+00
2.101751416921615601e-02,1.730478543322533369e-04,4.075775623321533203e+00,4.075775623321533203e+00,1.771831690470064286e-04,4.076039571008083229e+00,4.076039574859110282e+00
2.130942419171333313e-02,5.290676563163287938e-05,4.113866806030273438e+00,4.113866806030273438e+00,4.728541551241424230e-05,4.114122282455650037e+00,4.114122282727386448e+00
2.160133421421051025e-02,-6.783619028283283114e-05,4.105136871337890625e+00,4.105136871337890625e+00,-6.758963921072230958e-05,4.105195426089761845e+00,4.105195426646173651e+00
2.189324423670768738e-02,-1.878013863461092114e-04,4.049294948577880859e+00,4.049294948577880859e+00,-1.904538163899049659e-04,4.049360299181650191e+00,4.049360303660463067e+00
2.218515425920486450e-02,-3.056283167097717524e-04,3.947362899780273438e+00,3.947362899780273438e+00,-3.176446142465419323e-04,3.947257879486175458e+00,3.947257892266959445e+00
2.247706428170204163e-02,-4.199505201540887356e-04,3.800173282623291016e+00,3.800173282623291016e+00,-4.260673669867369234e-04,3.800047973740924956e+00,3.800047997626597063e+00
2.276897430419921875e-02,-5.294882575981318951e-04,3.609686851501464844e+00,3.609686851501464844e+00,-5.301765827324733194e-04,3.609415113792095120e+00,3.609415152730149678e+00
2.306088432669639587e-02,-6.329606985673308372e-04,3.377854585647583008e+00,3.377854585647583008e+00,-6.353017178416918041e-04,3.377542720984041402e+00,3.377542780732844641e+00
2.335279434919357300e-02,-7.292145164683461189e-04,3.107499837875366211e+00,3.107499837875366211e+00,-7.269113600059278531e-04,3.107071988106143934e+00,3.107072073137987278e+00
2.364470437169075012e-02,-8.171235676854848862e-04,2.801586389541625977e+00,2.801586389541625977e+00,-8.217689878085877040e-04,2.801108571124912849e+00,2.801108691667233419e+00
2.393661439418792725e-02,-8.957048412412405014e-04,2.463690519332885742e+00,2.463690519332885742e+00,-8.962912104996556984e-04,2.463126730465853065e+00,2.463126893538645223e+00
2.422852441668510437e-02,-9.640463977120816708e-04,2.097628593444824219e+00,2.097628831863403320e+00,-9.656113854131407551e-04,2.097006409649950331e+00,2.097006631968130641e+00
2.452043443918228149e-02,-1.021371805109083652e-03,1.707600951194763184e+00,1.707601189613342285e+00,-1.026695327872541611e-03,1.706931568437620284e+00,1.706931877208991200e+00
2.481234446167945862e-02,-1.067032455466687679e-03,1.298067450523376465e+00,1.298067927360534668e+00,-1.069171083199296464e-03,1.297338154013253364e+00,1.297338594579426241e+00
2.510425262153148651e-02,-1.100488356314599514e-03,8.736908435821533203e-01,8.736914396286010742e-01,-1.100821652755744513e-03,8.729206085302972928e-01,8.729213026414326393e-01
2.539616264402866364e-02,-1.121387816965579987e-03,4.393427670001983643e-01,4.393441677093505859e-01,-1.121727664818349341e-03,4.385360374604126976e-01,4.385374720869751886e-01
2.568807266652584076e-02,-1.129449112340807915e-03,-3.593051587813533843e-05,1.130020478740334511e-03,-1.129642632438698563e-03,-8.594800899649039389e-04,1.419435980264383912e-03
2.597998268902301788e-02,-1.124635804444551468e-03,-4.394151568412780762e-01,4.394165575504302979e-01,-1.124070915357815170e-03,-4.402451456752339287e-01,4.402465807090734651e-01
2.627189271152019501e-02,-1.106934272684156895e-03,-8.737600445747375488e-01,8.737606406211853027e-01,-1.106861182303326948e-03,-8.746081131922811558e-01,8.746088135866451063e-01
2.656380273401737213e-02,-1.076627173461019993e-03,-1.298153996467590332e+00,1.298154473304748535e+00,-1.075835916232754626e-03,-1.298969459040074215e+00,1.298969904555829835e+00
2.685571275651454926e-02,-1.033970038406550884e-03,-1.707659602165222168e+00,1.707659840583801270e+00,-1.032078539959856199e-03,-1.708488341309917002e+00,1.708488653043392036e+00
2.714762277901172638e-02,-9.795451769605278969e-04,-2.097730398178100586e+00,2.097730636596679688e+00,-9.762952918011004975e-04,-2.098485247970668599e+00,2.098485475075539952e+00
2.743953280150890350e-02,-9.138818713836371899e-04,-2.463731288909912109e+00,2.463731288909912109e+00,-9.136484921165485525e-04,-2.464510252738168816e+00,2.464510422093020736e+00
2.773144282400608063e-02,-8.378136553801596165e-04,-2.801681518554687500e+00,2.801681518554687500e+00,-8.361077030719955838e-04,-2.802367877831849263e+00,2.802368002561382632e+00
2.802335284650325775e-02,-7.521424558945000172e-04,-3.107517480850219727e+00,3.107517480850219727e+00,-7.487444913291415151e-04,-3.108204279714602780e+00,3.108204369898235342e+00
2.831526286900043488e-02,-6.578996544703841209e-04,-3.377938032150268555e+00,3.377938032150268555e+00,-6.525601945078174588e-04,-3.378525022157968571e+00,3.378525085178784249e+00
2.860717289149761200e-02,-5.561232683248817921e-04,-3.609676837921142578e+00,3.609676837921142578e+00,-5.555638402886551924e-04,-3.610245319498522232e+00,3.610245362245088074e+00
2.889908291399478912e-02,-4.480029456317424774e-04,-3.800237894058227539e+00,3.800237894058227539e+00,-4.528471110727478243e-04,-3.800711230561654830e+00,3.800711257539566290e+00
2.919099293649196625e-02,-3.347570891492068768e-04,-3.947324037551879883e+00,3.947324037551879883e+00,-3.304187382835778474e-04,-3.947743123609835258e+00,3.947743137437551120e+00
2.948290295898914337e-02,-2.176897105528041720e-04,-4.049336433410644531e+00,4.049336433410644531e+00,-2.092781556518170081e-04,-4.049669198734380693e+00,4.049669204141901346e+00
2.977481298148632050e-02,-9.813346696319058537e-05,-4.105069160461425781e+00,4.105069160461425781e+00,-9.548540562520514815e-05,-4.105322178204724004e+00,4.105322179315168185e+00
3.006672300398349762e-02,2.254408536828123033e-05,-4.113882064819335938e+00,4.113882064819335938e+00,1.931786218861108578e-05,-4.114064597699728765e+00,4.114064597745082708e+00
3.035863302648067474e-02,1.429640979040414095e-04,-4.075723171234130859e+00,4.075723171234130859e+00,1.494996144600645757e-04,-4.075797985911617793e+00,4.075797988653428128e+00
3.065054304897785187e-02,2.617487625684589148e-04,-3.990934133529663086e+00,3.990934133529663086e+00,2.700958675416528635e-04,-3.990959432357180869e+00,3.990959441496810367e+00
3.094245120882987976e-02,3.775469958782196045e-04,-3.860621929168701172e+00,3.860621929168701172e+00,3.782516895264873610e-04,-3.860515972854011491e+00,3.860515991384480206e+00
3.123436123132705688e-02,4.890227573923766613e-04,-3.686097621917724609e+00,3.686097621917724609e+00,4.984502400836014367e-04,-3.685965948869318609e+00,3.685965982571832722e+00
3.152627125382423401e-02,5.949260084889829159e-04,-3.469566106796264648e+00,3.469566106796264648e+00,5.988525256743245772e-04,-3.469291258216557594e+00,3.469291309902092557e+00
3.181818127632141113e-02,6.940092425793409348e-04,-3.213264703750610352e+00,3.213264703750610352e+00,6.992505937034972823e-04,-3.212978532483810046e+00,3.212978608573858974e+00
3.211009129881858826e-02,7.851915434002876282e-04,-2.920379877090454102e+00,2.920379877090454102e+00,7.856939721888686482e-04,-2.919947319834322208e+00,2.919947425540854180e+00
3.240200132131576538e-02,8.673653355799615383e-04,-2.593985319137573242e+00,2.593985319137573242e+00,8.640987791300018279e-04,-2.593550064227546414e+00,2.593550208174387972e+00
3.269391134381294250e-02,9.396673995070159435e-04,-2.238068342208862305e+00,2.238068342208862305e+00,9.421933664257149893e-04,-2.237530133776227004e+00,2.237530332148594869e+00
3.298582136631011963e-02,1.001191092655062675e-03,-1.856480240821838379e+00,1.856480479240417480e+00,1.001597795002553493e-03,-1.855928104564108061e+00,1.855928374832678251e+00
3.327773138880729675e-02,1.051311963237822056e-03,-1.453756451606750488e+00,1.453756809234619141e+00,1.052333463763424279e-03,-1.453127763596330224e+00,1.453128144638383690e+00
3.356964141130447388e-02,1.089386176317930222e-03,-1.034368395805358887e+00,1.034368872642517090e+00,1.092569496127834610e-03,-1.033730956928730960e+00,1.033731534307091637e+00
3.386155143380165100e-02,1.115041784942150116e-03,-6.031904220581054688e-01,6.031914353370666504e-01,1.116147138921505435e-03,-6.025071566930171318e-01,6.025081905258546922e-01
3.415346145629882812e-02,1.127932220697402954e-03,-1.651068627834320068e-01,1.651107072830200195e-01,1.128116934466407871e-03,-1.643985698592158318e-01,1.644024404307104226e-01
3.444537147879600525e-02,1.127952127717435360e-03,2.748586237430572510e-01,2.748609185218811035e-01,1.127890925383894394e-03,2.755806921052803560e-01,2.755830001998760825e-01
3.473728150129318237e-02,1.115071703679859638e-03,7.116789221763610840e-01,7.116797566413879395e-01,1.115585804591519813e-03,7.124188232537529419e-01,7.124196967083022969e-01
3.502919152379035950e-02,1.089455327019095421e-03,1.140371680259704590e+00,1.140372276306152344e+00,1.087674805279036658e-03,1.141101224509910583e+00,1.141101742884699677e+00
3.532110154628753662e-02,1.051390427164733410e-03,1.556036114692687988e+00,1.556036472320556641e+00,1.051258304754194763e-03,1.556759705776921354e+00,1.556760060726980033e+00
3.561301156878471375e-02,1.001305528916418552e-03,1.953910827636718750e+00,1.953911066055297852e+00,1.000090359300734267e-03,1.954622527699857226e+00,1.954622783549937681e+00
3.590492159128189087e-02,9.397905087098479271e-04,2.329481840133666992e+00,2.329481840133666992e+00,9.327833941643508611e-04,2.330144500951653708e+00,2.330144687653556534e+00
3.619683161377906799e-02,8.675216813571751118e-04,2.678390741348266602e+00,2.678390741348266602e+00,8.633401756225618333e-04,2.679054240377849005e+00,2.679054379485939386e+00
3.648874163627624512e-02,7.853585993871092796e-04,2.996760606765747070e+00,2.996760606765747070e+00,7.849864028577943197e-04,2.997350805858852496e+00,2.997350908650231016e+00
3.678065165877342224e-02,6.941994070075452328e-04,3.280802965164184570e+00,3.280802965164184570e+00,6.921582426730882309e-04,3.281392021531480907e+00,3.281392094531449199e+00
3.707256168127059937e-02,5.951307248324155807e-04,3.527468204498291016e+00,3.527468204498291016e+00,5.979947674229684016e-04,3.527942660393053043e+00,3.527942711073829063e+00
3.736447170376777649e-02,4.892391152679920197e-04,3.733686923980712891e+00,3.733686923980712891e+00,4.833168308380539737e-04,3.734173504954536593e+00,3.734173536232562984e+00
3.765638172626495361e-02,3.777786332648247480e-04,3.897410392761230469e+00,3.897410392761230469e+00,3.771517372444679428e-04,3.897742837590330023e+00,3.897742855837228237e+00
3.794829174876213074e-02,2.619817096274346113e-04,4.016404628753662109e+00,4.016404628753662109e+00,2.575202784012663019e-04,4.016771463393276953e+00,4.016771471648251435e+00
3.824020177125930786e-02,1.432035496691241860e-04,4.089687347412109375e+00,4.089687347412109375e+00,1.366830821989269108e-04,4.089902797769851439e+00,4.089902800053801357e+00
3.853211179375648499e-02,2.278326792293228209e-05,4.116071701049804688e+00,4.116071701049804688e+00,1.427072287535619142e-05,4.116300075881914822e+00,4.116300075906652367e+00
3.882402181625366211e-02,-9.789592877496033907e-05,4.095568180084228516e+00,4.095568180084228516e+00,-1.005112567188496021e-04,4.095662400565871053e+00,4.095662401799189389e+00
3.911592811346054077e-02,-2.174509281758219004e-04,4.028146743774414062e+00,4.028146743774414062e+00,-2.181405734888534605e-04,4.028226725736513636e+00,4.028226731642996938e+00
3.940783813595771790e-02,-3.345289733260869980e-04,3.914793014526367188e+00,3.914793014526367188e+00,-3.370859989290063961e-04,3.914762328480751563e+00,3.914762342993378219e+00
3.969974815845489502e-02,-4.477783222682774067e-04,3.756633996963500977e+00,3.756633996963500977e+00,-4.519951756919933549e-04,3.756566164539931307e+00,3.756566191732270354e+00
3.999165818095207214e-02,-5.559166311286389828e-04,3.555598020553588867e+00,3.555598020553588867e+00,-5.566062286827965118e-04,3.555440406589568170e+00,3.555440450158079635e+00
4.028356820344924927e-02,-6.576977320946753025e-04,3.313909292221069336e+00,3.313909292221069336e+00,-6.661213632052329124e-04,3.313697623086456101e+00,3.313697690038501342e+00
4.057547822594642639e-02,-7.519653299823403358e-04,3.034359216690063477e+00,3.034359216690063477e+00,-7.553258665439533965e-04,3.034081721037941826e+00,3.034081815056034692e+00
4.086738824844360352e-02,-8.376436308026313782e-04,2.720146417617797852e+00,2.720146417617797852e+00,-8.419768293065175860e-04,2.719801625823364599e+00,2.719801756149958560e+00
4.115929827094078064e-02,-9.137427550740540028e-04,2.374826669692993164e+00,2.374826669692993164e+00,-9.142630153308472802e-04,2.374437581576861689e+00,2.374437757592612996e+00
4.145120829343795776e-02,-9.794143261387944221e-04,2.002404689788818359e+00,2.002404928207397461e+00,-9.769971961379290970e-04,2.001940993755012776e+00,2.001941232154512917e+00
4.174311831593513489e-02,-1.033874577842652798e-03,1.607063412666320801e+00,1.607063651084899902e+00,-1.035837060688791621e-03,1.606583362138900739e+00,1.606583696064400657e+00
4.203502833843231201e-02,-1.076547778211534023e-03,1.193400621414184570e+00,1.193401098251342773e+00,-1.078543213507487464e-03,1.192861126667574601e+00,1.192861614257957115e+00
4.232693836092948914e-02,-1.106886309571564198e-03,7.660605311393737793e-01,7.660613656044006348e-01,-1.107082656359271522e-03,7.655009511660748611e-01,7.655017517081024181e-01
4.261884838342666626e-02,-1.124617643654346466e-03,3.299934267997741699e-01,3.299953043460845947e-01,-1.125646262745121562e-03,3.294091408887735994e-01,3.294110641441612142e-01
4.291075840592384338e-02,-1.129450858570635319e-03,-1.098583713173866272e-01,1.098641753196716309e-01,-1.129358102412523785e-03,-1.104621364323317562e-01,1.104679095254298832e-01
4.320266842842102051e-02,-1.121429610066115856e-03,-5.484554767608642578e-01,5.484566092491149902e-01,-1.120692918425675528e-03,-5.490634345649474390e-01,5.490645782864468361e-01
4.349457845091819763e-02,-1.100539811886847019e-03,-9.807645678520202637e-01,9.807651638984680176e-01,-1.100533358277534053e-03,-9.813985370092861427e-01,9.813991540742431630e-01
4.378648847341537476e-02,-1.067121862433850765e-03,-1.401906967163085938e+00,1.401907324790954590e+00,-1.068342995196595174e-03,-1.402521119968532570e+00,1.402521526863150347e+00
4.407839849591255188e-02,-1.021470176056027412e-03,-1.806977748870849609e+00,1.806977987289428711e+00,-1.019677194293043977e-03,-1.807599598048970524e+00,1.807599885651794303e+00
4.437030851840972900e-02,-9.641796350479125977e-04,-2.191456556320190430e+00,2.191456794738769531e+00,-9.597897216308321931e-04,-2.192034190372583513e+00,2.192034400496191360e+00
4.466221854090690613e-02,-8.958465186879038811e-04,-2.550834655761718750e+00,2.550834655761718750e+00,-8.954892939332970451e-04,-2.551424965097241149e+00,2.551425122244925348e+00
4.495412856340408325e-02,-8.172958041541278362e-04,-2.881119012832641602e+00,2.881119012832641602e+00,-8.087461708874087683e-04,-2.881652397847474845e+00,2.881652511336241673e+00
4.524603858590126038e-02,-7.293930975720286369e-04,-3.178438901901245117e+00,3.178438901901245117e+00,-7.259797200683487748e-04,-3.178961450796831123e+00,3.178961533692858055e+00
4.553794860839843750e-02,-6.331632612273097038e-04,-3.439471006393432617e+00,3.439471006393432617e+00,-6.328340363249081212e-04,-3.439947640737688772e+00,3.439947698947718902e+00
4.582985863089561462e-02,-5.296956514939665794e-04,-3.661186218261718750e+00,3.661186218261718750e+00,-5.291636229745671442e-04,-3.661620050426973805e+00,3.661620088663346984e+00
4.612176865339279175e-02,-4.201763076707720757e-04,-3.841059923171997070e+00,3.841059923171997070e+00,-4.232670492720974273e-04,-3.841457542226758282e+00,3.841457565545380870e+00
4.641367867588996887e-02,-3.058570146095007658e-04,-3.977071762084960938e+00,3.977071762084960938e+00,-3.014611097371296404e-04,-3.977394266968335756e+00,3.977394278392750060e+00
4.670558869838714600e-02,-1.880391646409407258e-04,-4.067590713500976562e+00,4.067590713500976562e+00,-1.874422429993197073e-04,-4.067888221569567975e+00,4.067888225888097509e+00
4.699749872088432312e-02,-6.807567842770367861e-05,-4.111701488494873047e+00,4.111701488494873047e+00,-6.745008329006821498e-05,-4.111898037895783453e+00,4.111898038448996040e+00
4.728940874338150024e-02,5.266663720249198377e-05,-4.108735561370849609e+00,4.108735561370849609e+00,6.506316436412086209e-05,-4.108924146262574517e+00,4.108924146777699349e+00
4.758131876587867737e-02,1.728088391246274114e-04,-4.058937549591064453e+00,4.058937549591064453e+00,1.811954678659924108e-04,-4.058998906550755237e+00,4.058998910595077447e+00
4.787322878837585449e-02,2.909711911343038082e-04,-3.962621450424194336e+00,3.962621450424194336e+00,2.916298405288031436e-04,-3.962692494880851513e+00,3.962692505611933758e+00
4.816513881087303162e-02,4.058209306094795465e-04,-3.821182727813720703e+00,3.821182727813720703e+00,4.101109104641650406e-04,-3.821106487951721142e+00,3.821106509959869335e+00
4.845704883337020874e-02,5.160150467418134212e-04,-3.635907173156738281e+00,3.635907173156738281e+00,5.131847397695962461e-04,-3.635857241959187469e+00,3.635857278176035212e+00
4.874895885586738586e-02,6.203363300301134586e-04,-3.409250497817993164e+00,3.409250497817993164e+00,6.273815232991487943e-04,-3.409067777727435189e+00,3.409067835456937257e+00
4.904086887836456299e-02,7.175398059189319611e-04,-3.143485784530639648e+00,3.143485784530639648e+00,7.180624866660061025e-04,-3.143318500810975191e+00,3.143318582828392049e+00
4.933277890086174011e-02,8.065737783908843994e-04,-2.841925621032714844e+00,2.841925621032714844e+00,8.097519380711504277e-04,-2.841654374206525890e+00,2.841654489579140463e+00
4.962468892335891724e-02,8.863634429872035980e-04,-2.507793426513671875e+00,2.507793426513671875e+00,8.891824876880032339e-04,-2.507523039920680485e+00,2.507523197575357798e+00
4.991659894585609436e-02,9.560503531247377396e-04,-2.145080089569091797e+00,2.145080327987670898e+00,9.604821235298469659e-04,-2.144736373345793812e+00,2.144736588413219902e+00
5.020850524306297302e-02,1.014789333567023277e-03,-1.757812380790710449e+00,1.757812619209289551e+00,1.015170016407358463e-03,-1.757439290299016355e+00,1.757439583501200220e+00
5.050041526556015015e-02,1.061951974406838417e-03,-1.350485563278198242e+00,1.350485920906066895e+00,1.062149751493679430e-03,-1.350067830992579987e+00,1.350068248809334959e+00
5.079232528805732727e-02,1.096967025659978390e-03,-9.277086853981018066e-01,9.277093410491943359e-01,1.098077940244966341e-03,-9.272660818925423376e-01,9.272667320698558813e-01
5.108423531055450439e-02,1.119454856961965561e-03,-4.943380653858184814e-01,4.943393170833587646e-01,1.120083093557514399e-03,-4.938729117350482700e-01,4.938741818842035114e-01
5.137614533305168152e-02,1.129149575717747211e-03,-5.531777814030647278e-02,5.532929673790931702e-02,1.129210746168212353e-03,-5.482477581169251796e-02,5.483640359935729874e-02
5.166805535554885864e-02,1.125937327742576599e-03,3.843328058719635010e-01,3.843344449996948242e-01,1.125215353511161255e-03,3.848303107240156895e-01,3.848319557437171468e-01
5.195996537804603577e-02,1.109870383515954018e-03,8.195939660072326660e-01,8.195946216583251953e-01,1.109068362857819475e-03,8.201076043465574950e-01,8.201083542677047866e-01
5.225187540054321289e-02,1.081104273907840252e-03,1.245481252670288086e+00,1.245481729507446289e+00,1.079805856783673610e-03,1.246002477406556563e+00,1.246002945295060060e+00
5.254378542304039001e-02,1.040007104165852070e-03,1.657163858413696289e+00,1.657164096832275391e+00,1.039908444705659862e-03,1.657670559067833560e+00,1.657670885251302462e+00
5.283569544553756714e-02,9.869992500171065331e-04,2.049864768981933594e+00,2.049865007400512695e+00,9.906205240343851116e-04,2.050393225933829111e+00,2.050393465236454826e+00
5.312760546803474426e-02,9.227446862496435642e-04,2.419209003448486328e+00,2.419209003448486328e+00,9.201463979947268517e-04,2.419677145037184118e+00,2.419677319992211917e+00
5.341951549053192139e-02,8.479113457724452019e-04,2.760821580886840820e+00,2.760821580886840820e+00,8.450304311840080729e-04,2.761316203818394044e+00,2.761316333118402078e+00
5.371142551302909851e-02,7.634251960553228855e-04,3.071007251739501953e+00,3.071007251739501953e+00,7.631101081796513299e-04,3.071411377391468633e+00,3.071411472191050152e+00
5.400333553552627563e-02,6.701786769554018974e-04,3.345953226089477539e+00,3.345953226089477539e+00,6.601089787340870107e-04,3.346400993023196602e+00,3.346401058129539141e+00
5.429524555802345276e-02,5.693049752153456211e-04,3.582816839218139648e+00,3.582816839218139648e+00,5.654552259729796670e-04,3.583159293741616125e+00,3.583159338358612445e+00
5.458715558052062988e-02,4.619025567080825567e-04,3.778588294982910156e+00,3.778588294982910156e+00,4.542144833756618020e-04,3.778972431045310554e+00,3.778972458342519047e+00
5.487906560301780701e-02,3.492395335342735052e-04,3.931322097778320312e+00,3.931322097778320312e+00,3.486569450229445324e-04,3.931606409606205776e+00,3.931606425065746979e+00
5.517097562551498413e-02,2.325743407709524035e-04,4.039011955261230469e+00,4.039011955261230469e+00,2.281480845626163883e-04,4.039313959529486020e+00,4.039313965972603171e+00
5.546288564801216125e-02,1.132579272962175310e-04,4.100653648376464844e+00,4.100653648376464844e+00,1.087621990232560867e-04,4.100865684567389202e+00,4.100865686009671940e+00
5.575479567050933838e-02,-7.353923592745559290e-06,4.115355014801025391e+00,4.115355014801025391e+00,-1.580544093177291740e-05,4.115559268716520336e+00,4.115559268746869392e+00
5.604670569300651550e-02,-1.278821437153965235e-04,4.083092689514160156e+00,4.083092689514160156e+00,-1.285017443471162739e-04,4.083226067676946514e+00,4.083226069698961957e+00
5.633861571550369263e-02,-2.469485043548047543e-04,4.004136562347412109e+00,4.004136562347412109e+00,-2.513700681776208303e-04,4.004235498628744949e+00,4.004235506518753596e+00
5.663052573800086975e-02,-3.631938307080417871e-04,3.879441976547241211e+00,3.879441976547241211e+00,-3.674962524720210792e-04,3.879491580317373955e+00,3.879491597723455865e+00
5.692243576049804688e-02,-4.752898530568927526e-04,3.710424661636352539e+00,3.710424661636352539e+00,-4.758597462687103735e-04,3.710414528480875163e+00,3.710414558995322132e+00
5.721434578299522400e-02,-5.819509387947618961e-04,3.498983621597290039e+00,3.498983621597290039e+00,-5.825215726318316162e-04,3.498944454825686723e+00,3.498944503316222310e+00
5.750625580549240112e-02,-6.819696864113211632e-04,3.247606515884399414e+00,3.247606515884399414e+00,-6.856292987300653067e-04,3.247492436020062989e+00,3.247492508397064714e+00
5.779816582798957825e-02,-7.741837762296199799e-04,2.959059476852416992e+00,2.959059476852416992e+00,-7.775588490164021295e-04,2.958934998107270342e+00,2.958935100272027885e+00
5.809007585048675537e-02,-8.575703832320868969e-04,2.636769771575927734e+00,2.636769771575927734e+00,-8.580569470296328270e-04,2.636558835782057297e+00,2.636558975407559569e+00
5.838198587298393250e-02,-9.311327594332396984e-04,2.284272909164428711e+00,2.284272909164428711e+00,-9.315640037740233713e-04,2.284064665627168367e+00,2.284064855598028299e+00
5.867389589548110962e-02,-9.940874297171831131e-04,1.905757427215576172e+00,1.905757665634155273e+00,-9.961769853959196851e-04,1.905468626707843782e+00,1.905468887107963916e+00
5.896580591797828674e-02,-1.045643468387424946e-03,1.505384325981140137e+00,1.505384683609008789e+00,-1.048768958534203885e-03,1.505099467166975957e+00,1.505099832563489226e+00
5.925771594047546387e-02,-1.085299067199230194e-03,1.087875962257385254e+00,1.087876439094543457e+00,-1.085611557783199184e-03,1.087528408146336556e+00,1.087528949995244743e+00
5.954962596297264099e-02,-1.112498808652162552e-03,6.578820347785949707e-01,6.578829884529113770e-01,-1.113319057985456264e-03,6.575345260187721586e-01,6.575354685384326991e-01
5.984153598546981812e-02,-1.127035939134657383e-03,2.204026728868484497e-01,2.204055339097976685e-01,-1.127342909464217838e-03,2.200311186990210888e-01,2.200340066852808640e-01
6.013344600796699524e-02,-1.128650736063718796e-03,-2.196012139320373535e-01,2.196041196584701538e-01,-1.128378090973155634e-03,-2.199903653155233230e-01,2.199932591439419383e-01
6.042535603046417236e-02,-1.117406995035707951e-03,-6.571022272109985352e-01,6.571031808853149414e-01,-1.117499380854444216e-03,-6.575019579898212507e-01,6.575029076478026147e-01
6.071726605296134949e-02,-1.093363505788147449e-03,-1.087078452110290527e+00,1.087078928947448730e+00,-1.092423088937606980e-03,-1.087496784790884297e+00,1.087497333476600492e+00
6.100917607545852661e-02,-1.056851353496313095e-03,-1.504656791687011719e+00,1.504657149314880371e+00,-1.055351591146096646e-03,-1.505061461636831188e+00,1.505061831643927928e+00
6.130108609795570374e-02,-1.008244813419878483e-03,-1.905015945434570312e+00,1.905016183853149414e+00,-1.004339521577351547e-03,-1.905432418231078229e+00,1.905432682921075926e+00
6.159299239516258240e-02,-9.481308516114950180e-04,-2.283619403839111328e+00,2.283619403839111328e+00,-9.478720350821647064e-04,-2.284033949879100689e+00,2.284034146562113232e+00
6.188490241765975952e-02,-8.771756547503173351e-04,-2.636124849319458008e+00,2.636124849319458008e+00,-8.767750451464948261e-04,-2.636530665827547359e+00,2.636530811612777470e+00
6.217681244015693665e-02,-7.961979717947542667e-04,-2.958509683609008789e+00,2.958509683609008789e+00,-7.931090850670750869e-04,-2.958903857634990420e+00,2.958903963928070535e+00
6.246872246265411377e-02,-7.061261567287147045e-04,-3.247103214263916016e+00,3.247103214263916016e+00,-7.026282599613150161e-04,-3.247464753213825883e+00,3.247464829224884664e+00
6.276063621044158936e-02,-6.079770391806960106e-04,-3.498562574386596680e+00,3.498562574386596680e+00,-6.075434091716906638e-04,-3.498925260541944748e+00,3.498925313287997163e+00
6.305254250764846802e-02,-5.028927698731422424e-04,-3.710094690322875977e+00,3.710094690322875977e+00,-5.024650527937162383e-04,-3.710398388993723540e+00,3.710398423015828673e+00
6.334445625543594360e-02,-3.920487652067095041e-04,-3.879158735275268555e+00,3.879158735275268555e+00,-3.878839140935413650e-04,-3.879476672021253680e+00,3.879476691412262479e+00
6.363636255264282227e-02,-2.767406404018402100e-04,-4.003995418548583984e+00,4.003995418548583984e+00,-2.724006437048183513e-04,-4.004225041911197991e+00,4.004225051176674377e+00
6.392827630043029785e-02,-1.582560653332620859e-04,-4.082955837249755859e+00,4.082955837249755859e+00,-1.538070200127635543e-04,-4.083221835437808700e+00,4.083221838334614162e+00
6.422018259763717651e-02,-3.797141107497736812e-05,-4.115415573120117188e+00,4.115415573120117188e+00,-3.740270030120904977e-05,-4.115558091342802705e+00,4.115558091512762751e+00
6.451209634542465210e-02,8.275186701212078333e-05,-4.100671768188476562e+00,4.100671768188476562e+00,9.115766926308675787e-05,-4.100869140254900458e+00,4.100869141268066009e+00
6.480400264263153076e-02,2.025304565904662013e-04,-4.039257526397705078e+00,4.039257526397705078e+00,2.069641490942124729e-04,-4.039322771697329451e+00,4.039322776999475728e+00
6.509591639041900635e-02,3.199882630724459887e-04,-3.931494235992431641e+00,3.931494235992431641e+00,3.243088982878243186e-04,-3.931616248177801420e+00,3.931616261553503744e+00
6.538782268762588501e-02,4.337995196692645550e-04,-3.778976202011108398e+00,3.778976202011108398e+00,4.343648992824949507e-04,-3.778990280318891060e+00,3.778990305282287299e+00
6.567973643541336060e-02,5.426410352811217308e-04,-3.583134889602661133e+00,3.583134889602661133e+00,5.501282173612521411e-04,-3.583179511091629799e+00,3.583179553322427324e+00
6.597164273262023926e-02,6.452956004068255424e-04,-3.346467256546020508e+00,3.346467256546020508e+00,6.523115647315087719e-04,-3.346429240456295418e+00,3.346429304033072594e+00
6.626355648040771484e-02,7.405627984553575516e-04,-3.071469068527221680e+00,3.071469068527221680e+00,7.439904977439310702e-04,-3.071433611324835056e+00,3.071433701432895624e+00
6.655546277761459351e-02,8.273778948932886124e-04,-2.761451721191406250e+00,2.761451721191406250e+00,8.304742793111090631e-04,-2.761349482204937811e+00,2.761349607087267177e+00
6.684737652540206909e-02,9.047314524650573730e-04,-2.419824838638305664e+00,2.419824838638305664e+00,9.051124752766220036e-04,-2.419703834373786222e+00,2.419704003656603319e+00
6.713928282260894775e-02,9.717528591863811016e-04,-2.050578355789184570e+00,2.050578594207763672e+00,9.760919815667664550e-04,-2.050425366685675321e+00,2.050425599016858058e+00
6.743118911981582642e-02,1.027667662128806114e-03,-1.657894134521484375e+00,1.657894372940063477e+00,1.029570129147157429e-03,-1.657715122924242612e+00,1.657715442645808279e+00
6.772310286760330200e-02,1.071838429197669029e-03,-1.246252059936523438e+00,1.246252536773681641e+00,1.073343056400740238e-03,-1.246045057129291145e+00,1.246045519417992686e+00
6.801500916481018066e-02,1.103769172914326191e-03,-8.203892111778259277e-01,8.203898668289184570e-01,1.104846247414470245e-03,-8.201514365304112264e-01,8.201521807129014130e-01
6.830692291259765625e-02,1.123073394410312176e-03,-3.851303756237030029e-01,3.851319849491119385e-01,1.123316834433632071e-03,-3.848748302353843243e-01,3.848764695190216578e-01
6.859882920980453491e-02,1.129565527662634850e-03,5.451186373829841614e-02,5.452356860041618347e-02,1.129510156306590303e-03,5.478004963837961733e-02,5.479169308915846082e-02
6.889074295759201050e-02,1.123122987337410450e-03,4.935409724712371826e-01,4.935421943664550781e-01,1.122556790842055502e-03,4.938285200008415421e-01,4.938297958811013744e-01
6.918264925479888916e-02,1.103880698792636395e-03,9.269357323646545410e-01,9.269363880157470703e-01,1.102947323851830941e-03,9.272225497207486899e-01,9.272232057080136425e-01
6.947456300258636475e-02,1.071986043825745583e-03,1.349706053733825684e+00,1.349706411361694336e+00,1.071995154541682685e-03,1.350032980955704121e+00,1.350033406565095184e+00
6.976646929979324341e-02,1.027886057272553444e-03,1.757111310958862305e+00,1.757111549377441406e+00,1.024430226514477316e-03,1.757398848089895882e+00,1.757399146672429024e+00
7.005838304758071899e-02,9.719918598420917988e-04,2.144367218017578125e+00,2.144367456436157227e+00,9.698183889110132067e-04,2.144701585683662870e+00,2.144701804956046676e+00
7.035028934478759766e-02,9.050366934388875961e-04,2.507207393646240234e+00,2.507207393646240234e+00,9.023263078787153134e-04,2.507487538483195610e+00,2.507487700835496103e+00
7.064220309257507324e-02,8.276980952359735966e-04,2.841296434402465820e+00,2.841296434402465820e+00,8.274507455156199145e-04,2.841630826456973402e+00,2.841630946929118107e+00
7.093410938978195190e-02,7.409362006001174450e-04,3.143019676208496094e+00,3.143019676208496094e+00,7.405797971570249588e-04,3.143294885674967176e+00,3.143294972917565655e+00
7.122602313756942749e-02,6.456809351220726967e-04,3.408731222152709961e+00,3.408731222152709961e+00,6.420118222678940223e-04,3.409045141033995474e+00,3.409045201487753030e+00
7.151792943477630615e-02,5.430683377198874950e-04,3.635579824447631836e+00,3.635579824447631836e+00,5.391587559469066112e-04,3.635839733890696923e+00,3.635839773866628821e+00
7.180984318256378174e-02,4.342355823609977961e-04,3.820810794830322266e+00,3.820810794830322266e+00,4.337793388262851935e-04,3.821094226589724752e+00,3.821094251211535120e+00
7.210174947977066040e-02,3.204518288839608431e-04,3.962440967559814453e+00,3.962440967559814453e+00,3.199794387514883951e-04,3.962682290583512401e+00,3.962682303502392589e+00
7.239366322755813599e-02,2.030017058132216334e-04,4.058752059936523438e+00,4.058752059936523438e+00,1.986116115718601432e-04,4.058991720010419080e+00,4.058991724869577489e+00
7.268556952476501465e-02,8.323389192810282111e-05,4.108707904815673828e+00,4.108707904815673828e+00,7.877840083134284553e-05,4.108921351466685579e+00,4.108921352221875267e+00
7.297748327255249023e-02,-3.748820745386183262e-05,4.111715793609619141e+00,4.111715793609619141e+00,-3.803924838118403486e-05,4.111899928317645170e+00,4.111899928493595979e+00
7.326938956975936890e-02,-1.577785733388736844e-04,4.067718505859375000e+00,4.067718505859375000e+00,-1.583173951659817467e-04,4.067893967547935752e+00,4.067893970628693623e+00
7.356130331754684448e-02,-2.762710500974208117e-04,3.977283477783203125e+00,3.977283477783203125e+00,-2.806190654797823133e-04,3.977405830988671731e+00,3.977405840887970889e+00
7.385320961475372314e-02,-3.915990819223225117e-04,3.841338872909545898e+00,3.841338872909545898e+00,-3.957859741934085119e-04,3.841470860335867599e+00,3.841470880724742187e+00
7.414512336254119873e-02,-5.024642450734972954e-04,3.661580324172973633e+00,3.661580324172973633e+00,-5.029855105236930458e-04,3.661636643236886535e+00,3.661636677783517868e+00
7.443702965974807739e-02,-6.075713317841291428e-04,3.439886808395385742e+00,3.439886808395385742e+00,-6.081739391184311791e-04,3.439967804979837229e+00,3.439967858741319162e+00
7.472894340753555298e-02,-7.057589245960116386e-04,3.178993463516235352e+00,3.178993463516235352e+00,-7.091707808810639819e-04,3.178989920663311430e+00,3.178989999764410435e+00
7.502084970474243164e-02,-7.958514033816754818e-04,2.881663084030151367e+00,2.881663084030151367e+00,-7.990782164339596712e-04,2.881690183815041717e+00,2.881690294605228075e+00
7.531276345252990723e-02,-8.768877014517784119e-04,2.551523923873901367e+00,2.551523923873901367e+00,-8.772743089658603189e-04,2.551453806674374825e+00,2.551453957492349378e+00
7.560466974973678589e-02,-9.478598949499428272e-04,2.192107200622558594e+00,2.192107439041137695e+00,-9.483445521598971766e-04,2.192072383383672829e+00,2.192072588522278931e+00
7.589658349752426147e-02,-1.008045626804232597e-03,1.807733178138732910e+00,1.807733416557312012e+00,-1.011894689097705925e-03,1.807636214805679487e+00,1.807636498029364880e+00
7.618848979473114014e-02,-1.056669862009584904e-03,1.402638554573059082e+00,1.402638912200927734e+00,-1.058189504505182600e-03,1.402555836039172110e+00,1.402556235226441350e+00
7.648040354251861572e-02,-1.093258499167859554e-03,9.815576076507568359e-01,9.815582036972045898e-01,-1.094318055582461317e-03,9.814304660626365084e-01,9.814310761576334752e-01
7.677230983972549438e-02,-1.117320964112877846e-03,5.492419600486755371e-01,5.492430925369262695e-01,-1.117553637431123372e-03,5.491096159805145538e-01,5.491107532077665887e-01
7.706422358751296997e-02,-1.128644333221018314e-03,1.106539741158485413e-01,1.106597259640693665e-01,-1.128940258426227184e-03,1.105029140458794329e-01,1.105086807392890308e-01
7.735612988471984863e-02,-1.127049210481345654e-03,-3.291894495487213135e-01,3.291913866996765137e-01,-1.126948006197652213e-03,-3.293547782196116214e-01,3.293567062440025950e-01
7.764804363250732422e-02,-1.112591009587049484e-03,-7.652838230133056641e-01,7.652846574783325195e-01,-1.111829026015099739e-03,-7.654685773813714178e-01,7.654693848365482500e-01
7.793994992971420288e-02,-1.085411407984793186e-03,-1.192613244056701660e+00,1.192613720893859863e+00,-1.084280047529613458e-03,-1.192820111004159411e+00,1.192820603812323688e+00
7.823185622692108154e-02,-1.045832410454750061e-03,-1.606321215629577637e+00,1.606321573257446289e+00,-1.045794206268488681e-03,-1.606538607416389652e+00,1.606538947802048867e+00
7.852376997470855713e-02,-9.943047771230340004e-04,-2.001692533493041992e+00,2.001692771911621094e+00,-9.904250500033708743e-04,-2.001910770984119736e+00,2.001911015985478937e+00
7.881567627191543579e-02,-9.314085473306477070e-04,-2.374164342880249023e+00,2.374164342880249023e+00,-9.289691689004639027e-04,-2.374398020023231304e+00,2.374398201750068438e+00
7.910759001970291138e-02,-8.578805136494338512e-04,-2.719550371170043945e+00,2.719550371170043945e+00,-8.549857919197625684e-04,-2.719769596295221081e+00,2.719769730681731001e+00
7.939949631690979004e-02,-7.745351176708936691e-04,-3.033799409866333008e+00,3.033799409866333008e+00,-7.742604930014047046e-04,-3.034048585101795759e+00,3.034048683893769915e+00
7.969141006469726562e-02,-6.823562434874475002e-04,-3.313466787338256836e+00,3.313466787338256836e+00,-6.756584696071897111e-04,-3.313667632166688914e+00,3.313667701050236669e+00
7.998331636190414429e-02,-5.823619430884718895e-04,-3.555164098739624023e+00,3.555164098739624023e+00,-5.752115295594489777e-04,-3.555417788412358338e+00,3.555417834942516286e+00
8.027523010969161987e-02,-4.757311544381082058e-04,-3.756372690200805664e+00,3.756372690200805664e+00,-4.716912726541928912e-04,-3.756547604846237398e+00,3.756547634460217555e+00
8.056713640689849854e-02,-3.636487817857414484e-04,-3.914495944976806641e+00,3.914495944976806641e+00,-3.594467636661646749e-04,-3.914747804511327534e+00,3.914747821013280671e+00
8.085905015468597412e-02,-2.474244683980941772e-04,-4.028071880340576172e+00,4.028071880340576172e+00,-2.469656522499052141e-04,-4.028218802619274008e+00,4.028218810189869714e+00
8.115095645189285278e-02,-1.283622696064412594e-04,-4.095422267913818359e+00,4.095422267913818359e+00,-1.200468555335272504e-04,-4.095658274245878694e+00,4.095658276005210041e+00
8.144287019968032837e-02,-7.836416443751659244e-06,-4.116155147552490234e+00,4.116155147552490234e+00,-3.401969767453237924e-06,-4.116300403648511796e+00,4.116300403649917783e+00
8.173477649688720703e-02,1.127762006944976747e-04,-4.089696884155273438e+00,4.089696884155273438e+00,1.171799119948328810e-04,-4.089906943677434015e+00,4.089906945356093892e+00
8.202669024467468262e-02,2.321064530406147242e-04,-4.016640186309814453e+00,4.016640186309814453e+00,2.326425750772194868e-04,-4.016778565278744217e+00,4.016778572015805793e+00
8.231859654188156128e-02,3.487752401269972324e-04,-3.897579431533813477e+00,3.897579431533813477e+00,3.492854638962557875e-04,-3.897754565507169922e+00,3.897754581157248488e+00
8.261051028966903687e-02,4.614688223227858543e-04,-3.734063386917114258e+00,3.734063386917114258e+00,4.655822998465467097e-04,-3.734191479801927116e+00,3.734191508826533834e+00
8.290241658687591553e-02,5.688791861757636070e-04,-3.527824163436889648e+00,3.527824163436889648e+00,5.728019018866798741e-04,-3.527961880814185491e+00,3.527961927314407387e+00
8.319433033466339111e-02,6.697970675304532051e-04,-3.281307220458984375e+00,3.281307220458984375e+00,6.702335902950072154e-04,-3.281412903754838517e+00,3.281412972202955025e+00
8.348623663187026978e-02,7.630550535395741463e-04,-2.997288465499877930e+00,2.997288465499877930e+00,7.635072297935679292e-04,-2.997375810630478199e+00,2.997375907872752432e+00
8.377815037965774536e-02,8.475963841192424297e-04,-2.679010391235351562e+00,2.679010391235351562e+00,8.504383937985297197e-04,-2.679086515982886940e+00,2.679086650962746674e+00
8.407005667686462402e-02,9.224563837051391602e-04,-2.330142498016357422e+00,2.330142498016357422e+00,9.251008957095860265e-04,-2.330187677710494398e+00,2.330187861346268097e+00
8.436197042465209961e-02,9.867667686194181442e-04,-1.954612970352172852e+00,1.954613208770751953e+00,9.870983988997934604e-04,-1.954653313812694693e+00,1.954653563054639553e+00
8.465387672185897827e-02,1.039817347191274166e-03,-1.556791067123413086e+00,1.556791424751281738e+00,1.040043935672505014e-03,-1.556793832384118614e+00,1.556794179794046995e+00
8.494579046964645386e-02,1.080963760614395142e-03,-1.141134619712829590e+00,1.141135215759277344e+00,1.082268988813788173e-03,-1.141142380895853181e+00,1.141142894112223249e+00
8.523769676685333252e-02,1.109788077883422375e-03,-7.124804258346557617e-01,7.124812602996826172e-01,1.110620860020440593e-03,-7.124551518289233831e-01,7.124560174819698499e-01
8.552961051464080811e-02,1.125894486904144287e-03,-2.756499648094177246e-01,2.756522595882415771e-01,1.126031052952370564e-03,-2.756155666068783039e-01,2.756178668046808111e-01
8.582151681184768677e-02,1.129179494455456734e-03,1.643101423978805542e-01,1.643140166997909546e-01,1.129268460009718146e-03,1.643617303420235043e-01,1.643656096885197648e-01
8.611343055963516235e-02,1.119511434808373451e-03,6.023911237716674805e-01,6.023921370506286621e-01,1.119101001141298811e-03,6.024648101880965001e-01,6.024658495732599928e-01
8.640533685684204102e-02,1.097102649509906769e-03,1.033605456352233887e+00,1.033605933189392090e+00,1.095916139101591738e-03,1.033680037012115305e+00,1.033680617961637127e+00
8.669725060462951660e-02,1.062106108292937279e-03,1.452977657318115234e+00,1.452978014945983887e+00,1.062143104933067645e-03,1.453095147952973676e+00,1.453095536140845079e+00
8.698915690183639526e-02,1.015017624013125896e-03,1.855794191360473633e+00,1.855794429779052734e+00,1.014951439898392500e-03,1.855895217187397472e+00,1.855895494715551708e+00
8.728107064962387085e-02,9.562938357703387737e-04,2.237349987030029297e+00,2.237350225448608398e+00,9.518985043858166004e-04,2.237495802874133410e+00,2.237496005357356488e+00
8.757297694683074951e-02,8.866730495356023312e-04,2.593395709991455078e+00,2.593395709991455078e+00,8.815189641727167900e-04,2.593522996540391645e+00,2.593523146351220721e+00
8.786489069461822510e-02,8.068971801549196243e-04,2.919754028320312500e+00,2.919754028320312500e+00,8.066323989143701217e-04,2.919921008909974525e+00,2.919921120326655739e+00
8.815679699182510376e-02,7.179185049608349800e-04,3.212794780731201172e+00,3.212794780731201172e+00,7.176214423276633132e-04,3.212949334489296760e+00,3.212949414630698719e+00
8.844871073961257935e-02,6.207245751284062862e-04,3.469089269638061523e+00,3.469089269638061523e+00,6.137065258566730885e-04,3.469269510559581882e+00,3.469269564841281905e+00
8.874061703681945801e-02,5.164453177712857723e-04,3.685763359069824219e+00,3.685763359069824219e+00,5.090497009247306080e-04,3.685943292785898606e+00,3.685943327937225789e+00
8.903253078460693359e-02,4.062631633132696152e-04,3.860316276550292969e+00,3.860316276550292969e+00,4.058768575738325320e-04,3.860503367673032482e+00,3.860503389009112940e+00
8.932443708181381226e-02,2.914388605859130621e-04,3.990744352340698242e+00,3.990744352340698242e+00,2.909622534999757007e-04,3.990948533697371570e+00,3.990948544303751344e+00
8.961634337902069092e-02,1.732862147036939859e-04,4.075609683990478516e+00,4.075609683990478516e+00,1.727982578058567624e-04,4.075791440608239391e+00,4.075791444271238184e+00
8.990825712680816650e-02,5.314801455824635923e-05,4.113846778869628906e+00,4.113846778869628906e+00,4.482328053871240581e-05,4.114063570499937761e+00,4.114063570744114884e+00
9.020016342401504517e-02,-6.900639086961746216e-02,4.115686416625976562e+00,4.116264820098876953e+00,-6.901145167795677549e-02,4.115809925507708300e+00,4.116388456325577039e+00
9.049207717180252075e-02,-1.696262955665588379e-01,4.112765312194824219e+00,4.116261482238769531e+00,-1.696371425600421423e-01,4.112892097659598178e+00,4.116388971796362206e+00
9.078398346900939941e-02,-2.701425254344940186e-01,4.107391834259033203e+00,4.116265773773193359e+00,-2.701456931225681424e-01,4.107514736516383103e+00,4.116388709319362071e+00
9.107589721679687500e-02,-3.704991936683654785e-01,4.099554061889648438e+00,4.116261959075927734e+00,-3.705083456692181976e-01,4.099680145321162428e+00,4.116388432613118376e+00
9.136780351400375366e-02,-4.706326425075531006e-01,4.089273452758789062e+00,4.116266727447509766e+00,-4.706494544938791824e-01,4.089394133711208745e+00,4.116388622305604983e+00
9.165971726179122925e-02,-5.704859495162963867e-01,4.076537609100341797e+00,4.116261959075927734e+00,-5.705090467617005556e-01,4.076662296043785716e+00,4.116388714446429731e+00
9.195162355899810791e-02,-6.699944138526916504e-01,4.061374187469482422e+00,4.116267204284667969e+00,-6.700119754354647572e-01,4.061494728628691320e+00,4.116388645148266079e+00
9.224353730678558350e-02,-7.691058516502380371e-01,4.043771743774414062e+00,4.116262435913085938e+00,-7.691297410185496952e-01,4.043896116452529554e+00,4.116388752192765565e+00
9.253544360399246216e-02,-8.677561879158020020e-01,4.023759841918945312e+00,4.116266250610351562e+00,-8.677874909744731635e-01,4.023878460011956371e+00,4.116388343006519790e+00
9.282735735177993774e-02,-9.658886790275573730e-01,4.001333713531494141e+00,4.116261959075927734e+00,-9.659109748713340382e-01,4.001458522113399141e+00,4.116388503964468981e+00
9.311926364898681641e-02,-1.063442349433898926e+00,3.976521492004394531e+00,4.116264820098876953e+00,-1.063472126938421303e+00,3.976642174430918608e+00,4.116388702277470557e+00
9.341117739677429199e-02,-1.160361528396606445e+00,3.949326276779174805e+00,4.116262435913085938e+00,-1.160397425298985263e+00,3.949447123879662680e+00,4.116388559035923933e+00
9.370308369398117065e-02,-1.256585240364074707e+00,3.919773340225219727e+00,4.116264343261718750e+00,-1.256628485259577488e+00,3.919890392394880241e+00,4.116388688930562090e+00
9.399499744176864624e-02,-1.352059245109558105e+00,3.887873172760009766e+00,4.116262912750244141e+00,-1.352093218466299041e+00,3.887994199252254646e+00,4.116388582828609977e+00
9.428690373897552490e-02,-1.446722507476806641e+00,3.853649854660034180e+00,4.116263389587402344e+00,-1.446764446254926950e+00,3.853768220404842904e+00,4.116388812970615874e+00
9.457881748676300049e-02,-1.540523171424865723e+00,3.817121267318725586e+00,4.116263389587402344e+00,-1.540570113029336774e+00,3.817237059968462631e+00,4.116388592584026007e+00
9.487072378396987915e-02,-1.633397340774536133e+00,3.778310775756835938e+00,4.116262435913085938e+00,-1.633440245995737561e+00,3.778429348443055336e+00,4.116388633063504443e+00
9.516263753175735474e-02,-1.725300431251525879e+00,3.737241029739379883e+00,4.116264820098876953e+00,-1.725347921352807345e+00,3.737355950925965953e+00,4.116388581467763430e+00
9.545454382896423340e-02,-1.816167831420898438e+00,3.693934202194213867e+00,4.116262435913085938e+00,-1.816223669481002334e+00,3.694047399237686768e+00,4.116388539168497118e+00
9.574645757675170898e-02,-1.905953645706176758e+00,3.648421764373779297e+00,4.116265296936035156e+00,-1.906013224773647652e+00,3.648529722836706402e+00,4.116388654079560894e+00
9.603836387395858765e-02,-1.994594693183898926e+00,3.600723028182983398e+00,4.116261959075927734e+00,-1.994649319655539044e+00,3.600837478289749871e+00,4.116388763644462934e+00
9.633027762174606323e-02,-2.082048654556274414e+00,3.550875902175903320e+00,4.116266250610351562e+00,-2.082106262054752577e+00,3.550984376123436981e+00,4.116388772450966016e+00
9.662218391895294189e-02,-2.168251037597656250e+00,3.498899698257446289e+00,4.116261959075927734e+00,-2.168318012849705489e+00,3.499007579849752858e+00,4.116388835945229197e+00
9.691409766674041748e-02,-2.253164052963256836e+00,3.444837808609008789e+00,4.116267204284667969e+00,-2.253232518305393839e+00,3.444937859125458246e+00,4.116388421272312748e+00
9.720600396394729614e-02,-2.336721420288085938e+00,3.388708353042602539e+00,4.116261959075927734e+00,-2.336786905107961054e+00,3.388817104557702020e+00,4.116388515194707942e+00
9.749791771173477173e-02,-2.418889045715332031e+00,3.330559253692626953e+00,4.116266727447509766e+00,-2.418957057537791222e+00,3.330660913252656563e+00,4.116388631468232973e+00
9.778982400894165039e-02,-2.499601125717163086e+00,3.270413637161254883e+00,4.116261959075927734e+00,-2.499680360419705760e+00,3.270512603445773436e+00,4.116388537731300978e+00
9.808173775672912598e-02,-2.578827142715454102e+00,3.208315849304199219e+00,4.116265296936035156e+00,-2.578908654381578902e+00,3.208408615997698554e+00,4.116388671499870533e+00
9.837364405393600464e-02,-2.656505107879638672e+00,3.144295930862426758e+00,4.116262435913085938e+00,-2.656582473677071121e+00,3.144395803818976098e+00,4.116388636963542957e+00
9.866555780172348022e-02,-2.732599258422851562e+00,3.078397989273071289e+00,4.116264343261718750e+00,-2.732679888252018241e+00,3.078492596341944942e+00,4.116388713106335473e+00
9.895746409893035889e-02,-2.807054996490478516e+00,3.010657787322998047e+00,4.116262435913085938e+00,-2.807142892746159468e+00,3.010747973178607761e+00,4.116388535876366106e+00
9.924937784671783447e-02,-2.879835844039916992e+00,2.941117286682128906e+00,4.116263389587402344e+00,-2.879915912500254027e+00,2.941214219959381371e+00,4.116388799756825811e+00
9.954128414392471313e-02,-2.950891494750976562e+00,2.869819164276123047e+00,4.116263389587402344e+00,-2.950977977947748077e+00,2.869910229981520011e+00,4.116388678743197360e+00
9.983319789171218872e-02,-3.020184755325317383e+00,2.796802997589111328e+00,4.116262912750244141e+00,-3.020275206747938146e+00,2.796889935333092492e+00,4.116388664213311621e+00
1.001251041889190674e-01,-3.087670564651489258e+00,2.722116470336914062e+00,4.116263866424560547e+00,-3.087765741662152674e+00,2.722197084708945169e+00,4.116388495195795194e+00
1.004170104861259460e-01,-3.153307914733886719e+00,2.645801782608032227e+00,4.116262912750244141e+00,-3.153399790611472131e+00,2.645888177833077837e+00,4.116388525033238821e+00
1.007089242339134216e-01,-3.217063188552856445e+00,2.567905664443969727e+00,4.116264820098876953e+00,-3.217158572970571395e+00,2.567985178812921543e+00,4.116388849737215416e+00
1.010008305311203003e-01,-3.278890371322631836e+00,2.488471746444702148e+00,4.116261959075927734e+00,-3.278992793283221907e+00,2.488546011725001783e+00,4.116388585990846671e+00
1.012927442789077759e-01,-3.338763236999511719e+00,2.407550811767578125e+00,4.116265296936035156e+00,-3.338866138407059037e+00,2.407618642633525763e+00,4.116388540766987347e+00
1.015846505761146545e-01,-3.396632194519042969e+00,2.325188636779785156e+00,4.116261959075927734e+00,-3.396733654734761298e+00,2.325264513911224906e+00,4.116388536188313907e+00
1.018765643239021301e-01,-3.452478170394897461e+00,2.241438150405883789e+00,4.116266727447509766e+00,-3.452579201344039284e+00,2.241506746052046140e+00,4.116388664126636954e+00
1.021684706211090088e-01,-3.506250143051147461e+00,2.156344413757324219e+00,4.116261482238769531e+00,-3.506359520221886683e+00,2.156408666370387195e+00,4.116388638290604085e+00
1.024603843688964844e-01,-3.557935237884521484e+00,2.069964170455932617e+00,4.116267204284667969e+00,-3.558034943718608289e+00,2.070034506980035882e+00,4.116388650359773749e+00
1.027522906661033630e-01,-3.607482433319091797e+00,1.982342839241027832e+00,4.116261959075927734e+00,-3.607590778194884162e+00,1.982408561140341474e+00,4.116388578134879239e+00
1.030442044138908386e-01,-3.654881477355957031e+00,1.893538594245910645e+00,4.116266250610351562e+00,-3.654989056509001522e+00,1.893597303632778006e+00,4.116388678383746225e+00
1.033361107110977173e-01,-3.700085878372192383e+00,1.803601622581481934e+00,4.116262435913085938e+00,-3.700201401006591340e+00,1.803653362101163671e+00,4.116388691393218835e+00
1.036280244588851929e-01,-3.743084907531738281e+00,1.712586522102355957e+00,4.116264820098876953e+00,-3.743194165102293969e+00,1.712645179477091384e+00,4.116388716878178755e+00
1.039199307560920715e-01,-3.783840179443359375e+00,1.620546221733093262e+00,4.116262435913085938e+00,-3.783955061289478117e+00,1.620598566408222974e+00,4.116388662323158698e+00
1.042118445038795471e-01,-3.822337388992309570e+00,1.527536273002624512e+00,4.116264343261718750e+00,-3.822452837650250679e+00,1.527582648520416697e+00,4.116388519578916494e+00
1.045037508010864258e-01,-3.858545064926147461e+00,1.433614015579223633e+00,4.116262912750244141e+00,-3.858664644247661535e+00,1.433653078406782688e+00,4.116388463931966335e+00
1.047956645488739014e-01,-3.892448186874389648e+00,1.338832736015319824e+00,4.116263389587402344e+00,-3.892563789842072186e+00,1.338881065809528037e+00,4.116388631600876202e+00
1.050875708460807800e-01,-3.924021720886230469e+00,1.243252992630004883e+00,4.116263389587402344e+00,-3.924140149661861976e+00,1.243293584314383748e+00,4.116388568998987196e+00
1.053794845938682556e-01,-3.953248977661132812e+00,1.146927118301391602e+00,4.116262912750244141e+00,-3.953369663980983884e+00,1.146962403840037448e+00,4.116388521010575730e+00
1.056713908910751343e-01,-3.980113029479980469e+00,1.049918532371520996e+00,4.116263866424560547e+00,-3.980230916052204915e+00,1.049960689175704953e+00,4.116388659239078152e+00
1.059633046388626099e-01,-4.004595279693603516e+00,9.522795081138610840e-01,4.116262912750244141e+00,-4.004715932373692056e+00,9.523157421511398990e-01,4.116388583668524781e+00
1.062552109360694885e-01,-4.026685237884521484e+00,8.540749549865722656e-01,4.116265296936035156e+00,-4.026806166195817660e+00,8.541012844562616557e-01,4.116388818396835347e+00
1.065471246838569641e-01,-4.046362400054931641e+00,7.553550601005554199e-01,4.116261959075927734e+00,-4.046487873378199929e+00,7.553760041178128049e-01,4.116388832094681760e+00
1.068390309810638428e-01,-4.063626766204833984e+00,6.561868190765380859e-01,4.116265296936035156e+00,-4.063746812986565260e+00,6.562145177977709576e-01,4.116388666468099977e+00
1.071309447288513184e-01,-4.078453540802001953e+00,5.566224455833435059e-01,4.116261959075927734e+00,-4.078578126552252492e+00,5.566451579188430587e-01,4.116388388651509800e+00
1.074228510260581970e-01,-4.090849399566650391e+00,4.567289352416992188e-01,4.116266727447509766e+00,-4.090970916011901437e+00,4.567427933871373580e-01,4.116388831848412977e+00
1.077147647738456726e-01,-4.100790023803710938e+00,3.565585911273956299e-01,4.116262435913085938e+00,-4.100916462587244737e+00,3.565672954791399007e-01,4.116388716985361462e+00
1.080066710710525513e-01,-4.108287334442138672e+00,2.561784386634826660e-01,4.116266727447509766e+00,-4.108408171163966394e+00,2.561942193995058736e-01,4.116388365902878377e+00
1.082985848188400269e-01,-4.113318443298339844e+00,1.556419432163238525e-01,4.116261959075927734e+00,-4.113444527986945154e+00,1.556522839623310783e-01,4.116388407126862603e+00
1.085904911160469055e-01,-4.115897655487060547e+00,5.501546710729598999e-02,4.116265296936035156e+00,-4.116020849396853976e+00,5.501727900794023407e-02,4.116388530454703876e+00
1.088824048638343811e-01,-4.116008758544921875e+00,-4.564541950821876526e-02,4.116261959075927734e+00,-4.116135576177459399e+00,-4.565065541870499954e-02,4.116388716316025764e+00
1.091743111610412598e-01,-4.113665103912353516e+00,-1.462768614292144775e-01,4.116265296936035156e+00,-4.113788797241602957e+00,-1.462755844561623442e-01,4.116388564618080892e+00
1.094662249088287354e-01,-4.108855724334716797e+00,-2.468242049217224121e-01,4.116262912750244141e+00,-4.108981861742781128e+00,-2.468287484839432888e-01,4.116388753654023347e+00
1.097581312060356140e-01,-4.101593017578125000e+00,-3.472216129302978516e-01,4.116263866424560547e+00,-4.101717243382786648e+00,-3.472342491246935836e-01,4.116388704730018055e+00
1.100500449538230896e-01,-4.091875076293945312e+00,-4.474136531352996826e-01,4.116262912750244141e+00,-4.092001228152709835e+00,-4.474164919396075857e-01,4.116388656147865532e+00
1.103419512510299683e-01,-4.079711437225341797e+00,-5.473358035087585449e-01,4.116263389587402344e+00,-4.079836595009670219e+00,-5.473468170785854570e-01,4.116388608980711794e+00
1.106338649988174438e-01,-4.065107822418212891e+00,-6.469331979751586914e-01,4.116263389587402344e+00,-4.065232013044633774e+00,-6.469497895552288602e-01,4.116388629622873552e+00
1.109257712960243225e-01,-4.048072814941406250e+00,-7.461408972740173340e-01,4.116262912750244141e+00,-4.048196410886861329e+00,-7.461658103110915263e-01,4.116388902617739376e+00
1.112176850438117981e-01,-4.028618335723876953e+00,-8.449053764343261719e-01,4.116264343261718750e+00,-4.028742262725257817e+00,-8.449202718452600847e-01,4.116388524573901364e+00
1.115095913410186768e-01,-4.006752014160156250e+00,-9.431605339050292969e-01,4.116261959075927734e+00,-4.006876636748674336e+00,-9.431848266608943154e-01,4.116388951419157394e+00
1.118014976382255554e-01,-3.982494831085205078e+00,-1.040852308273315430e+00,4.116265296936035156e+00,-3.982613910104457755e+00,-1.040885251189321403e+00,4.116388667643153809e+00
1.120934113860130310e-01,-3.955849170684814453e+00,-1.137923717498779297e+00,4.116261959075927734e+00,-3.955973935244934570e+00,-1.137948112656791633e+00,4.116388670113215298e+00
1.123853176832199097e-01,-3.926845312118530273e+00,-1.234314322471618652e+00,4.116266250610351562e+00,-3.926964012291412232e+00,-1.234345543810270396e+00,4.116388620545458288e+00
1.126772314310073853e-01,-3.895484685897827148e+00,-1.329966783523559570e+00,4.116261959075927734e+00,-3.895605415591909981e+00,-1.330004787361710017e+00,4.116388500663425987e+00
1.129691377282142639e-01,-3.861803770065307617e+00,-1.424824595451354980e+00,4.116267204284667969e+00,-3.861917297877853983e+00,-1.424868620898725347e+00,4.116388684571711032e+00
1.132610514760017395e-01,-3.825803279876708984e+00,-1.518829107284545898e+00,4.116261959075927734e+00,-3.825924968889772071e+00,-1.518865714104565390e+00,4.116388577996078268e+00
1.135529577732086182e-01,-3.787524700164794922e+00,-1.611926555633544922e+00,4.116266727447509766e+00,-3.787639293725009182e+00,-1.611969143177908403e+00,4.116388701025136321e+00
1.138448715209960938e-01,-3.746971607208251953e+00,-1.704058885574340820e+00,4.116261959075927734e+00,-3.747088193983019622e+00,-1.704108448529603415e+00,4.116388652427866113e+00
1.141367778182029724e-01,-3.704185962677001953e+00,-1.795172929763793945e+00,4.116265296936035156e+00,-3.704296279683432669e+00,-1.795228510204263106e+00,4.116388748833951006e+00
1.144286915659904480e-01,-3.659179210662841797e+00,-1.885211586952209473e+00,4.116262435913085938e+00,-3.659295974139960883e+00,-1.885261077208631342e+00,4.116388751757392050e+00
1.147205978631973267e-01,-3.611989736557006836e+00,-1.974123597145080566e+00,4.116264343261718750e+00,-3.612100275702961216e+00,-1.974180209159438482e+00,4.116388696414638559e+00
1.150125116109848022e-01,-3.562634944915771484e+00,-2.061856031417846680e+00,4.116262435913085938e+00,-3.562744217907185540e+00,-2.061918645033034903e+00,4.116388570211266362e+00
1.153044179081916809e-01,-3.511153459548950195e+00,-2.148355007171630859e+00,4.116263866424560547e+00,-3.511265676440883166e+00,-2.148410594019183772e+00,4.116388554430414182e+00
1.155963316559791565e-01,-3.457569360733032227e+00,-2.233570337295532227e+00,4.116263389587402344e+00,-3.457679544423408302e+00,-2.233631095876888573e+00,4.116388672658628067e+00
1.158882379531860352e-01,-3.401919364929199219e+00,-2.317447900772094727e+00,4.116262912750244141e+00,-3.402025105516648384e+00,-2.317516048838672127e+00,4.116388642389148700e+00
1.161801517009735107e-01,-3.344234228134155273e+00,-2.399942398071289062e+00,4.116263866424560547e+00,-3.344336213290651116e+00,-2.400014634174707506e+00,4.116388581242058642e+00
1.164720579981803894e-01,-3.284549474716186523e+00,-2.480998516082763672e+00,4.116262435913085938e+00,-3.284656649845785648e+00,-2.481065197197424688e+00,4.116388443784240181e+00
1.167639717459678650e-01,-3.222900867462158203e+00,-2.560574531555175781e+00,4.116264343261718750e+00,-3.223003423537641243e+00,-2.560645072745954653e+00,4.116388496815320153e+00
1.170558780431747437e-01,-3.159323692321777344e+00,-2.638614892959594727e+00,4.116261959075927734e+00,-3.159422926687625477e+00,-2.638693596102334560e+00,4.116388845066858870e+00
1.173477917909622192e-01,-3.093860864639282227e+00,-2.715081214904785156e+00,4.116265296936035156e+00,-3.093952544265102578e+00,-2.715163336449589515e+00,4.116388500829891939e+00
1.176396980881690979e-01,-3.026543378829956055e+00,-2.789918899536132812e+00,4.116261959075927734e+00,-3.026642418820145952e+00,-2.789998451162467585e+00,4.116388670775688041e+00
1.179316118359565735e-01,-2.957419872283935547e+00,-2.863095521926879883e+00,4.116266250610351562e+00,-2.957511943548479572e+00,-2.863176307837874912e+00,4.116388643701664130e+00
1.182235181331634521e-01,-2.886523008346557617e+00,-2.934552192687988281e+00,4.116261959075927734e+00,-2.886612682076924230e+00,-2.934641798957265735e+00,4.116388619228567691e+00
1.185154318809509277e-01,-2.813905239105224609e+00,-3.004262447357177734e+00,4.116267204284667969e+00,-2.813986958747801914e+00,-3.004352570659276633e+00,4.116388826730257300e+00
1.188073381781578064e-01,-2.739598989486694336e+00,-3.072166681289672852e+00,4.116261959075927734e+00,-2.739689888241914950e+00,-3.072255472434132884e+00,4.116388510774521059e+00
1.190992519259452820e-01,-2.663659095764160156e+00,-3.138242721557617188e+00,4.116266250610351562e+00,-2.663742954422890996e+00,-3.138331955588968381e+00,4.116388464504834310e+00
1.193911582231521606e-01,-2.586122989654541016e+00,-3.202433824539184570e+00,4.116262435913085938e+00,-2.586203143810089422e+00,-3.202531519144375949e+00,4.116388566713105490e+00
1.196830719709396362e-01,-2.507042407989501953e+00,-3.264716863632202148e+00,4.116265296936035156e+00,-2.507116302317814682e+00,-3.264815912603886261e+00,4.116388598825347245e+00
1.199749782681465149e-01,-2.426461219787597656e+00,-3.325041294097900391e+00,4.116261959075927734e+00,-2.426542706104952707e+00,-3.325138258109181066e+00,4.116388458356731839e+00
1.202668920159339905e-01,-2.344431877136230469e+00,-3.383381605148315430e+00,4.116264343261718750e+00,-2.344505723976795242e+00,-3.383481702561708548e+00,4.116388650422823758e+00
1.205587983131408691e-01,-2.260998487472534180e+00,-3.439695119857788086e+00,4.116262435913085938e+00,-2.261066318062270764e+00,-3.439801524286606238e+00,4.116388638255641830e+00
1.208507120609283447e-01,-2.176212310791015625e+00,-3.493955612182617188e+00,4.116263866424560547e+00,-2.176287796021110665e+00,-3.494055896174946163e+00,4.116388608562768781e+00
1.211426183581352234e-01,-2.090126037597656250e+00,-3.546124219894409180e+00,4.116262912750244141e+00,-2.090194944459578874e+00,-3.546228938718896995e+00,4.116388537498827382e+00
1.214345321059226990e-01,-2.002787590026855469e+00,-3.596173048019409180e+00,4.116262435913085938e+00,-2.002851992215686217e+00,-3.596281222752776952e+00,4.116388555013551276e+00
1.217264384031295776e-01,-1.914254426956176758e+00,-3.644071578979492188e+00,4.116263866424560547e+00,-1.914324927275547594e+00,-3.644175490035359566e+00,4.116388578519159402e+00
1.220183521509170532e-01,-1.824573159217834473e+00,-3.689789772033691406e+00,4.116262435913085938e+00,-1.824639344733253621e+00,-3.689897780396140359e+00,4.116388510347506191e+00
1.223102584481239319e-01,-1.733804583549499512e+00,-3.733303785324096680e+00,4.116264820098876953e+00,-1.733862388961432854e+00,-3.733413475296928130e+00,4.116388582408581520e+00
1.226021721959114075e-01,-1.641994953155517578e+00,-3.774581670761108398e+00,4.116262435913085938e+00,-1.642048569269791480e+00,-3.774696131161684232e+00,4.116388512573607272e+00
1.228940784931182861e-01,-1.549207925796508789e+00,-3.813606739044189453e+00,4.116265296936035156e+00,-1.549267236665090808e+00,-3.813715453284346246e+00,4.116388529915964156e+00
1.231859847903251648e-01,-1.455494403839111328e+00,-3.850343704223632812e+00,4.116261482238769531e+00,-1.455545020110152521e+00,-3.850460358043572118e+00,4.116388741898959758e+00
1.234778985381126404e-01,-1.360908389091491699e+00,-3.884788274765014648e+00,4.116266727447509766e+00,-1.360952201617349644e+00,-3.884902233224505341e+00,4.116388739757198323e+00
1.237698048353195190e-01,-1.265507817268371582e+00,-3.916899442672729492e+00,4.116261482238769531e+00,-1.265545354958070634e+00,-3.917020626833441543e+00,4.116388664411391396e+00
1.240617185831069946e-01,-1.169351220130920410e+00,-3.946678400039672852e+00,4.116266727447509766e+00,-1.169396720467475559e+00,-3.946791962663916742e+00,4.116388646178660515e+00
1.243536248803138733e-01,-1.072494745254516602e+00,-3.974086999893188477e+00,4.116261959075927734e+00,-1.072533848286663982e+00,-3.974207555037834183e+00,4.116388531982908106e+00
1.246455386281013489e-01,-9.749968647956848145e-01,-3.999128103256225586e+00,4.116265773773193359e+00,-9.750295389272763957e-01,-3.999246459262321363e+00,4.116388568114403235e+00
1.249374449253082275e-01,-8.769165873527526855e-01,-4.021769523620605469e+00,4.116262435913085938e+00,-8.769573948372250127e-01,-4.021890126949863919e+00,4.116388522189868837e+00
1.252293586730957031e-01,-7.783129811286926270e-01,-4.042012691497802734e+00,4.116265296936035156e+00,-7.783455328856458966e-01,-4.042132026967929725e+00,4.116388355342933458e+00
1.255212724208831787e-01,-6.792401671409606934e-01,-4.059833049774169922e+00,4.116261959075927734e+00,-6.792681654906027600e-01,-4.059956958713581088e+00,4.116388677865076673e+00
1.258131712675094604e-01,-5.797662734985351562e-01,-4.075230598449707031e+00,4.116264820098876953e+00,-5.797844877858714385e-01,-4.075353331773056809e+00,4.116388566580040376e+00
1.261050850152969360e-01,-4.799416661262512207e-01,-4.088187217712402344e+00,4.116262912750244141e+00,-4.799697794730289901e-01,-4.088310730783629943e+00,4.116388662486569316e+00
1.263969987630844116e-01,-3.798311948776245117e-01,-4.098701000213623047e+00,4.116262912750244141e+00,-3.798523300611705289e-01,-4.098825250803225906e+00,4.116388736413876259e+00
1.266889125108718872e-01,-2.794922888278961182e-01,-4.106763362884521484e+00,4.116263389587402344e+00,-2.795077805821749029e-01,-4.106888389664364425e+00,4.116388811150609506e+00
1.269808113574981689e-01,-1.789901405572891235e-01,-4.112369537353515625e+00,4.116262912750244141e+00,-1.789960393315922493e-01,-4.112495245561412105e+00,4.116388796853573950e+00
1.272727251052856445e-01,-7.838102430105209351e-02,-4.115517616271972656e+00,4.116263866424560547e+00,-7.839296502551704182e-02,-4.115642089897146860e+00,4.116388619785363190e+00
1.275646388530731201e-01,2.228016592562198639e-02,-4.116202354431152344e+00,4.116262912750244141e+00,2.227268073037462146e-02,-4.116328363620257669e+00,4.116388619828252438e+00
1.278565526008605957e-01,1.229273974895477295e-01,-4.114428997039794922e+00,4.116264820098876953e+00,1.229250086304476686e-01,-4.114552723843789117e+00,4.116388547627294336e+00
1.281484514474868774e-01,2.234940677881240845e-01,-4.110190391540527344e+00,4.116261959075927734e+00,2.234881528720762955e-01,-4.110317166764075658e+00,4.116388485780907658e+00
1.284403651952743530e-01,3.239329457283020020e-01,-4.103499889373779297e+00,4.116265773773193359e+00,3.239333333400520876e-01,-4.103623041816122807e+00,4.116388571766884219e+00
1.287322789430618286e-01,4.241795837879180908e-01,-4.094347953796386719e+00,4.116261959075927734e+00,4.241847356210880493e-01,-4.094474729780482214e+00,4.116388708898236715e+00
1.290241926908493042e-01,5.241733193397521973e-01,-4.082755565643310547e+00,4.116266250610351562e+00,5.241825144760364763e-01,-4.082877346203766855e+00,4.116388554622405493e+00
1.293160915374755859e-01,6.238449811935424805e-01,-4.068713665008544922e+00,4.116261959075927734e+00,6.238511884006059383e-01,-4.068840514931940433e+00,4.116388397760889717e+00
1.296080052852630615e-01,7.231501340866088867e-01,-4.052247047424316406e+00,4.116266727447509766e+00,7.231623705886259801e-01,-4.052368442345692046e+00,4.116388442160750394e+00
1.298999190330505371e-01,8.220233321189880371e-01,-4.033347129821777344e+00,4.116261959075927734e+00,8.220411488826110391e-01,-4.033473129760622555e+00,4.116388846909046606e+00
1.301918327808380127e-01,9.204022288322448730e-01,-4.012044429779052734e+00,4.116265296936035156e+00,9.204281525522919338e-01,-4.012164933843767045e+00,4.116388640589756953e+00
1.304837316274642944e-01,1.018228292465209961e+00,-3.988336324691772461e+00,4.116262435913085938e+00,1.018249555064346445e+00,-3.988461088636968022e+00,4.116388467086157021e+00
1.307756453752517700e-01,1.115452170372009277e+00,-3.962246894836425781e+00,4.116264343261718750e+00,1.115477307026951026e+00,-3.962368658234355578e+00,4.116388587858296866e+00
1.310675591230392456e-01,1.212006092071533203e+00,-3.933784008026123047e+00,4.116261959075927734e+00,1.212037780424459088e+00,-3.933906305125019820e+00,4.116388514059215353e+00
1.313594728708267212e-01,1.307835578918457031e+00,-3.902972459793090820e+00,4.116263866424560547e+00,1.307873488154251307e+00,-3.903091277444056928e+00,4.116388536214317106e+00
1.316513717174530029e-01,1.402878761291503906e+00,-3.869825839996337891e+00,4.116262912750244141e+00,1.402912126308856866e+00,-3.869947467131023888e+00,4.116388688219111636e+00
1.319432854652404785e-01,1.497089147567749023e+00,-3.834363937377929688e+00,4.116262912750244141e+00,1.497126748156511811e+00,-3.834484069895170766e+00,4.116388779297397882e+00
1.322351992130279541e-01,1.590403318405151367e+00,-3.796609401702880859e+00,4.116263866424560547e+00,1.590445913965790714e+00,-3.796727112566954165e+00,4.116388583765079545e+00
1.325271129608154297e-01,1.682764530181884766e+00,-3.756583929061889648e+00,4.116262912750244141e+00,1.682814007158614178e+00,-3.756699780813477219e+00,4.116388735998248727e+00
1.328190118074417114e-01,1.774116516113281250e+00,-3.714315891265869141e+00,4.116264343261718750e+00,1.774161313079869462e+00,-3.714432132762982786e+00,4.116388518316929535e+00
1.331109255552291870e-01,1.864409327507019043e+00,-3.669821977615356445e+00,4.116262435913085938e+00,1.864462007312515768e+00,-3.669936926643925457e+00,4.116388662681948141e+00
1.334028393030166626e-01,1.953590512275695801e+00,-3.623137235641479492e+00,4.116265296936035156e+00,1.953647603655061404e+00,-3.623246827529809977e+00,4.116388773241905774e+00
1.336947530508041382e-01,2.041602373123168945e+00,-3.574279308319091797e+00,4.116261959075927734e+00,2.041664694125321589e+00,-3.574389522801996399e+00,4.116388609443297320e+00
1.339866518974304199e-01,2.128391981124877930e+00,-3.523293256759643555e+00,4.116266250610351562e+00,2.128447365395274016e+00,-3.523402651302610877e+00,4.116388517920089640e+00
1.342785656452178955e-01,2.213907241821289062e+00,-3.470191240310668945e+00,4.116261959075927734e+00,2.213970773190152563e+00,-3.470300866029103926e+00,4.116388548874189368e+00
1.345704793930053711e-01,2.298103570938110352e+00,-3.415022134780883789e+00,4.116267204284667969e+00,2.298170222808223251e+00,-3.415123697316821083e+00,4.116388737835302791e+00
1.348623782396316528e-01,2.380917310714721680e+00,-3.357803344726562500e+00,4.116261482238769531e+00,2.380981883723797043e+00,-3.357912810392006620e+00,4.116388365158912599e+00
1.351542919874191284e-01,2.462317466735839844e+00,-3.298581838607788086e+00,4.116266727447509766e+00,2.462382855567768480e+00,-3.298685455370041542e+00,4.116388594492013553e+00
1.354462057352066040e-01,2.542237758636474609e+00,-3.237381696701049805e+00,4.116261959075927734e+00,2.542311477101013129e+00,-3.237484937383266814e+00,4.116388753067798945e+00
1.357381194829940796e-01,2.620641946792602539e+00,-3.174252271652221680e+00,4.116265773773193359e+00,2.620719353743169222e+00,-3.174347939052117429e+00,4.116388559070734310e+00
1.360300183296203613e-01,2.697471380233764648e+00,-3.109221935272216797e+00,4.116261959075927734e+00,2.697547999890171244e+00,-3.109323208056138821e+00,4.116388711463967454e+00
1.363219320774078369e-01,2.772695064544677734e+00,-3.042333841323852539e+00,4.116264343261718750e+00,2.772775478936300608e+00,-3.042428696859640347e+00,4.116388736752820243e+00
1.366138458251953125e-01,2.846259117126464844e+00,-2.973621845245361328e+00,4.116262912750244141e+00,2.846344517352223935e+00,-2.973714567667360864e+00,4.116388640716294844e+00
1.369057595729827881e-01,2.918123483657836914e+00,-2.903133153915405273e+00,4.116263866424560547e+00,2.918200255930742060e+00,-2.903233096282384018e+00,4.116388604719389832e+00
1.371976584196090698e-01,2.988236904144287109e+00,-2.830911636352539062e+00,4.116262912750244141e+00,2.988321979968200814e+00,-2.831004365146254198e+00,4.116388462164159989e+00
1.374895721673965454e-01,3.056566953659057617e+00,-2.756994962692260742e+00,4.116263389587402344e+00,3.056656529127493194e+00,-2.757082773487734784e+00,4.116388533280179729e+00
1.377814859151840210e-01,3.123069763183593750e+00,-2.681429147720336914e+00,4.116263866424560547e+00,3.123163003381780101e+00,-2.681512295382574962e+00,4.116388627909253195e+00
1.380733996629714966e-01,3.187704801559448242e+00,-2.604257345199584961e+00,4.116262435913085938e+00,3.187791855687709397e+00,-2.604349904247023950e+00,4.116388628268761174e+00
1.383652985095977783e-01,3.250432014465332031e+00,-2.525534629821777344e+00,4.116264343261718750e+00,3.250524550455524242e+00,-2.525618037880763556e+00,4.116388748209134363e+00
1.386572122573852539e-01,3.311213016510009766e+00,-2.445298194885253906e+00,4.116262435913085938e+00,3.311312762543938693e+00,-2.445375799677276252e+00,4.116388588682274197e+00
1.389491260051727295e-01,3.370020866394042969e+00,-2.363599300384521484e+00,4.116265773773193359e+00,3.370120894262628397e+00,-2.363671145873435187e+00,4.116388724085734196e+00
1.392410397529602051e-01,3.426806449890136719e+00,-2.280484676361083984e+00,4.116261959075927734e+00,3.426904472248076150e+00,-2.280565750774431688e+00,4.116388514890111594e+00
1.395329385995864868e-01,3.481546878814697266e+00,-2.196014881134033203e+00,4.116266250610351562e+00,3.481647845649130435e+00,-2.196083682258711089e+00,4.116388618752632844e+00
1.398248523473739624e-01,3.534201622009277344e+00,-2.110220670700073242e+00,4.116261959075927734e+00,3.534308948872851630e+00,-2.110288251261783099e+00,4.116388738870059072e+00
1.401167660951614380e-01,3.584750890731811523e+00,-2.023169517517089844e+00,4.116267204284667969e+00,3.584848362580890679e+00,-2.023244402073699710e+00,4.116388671301757896e+00
1.404086798429489136e-01,3.633146524429321289e+00,-1.934905409812927246e+00,4.116261959075927734e+00,3.633251878291399173e+00,-1.934977017612287797e+00,4.116388619870058108e+00
1.407005786895751953e-01,3.679374933242797852e+00,-1.845493316650390625e+00,4.116265773773193359e+00,3.679482718006954034e+00,-1.845552317796120834e+00,4.116388760774967182e+00
1.409924924373626709e-01,3.723399400711059570e+00,-1.754967331886291504e+00,4.116261959075927734e+00,3.723512517176296388e+00,-1.755023884205070495e+00,4.116388502036561370e+00
1.412844061851501465e-01,3.765203237533569336e+00,-1.663394570350646973e+00,4.116264820098876953e+00,3.765309538724063376e+00,-1.663460252806516992e+00,4.116388700678489165e+00
1.415763199329376221e-01,3.804748296737670898e+00,-1.570829391479492188e+00,4.116261959075927734e+00,3.804861019813485346e+00,-1.570887360041683056e+00,4.116388523698272017e+00
1.418682187795639038e-01,3.842022418975830078e+00,-1.477326869964599609e+00,4.116264343261718750e+00,3.842137150895970965e+00,-1.477375146575809373e+00,4.116388612608740338e+00
1.421601325273513794e-01,3.876997232437133789e+00,-1.382936120033264160e+00,4.116262912750244141e+00,3.877115322156474253e+00,-1.382979380968235583e+00,4.116388610114912971e+00
1.424520462751388550e-01,3.909655094146728516e+00,-1.287719964981079102e+00,4.116263389587402344e+00,3.909769797929298463e+00,-1.287771379100064895e+00,4.116388586811186023e+00
1.427439600229263306e-01,3.939974308013916016e+00,-1.191732287406921387e+00,4.116263389587402344e+00,3.940091412292542561e+00,-1.191778459179938521e+00,4.116388736864723619e+00
1.430358588695526123e-01,3.967936038970947266e+00,-1.095035552978515625e+00,4.116262912750244141e+00,3.968056347279951712e+00,-1.095072626334780530e+00,4.116388615295750952e+00
1.433277726173400879e-01,3.993527650833129883e+00,-9.976804256439208984e-01,4.116263866424560547e+00,3.993644381840137925e+00,-9.977272674589321433e-01,4.116388605177403015e+00
1.436196863651275635e-01,4.016727924346923828e+00,-8.997294306755065918e-01,4.116261959075927734e+00,4.016848022715071131e+00,-8.997699163146055668e-01,4.116388458332712830e+00
1.439116001129150391e-01,4.037530422210693359e+00,-8.012405037879943848e-01,4.116265296936035156e+00,4.037649680366958371e+00,-8.012745199726234446e-01,4.116388683995324094e+00
1.442034989595413208e-01,4.055912494659423828e+00,-7.022747993469238281e-01,4.116262435913085938e+00,4.056033439559763920e+00,-7.023153602993854605e-01,4.116388481197986948e+00
1.444954127073287964e-01,4.071875572204589844e+00,-6.028902530670166016e-01,4.116266250610351562e+00,4.071994919611800157e+00,-6.029208227870466175e-01,4.116388726043074264e+00
1.447873264551162720e-01,4.085396289825439453e+00,-5.031389594078063965e-01,4.116261959075927734e+00,4.085520834343792096e+00,-5.031655706154776198e-01,4.116388718198270347e+00
1.450792253017425537e-01,4.096482753753662109e+00,-4.030930697917938232e-01,4.116267204284667969e+00,4.096602942354972576e+00,-4.031094983201107262e-01,4.116388336266066261e+00
1.453711390495300293e-01,4.105109214782714844e+00,-3.028022944927215576e-01,4.116261959075927734e+00,4.105235862414845727e+00,-3.028123418850409698e-01,4.116388805792628780e+00
1.456630527973175049e-01,4.111291408538818359e+00,-2.023312002420425415e-01,4.116266727447509766e+00,4.111412046291987643e+00,-2.023497292390373514e-01,4.116388517537913572e+00
1.459549665451049805e-01,4.115004539489746094e+00,-1.017363145947456360e-01,4.116261959075927734e+00,4.115130935191008810e+00,-1.017504406193395494e-01,4.116388680133625577e+00
1.462468653917312622e-01,4.116265296936035156e+00,-1.085836440324783325e-03,4.116265296936035156e+00,4.116388323137189609e+00,-1.090311483095263287e-03,4.116388467533079520e+00
1.465387791395187378e-01,4.115057468414306641e+00,9.956841915845870972e-02,4.116261959075927734e+00,4.115184775269231210e+00,9.955478389134260475e-02,4.116388816621107338e+00
1.468306928873062134e-01,4.111395359039306641e+00,2.001621574163436890e-01,4.116265296936035156e+00,4.111519733201215665e+00,2.001560354562326172e-01,4.116388824568513627e+00
1.471226066350936890e-01,4.105268955230712891e+00,3.006390631198883057e-01,4.116262435913085938e+00,4.105395670353428450e+00,3.006375653289404815e-01,4.116388776080751377e+00
1.474145054817199707e-01,4.096692085266113281e+00,4.009272158145904541e-01,4.116263866424560547e+00,4.096817919702212762e+00,4.009236988939215429e-01,4.116388815397296064e+00
1.477064192295074463e-01,4.085662364959716797e+00,5.009836554527282715e-01,4.116263389587402344e+00,4.085788784260343753e+00,5.009856952232666361e-01,4.116388788295629375e+00
1.479983329772949219e-01,4.072190284729003906e+00,6.007415652275085449e-01,4.116263389587402344e+00,4.072315980411151060e+00,6.007480167959623474e-01,4.116388662893278649e+00
1.482902467250823975e-01,4.056282520294189453e+00,7.001390457153320312e-01,4.116262912750244141e+00,4.056407958587450402e+00,7.001511474335123664e-01,4.116388848948075996e+00
1.485821455717086792e-01,4.037950038909912109e+00,7.991114258766174316e-01,4.116262912750244141e+00,4.038076244365232270e+00,7.991200789953709638e-01,4.116388302378723552e+00
1.488740593194961548e-01,4.017203330993652344e+00,8.976122140884399414e-01,4.116264343261718750e+00,4.017327904295458829e+00,8.976265832267050770e-01,4.116388826817286350e+00
1.491659730672836304e-01,3.994050741195678711e+00,9.955769777297973633e-01,4.116262435913085938e+00,3.994175887078228460e+00,9.955962380411662593e-01,4.116388330335085222e+00
1.494578868150711060e-01,3.968514204025268555e+00,1.092946887016296387e+00,4.116264820098876953e+00,3.968635787020486472e+00,1.092970400606628090e+00,4.116388502877483369e+00
1.497497856616973877e-01,3.940601348876953125e+00,1.189653038978576660e+00,4.116261959075927734e+00,3.940726736208852277e+00,1.189675986048028822e+00,4.116388728151244791e+00
1.500416994094848633e-01,3.910335779190063477e+00,1.285659074783325195e+00,4.116266250610351562e+00,3.910456272429702285e+00,1.285685190009114409e+00,4.116388546577397278e+00
1.503336131572723389e-01,3.877725362777709961e+00,1.380890965461730957e+00,4.116261959075927734e+00,3.877847338600205696e+00,1.380925337753283966e+00,4.116388559154458449e+00
1.506255269050598145e-01,3.842803955078125000e+00,1.475300550460815430e+00,4.116266727447509766e+00,3.842919319384247689e+00,1.475339687111956621e+00,4.116388719213030178e+00
1.509174257516860962e-01,3.805576324462890625e+00,1.568821787834167480e+00,4.116261959075927734e+00,3.805698715304534741e+00,1.568857043389275452e+00,4.116388603407448166e+00
1.512093394994735718e-01,3.766079902648925781e+00,1.661413311958312988e+00,4.116266727447509766e+00,3.766196623390869913e+00,1.661450963027723438e+00,4.116388746047503489e+00
1.515012532472610474e-01,3.724323272705078125e+00,1.753005266189575195e+00,4.116261482238769531e+00,3.724441677418970809e+00,1.753051234749495757e+00,4.116388519096826570e+00
1.517931669950485229e-01,3.680347442626953125e+00,1.843552231788635254e+00,4.116265296936035156e+00,3.680459916674658327e+00,1.843602877495877257e+00,4.116388801869900860e+00
1.520850658416748047e-01,3.634165763854980469e+00,1.932990908622741699e+00,4.116261959075927734e+00,3.634283756282202127e+00,1.933038236483645367e+00,4.116388616844195880e+00
1.523769795894622803e-01,3.585813045501708984e+00,2.021281242370605469e+00,4.116264820098876953e+00,3.585927387012026291e+00,2.021331387708418248e+00,4.116388684740319270e+00
1.526688933372497559e-01,3.535315036773681641e+00,2.108355998992919922e+00,4.116262435913085938e+00,3.535426074331341262e+00,2.108415550390350557e+00,4.116388424358149223e+00
1.529608070850372314e-01,3.482702732086181641e+00,2.194176435470581055e+00,4.116263866424560547e+00,3.482810821467254403e+00,2.194239031796238582e+00,4.116388726394472286e+00
1.532527059316635132e-01,3.428009748458862305e+00,2.278677701950073242e+00,4.116263389587402344e+00,3.428120923546874810e+00,2.278736895464556600e+00,4.116388575585561149e+00
1.535446196794509888e-01,3.371264934539794922e+00,2.361820220947265625e+00,4.116263389587402344e+00,3.371372448092847307e+00,2.361885509195271293e+00,4.116388628677589701e+00
1.538365334272384644e-01,3.312503814697265625e+00,2.443551778793334961e+00,4.116263389587402344e+00,3.312607772507680348e+00,2.443621290774038890e+00,4.116388619555067407e+00
1.541284471750259399e-01,3.251760005950927734e+00,2.523821592330932617e+00,4.116262912750244141e+00,3.251861910023714053e+00,2.523895822690056523e+00,4.116388709251762812e+00
1.544203460216522217e-01,3.189077138900756836e+00,2.602579593658447266e+00,4.116264343261718750e+00,3.189181014478342124e+00,2.602648436949583477e+00,4.116388517798728941e+00
1.547122597694396973e-01,3.124481916427612305e+00,2.679781436920166016e+00,4.116262435913085938e+00,3.124583276819888678e+00,2.679857200222677704e+00,4.116388619575153562e+00
1.550041735172271729e-01,3.058021545410156250e+00,2.755384683609008789e+00,4.116265296936035156e+00,3.058116739103190262e+00,2.755462901625902017e+00,4.116388440395265746e+00
1.552960872650146484e-01,2.989726781845092773e+00,2.829336881637573242e+00,4.116261959075927734e+00,2.989832020846346250e+00,2.829409705085558446e+00,4.116388561847689864e+00
1.555879861116409302e-01,2.919656515121459961e+00,2.901595115661621094e+00,4.116266250610351562e+00,2.919748743901762200e+00,2.901675696926371728e+00,4.116388535797982584e+00
1.558798998594284058e-01,2.847827196121215820e+00,2.972119331359863281e+00,4.116261959075927734e+00,2.847919419280758646e+00,2.972206259700932218e+00,4.116388595470775513e+00
1.561718136072158813e-01,2.774301290512084961e+00,3.040873050689697266e+00,4.116267681121826172e+00,2.774398201176528467e+00,3.040948706764382781e+00,4.116388516146590959e+00
1.564637124538421631e-01,2.699114561080932617e+00,3.107795238494873047e+00,4.116261482238769531e+00,2.699206586555810805e+00,3.107883535487801829e+00,4.116388741003748741e+00
1.567556262016296387e-01,2.622316598892211914e+00,3.172869920730590820e+00,4.116266250610351562e+00,2.622400382621007164e+00,3.172959274576842237e+00,4.116388505096913342e+00
1.570475399494171143e-01,2.543942928314208984e+00,3.236041784286499023e+00,4.116261959075927734e+00,2.544026154014239260e+00,3.236137444878353087e+00,4.116388542697625219e+00
1.573394536972045898e-01,2.464052438735961914e+00,3.297284364700317383e+00,4.116265296936035156e+00,2.464129975306494913e+00,3.297380514623681425e+00,4.116388562007227137e+00
1.576313525438308716e-01,2.382690429687500000e+00,3.356545925140380859e+00,4.116262435913085938e+00,2.382773305249392681e+00,3.356642337785438190e+00,4.116388758125598457e+00
1.579232662916183472e-01,2.299902677536010742e+00,3.413807392120361328e+00,4.116264343261718750e+00,2.299978800471963680e+00,3.413905812953725416e+00,4.116388633540289277e+00
1.582151800394058228e-01,2.215736150741577148e+00,3.469024658203125000e+00,4.116262435913085938e+00,2.215808834352550161e+00,3.469127669012425752e+00,4.116388656857171924e+00
1.585070937871932983e-01,2.130248308181762695e+00,3.522167682647705078e+00,4.116263389587402344e+00,2.130327184967355958e+00,3.522266562372194709e+00,4.116388666223850912e+00
1.587989926338195801e-01,2.043488264083862305e+00,3.573202848434448242e+00,4.116262912750244141e+00,2.043558152127286753e+00,3.573307322425685939e+00,4.116388604301945087e+00
1.590909063816070557e-01,1.955500841140747070e+00,3.622104167938232422e+00,4.116263389587402344e+00,1.955566670295060705e+00,3.622211245286591108e+00,4.116388624443707123e+00
1.593828201293945312e-01,1.866345167160034180e+00,3.668839454650878906e+00,4.116263866424560547e+00,1.866419790807519741e+00,3.668941802906722227e+00,4.116388804356850173e+00
1.596747338771820068e-01,1.776073575019836426e+00,3.713378429412841797e+00,4.116262435913085938e+00,1.776142989516748427e+00,3.713485033477687214e+00,4.116388588686966443e+00
1.599666327238082886e-01,1.684745550155639648e+00,3.755697965621948242e+00,4.116264820098876953e+00,1.684803748866730677e+00,3.755807754279041788e+00,4.116388655034649346e+00
1.602585464715957642e-01,1.592401742935180664e+00,3.795770168304443359e+00,4.116261959075927734e+00,1.592456926065860090e+00,3.795884242100453942e+00,4.116388737813966969e+00
1.605504602193832397e-01,1.499108314514160156e+00,3.833577394485473633e+00,4.116265296936035156e+00,1.499172465055154113e+00,3.833684448909318476e+00,4.116388530470452167e+00
1.608423739671707153e-01,1.404917836189270020e+00,3.869085073471069336e+00,4.116261959075927734e+00,1.404976862452318009e+00,3.869198243382458990e+00,4.116388590818445437e+00
1.611342728137969971e-01,1.309894561767578125e+00,3.902284860610961914e+00,4.116266727447509766e+00,1.309940980100869901e+00,3.902398213914529901e+00,4.116388853268230896e+00
1.614261865615844727e-01,1.214080333709716797e+00,3.933143854141235352e+00,4.116261959075927734e+00,1.214121630256212780e+00,3.933263911787605149e+00,4.116388748991855806e+00
1.617181003093719482e-01,1.117542862892150879e+00,3.961660146713256836e+00,4.116267204284667969e+00,1.117591272082854248e+00,3.961773194975079182e+00,4.116388842159936168e+00
1.620100140571594238e-01,1.020332217216491699e+00,3.987797975540161133e+00,4.116261482238769531e+00,1.020377455721894533e+00,3.987917377798854357e+00,4.116388607055410098e+00
1.623019129037857056e-01,9.225183725357055664e-01,4.011558532714843750e+00,4.116265773773193359e+00,9.225534986193389964e-01,4.011676953840638937e+00,4.116388822717175877e+00
1.625938266515731812e-01,8.241481184959411621e-01,4.032913684844970703e+00,4.116262435913085938e+00,8.241931191893289155e-01,4.033033614834821812e+00,4.116388518605436531e+00
1.628857403993606567e-01,7.252867817878723145e-01,4.051863193511962891e+00,4.116264820098876953e+00,7.253244775431163527e-01,4.051982022887883339e+00,4.116388454887339066e+00
1.631776541471481323e-01,6.259889602661132812e-01,4.068384647369384766e+00,4.116262435913085938e+00,6.260220809280041543e-01,4.068507219975619371e+00,4.116388543954903945e+00
1.634695529937744141e-01,5.263218879699707031e-01,4.082476615905761719e+00,4.116264343261718750e+00,5.263452836861129969e-01,4.082599049045182227e+00,4.116388508501504617e+00
1.637614667415618896e-01,4.263360798358917236e-01,4.094124794006347656e+00,4.116262435913085938e+00,4.263693291569634614e-01,4.094247571292402910e+00,4.116388463189485591e+00
1.640533804893493652e-01,3.260976374149322510e-01,4.103326320648193359e+00,4.116263389587402344e+00,3.261227984031122018e-01,4.103449362837952030e+00,4.116388314167344298e+00
1.643452942371368408e-01,2.256617248058319092e-01,4.110072612762451172e+00,4.116262912750244141e+00,2.256811935597662910e-01,4.110197350780545378e+00,4.116388497638430621e+00
1.646371930837631226e-01,1.250971853733062744e-01,4.114361286163330078e+00,4.116262912750244141e+00,1.251046399496834605e-01,4.114487113353615833e+00,4.116388632878327236e+00
1.649291068315505981e-01,2.445179224014282227e-02,4.116191864013671875e+00,4.116264343261718750e+00,2.446896082797160241e-02,4.116315875588891338e+00,4.116388601391897772e+00
1.652210205793380737e-01,-7.620971649885177612e-02,4.115556716918945312e+00,4.116262435913085938e+00,-7.619704217233924659e-02,4.115683556042889713e+00,4.116388844936500924e+00
1.655129343271255493e-01,-1.768250614404678345e-01,4.112464904785156250e+00,4.116264820098876953e+00,-1.768174769813873337e-01,4.112589288924640485e+00,4.116388596760970131e+00
1.658048331737518311e-01,-2.773275673389434814e-01,4.106909275054931641e+00,4.116262435913085938e+00,-2.773164769564921972e-01,4.107036501616071256e+00,4.116388375019822909e+00
1.660967469215393066e-01,-3.776701986789703369e-01,4.098903656005859375e+00,4.116266250610351562e+00,-3.776653523760363229e-01,4.099027019368576497e+00,4.116388419950060218e+00
1.663886606693267822e-01,-4.777882695198059082e-01,4.088438510894775391e+00,4.116261482238769531e+00,-4.777883168350939846e-01,4.088566176694024001e+00,4.116388594011806568e+00
1.666805744171142578e-01,-5.776215195655822754e-01,4.075537204742431641e+00,4.116266727447509766e+00,-5.776255083871256746e-01,4.075660043484552020e+00,4.116388710750721103e+00
1.669724732637405396e-01,-6.770981550216674805e-01,4.060191154479980469e+00,4.116261959075927734e+00,-6.771018396159171893e-01,4.060318715231016284e+00,4.116388583511827015e+00
1.672643870115280151e-01,-7.761813998222351074e-01,4.042424201965332031e+00,4.116266250610351562e+00,-7.761887215933412909e-01,4.042546878148434608e+00,4.116388489143894880e+00
1.675563007593154907e-01,-8.747964501380920410e-01,4.022231101989746094e+00,4.116261959075927734e+00,-8.748113745070292824e-01,4.022357485850574399e+00,4.116388548830761884e+00
1.678481996059417725e-01,-9.728848934173583984e-01,3.999642372131347656e+00,4.116265773773193359e+00,-9.729108646284007067e-01,3.999762320175941355e+00,4.116388486089622489e+00
1.681401133537292480e-01,-1.070396900177001953e+00,3.974652767181396484e+00,4.116261959075927734e+00,-1.070413256009459246e+00,3.974779332256308084e+00,4.116388620960449884e+00
1.684320271015167236e-01,-1.167270660400390625e+00,3.947291851043701172e+00,4.116264343261718750e+00,-1.167290910053850217e+00,3.947415103485165222e+00,4.116388473883040078e+00
1.687239408493041992e-01,-1.263443470001220703e+00,3.917566537857055664e+00,4.116262435913085938e+00,-1.263470287848927898e+00,3.917690441888781017e+00,4.116388655939057450e+00
1.690158396959304810e-01,-1.358856201171875000e+00,3.885503530502319336e+00,4.116263866424560547e+00,-1.358879185074563845e+00,3.885627806864742517e+00,4.116388719874426450e+00
1.693077534437179565e-01,-1.453461766242980957e+00,3.851112842559814453e+00,4.116262912750244141e+00,-1.453490293997194982e+00,3.851236160551952725e+00,4.116388465522538453e+00
1.695996671915054321e-01,-1.547199368476867676e+00,3.814419746398925781e+00,4.116263389587402344e+00,-1.547232174885396772e+00,3.814541529780869134e+00,4.116388524595748777e+00
1.698915809392929077e-01,-1.640007019042968750e+00,3.775447368621826172e+00,4.116263389587402344e+00,-1.640048830504626354e+00,3.775565435744165033e+00,4.116388529527506002e+00
1.701834797859191895e-01,-1.731833577156066895e+00,3.734216213226318359e+00,4.116262912750244141e+00,-1.731870191749528498e+00,3.734338179967763960e+00,4.116388708982121614e+00
1.704753935337066650e-01,-1.822629332542419434e+00,3.690752267837524414e+00,4.116264343261718750e+00,-1.822670292030613259e+00,3.690870852929914570e+00,4.116388544155975993e+00
1.707673072814941406e-01,-1.912332177162170410e+00,3.645078897476196289e+00,4.116261959075927734e+00,-1.912380290696145790e+00,3.645196363101801396e+00,4.116388575172862829e+00
1.710592210292816162e-01,-2.000894069671630859e+00,3.597229719161987305e+00,4.116265296936035156e+00,-2.000946534728372583e+00,3.597341924172535954e+00,4.116388703007873850e+00
1.713511198759078979e-01,-2.088253736495971680e+00,3.547225713729858398e+00,4.116261959075927734e+00,-2.088302614176579031e+00,3.547343750631716475e+00,4.116388647045202021e+00
1.716430336236953735e-01,-2.174372196197509766e+00,3.495103836059570312e+00,4.116266250610351562e+00,-2.174423327039979537e+00,3.495216500390461167e+00,4.116388610150572447e+00
1.719349473714828491e-01,-2.259184360504150391e+00,3.440886020660400391e+00,4.116261959075927734e+00,-2.259243730305492637e+00,3.440998991607852275e+00,4.116388744175035974e+00
1.722268611192703247e-01,-2.342650651931762695e+00,3.384618759155273438e+00,4.116267204284667969e+00,-2.342712982312849856e+00,3.384723408465842631e+00,4.116388789863488995e+00
1.725187599658966064e-01,-2.424707889556884766e+00,3.326319694519042969e+00,4.116261959075927734e+00,-2.424768464611093854e+00,3.326432830715871258e+00,4.116388888848677041e+00
1.728106737136840820e-01,-2.505321025848388672e+00,3.266039848327636719e+00,4.116266250610351562e+00,-2.505386548275969627e+00,3.266143564364596408e+00,4.116388652608308441e+00
1.731025874614715576e-01,-2.584434032440185547e+00,3.203796863555908203e+00,4.116261959075927734e+00,-2.584506081794153864e+00,3.203901292832940229e+00,4.116388609090200212e+00
1.733945012092590332e-01,-2.662006855010986328e+00,3.139643430709838867e+00,4.116265296936035156e+00,-2.662080101489367578e+00,3.139742679086672705e+00,4.116388533365624269e+00
1.736864000558853149e-01,-2.737977743148803711e+00,3.073612451553344727e+00,4.116262435913085938e+00,-2.738050366793111756e+00,3.073716944497586923e+00,4.116388667993764017e+00
1.739783138036727905e-01,-2.812318563461303711e+00,3.005744218826293945e+00,4.116264820098876953e+00,-2.812395189411015295e+00,3.005842753706257309e+00,4.116388873931936310e+00
1.742702275514602661e-01,-2.884975910186767578e+00,2.936074018478393555e+00,4.116262435913085938e+00,-2.885057779333326966e+00,2.936170739333892943e+00,4.116388830104887653e+00
1.745621412992477417e-01,-2.955910682678222656e+00,2.864650011062622070e+00,4.116263866424560547e+00,-2.955983764148206294e+00,2.864753886084063783e+00,4.116388567876160032e+00
1.748540401458740234e-01,-3.025071859359741211e+00,2.791516065597534180e+00,4.116262912750244141e+00,-3.025153392915386874e+00,2.791612978747244789e+00,4.116388717526266561e+00
1.751459538936614990e-01,-3.092426300048828125e+00,2.716711521148681641e+00,4.116262912750244141e+00,-3.092513740505996811e+00,2.716802174792408042e+00,4.116388622588391222e+00
1.754378676414489746e-01,-3.157934427261352539e+00,2.640279769897460938e+00,4.116263866424560547e+00,-3.158024638724124866e+00,2.640366630888037580e+00,4.116388655641700645e+00
1.757297813892364502e-01,-3.221550464630126953e+00,2.562270402908325195e+00,4.116262435913085938e+00,-3.221636792113543812e+00,2.562364271110659342e+00,4.116388499420834179e+00
1.760216802358627319e-01,-3.283240556716918945e+00,2.482733249664306641e+00,4.116264343261718750e+00,-3.283332380536536643e+00,2.482817523432622409e+00,4.116388511273422424e+00
1.763135939836502075e-01,-3.342967748641967773e+00,2.401703834533691406e+00,4.116262435913085938e+00,-3.343064513031676288e+00,2.401785710076757230e+00,4.116388579254955715e+00
1.766055077314376831e-01,-3.400699853897094727e+00,2.319241523742675781e+00,4.116265296936035156e+00,-3.400796889559707825e+00,2.319317751043324272e+00,4.116388503815407773e+00
1.768974214792251587e-01,-3.456391811370849609e+00,2.235389947891235352e+00,4.116261959075927734e+00,-3.456487189664790627e+00,2.235475768123543538e+00,4.116388660243873510e+00
1.771893203258514404e-01,-3.510020732879638672e+00,2.150210142135620117e+00,4.116266250610351562e+00,-3.510119047043732898e+00,2.150283839023193089e+00,4.116388746557293921e+00
1.774812340736389160e-01,-3.561546802520751953e+00,2.063733577728271484e+00,4.116261959075927734e+00,-3.561651595075217003e+00,2.063805735266922348e+00,4.116388732569177478e+00
1.777731478214263916e-01,-3.610951662063598633e+00,1.976027607917785645e+00,4.116267681121826172e+00,-3.611046139700267776e+00,1.976107106769490640e+00,4.116388407386880388e+00
1.780650615692138672e-01,-3.658185005187988281e+00,1.887139439582824707e+00,4.116261959075927734e+00,-3.658289431286756432e+00,1.887213181071635493e+00,4.116388605789655486e+00
1.783569604158401489e-01,-3.703239202499389648e+00,1.797127127647399902e+00,4.116266250610351562e+00,-3.703344459904801766e+00,1.797190658335734215e+00,4.116388520428655440e+00
1.786488741636276245e-01,-3.746072769165039062e+00,1.706033825874328613e+00,4.116261959075927734e+00,-3.746184768875254534e+00,1.706093093935439065e+00,4.116388461713391678e+00
1.789407879114151001e-01,-3.786672592163085938e+00,1.613923430442810059e+00,4.116265296936035156e+00,-3.786778630950081492e+00,1.613989739290169645e+00,4.116388620909609664e+00
1.792326867580413818e-01,-3.825001239776611328e+00,1.520848631858825684e+00,4.116262435913085938e+00,-3.825114002020333359e+00,1.520906759497830718e+00,4.116388526310193363e+00
1.795246005058288574e-01,-3.861049175262451172e+00,1.426860928535461426e+00,4.116264343261718750e+00,-3.861161789627347574e+00,1.426914204638336736e+00,4.116388527954682353e+00
1.798165142536163330e-01,-3.894783973693847656e+00,1.332020044326782227e+00,4.116262435913085938e+00,-3.894900344443686269e+00,1.332068307135944041e+00,4.116388546775385571e+00
1.801084280014038086e-01,-3.926191568374633789e+00,1.236384272575378418e+00,4.116263389587402344e+00,-3.926304888015486050e+00,1.236440608252659334e+00,4.116388641927595238e+00
1.804003268480300903e-01,-3.955249071121215820e+00,1.140012383460998535e+00,4.116263389587402344e+00,-3.955366257696621979e+00,1.140058664681137701e+00,4.116388707525022284e+00
1.806922405958175659e-01,-3.981943130493164062e+00,1.042952656745910645e+00,4.116262912750244141e+00,-3.982061832854572714e+00,1.042994822895435103e+00,4.116388543524990951e+00
1.809841543436050415e-01,-4.006255626678466797e+00,9.452746510505676270e-01,4.116263866424560547e+00,-4.006372348011893791e+00,9.453225759287896546e-01,4.116388485490038995e+00
1.812760680913925171e-01,-4.028171062469482422e+00,8.470258116722106934e-01,4.116262435913085938e+00,-4.028291028638375515e+00,8.470696862000945959e-01,4.116388667835867210e+00
1.815679669380187988e-01,-4.047680377960205078e+00,7.482768297195434570e-01,4.116264343261718750e+00,-4.047800525318122844e+00,7.483102167464015242e-01,4.116388863221344785e+00
1.818598806858062744e-01,-4.064764976501464844e+00,6.490761041641235352e-01,4.116262435913085938e+00,-4.064886357813905171e+00,6.491187278844621211e-01,4.116388735874193294e+00
1.821517944335937500e-01,-4.079424858093261719e+00,5.494877696037292480e-01,4.116265773773193359e+00,-4.079544144625092628e+00,5.495235454854278112e-01,4.116388775976797199e+00
1.824437081813812256e-01,-4.091638088226318359e+00,4.495679140090942383e-01,4.116262435913085938e+00,-4.091762036209098063e+00,4.495997304215278434e-01,4.116388766693099832e+00
1.827356070280075073e-01,-4.101412296295166016e+00,3.493853807449340820e-01,4.116266727447509766e+00,-4.101532743872794207e+00,3.494070746935791227e-01,4.116388727137734627e+00
1.830275207757949829e-01,-4.108724117279052734e+00,2.489902079105377197e-01,4.116261482238769531e+00,-4.108850410236601469e+00,2.490053804582352814e-01,4.116388632429965888e+00
1.833194345235824585e-01,-4.113589286804199219e+00,1.484467387199401855e-01,4.116266727447509766e+00,-4.113710352357771605e+00,1.484704897241990729e-01,4.116388751006693880e+00
1.836113482713699341e-01,-4.115984439849853516e+00,4.781181365251541138e-02,4.116261959075927734e+00,-4.116110579513154732e+00,4.783112785712125004e-02,4.116388480157358032e+00
1.839032471179962158e-01,-4.115926742553710938e+00,-5.284181237220764160e-02,4.116265773773193359e+00,-4.116049271457487890e+00,-5.283683769894246401e-02,4.116388385038970199e+00
1.841951608657836914e-01,-4.113399982452392578e+00,-1.534732282161712646e-01,4.116261959075927734e+00,-4.113527470495838223e+00,-1.534575247777325291e-01,4.116388886200476271e+00
1.844870746135711670e-01,-4.108420372009277344e+00,-2.540134787559509277e-01,4.116265296936035156e+00,-4.108544618248684444e+00,-2.540021228657183827e-01,4.116388703531351112e+00
1.847789883613586426e-01,-4.100977420806884766e+00,-3.543997406959533691e-01,4.116261959075927734e+00,-4.101104618765278431e+00,-3.543947937638617374e-01,4.116388558421669508e+00
1.850708872079849243e-01,-4.091087818145751953e+00,-4.545686244964599609e-01,4.116264820098876953e+00,-4.091213757729604161e+00,-4.545599653912333338e-01,4.116388559595955066e+00
1.853628009557723999e-01,-4.078747749328613281e+00,-5.544719099998474121e-01,4.116263389587402344e+00,-4.078874815122460973e+00,-5.544689033714788051e-01,4.116388650534137383e+00
1.856547147035598755e-01,-4.063969612121582031e+00,-6.540448069572448730e-01,4.116263389587402344e+00,-4.064095983066789763e+00,-6.540461661666451265e-01,4.116388289150684443e+00
1.859466284513473511e-01,-4.046761512756347656e+00,-7.532252669334411621e-01,4.116263389587402344e+00,-4.046887142080542787e+00,-7.532323168739043506e-01,4.116388521983809667e+00
1.862385272979736328e-01,-4.027133464813232422e+00,-8.519489765167236328e-01,4.116262912750244141e+00,-4.027257694075757399e+00,-8.519680312808808331e-01,4.116388473020617056e+00
1.865304410457611084e-01,-4.005097866058349609e+00,-9.501695036888122559e-01,4.116264343261718750e+00,-4.005223451198586027e+00,-9.501788073685494274e-01,4.116388545801213716e+00
1.868223547935485840e-01,-3.980664491653442383e+00,-1.047819375991821289e+00,4.116262435913085938e+00,-3.980790520331322302e+00,-1.047836821125990747e+00,4.116388607805043343e+00
1.871142685413360596e-01,-3.953854560852050781e+00,-1.144845128059387207e+00,4.116264820098876953e+00,-3.953976614940671652e+00,-1.144868073708427136e+00,4.116388462924088110e+00
1.874061673879623413e-01,-3.924675941467285156e+00,-1.241181612014770508e+00,4.116262435913085938e+00,-3.924803011012540921e+00,-1.241199688585805427e+00,4.116388628664524596e+00
1.876980811357498169e-01,-3.893155336380004883e+00,-1.336782455444335938e+00,4.116265773773193359e+00,-3.893277722482390679e+00,-1.336803927574428785e+00,4.116388728625624438e+00
1.879899948835372925e-01,-3.859299659729003906e+00,-1.431579351425170898e+00,4.116261959075927734e+00,-3.859423682440056069e+00,-1.431608831389737713e+00,4.116388587912012120e+00
1.882819086313247681e-01,-3.823144197463989258e+00,-1.525523304939270020e+00,4.116266727447509766e+00,-3.823261708091392652e+00,-1.525557558275809633e+00,4.116388702755166662e+00
1.885738074779510498e-01,-3.784694433212280273e+00,-1.618548631668090820e+00,4.116261482238769531e+00,-3.784819247343605753e+00,-1.618579403607924849e+00,4.116388711096949038e+00
1.888657212257385254e-01,-3.743988275527954102e+00,-1.710614681243896484e+00,4.116266727447509766e+00,-3.744107400502275862e+00,-1.710647685344552471e+00,4.116388675753369419e+00
1.891576349735260010e-01,-3.701035737991333008e+00,-1.801651835441589355e+00,4.116262435913085938e+00,-3.701156220781980810e+00,-1.801693046556600786e+00,4.116388611956305787e+00
1.894495487213134766e-01,-3.655876874923706055e+00,-1.891614437103271484e+00,4.116265773773193359e+00,-3.655991504070861708e+00,-1.891660860635596908e+00,4.116388549383904305e+00
1.897414475679397583e-01,-3.608528137207031250e+00,-1.980439066886901855e+00,4.116261959075927734e+00,-3.608648050333322477e+00,-1.980483505556093871e+00,4.116388668111192750e+00
1.900333613157272339e-01,-3.559024333953857422e+00,-2.068086147308349609e+00,4.116264820098876953e+00,-3.559139086576401212e+00,-2.068135759662639739e+00,4.116388776341620925e+00
1.903252750635147095e-01,-3.507387161254882812e+00,-2.154495716094970703e+00,4.116262435913085938e+00,-3.507501309171388915e+00,-2.154550861830055286e+00,4.116388568885551713e+00
1.906171739101409912e-01,-3.453658103942871094e+00,-2.239614963531494141e+00,4.116263866424560547e+00,-3.453774485299755614e+00,-2.239664239874391338e+00,4.116388478105501569e+00
1.909090876579284668e-01,-3.397859573364257812e+00,-2.323396682739257812e+00,4.116263389587402344e+00,-3.397973735099647730e+00,-2.323451771524475795e+00,4.116388421787632979e+00
1.912010014057159424e-01,-3.340030431747436523e+00,-2.405788660049438477e+00,4.116263389587402344e+00,-3.340141200765336382e+00,-2.405849632806175808e+00,4.116388671727162496e+00
1.914929151535034180e-01,-3.280203580856323242e+00,-2.486742973327636719e+00,4.116263866424560547e+00,-3.280310471176636877e+00,-2.486808909585994432e+00,4.116388628410511785e+00
1.917848140001296997e-01,-3.218416213989257812e+00,-2.566206455230712891e+00,4.116262912750244141e+00,-3.218528190242079479e+00,-2.566267986485693431e+00,4.116388598012131972e+00
1.920767277479171753e-01,-3.154703378677368164e+00,-2.644140243530273438e+00,4.116264343261718750e+00,-3.154811111454352890e+00,-2.644205387488692161e+00,4.116388621131401138e+00
1.923686414957046509e-01,-3.089103698730468750e+00,-2.720487594604492188e+00,4.116262435913085938e+00,-3.089207525179639369e+00,-2.720561189535289692e+00,4.116388747389170710e+00
1.926605552434921265e-01,-3.021657705307006836e+00,-2.795214414596557617e+00,4.116265296936035156e+00,-3.021756224360942156e+00,-2.795289650851270125e+00,4.116388576364033547e+00
1.929524540901184082e-01,-2.952405214309692383e+00,-2.868260383605957031e+00,4.116262435913085938e+00,-2.952508775900859916e+00,-2.868335425434074715e+00,4.116388730983951305e+00
1.932443678379058838e-01,-2.881388425827026367e+00,-2.939599990844726562e+00,4.116266250610351562e+00,-2.881484556616229931e+00,-2.939677073300676735e+00,4.116388531869588085e+00
1.935362815856933594e-01,-2.808640956878662109e+00,-3.009176969528198242e+00,4.116261959075927734e+00,-2.808737263386884564e+00,-3.009260470350581418e+00,4.116388416215438717e+00
1.938281953334808350e-01,-2.734220743179321289e+00,-3.076961517333984375e+00,4.116267204284667969e+00,-2.734321987963183709e+00,-3.077034135462109354e+00,4.116388684837473555e+00
1.941200941801071167e-01,-2.658163785934448242e+00,-3.142893075942993164e+00,4.116261482238769531e+00,-2.658259760171171937e+00,-3.142977844002743382e+00,4.116388548283243409e+00
1.944120079278945923e-01,-2.580519676208496094e+00,-3.206955909729003906e+00,4.116266250610351562e+00,-2.580607795186887987e+00,-3.207041813720896695e+00,4.116388439826050849e+00
1.947039216756820679e-01,-2.501325130462646484e+00,-3.269095420837402344e+00,4.116261959075927734e+00,-2.501412412616886627e+00,-3.269188039155666470e+00,4.116388525558819289e+00
1.949958354234695435e-01,-2.420639038085937500e+00,-3.329286098480224609e+00,4.116265296936035156e+00,-2.420721117936235789e+00,-3.329379008193066536e+00,4.116388624877284741e+00
1.952877342700958252e-01,-2.338510036468505859e+00,-3.387474775314331055e+00,4.116261959075927734e+00,-2.338595115033653027e+00,-3.387569763949996648e+00,4.116388710713251520e+00
1.955796480178833008e-01,-2.254977464675903320e+00,-3.443647623062133789e+00,4.116264820098876953e+00,-2.255057289194850156e+00,-3.443743923744377433e+00,4.116388658748970641e+00
1.958715617656707764e-01,-2.170094966888427734e+00,-3.497757196426391602e+00,4.116262435913085938e+00,-2.170170964458446150e+00,-3.497858468047215119e+00,4.116388693681406252e+00
1.961634755134582520e-01,-2.083917379379272461e+00,-3.549776792526245117e+00,4.116263866424560547e+00,-2.084000382765562875e+00,-3.549873013756774665e+00,4.116388709678134639e+00
1.964553743600845337e-01,-1.996495962142944336e+00,-3.599670171737670898e+00,4.116262912750244141e+00,-1.996570317619353441e+00,-3.599772635301278001e+00,4.116388715738900750e+00
1.967472881078720093e-01,-1.907875180244445801e+00,-3.647414684295654297e+00,4.116262912750244141e+00,-1.907945809621433453e+00,-3.647519584368359435e+00,4.116388748746007131e+00
1.970392018556594849e-01,-1.818114876747131348e+00,-3.692977905273437500e+00,4.116263866424560547e+00,-1.818194499767123773e+00,-3.693077818067301621e+00,4.116388588226840284e+00
1.973311156034469604e-01,-1.727267622947692871e+00,-3.736330270767211914e+00,4.116262912750244141e+00,-1.727341725011836804e+00,-3.736434803855905429e+00,4.116388523746585371e+00
1.976230144500732422e-01,-1.635392785072326660e+00,-3.777449607849121094e+00,4.116264820098876953e+00,-1.635455921735610385e+00,-3.777557372116836287e+00,4.116388680818944934e+00
1.979149281978607178e-01,-1.542531967163085938e+00,-3.816308259963989258e+00,4.116261959075927734e+00,-1.542606689256552865e+00,-3.816414515967769816e+00,4.116388605978372084e+00
1.982068419456481934e-01,-1.448755621910095215e+00,-3.852888345718383789e+00,4.116265773773193359e+00,-1.448805666116424140e+00,-3.853001147635619628e+00,4.116388672350129063e+00
1.984987556934356689e-01,-1.354105591773986816e+00,-3.887159824371337891e+00,4.116262435913085938e+00,-1.354167486450302604e+00,-3.887272328559412848e+00,4.116388676709580530e+00
1.987906545400619507e-01,-1.258653521537780762e+00,-3.919112205505371094e+00,4.116266250610351562e+00,-1.258704845599121880e+00,-3.919224178127129754e+00,4.116388714243466751e+00
1.990825682878494263e-01,-1.162443280220031738e+00,-3.948713302612304688e+00,4.116261959075927734e+00,-1.162489284824888447e+00,-3.948831917884905174e+00,4.116388569248444540e+00
1.993744820356369019e-01,-1.065540432929992676e+00,-3.975962638854980469e+00,4.116267204284667969e+00,-1.065593849674811633e+00,-3.976074129447618954e+00,4.116388676416188552e+00
1.996663957834243774e-01,-9.679954648017883301e-01,-4.000824451446533203e+00,4.116261959075927734e+00,-9.680458452544223880e-01,-4.000942600829422879e+00,4.116388520735871026e+00
1.999582946300506592e-01,-8.698788285255432129e-01,-4.023301601409912109e+00,4.116265773773193359e+00,-8.699189998051952699e-01,-4.023418308312664671e+00,4.116388459546501011e+00
2.002502083778381348e-01,-7.712371945381164551e-01,-4.043365478515625000e+00,4.116261959075927734e+00,-7.712873036400678117e-01,-4.043484855598558525e+00,4.116388451326145059e+00
2.005421221256256104e-01,-6.721366643905639648e-01,-4.061017990112304688e+00,4.116264820098876953e+00,-6.721789201460696139e-01,-4.061136666309574927e+00,4.116388650641820135e+00
2.008340209722518921e-01,-5.726353526115417480e-01,-4.076236724853515625e+00,4.116262435913085938e+00,-5.726685256061814222e-01,-4.076359500330381636e+00,4.116388710526948991e+00
2.011259347200393677e-01,-4.727913141250610352e-01,-4.089021682739257812e+00,4.116264343261718750e+00,-4.728312870315287686e-01,-4.089142463692341245e+00,4.116388649577170433e+00
2.014178484678268433e-01,-3.726608455181121826e-01,-4.099358558654785156e+00,4.116262435913085938e+00,-3.726800632926507428e-01,-4.099483103689583352e+00,4.116388240558971567e+00
2.017097622156143188e-01,-2.723068296909332275e-01,-4.107245445251464844e+00,4.116262435913085938e+00,-2.723371959527614017e-01,-4.107369264446650625e+00,4.116387958249371870e+00
2.020016610622406006e-01,-1.717962771654129028e-01,-4.112674713134765625e+00,4.116261482238769531e+00,-1.718158141475344125e-01,-4.112799449348346847e+00,4.116386763236813628e+00
2.022935748100280762e-01,-7.117906957864761353e-02,-4.115644454956054688e+00,4.116259574890136719e+00,-7.119169761265400909e-02,-4.115770173295609347e+00,4.116385839203942076e+00
2.025854885578155518e-01,2.948159910738468170e-02,-4.116153717041015625e+00,4.116259098052978516e+00,2.945920443752665305e-02,-4.116278419099575814e+00,4.116383833933734415e+00
2.028774023056030273e-01,1.301259696483612061e-01,-4.114198207855224609e+00,4.116255760192871094e+00,1.301080932736275175e-01,-4.114324816456704781e+00,4.116381519155725144e+00
2.031693011522293091e-01,2.306866645812988281e-01,-4.109785556793212891e+00,4.116254806518554688e+00,2.306790054183908145e-01,-4.109909936438025824e+00,4.116378564851978616e+00
2.034612149000167847e-01,3.311102688312530518e-01,-4.102908611297607422e+00,4.116247653961181641e+00,3.310960494286364630e-01,-4.103036969273680334e+00,4.116374249891984860e+00
2.037531286478042603e-01,4.313404560089111328e-01,-4.093583106994628906e+00,4.116245269775390625e+00,4.313304437158794746e-01,-4.093707741211262352e+00,4.116368426432352123e+00
2.040450423955917358e-01,5.313086509704589844e-01,-4.081800937652587891e+00,4.116234779357910156e+00,5.313064139817317288e-01,-4.081929280103381075e+00,4.116361640247784948e+00
2.043369412422180176e-01,6.309551000595092773e-01,-4.067585468292236328e+00,4.116230964660644531e+00,6.309484209466547089e-01,-4.067710026114736976e+00,4.116352847661316261e+00
2.046288549900054932e-01,7.302293181419372559e-01,-4.050924777984619141e+00,4.116214752197265625e+00,7.302279675399691028e-01,-4.051054221197387228e+00,4.116342209736542301e+00
2.049207687377929688e-01,8.290675878524780273e-01,-4.031849384307861328e+00,4.116207599639892578e+00,8.290698479041185287e-01,-4.031973434547148294e+00,4.116329261562744257e+00
2.052126824855804443e-01,9.274047017097473145e-01,-4.010350704193115234e+00,4.116186618804931641e+00,9.274145920560522560e-01,-4.010478543866430101e+00,4.116313396277243797e+00
2.055045813322067261e-01,1.025182485580444336e+00,-3.986461400985717773e+00,4.116172313690185547e+00,1.025203323358293339e+00,-3.986583308894765310e+00,4.116295462303845021e+00
2.057964950799942017e-01,1.122350573539733887e+00,-3.960176467895507812e+00,4.116147518157958984e+00,1.122362097392501479e+00,-3.960305041607169230e+00,4.116274128413031086e+00
2.060884088277816772e-01,1.218847513198852539e+00,-3.931525945663452148e+00,4.116125106811523438e+00,1.218862689719762082e+00,-3.931650909717515407e+00,4.116248915247164852e+00
2.063803225755691528e-01,1.314606785774230957e+00,-3.900517702102661133e+00,4.116094112396240234e+00,1.314632042788951516e+00,-3.900642546067232264e+00,4.116220314817625514e+00
2.066722214221954346e-01,1.409578442573547363e+00,-3.867177248001098633e+00,4.116062641143798828e+00,1.409597391155342105e+00,-3.867302573056921489e+00,4.116186827237634738e+00
2.069641351699829102e-01,1.503706455230712891e+00,-3.831516504287719727e+00,4.116024017333984375e+00,1.503731675540865842e+00,-3.831641527842419848e+00,4.116149383818757279e+00
2.072560489177703857e-01,1.596931219100952148e+00,-3.793562173843383789e+00,4.115981101989746094e+00,1.596962887915558182e+00,-3.793685156558405325e+00,4.116107084670074023e+00
2.075479626655578613e-01,1.689197778701782227e+00,-3.753334522247314453e+00,4.115933895111083984e+00,1.689234877237424826e+00,-3.753455256515280336e+00,4.116058895732363609e+00
2.078398615121841431e-01,1.780445456504821777e+00,-3.710858821868896484e+00,4.115879058837890625e+00,1.780477324479482926e+00,-3.710982622816265231e+00,4.116004316060650758e+00
2.081317752599716187e-01,1.870627999305725098e+00,-3.666159152984619141e+00,4.115819931030273438e+00,1.870664495605655064e+00,-3.666280247739387654e+00,4.115944182090367498e+00
2.084236890077590942e-01,1.959683060646057129e+00,-3.619260311126708984e+00,4.115750789642333984e+00,1.959726660692778788e+00,-3.619380280168841946e+00,4.115876844258724354e+00
2.087156027555465698e-01,2.047562360763549805e+00,-3.570195913314819336e+00,4.115678787231445312e+00,2.047610231579871876e+00,-3.570310520937758803e+00,4.115801850962874653e+00
2.090075016021728516e-01,2.134204149246215820e+00,-3.518988132476806641e+00,4.115592956542968750e+00,2.134248657970564622e+00,-3.519109252515349340e+00,4.115719531890905891e+00
2.092994153499603271e-01,2.219565153121948242e+00,-3.465677499771118164e+00,4.115506172180175781e+00,2.219616158156644925e+00,-3.465790233126610165e+00,4.115628485369623668e+00
2.095913290977478027e-01,2.303590297698974609e+00,-3.410279035568237305e+00,4.115401268005371094e+00,2.303647328675002548e+00,-3.410393290093586049e+00,4.115528326719041452e+00
2.098832428455352783e-01,2.386233329772949219e+00,-3.352843999862670898e+00,4.115297317504882812e+00,2.386291466388112514e+00,-3.352951861289489077e+00,4.115418951538393877e+00
2.101751416921615601e-01,2.467426538467407227e+00,-3.293394804000854492e+00,4.115172386169433594e+00,2.467485176973212013e+00,-3.293509494104126301e+00,4.115299246268312672e+00
2.104670554399490356e-01,2.547143220901489258e+00,-3.231976270675659180e+00,4.115046501159667969e+00,2.547204533354875622e+00,-3.232083194587282993e+00,4.115168612763900668e+00
2.107589691877365112e-01,2.625320434570312500e+00,-3.168611288070678711e+00,4.114900588989257812e+00,2.625388715790284877e+00,-3.168719338344991421e+00,4.115027114637335615e+00
2.110508829355239868e-01,2.701919317245483398e+00,-3.103352785110473633e+00,4.114749908447265625e+00,2.701989042342756164e+00,-3.103455795179332011e+00,4.114873346480120375e+00
2.113427817821502686e-01,2.776878833770751953e+00,-3.036233663558959961e+00,4.114580154418945312e+00,2.776947882248347987e+00,-3.036341941386308196e+00,4.114706784905233228e+00
2.116346955299377441e-01,2.850169181823730469e+00,-2.967295646667480469e+00,4.114402294158935547e+00,2.850242082815287681e+00,-2.967397709694953090e+00,4.114526594658744152e+00
2.119266092777252197e-01,2.921737432479858398e+00,-2.896574974060058594e+00,4.114206314086914062e+00,2.921815645640256864e+00,-2.896675385343456366e+00,4.114332868784786434e+00
2.122185081243515015e-01,2.991537094116210938e+00,-2.824127197265625000e+00,4.113998889923095703e+00,2.991613160199534160e+00,-2.824228103052393468e+00,4.114123682918388702e+00
2.125104218721389771e-01,3.059533596038818359e+00,-2.749980449676513672e+00,4.113774299621582031e+00,3.059614751130339982e+00,-2.750078504112599909e+00,4.113900120824102835e+00
2.128023356199264526e-01,3.125681877136230469e+00,-2.674186229705810547e+00,4.113533496856689453e+00,3.125766182220049316e+00,-2.674280650359917910e+00,4.113659103863611222e+00
2.130942493677139282e-01,3.189939975738525391e+00,-2.596792221069335938e+00,4.113276958465576172e+00,3.190017546927021108e+00,-2.596894611410599740e+00,4.113401703271357235e+00
2.133861482143402100e-01,3.252262830734252930e+00,-2.517848014831542969e+00,4.113000392913818359e+00,3.252349203931601096e+00,-2.517942169991593815e+00,4.113126318961830563e+00
2.136780619621276855e-01,3.312623739242553711e+00,-2.437395095825195312e+00,4.112708568572998047e+00,3.312712756606677189e+00,-2.437483659483048459e+00,4.112832648921115997e+00
2.139699757099151611e-01,3.370976924896240234e+00,-2.355481147766113281e+00,4.112392902374267578e+00,3.371070557488080155e+00,-2.355567316247114018e+00,4.112519189612934944e+00
2.142618894577026367e-01,3.427292346954345703e+00,-2.272163391113281250e+00,4.112062454223632812e+00,3.427386634501722096e+00,-2.272244134219586709e+00,4.112185860081759792e+00
2.145537883043289185e-01,3.481522083282470703e+00,-2.187491655349731445e+00,4.111704826354980469e+00,3.481617691250052715e+00,-2.187577118315464642e+00,4.111831148843875461e+00
2.148457020521163940e-01,3.533651351928710938e+00,-2.101514339447021484e+00,4.111332416534423828e+00,3.533747064500010193e+00,-2.101592711018078319e+00,4.111454759433302186e+00
2.151376157999038696e-01,3.583629846572875977e+00,-2.014281272888183594e+00,4.110928058624267578e+00,3.583733377456849389e+00,-2.014355457600930599e+00,4.111054953447463411e+00
2.154295295476913452e-01,3.631443977355957031e+00,-1.925854086875915527e+00,4.110510826110839844e+00,3.631538737499054648e+00,-1.925933584496842599e+00,4.110631797406462340e+00
2.157214283943176270e-01,3.677043676376342773e+00,-1.836279749870300293e+00,4.110057353973388672e+00,3.677148613010893907e+00,-1.836353604935036854e+00,4.110184483028206159e+00
2.160133421421051025e-01,3.720422506332397461e+00,-1.745615601539611816e+00,4.109588623046875000e+00,3.720525811192202159e+00,-1.745684029625661937e+00,4.109711065639223726e+00
2.163052558898925781e-01,3.761533498764038086e+00,-1.653916358947753906e+00,4.109084129333496094e+00,3.761637448321364374e+00,-1.653994844792708641e+00,4.109211023933246665e+00
2.165971696376800537e-01,3.800366401672363281e+00,-1.561243057250976562e+00,4.108560085296630859e+00,3.800476590733697257e+00,-1.561299588305644859e+00,4.108683331817895024e+00
2.168890684843063354e-01,3.836883306503295898e+00,-1.467650651931762695e+00,4.108001232147216797e+00,3.836994878352745886e+00,-1.467713696748310648e+00,4.108127699101841834e+00
2.171809822320938110e-01,3.871075153350830078e+00,-1.373192429542541504e+00,4.107418060302734375e+00,3.871186272365346515e+00,-1.373250629873108197e+00,4.107541898483422216e+00
2.174728959798812866e-01,3.902909040451049805e+00,-1.277930855751037598e+00,4.106800079345703125e+00,3.903024132484728792e+00,-1.277984037654838589e+00,4.106925928143668969e+00
2.177648097276687622e-01,3.932371139526367188e+00,-1.181927204132080078e+00,4.106153011322021484e+00,3.932483850770781331e+00,-1.181987548406742139e+00,4.106278582994774773e+00
2.180567085742950439e-01,3.959439039230346680e+00,-1.085240840911865234e+00,4.105472564697265625e+00,3.959555752668683315e+00,-1.085290956756822078e+00,4.105598399662319764e+00
2.183486223220825195e-01,3.984099149703979492e+00,-9.879257082939147949e-01,4.104758739471435547e+00,3.984217313009232875e+00,-9.879689937321345372e-01,4.104883716971602148e+00
2.186405360698699951e-01,4.006335735321044922e+00,-8.900453448295593262e-01,4.104011058807373047e+00,4.006451598184516349e+00,-8.900982141905722234e-01,4.104135626353071054e+00
2.189324498176574707e-01,4.026131153106689453e+00,-7.916597127914428711e-01,4.103225231170654297e+00,4.026249708995615961e+00,-7.917086178001051522e-01,4.103350978735091026e+00
2.192243486642837524e-01,4.043477058410644531e+00,-6.928383708000183105e-01,4.102405548095703125e+00,4.043596598075247073e+00,-6.928768337467164917e-01,4.102529921244766342e+00
2.195162624120712280e-01,4.058356761932373047e+00,-5.936327576637268066e-01,4.101543426513671875e+00,4.058477338252292732e+00,-5.936802597840739049e-01,4.101669727801678711e+00
2.198081761598587036e-01,4.070770263671875000e+00,-4.941093027591705322e-01,4.100647926330566406e+00,4.070888875727421308e+00,-4.941501197436416470e-01,4.100770729919428703e+00
2.201000899076461792e-01,4.080697059631347656e+00,-3.943273425102233887e-01,4.099704742431640625e+00,4.080821061335892175e+00,-3.943641565434014007e-01,4.099832145662647420e+00
2.203919887542724609e-01,4.088146209716796875e+00,-2.943582534790039062e-01,4.098730087280273438e+00,4.088265803576096147e+00,-2.943850768630704717e-01,4.098851040739267759e+00
2.206839025020599365e-01,4.093093872070312500e+00,-1.942581236362457275e-01,4.097701072692871094e+00,4.093219931192217054e+00,-1.942757371367083707e-01,4.097827774217607022e+00
2.209758162498474121e-01,4.095557689666748047e+00,-9.408611059188842773e-02,4.096638202667236328e+00,4.095678481827588868e+00,-9.411484894906478604e-02,4.096759674584078859e+00
2.212677299976348877e-01,4.095515727996826172e+00,6.087584886699914932e-03,4.095520019531250000e+00,4.095641947356062573e+00,6.065670607207964034e-03,4.095646439001110473e+00
2.215596288442611694e-01,4.092987537384033203e+00,1.061970070004463196e-01,4.094365119934082031e+00,4.093110706854025338e+00,1.061869447530654348e-01,4.094487871004022672e+00
2.218515425920486450e-01,4.087957859039306641e+00,2.061905860900878906e-01,4.093154430389404297e+00,4.088084981435582854e+00,2.061699940784660623e-01,4.093280454830512838e+00
2.221434563398361206e-01,4.080443859100341797e+00,3.059991002082824707e-01,4.091901302337646484e+00,4.080568412875758000e+00,3.059827733622305646e-01,4.092024441490278441e+00
2.224353700876235962e-01,4.070438861846923828e+00,4.055560827255249023e-01,4.090592384338378906e+00,4.070565645957549883e+00,4.055462838821859428e-01,4.090717842435537044e+00
2.227272689342498779e-01,4.057959079742431641e+00,5.047954320907592773e-01,4.089235782623291016e+00,4.058086504267508943e+00,5.047818981460762133e-01,4.089360688520156550e+00
2.230191826820373535e-01,4.043005943298339844e+00,6.036652326583862305e-01,4.087824821472167969e+00,4.043133455743925353e+00,6.036573486444829495e-01,4.087949404717272195e+00
2.233110964298248291e-01,4.025592803955078125e+00,7.020977735519409180e-01,4.086359977722167969e+00,4.025720045064364427e+00,7.020943308724829635e-01,4.086484837935447700e+00
2.236029952764511108e-01,4.005731582641601562e+00,8.000188469886779785e-01,4.084839820861816406e+00,4.005859473520535730e+00,8.000146334687281424e-01,4.084964324857479845e+00
2.238949090242385864e-01,3.983431339263916016e+00,8.973859548568725586e-01,4.083261966705322266e+00,3.983556292638189777e+00,8.974015665510175488e-01,4.083387112222589543e+00
2.241868227720260620e-01,3.958711385726928711e+00,9.941265583038330078e-01,4.081627368927001953e+00,3.958837542365557738e+00,9.941319247234398082e-01,4.081751213706844794e+00
2.244787365198135376e-01,3.931583642959594727e+00,1.090176820755004883e+00,4.079930782318115234e+00,3.931710314401766659e+00,1.090189546486635352e+00,4.080056279469926217e+00
2.247706353664398193e-01,3.902073860168457031e+00,1.185474634170532227e+00,4.078177452087402344e+00,3.902195283826082495e+00,1.185497510588257253e+00,4.078300182763092252e+00
2.250625491142272949e-01,3.870189189910888672e+00,1.279966473579406738e+00,4.076355934143066406e+00,3.870317112717266639e+00,1.279979899555438783e+00,4.076481705620433438e+00
2.253544628620147705e-01,3.835963964462280273e+00,1.373588919639587402e+00,4.074477672576904297e+00,3.836087551328445588e+00,1.373605682519357662e+00,4.074599400248636094e+00
2.256463766098022461e-01,3.799408674240112305e+00,1.466274857521057129e+00,4.072525978088378906e+00,3.799533832043845205e+00,1.466299765595110438e+00,4.072651758182875170e+00
2.259382754564285278e-01,3.760564088821411133e+00,1.557968735694885254e+00,4.070517063140869141e+00,3.760686226796427167e+00,1.557988232333377798e+00,4.070637324609701402e+00
2.262301892042160034e-01,3.719433784484863281e+00,1.648614645004272461e+00,4.068429470062255859e+00,3.719559534264783363e+00,1.648640751807198601e+00,4.068554959375559221e+00
2.265221029520034790e-01,3.676068782806396484e+00,1.738151907920837402e+00,4.066282749176025391e+00,3.676186834677119375e+00,1.738184641914741091e+00,4.066403262447251699e+00
2.268140166997909546e-01,3.630475997924804688e+00,1.826522469520568848e+00,4.064054489135742188e+00,3.630597011501067506e+00,1.826561766571916712e+00,4.064180427469086254e+00
2.271059155464172363e-01,3.582707166671752930e+00,1.913669109344482422e+00,4.061762809753417969e+00,3.582828042916467837e+00,1.913701582948535096e+00,4.061885096071573997e+00
2.273978292942047119e-01,3.532776355743408203e+00,1.999534964561462402e+00,4.059390068054199219e+00,3.532897378937920330e+00,1.999575176419595257e+00,4.059515337606188545e+00
2.276897430419921875e-01,3.480730533599853516e+00,2.084068298339843750e+00,4.056948184967041016e+00,3.480846505877875252e+00,2.084113087448192569e+00,4.057070341854458029e+00
2.279816567897796631e-01,3.426594495773315430e+00,2.167210102081298828e+00,4.054423332214355469e+00,3.426709722482799148e+00,2.167260954939430828e+00,4.054548010440019112e+00
2.282735556364059448e-01,3.370415449142456055e+00,2.248906850814819336e+00,4.051824569702148438e+00,3.370533154471993420e+00,2.248951946189666540e+00,4.051947507269216153e+00
2.285654693841934204e-01,3.312222003936767578e+00,2.329108238220214844e+00,4.049143314361572266e+00,3.312337790942221805e+00,2.329159290016634465e+00,4.049267173153037191e+00
2.288573831319808960e-01,3.252059698104858398e+00,2.407760143280029297e+00,4.046381473541259766e+00,3.252170570285008999e+00,2.407817580062089124e+00,4.046504530713388448e+00
2.291492968797683716e-01,3.189965248107910156e+00,2.484815120697021484e+00,4.043536186218261719e+00,3.190074016911490062e+00,2.484876472667975733e+00,4.043659644158079658e+00
2.294411957263946533e-01,3.125987529754638672e+00,2.560213565826416016e+00,4.040605545043945312e+00,3.126098905455152455e+00,2.560273706626457813e+00,4.040729614751608523e+00
2.297331094741821289e-01,3.060163497924804688e+00,2.633920669555664062e+00,4.037590980529785156e+00,3.060270053544435154e+00,2.633984864787847879e+00,4.037713346505954704e+00
2.300250232219696045e-01,2.992536783218383789e+00,2.705880880355834961e+00,4.034484863281250000e+00,2.992642278217207963e+00,2.705949887124954323e+00,4.034609348747984825e+00
2.303169369697570801e-01,2.923161029815673828e+00,2.776051521301269531e+00,4.031293869018554688e+00,2.923261323163109271e+00,2.776122135545953995e+00,4.031415492723313676e+00
2.306088358163833618e-01,2.852081298828125000e+00,2.844375610351562500e+00,4.028007030487060547e+00,2.852186494457003896e+00,2.844446354744635919e+00,4.028131435812761119e+00
2.309007495641708374e-01,2.779346466064453125e+00,2.910826921463012695e+00,4.024633884429931641e+00,2.779444598635113284e+00,2.910899853788682545e+00,4.024754680184728706e+00
2.311926633119583130e-01,2.704998731613159180e+00,2.975348949432373047e+00,4.021159172058105469e+00,2.705096582689638929e+00,2.975427985880001014e+00,4.021283280351818590e+00
2.314845770597457886e-01,2.629101753234863281e+00,3.037912368774414062e+00,4.017597198486328125e+00,2.629205166431177965e+00,3.037980477614205199e+00,4.017716414775118317e+00
2.317764759063720703e-01,2.551704645156860352e+00,3.098454952239990234e+00,4.013927936553955078e+00,2.551800038923593750e+00,3.098537150052038669e+00,4.014052305202694626e+00
2.320683896541595459e-01,2.472856283187866211e+00,3.156967401504516602e+00,4.010169506072998047e+00,2.472946435836423262e+00,3.157049341707768075e+00,4.010289842454473508e+00
2.323603034019470215e-01,2.392610788345336914e+00,3.213389158248901367e+00,4.006301879882812500e+00,2.392698292258801818e+00,3.213478509284146689e+00,4.006425994250892408e+00
2.326522171497344971e-01,2.311031341552734375e+00,3.267699241638183594e+00,4.002339839935302734e+00,2.311111686860345849e+00,3.267789774969530381e+00,4.002460148775735860e+00
2.329441159963607788e-01,2.228169918060302734e+00,3.319849967956542969e+00,3.998267650604248047e+00,2.228256746164027025e+00,3.319940903158159262e+00,3.998391642559307346e+00
2.332360297441482544e-01,2.144082546234130859e+00,3.369822978973388672e+00,3.994095325469970703e+00,2.144164602065287362e+00,3.369914542858764239e+00,3.994216552331731673e+00
2.335279434919357300e-01,2.058829784393310547e+00,3.417575359344482422e+00,3.989812374114990234e+00,2.058907692011974433e+00,3.417671876645791862e+00,3.989935079752757296e+00
2.338198572397232056e-01,1.972473144531250000e+00,3.463083744049072266e+00,3.985423326492309570e+00,1.972558106229385322e+00,3.463175181402117442e+00,3.985544858552070746e+00
2.341117560863494873e-01,1.885074019432067871e+00,3.506314754486083984e+00,3.980922937393188477e+00,1.885150463896848594e+00,3.506412363770339713e+00,3.981045080921843393e+00
2.344036698341369629e-01,1.796685695648193359e+00,3.547247886657714844e+00,3.976310729980468750e+00,1.796758480493996224e+00,3.547348335373351702e+00,3.976433232144503283e+00
2.346955835819244385e-01,1.707380175590515137e+00,3.585854291915893555e+00,3.971586465835571289e+00,1.707457761703946364e+00,3.585951399689563779e+00,3.971707372017555304e+00
2.349874824285507202e-01,1.617214798927307129e+00,3.622110366821289062e+00,3.966745138168334961e+00,1.617284591949849304e+00,3.622213170563857165e+00,3.966867492665297146e+00
2.352793961763381958e-01,1.526250600814819336e+00,3.656001091003417969e+00,3.961790800094604492e+00,1.526315399684290641e+00,3.656104463205802180e+00,3.961910971385753211e+00
2.355713099241256714e-01,1.434554815292358398e+00,3.687496900558471680e+00,3.956713438034057617e+00,1.434628028623706530e+00,3.687599969517863840e+00,3.956835998079891503e+00
2.358632236719131470e-01,1.342192649841308594e+00,3.716590642929077148e+00,3.951522111892700195e+00,1.342245376074903795e+00,3.716697923314195684e+00,3.951640937985448243e+00
2.361551225185394287e-01,1.249229788780212402e+00,3.743252754211425781e+00,3.946202754974365234e+00,1.249288847807838554e+00,3.743361923842049244e+00,3.946325014254082220e+00
2.364470362663269043e-01,1.155727505683898926e+00,3.767485857009887695e+00,3.940768718719482422e+00,1.155781529788453055e+00,3.767592479154586282e+00,3.940886199014421720e+00
2.367389500141143799e-01,1.061755180358886719e+00,3.789258480072021484e+00,3.935200691223144531e+00,1.061803577841731627e+00,3.789371643443248949e+00,3.935322641162893209e+00
2.370308637619018555e-01,9.673804640769958496e-01,3.808578968048095703e+00,3.929516077041625977e+00,9.674362585754752164e-01,3.808685447233175925e+00,3.929633284464631782e+00
2.373227626085281372e-01,8.726695775985717773e-01,3.825418472290039062e+00,3.923694610595703125e+00,8.727170823858044768e-01,3.825532758767945296e+00,3.923816508744347509e+00
2.376146763563156128e-01,7.776892781257629395e-01,3.839789628982543945e+00,3.917752504348754883e+00,7.777276876659723337e-01,3.839901213112375977e+00,3.917869533639954494e+00
2.379065901041030884e-01,6.825012564659118652e-01,3.851670742034912109e+00,3.911671638488769531e+00,6.825501679800697330e-01,3.851785429440317543e+00,3.911793159953418808e+00
2.381985038518905640e-01,5.871778726577758789e-01,3.861072540283203125e+00,3.905465126037597656e+00,5.872224884049436211e-01,3.861185461761010629e+00,3.905583621048598797e+00
2.384904026985168457e-01,4.917931556701660156e-01,3.867980718612670898e+00,3.899119615554809570e+00,4.918270038142104617e-01,3.868098276027366555e+00,3.899240704892011244e+00
2.387823164463043213e-01,3.964039683341979980e-01,3.872407197952270508e+00,3.892643451690673828e+00,3.964461107646877758e-01,3.872522210552952870e+00,3.892762231368154691e+00
2.390742301940917969e-01,3.010809421539306641e-01,3.874346017837524414e+00,3.886026859283447266e+00,3.011030964351905093e-01,3.874464045227149267e+00,3.886146511962819350e+00
2.393661439418792725e-01,2.058920860290527344e-01,3.873806476593017578e+00,3.879274129867553711e+00,2.059248579781634836e-01,3.873924357288394571e+00,3.879393634722522410e+00
2.396580427885055542e-01,1.109120547771453857e-01,3.870792388916015625e+00,3.872381210327148438e+00,1.109344558891064980e-01,3.870911153038225638e+00,3.872500433598315528e+00
2.399499565362930298e-01,1.619834266602993011e-02,3.865312337875366211e+00,3.865345954895019531e+00,1.621412977159500737e-02,3.865431139293102891e+00,3.865465145441234540e+00
2.402418702840805054e-01,-7.817927747964859009e-02,3.857378005981445312e+00,3.858170270919799805e+00,-7.815425459074624992e-02,3.857496399084594518e+00,3.858288034408686507e+00
2.405337840318679810e-01,-1.721505075693130493e-01,3.846997737884521484e+00,3.850847721099853516e+00,-1.721332369966980524e-01,3.847117319976012251e+00,3.850966310543157523e+00
2.408256828784942627e-01,-2.656486034393310547e-01,3.834191799163818359e+00,3.843383550643920898e+00,-2.656415280377061316e-01,3.834308998730734164e+00,3.843499826872077918e+00
2.411175966262817383e-01,-3.586151003837585449e-01,3.818966150283813477e+00,3.835767030715942383e+00,-3.585982971008311315e-01,3.819087061162202978e+00,3.835885649940593112e+00
2.414095103740692139e-01,-4.509800374507904053e-01,3.801350593566894531e+00,3.828008413314819336e+00,-4.509670280046125246e-01,3.801468106431578509e+00,3.828123695044845842e+00
2.417014241218566895e-01,-5.426732301712036133e-01,3.781351089477539062e+00,3.820093154907226562e+00,-5.426678149023644870e-01,3.781471683553080609e+00,3.820211571476725965e+00
2.419933229684829712e-01,-6.336318850517272949e-01,3.759005784988403320e+00,3.812035322189331055e+00,-6.336215651415372241e-01,3.759122674905034600e+00,3.812148944204252210e+00
2.422852367162704468e-01,-7.237973809242248535e-01,3.734317779541015625e+00,3.803815126419067383e+00,-7.237929273952488085e-01,3.734438959857355744e+00,3.803933562333584817e+00
2.425771504640579224e-01,-8.131060600280761719e-01,3.707331895828247070e+00,3.795451641082763672e+00,-8.131041401922245448e-01,3.707448352391677027e+00,3.795564731163136862e+00
2.428690642118453979e-01,-9.014860391616821289e-01,3.678057670593261719e+00,3.786922931671142578e+00,-9.014923697259631385e-01,3.678177719590184136e+00,3.787041038801108428e+00
2.431609630584716797e-01,-9.888798594474792480e-01,3.646542072296142578e+00,3.778247594833374023e+00,-9.888957652807865983e-01,3.646655945604435178e+00,3.778361340608180630e+00
2.434528768062591553e-01,-1.075229644775390625e+00,3.612797498703002930e+00,3.769406557083129883e+00,-1.075239067479689448e+00,3.612916643128118999e+00,3.769523275220190150e+00
2.437447905540466309e-01,-1.160475730895996094e+00,3.576870679855346680e+00,3.760413408279418945e+00,-1.160489965971647663e+00,3.576985803236159001e+00,3.760527143589566634e+00
2.440367043018341064e-01,-1.244555354118347168e+00,3.538784503936767578e+00,3.751254796981811523e+00,-1.244575740418078169e+00,3.538901041925897939e+00,3.751371663562731662e+00
2.443286031484603882e-01,-1.327409625053405762e+00,3.498585939407348633e+00,3.741940736770629883e+00,-1.327424088898287557e+00,3.498702693067804237e+00,3.742054949658991436e+00
2.446205168962478638e-01,-1.408984422683715820e+00,3.456302165985107422e+00,3.732460737228393555e+00,-1.409004663405186930e+00,3.456418398107721224e+00,3.732575824316916702e+00
2.449124306440353394e-01,-1.489222168922424316e+00,3.411979436874389648e+00,3.722819566726684570e+00,-1.489248163173267692e+00,3.412092831855688235e+00,3.722934002197181513e+00
2.452043443918228149e-01,-1.568068623542785645e+00,3.365654468536376953e+00,3.713013648986816406e+00,-1.568099313064165834e+00,3.365766024113651333e+00,3.713127574526644992e+00
2.454962432384490967e-01,-1.645465731620788574e+00,3.317373037338256836e+00,3.703042268753051758e+00,-1.645492323585648897e+00,3.317487806601604028e+00,3.703156806554324110e+00
2.457881569862365723e-01,-1.721368908882141113e+00,3.267176628112792969e+00,3.692905902862548828e+00,-1.721399340079954765e+00,3.267288417726999850e+00,3.693018994351465523e+00
2.460800707340240479e-01,-1.795718073844909668e+00,3.215111017227172852e+00,3.682599782943725586e+00,-1.795756611447440365e+00,3.215220495850337645e+00,3.682714303946653445e+00
2.463719695806503296e-01,-1.868469834327697754e+00,3.161227703094482422e+00,3.672130346298217773e+00,-1.868514588800519682e+00,3.161330505707677041e+00,3.672241459228727578e+00
2.466638833284378052e-01,-1.939572334289550781e+00,3.105565071105957031e+00,3.661485433578491211e+00,-1.939612711568108994e+00,3.105674705105955891e+00,3.661599765787019400e+00
2.469557970762252808e-01,-2.008985042572021484e+00,3.048184394836425781e+00,3.650677919387817383e+00,-2.009027623911302296e+00,3.048287868893785113e+00,3.650787712985199995e+00
2.472477108240127563e-01,-2.076653242111206055e+00,2.989124536514282227e+00,3.639691591262817383e+00,-2.076702200051862679e+00,2.989228652249672713e+00,3.639804934763763100e+00
2.475396096706390381e-01,-2.142540454864501953e+00,2.928454160690307617e+00,3.628542661666870117e+00,-2.142581978451674196e+00,2.928558700284245919e+00,3.628651760006248228e+00
2.478315234184265137e-01,-2.206595182418823242e+00,2.866210222244262695e+00,3.617212295532226562e+00,-2.206645256538681821e+00,2.866314042796015205e+00,3.617324906631183890e+00
2.481234371662139893e-01,-2.268790006637573242e+00,2.802461385726928711e+00,3.605717182159423828e+00,-2.268841912832965768e+00,2.802558939475868538e+00,3.605825874146400878e+00
2.484153509140014648e-01,-2.329072713851928711e+00,2.737251996994018555e+00,3.594040870666503906e+00,-2.329131397975246820e+00,2.737349321283496728e+00,3.594152803619421466e+00
2.487072497606277466e-01,-2.387415170669555664e+00,2.670653104782104492e+00,3.582197427749633789e+00,-2.387467701700106026e+00,2.670752365138541862e+00,3.582306550611532803e+00
2.489991635084152222e-01,-2.443772792816162109e+00,2.602711915969848633e+00,3.570173025131225586e+00,-2.443834053964175190e+00,2.602807162181030254e+00,3.570284303359585465e+00
2.492910772562026978e-01,-2.498124837875366211e+00,2.533491849899291992e+00,3.557978153228759766e+00,-2.498187433630824739e+00,2.533583263135815944e+00,3.558087211521507420e+00
2.495829910039901733e-01,-2.550427198410034180e+00,2.463051795959472656e+00,3.545603275299072266e+00,-2.550495552647848108e+00,2.463140690212476169e+00,3.545714261450976679e+00
2.498748898506164551e-01,-2.600654363632202148e+00,2.391460895538330078e+00,3.533056497573852539e+00,-2.600719084485711541e+00,2.391551119683656523e+00,3.533165226035763773e+00
2.501668035984039307e-01,-2.648778438568115234e+00,2.318770647048950195e+00,3.520330190658569336e+00,-2.648848070271332400e+00,2.318856644218387775e+00,3.520439210640616157e+00
2.504587173461914062e-01,-2.694773435592651367e+00,2.245048522949218750e+00,3.507427453994750977e+00,-2.694846676337420810e+00,2.245130049758165658e+00,3.507535822952339899e+00
2.507506310939788818e-01,-2.738615036010742188e+00,2.170357704162597656e+00,3.494347572326660156e+00,-2.738682648302915634e+00,2.170446039686205530e+00,3.494455416700148032e+00
2.510425448417663574e-01,-2.780279636383056641e+00,2.094760179519653320e+00,3.481088399887084961e+00,-2.780357378128463175e+00,2.094837389429934138e+00,3.481196753742454408e+00
2.513344585895538330e-01,-2.819748401641845703e+00,2.018326997756958008e+00,3.467654228210449219e+00,-2.819819353869343459e+00,2.018411866439961067e+00,3.467761187141030099e+00
2.516263425350189209e-01,-2.856991529464721680e+00,1.941132664680480957e+00,3.454040527343750000e+00,-2.857066379020188673e+00,1.941214011382447424e+00,3.454148249875078402e+00
2.519182562828063965e-01,-2.892013311386108398e+00,1.863219738006591797e+00,3.440251111984252930e+00,-2.892087922803571853e+00,1.863298364431870580e+00,3.440356572816364977e+00
2.522101700305938721e-01,-2.924781084060668945e+00,1.784667968750000000e+00,3.426278352737426758e+00,-2.924862123523500834e+00,1.784742663682184149e+00,3.426386553964654524e+00
2.525020837783813477e-01,-2.955296993255615234e+00,1.705544948577880859e+00,3.412134885787963867e+00,-2.955376784924836464e+00,1.705613452640508676e+00,3.412238149763427320e+00
2.527939975261688232e-01,-2.983535051345825195e+00,1.625914216041564941e+00,3.397804975509643555e+00,-2.983621728495534864e+00,1.625978325844719574e+00,3.397911731470887098e+00
2.530859112739562988e-01,-3.009504795074462891e+00,1.545846819877624512e+00,3.383306503295898438e+00,-3.009583002296846832e+00,1.545916329512372345e+00,3.383407623324022229e+00
2.533778250217437744e-01,-3.033180236816406250e+00,1.465406775474548340e+00,3.368619918823242188e+00,-3.033265973027439610e+00,1.465471844221966080e+00,3.368725306304066969e+00
2.536697387695312500e-01,-3.054576873779296875e+00,1.384664893150329590e+00,3.353764533996582031e+00,-3.054661274938922144e+00,1.384724253081556888e+00,3.353865942712045634e+00
2.539616227149963379e-01,-3.073674678802490234e+00,1.303691625595092773e+00,3.338725566864013672e+00,-3.073762099768037714e+00,1.303753367672375374e+00,3.338830077989516365e+00
2.542535364627838135e-01,-3.090491533279418945e+00,1.222542285919189453e+00,3.323514223098754883e+00,-3.090577204901886699e+00,1.222602607636152028e+00,3.323616192591718921e+00
2.545454502105712891e-01,-3.105013370513916016e+00,1.141300916671752930e+00,3.308122634887695312e+00,-3.105104660743979395e+00,1.141351393035935580e+00,3.308225801930553267e+00
2.548373639583587646e-01,-3.117258071899414062e+00,1.060018658638000488e+00,3.292557716369628906e+00,-3.117348483454192021e+00,1.060067515570237928e+00,3.292659214808208556e+00
2.551292777061462402e-01,-3.127221822738647461e+00,9.787732958793640137e-01,3.276814222335815430e+00,-3.127315379874421097e+00,9.788180444340366382e-01,3.276917186824953809e+00
2.554211914539337158e-01,-3.134919643402099609e+00,8.976303339004516602e-01,3.260898828506469727e+00,-3.135010222047536654e+00,8.976815962246519343e-01,3.261000052214502176e+00
2.557131052017211914e-01,-3.140358448028564453e+00,8.166552186012268066e-01,3.244807958602905273e+00,-3.140451156308245562e+00,8.167010488701264004e-01,3.244908946085138357e+00
2.560050189495086670e-01,-3.143552541732788086e+00,7.359136939048767090e-01,3.228543281555175781e+00,-3.143646280633222378e+00,7.359539801706697082e-01,3.228643708845579940e+00
2.562969028949737549e-01,-3.144516944885253906e+00,6.554793119430541992e-01,3.212108373641967773e+00,-3.144610067809311627e+00,6.555183295715792946e-01,3.212207458893649559e+00
2.565888166427612305e-01,-3.143265962600708008e+00,5.754010081291198730e-01,3.195497751235961914e+00,-3.143360755213620905e+00,5.754343851045138347e-01,3.195597216324008727e+00
2.568807303905487061e-01,-3.139822959899902344e+00,4.957491457462310791e-01,3.178719043731689453e+00,-3.139916586131574316e+00,4.957785870693847130e-01,3.178816222316205753e+00
2.571726441383361816e-01,-3.134201049804687500e+00,4.165872931480407715e-01,3.161765575408935547e+00,-3.134296438481264602e+00,4.166265253975972582e-01,3.161865244747349202e+00
2.574645578861236572e-01,-3.126433610916137695e+00,3.379866182804107666e-01,3.144649744033813477e+00,-3.126526214826944372e+00,3.380169984499020730e-01,3.144745087163851593e+00
2.577564716339111328e-01,-3.116531848907470703e+00,2.599959671497344971e-01,3.127357959747314453e+00,-3.116628151688119797e+00,2.600236944547265616e-01,3.127456371809651525e+00
2.580483853816986084e-01,-3.104536294937133789e+00,1.826806813478469849e-01,3.109906196594238281e+00,-3.104629446829084927e+00,1.827077582893983643e-01,3.110000985057304934e+00
2.583402693271636963e-01,-3.090462684631347656e+00,1.061166152358055115e-01,3.092284202575683594e+00,-3.090559866761522390e+00,1.061409042953345844e-01,3.092381959202586739e+00
2.586321830749511719e-01,-3.074353933334350586e+00,3.033763356506824493e-02,3.074503421783447266e+00,-3.074446833964007197e+00,3.035829025522930602e-02,3.074596715125176960e+00
2.589240968227386475e-01,-3.056226491928100586e+00,-4.458381980657577515e-02,3.056551456451416016e+00,-3.056323307092274177e+00,-4.457032881534732371e-02,3.056648274120881137e+00
2.592160105705261230e-01,-3.036129951477050781e+00,-1.185980215668678284e-01,3.038445711135864258e+00,-3.036222889675200598e+00,-1.185882526140658172e-01,3.038537906534273247e+00
2.595079243183135986e-01,-3.014086484909057617e+00,-1.916430741548538208e-01,3.020172834396362305e+00,-3.014182653589472238e+00,-1.916285751136797555e-01,3.020267964932875415e+00
2.597998380661010742e-01,-2.990144491195678711e+00,-2.636706829071044922e-01,3.001747131347656250e+00,-2.990237658582377112e+00,-2.636602052213742886e-01,3.001839096057880685e+00
2.600917518138885498e-01,-2.964332580566406250e+00,-3.346254229545593262e-01,2.983159780502319336e+00,-2.964427469953939021e+00,-3.346186677311476787e-01,2.983253237224704701e+00
2.603836655616760254e-01,-2.936701059341430664e+00,-4.044526517391204834e-01,2.964421510696411133e+00,-2.936793155183937021e+00,-4.044527176965106996e-01,2.964512782429402638e+00
2.606755495071411133e-01,-2.907285928726196289e+00,-4.731015861034393311e-01,2.945528030395507812e+00,-2.907379427251899351e+00,-4.731013832897701388e-01,2.945620486905649482e+00
2.609674632549285889e-01,-2.876129388809204102e+00,-5.405367016792297363e-01,2.926482439041137695e+00,-2.876222448748050997e+00,-5.405379822630487219e-01,2.926574257549471980e+00
2.612593770027160645e-01,-2.843278884887695312e+00,-6.066999435424804688e-01,2.907287359237670898e+00,-2.843373668088024164e+00,-6.066937831095171596e-01,2.907378744305613161e+00
2.615512907505035400e-01,-2.808780193328857422e+00,-6.715461015701293945e-01,2.887943983078002930e+00,-2.808871935565209643e+00,-6.715558994486104938e-01,2.888035470088634149e+00
2.618432044982910156e-01,-2.772682428359985352e+00,-7.350342273712158203e-01,2.868456602096557617e+00,-2.772774341695011913e+00,-7.350374540837902870e-01,2.868546253569599358e+00
2.621351182460784912e-01,-2.735031127929687500e+00,-7.971197366714477539e-01,2.848823308944702148e+00,-2.735122429833672708e+00,-7.971287080599861463e-01,2.848913632139914220e+00
2.624270319938659668e-01,-2.695880651473999023e+00,-8.577662706375122070e-01,2.829051971435546875e+00,-2.695968635089323495e+00,-8.577785483338791206e-01,2.829139607613446294e+00
2.627189457416534424e-01,-2.655276298522949219e+00,-9.169298410415649414e-01,2.809137344360351562e+00,-2.655363832816221237e+00,-9.169483539720191256e-01,2.809226115584227301e+00
2.630108296871185303e-01,-2.613281726837158203e+00,-9.745754003524780273e-01,2.789092779159545898e+00,-2.613366192747145877e+00,-9.745919718510299701e-01,2.789177722733026776e+00
2.633027434349060059e-01,-2.569933891296386719e+00,-1.030669569969177246e+00,2.768905878067016602e+00,-2.570018096881330649e+00,-1.030693370695731081e+00,2.768992929332551256e+00
2.635946571826934814e-01,-2.525299787521362305e+00,-1.085185527801513672e+00,2.748593807220458984e+00,-2.525383437727479752e+00,-1.085200446182503775e+00,2.748676320693829833e+00
2.638865709304809570e-01,-2.479423046112060547e+00,-1.138081312179565430e+00,2.728143692016601562e+00,-2.479508938370787341e+00,-1.138101292091627803e+00,2.728230035484775939e+00
2.641784846782684326e-01,-2.432371139526367188e+00,-1.189338445663452148e+00,2.707573652267456055e+00,-2.432454759616673012e+00,-1.189356980311082834e+00,2.707656954674373839e+00
2.644703984260559082e-01,-2.384193897247314453e+00,-1.238914370536804199e+00,2.686873674392700195e+00,-2.384277291546655242e+00,-1.238940048246097714e+00,2.686959368158196693e+00
2.647623121738433838e-01,-2.334954977035522461e+00,-1.286798238754272461e+00,2.666057825088500977e+00,-2.335034150621319249e+00,-1.286825213981257710e+00,2.666140209348663248e+00
2.650542259216308594e-01,-2.284705400466918945e+00,-1.332955837249755859e+00,2.645118236541748047e+00,-2.284788510050675292e+00,-1.332980483971647478e+00,2.645202356400899735e+00
2.653461098670959473e-01,-2.233514547348022461e+00,-1.377370953559875488e+00,2.624068975448608398e+00,-2.233590510564009257e+00,-1.377403198623162961e+00,2.624150555981671129e+00
2.656380236148834229e-01,-2.181427001953125000e+00,-1.420025587081909180e+00,2.602901458740234375e+00,-2.181500511846357071e+00,-1.420062696375283151e+00,2.602983393113094124e+00
2.659299373626708984e-01,-2.128509759902954102e+00,-1.460903644561767578e+00,2.581626176834106445e+00,-2.128585845514266328e+00,-1.460935374686084476e+00,2.581706774738923738e+00
2.662218511104583740e-01,-2.074820995330810547e+00,-1.499985814094543457e+00,2.560241937637329102e+00,-2.074894328544920175e+00,-1.500021712045455313e+00,2.560322559998184033e+00
2.665137648582458496e-01,-2.020421743392944336e+00,-1.537261486053466797e+00,2.538755178451538086e+00,-2.020491723325648525e+00,-1.537300230859631744e+00,2.538834142638807023e+00
2.668056786060333252e-01,-1.965370655059814453e+00,-1.572719216346740723e+00,2.517166614532470703e+00,-1.965438788053954999e+00,-1.572760234569125171e+00,2.517245396267302482e+00
2.670975923538208008e-01,-1.909727215766906738e+00,-1.606349229812622070e+00,2.495479106903076172e+00,-1.909794849090252322e+00,-1.606392028280286377e+00,2.495558397259842298e+00
2.673895061016082764e-01,-1.853555321693420410e+00,-1.638145446777343750e+00,2.473699092864990234e+00,-1.853627276602852980e+00,-1.638182115452389676e+00,2.473777420050998543e+00
2.676813900470733643e-01,-1.796920418739318848e+00,-1.668095469474792480e+00,2.451828956604003906e+00,-1.796991697749743766e+00,-1.668134189444133941e+00,2.451907591197911351e+00
2.679733037948608398e-01,-1.739871025085449219e+00,-1.696209430694580078e+00,2.429872035980224609e+00,-1.739938483058577789e+00,-1.696249098880393547e+00,2.429947927483371739e+00
2.682652175426483154e-01,-1.682470917701721191e+00,-1.722475528717041016e+00,2.407826900482177734e+00,-1.682535260966603552e+00,-1.722520002244100290e+00,2.407903665541246685e+00
2.685571312904357910e-01,-1.624781608581542969e+00,-1.746904492378234863e+00,2.385705471038818359e+00,-1.624842251494708067e+00,-1.746948485175628063e+00,2.385778982240352786e+00
2.688490450382232666e-01,-1.566861152648925781e+00,-1.769487738609313965e+00,2.363501787185668945e+00,-1.566918560785460102e+00,-1.769537359354354855e+00,2.363577001556065316e+00
2.691409587860107422e-01,-1.508769631385803223e+00,-1.790243864059448242e+00,2.341230154037475586e+00,-1.508830188404585160e+00,-1.790286257340475862e+00,2.341301650933340639e+00
2.694328725337982178e-01,-1.450564622879028320e+00,-1.809165000915527344e+00,2.318882465362548828e+00,-1.450621725476668455e+00,-1.809213328998132031e+00,2.318955855606011696e+00
2.697247564792633057e-01,-1.392310619354248047e+00,-1.826273441314697266e+00,2.296476364135742188e+00,-1.392359515091039501e+00,-1.826324081978400571e+00,2.296546248539053980e+00
2.700166702270507812e-01,-1.334050536155700684e+00,-1.841570496559143066e+00,2.273999214172363281e+00,-1.334105109411629186e+00,-1.841620242718499334e+00,2.274071582283363480e+00
2.703085839748382568e-01,-1.275848865509033203e+00,-1.855078697204589844e+00,2.251467704772949219e+00,-1.275902840593236443e+00,-1.855127223827950811e+00,2.251538379690981362e+00
2.706004977226257324e-01,-1.217764735221862793e+00,-1.866801857948303223e+00,2.228878736495971680e+00,-1.217815553732512601e+00,-1.866854460358119416e+00,2.228950492736846645e+00
2.708924114704132080e-01,-1.159850955009460449e+00,-1.876765370368957520e+00,2.206241607666015625e+00,-1.159898199240180894e+00,-1.876817860727274745e+00,2.206311200838521280e+00
2.711843252182006836e-01,-1.102161884307861328e+00,-1.884980678558349609e+00,2.183555126190185547e+00,-1.102205436460965249e+00,-1.885036072083476677e+00,2.183624925947679873e+00
2.714762389659881592e-01,-1.044750332832336426e+00,-1.891473174095153809e+00,2.160827159881591797e+00,-1.044797353172354448e+00,-1.891525178367529536e+00,2.160895418476857177e+00
2.717681527137756348e-01,-9.876689910888671875e-01,-1.896260976791381836e+00,2.138058662414550781e+00,-9.877123058088591590e-01,-1.896314802351665163e+00,2.138126616611908837e+00
2.720600366592407227e-01,-9.309747219085693359e-01,-1.899369120597839355e+00,2.115258216857910156e+00,-9.310169635446422509e-01,-1.899423053055321331e+00,2.115325157247907484e+00
2.723519504070281982e-01,-8.747062087059020996e-01,-1.900822997093200684e+00,2.092424154281616211e+00,-8.747449659085149154e-01,-1.900877749030074337e+00,2.092490136688804458e+00
2.726438641548156738e-01,-8.189187049865722656e-01,-1.900647521018981934e+00,2.069562435150146484e+00,-8.189533350357176555e-01,-1.900703572177357525e+00,2.069627655945361688e+00
2.729357779026031494e-01,-7.636581063270568848e-01,-1.898873448371887207e+00,2.046678781509399414e+00,-7.636904633714880486e-01,-1.898929085641346548e+00,2.046742484080310120e+00
2.732276916503906250e-01,-7.089717984199523926e-01,-1.895525932312011719e+00,2.023773670196533203e+00,-7.090098029163737214e-01,-1.895580982538132009e+00,2.023838472307448288e+00
2.735196053981781006e-01,-6.549050807952880859e-01,-1.890641808509826660e+00,2.000856637954711914e+00,-6.549351450933648122e-01,-1.890698672458359875e+00,2.000920166901785979e+00
2.738115191459655762e-01,-6.015064716339111328e-01,-1.884246587753295898e+00,1.977926969528198242e+00,-6.015391811509698261e-01,-1.884303659276463039e+00,1.977991321220204268e+00
2.741034328937530518e-01,-5.488123297691345215e-01,-1.876382112503051758e+00,1.954994797706604004e+00,-5.488427557252124611e-01,-1.876437016227449517e+00,1.955056072439002701e+00
2.743953168392181396e-01,-4.968739151954650879e-01,-1.867074608802795410e+00,1.932058691978454590e+00,-4.969019204098190645e-01,-1.867132181351645270e+00,1.932121657956848093e+00
2.746872305870056152e-01,-4.457143843173980713e-01,-1.856369137763977051e+00,1.909127593040466309e+00,-4.457405653907103305e-01,-1.856423718764744324e+00,1.909186652799341521e+00
2.749791443347930908e-01,-3.953838646411895752e-01,-1.844292044639587402e+00,1.886197566986083984e+00,-3.954047634002437195e-01,-1.844349449082375969e+00,1.886258152334951976e+00
2.752710580825805664e-01,-3.459119498729705811e-01,-1.830892801284790039e+00,1.863282918930053711e+00,-3.459308677896597017e-01,-1.830947901558212854e+00,1.863340651494012290e+00
2.755629718303680420e-01,-2.973398864269256592e-01,-1.816201329231262207e+00,1.840379834175109863e+00,-2.973608776714366519e-01,-1.816257116376711167e+00,1.840438372877117645e+00
2.758548855781555176e-01,-2.496952563524246216e-01,-1.800265550613403320e+00,1.817499279975891113e+00,-2.497140503785687249e-01,-1.800319455140976910e+00,1.817555294211313344e+00
2.761467993259429932e-01,-2.030130475759506226e-01,-1.783119559288024902e+00,1.794639110565185547e+00,-2.030291306088306547e-01,-1.783175273452286103e+00,1.794696320753851992e+00
2.764387130737304688e-01,-1.573202610015869141e-01,-1.764810681343078613e+00,1.771808862686157227e+00,-1.573360601068419240e-01,-1.764866014873346156e+00,1.771865312676127013e+00
2.767305970191955566e-01,-1.126550287008285522e-01,-1.745380520820617676e+00,1.749012351036071777e+00,-1.126700102479035598e-01,-1.745436891362593945e+00,1.749069602085285169e+00
2.770225107669830322e-01,-6.903262436389923096e-02,-1.724871397018432617e+00,1.726252198219299316e+00,-6.904376509384073379e-02,-1.724926591956081445e+00,1.726307848888938956e+00
2.773144245147705078e-01,-2.648035250604152679e-02,-1.703325986862182617e+00,1.703531622886657715e+00,-2.648919659289951031e-02,-1.703381032443090470e+00,1.703586986104034029e+00
2.776063382625579834e-01,1.497618854045867920e-02,-1.680790185928344727e+00,1.680856943130493164e+00,1.497054516206244683e-02,-1.680844689692462035e+00,1.680911356404554358e+00
2.778982520103454590e-01,5.531713366508483887e-02,-1.657309532165527344e+00,1.658232331275939941e+00,5.530771352959207993e-02,-1.657362967135546539e+00,1.658285544774546594e+00
2.781901657581329346e-01,9.452114999294281006e-02,-1.632927417755126953e+00,1.635660886764526367e+00,9.451536391678762306e-02,-1.632980238004376305e+00,1.635713181376598380e+00
2.784820795059204102e-01,1.325731277465820312e-01,-1.607691884040832520e+00,1.613148808479309082e+00,1.325692003481885872e-01,-1.607743245075047289e+00,1.613199595513649109e+00
2.787739634513854980e-01,1.694492548704147339e-01,-1.581648588180541992e+00,1.590699553489685059e+00,1.694472405013969785e-01,-1.581699790622778989e+00,1.590750324522890446e+00
2.790658771991729736e-01,2.051481157541275024e-01,-1.554841637611389160e+00,1.568317055702209473e+00,2.051468292646135561e-01,-1.554891096097683834e+00,1.568365882784109822e+00
2.793577909469604492e-01,2.396478205919265747e-01,-1.527314901351928711e+00,1.546001791954040527e+00,2.396493473411431818e-01,-1.527365502890434490e+00,1.546052130136880587e+00
2.796497046947479248e-01,2.729435563087463379e-01,-1.499120235443115234e+00,1.523764967918395996e+00,2.729381844895306108e-01,-1.499170576003143296e+00,1.523813528128044048e+00
2.799416184425354004e-01,3.050144314765930176e-01,-1.470301866531372070e+00,1.501606225967407227e+00,3.050157476230281328e-01,-1.470350801675093022e+00,1.501654449693611504e+00
2.802335321903228760e-01,3.358688056468963623e-01,-1.440904974937438965e+00,1.479531884193420410e+00,3.358686223952537797e-01,-1.440953027684818810e+00,1.479578777728219441e+00
2.805254459381103516e-01,3.654864132404327393e-01,-1.410975456237792969e+00,1.457543134689331055e+00,3.654911485729281928e-01,-1.411023363356807003e+00,1.457590721575818149e+00
2.808173596858978271e-01,3.938740789890289307e-01,-1.380561709403991699e+00,1.435648679733276367e+00,3.938793001234442426e-01,-1.380607813001332396e+00,1.435694548428061657e+00
2.811092436313629150e-01,4.210184216499328613e-01,-1.349709510803222656e+00,1.413850188255310059e+00,4.210258404486767470e-01,-1.349754855330502101e+00,1.413895656621725117e+00
2.814011573791503906e-01,4.469313919544219971e-01,-1.318459987640380859e+00,1.392150998115539551e+00,4.469396370113653538e-01,-1.318503469902213787e+00,1.392194828059646339e+00
2.816930711269378662e-01,4.716050624847412109e-01,-1.286859393119812012e+00,1.370554089546203613e+00,4.716166252762969413e-01,-1.286901642077560526e+00,1.370597708161999329e+00
2.819849848747253418e-01,4.950466454029083252e-01,-1.254953384399414062e+00,1.349066019058227539e+00,4.950546124589936814e-01,-1.254995720224718392e+00,1.349108345204077519e+00
2.822768986225128174e-01,5.172572135925292969e-01,-1.222783923149108887e+00,1.327688097953796387e+00,5.172671069513384845e-01,-1.222825670520631958e+00,1.327730349287098432e+00
2.825688123703002930e-01,5.382443666458129883e-01,-1.190395116806030273e+00,1.306425571441650391e+00,5.382549930195199561e-01,-1.190436978752000607e+00,1.306468001097093490e+00
2.828607261180877686e-01,5.580115914344787598e-01,-1.157833695411682129e+00,1.285284280776977539e+00,5.580251301168377420e-01,-1.157872007926951774e+00,1.285324718731692517e+00
2.831526398658752441e-01,5.765715241432189941e-01,-1.125134825706481934e+00,1.264263868331909180e+00,5.765860910457636379e-01,-1.125173046876668748e+00,1.264304514666130697e+00
2.834445238113403320e-01,5.939310193061828613e-01,-1.092347145080566406e+00,1.243373036384582520e+00,5.939449046089370077e-01,-1.092385804504822922e+00,1.243413565791594788e+00
2.837364375591278076e-01,6.101025342941284180e-01,-1.059504747390747070e+00,1.222610116004943848e+00,6.101149246913736279e-01,-1.059544145877348686e+00,1.222650407268619288e+00
2.840283513069152832e-01,6.251009702682495117e-01,-1.026649832725524902e+00,1.201982140541076660e+00,6.251177170514766734e-01,-1.026685175101649028e+00,1.202021051789507355e+00
2.843202650547027588e-01,6.389356851577758789e-01,-9.938213825225830078e-01,1.181490540504455566e+00,6.389513468700493970e-01,-9.938571718567744684e-01,1.181529052422409132e+00
2.846121788024902344e-01,6.516274809837341309e-01,-9.610569477081298828e-01,1.161141157150268555e+00,6.516427427999308408e-01,-9.610909900431185982e-01,1.161177917196963616e+00
2.849040925502777100e-01,6.631860733032226562e-01,-9.283939003944396973e-01,1.140934228897094727e+00,6.632045150740745187e-01,-9.284260129601893397e-01,1.140971117231190934e+00
2.851960062980651855e-01,6.736368536949157715e-01,-8.958675265312194824e-01,1.120877027511596680e+00,6.736508430916067214e-01,-8.959008347957547747e-01,1.120912023392452772e+00
2.854879200458526611e-01,6.829902529716491699e-01,-8.635123968124389648e-01,1.100967526435852051e+00,6.830106261625873421e-01,-8.635424927928070371e-01,1.101003702223487091e+00
2.857798039913177490e-01,6.912726163864135742e-01,-8.313689827919006348e-01,1.081217885017395020e+00,6.912912110664691800e-01,-8.313968255859837120e-01,1.081251228943669762e+00
2.860717177391052246e-01,6.984999179840087891e-01,-7.994589209556579590e-01,1.061619877815246582e+00,6.985181849456498782e-01,-7.994887099629055527e-01,1.061654299693603587e+00
2.863636314868927002e-01,7.046995162963867188e-01,-7.678184509277343750e-01,1.042183518409729004e+00,7.047197498556919681e-01,-7.678454867877667622e-01,1.042217164230666349e+00
2.866555452346801758e-01,7.098874449729919434e-01,-7.364810705184936523e-01,1.022909879684448242e+00,7.099072134259417632e-01,-7.365090002482422848e-01,1.022943673483956317e+00
2.869474589824676514e-01,7.140927910804748535e-01,-7.054736018180847168e-01,1.003803491592407227e+00,7.141123035698490051e-01,-7.055000152396213586e-01,1.003835969475562306e+00
2.872393727302551270e-01,7.173354625701904297e-01,-6.748253703117370605e-01,9.848651885986328125e-01,7.173566693086191881e-01,-6.748496625011675132e-01,9.848972829587334665e-01
2.875312864780426025e-01,7.196437716484069824e-01,-6.445621848106384277e-01,9.660992026329040527e-01,7.196627622758259291e-01,-6.445876603986483433e-01,9.661302931513301440e-01
2.878232002258300781e-01,7.210412025451660156e-01,-6.147105097770690918e-01,9.475069642066955566e-01,7.210634912839886113e-01,-6.147313219517763772e-01,9.475374170191028789e-01
2.881150841712951660e-01,7.215553522109985352e-01,-5.852975249290466309e-01,9.290937781333923340e-01,7.215771109173352293e-01,-5.853173704548155776e-01,9.291232163475133810e-01
2.884069979190826416e-01,7.212127447128295898e-01,-5.563396215438842773e-01,9.108575582504272461e-01,7.212327069571975446e-01,-5.563612353065785499e-01,9.108866239750526006e-01
2.886989116668701172e-01,7.200401425361633301e-01,-5.278641581535339355e-01,8.928036689758300781e-01,7.200609685557435302e-01,-5.278832558540766939e-01,8.928317480066085832e-01
2.889908254146575928e-01,7.180669307708740234e-01,-4.998886883258819580e-01,8.749336004257202148e-01,7.180874828166937673e-01,-4.999068797318408364e-01,8.749608684856944318e-01
2.892827391624450684e-01,7.153189778327941895e-01,-4.724341034889221191e-01,8.572486042976379395e-01,7.153389429194643157e-01,-4.724542368756310950e-01,8.572763902026413474e-01
2.895746529102325439e-01,7.118278145790100098e-01,-4.455178380012512207e-01,8.397529721260070801e-01,7.118491096890791070e-01,-4.455351618713260797e-01,8.397801708952428168e-01
2.898665666580200195e-01,7.076192498207092285e-01,-4.191598594188690186e-01,8.224475383758544922e-01,7.076402353544872792e-01,-4.191776122969282370e-01,8.224746642562967835e-01
2.901584506034851074e-01,7.027266621589660645e-01,-3.933742344379425049e-01,8.053371906280517578e-01,7.027464049773400889e-01,-3.933923918022955157e-01,8.053633239951434319e-01
2.904503643512725830e-01,6.971740126609802246e-01,-3.681736588478088379e-01,7.884182929992675781e-01,6.971966384424101992e-01,-3.681865315758548474e-01,7.884443383582984133e-01
2.907422780990600586e-01,6.909960508346557617e-01,-3.435694575309753418e-01,7.716965079307556152e-01,6.910159324170364048e-01,-3.435846595528305181e-01,7.717210876568170175e-01
2.910341918468475342e-01,6.842172145843505859e-01,-3.195784389972686768e-01,7.551712393760681152e-01,6.842386101999157200e-01,-3.195907981337410830e-01,7.551958381374156426e-01
2.913261055946350098e-01,6.768721342086791992e-01,-2.962059080600738525e-01,7.388462424278259277e-01,6.768924194594480026e-01,-2.962178770504811376e-01,7.388696625291630848e-01
2.916180193424224854e-01,6.689859628677368164e-01,-2.734658122062683105e-01,7.227210402488708496e-01,6.690060938550511649e-01,-2.734777872353294503e-01,7.227442519496959372e-01
2.919099330902099609e-01,6.605917811393737793e-01,-2.513621151447296143e-01,7.067987322807312012e-01,6.606123107883116186e-01,-2.513709786257530832e-01,7.068210481163824666e-01
2.922018468379974365e-01,6.517159342765808105e-01,-2.299043685197830200e-01,6.910786628723144531e-01,6.517361783203221570e-01,-2.299142909918999722e-01,6.911010254180547374e-01
2.924937307834625244e-01,6.423908472061157227e-01,-2.090979665517807007e-01,6.755649447441101074e-01,6.424107504270998303e-01,-2.091088963668910616e-01,6.755872281238661792e-01
2.927856445312500000e-01,6.326425075531005859e-01,-1.889464706182479858e-01,6.602554917335510254e-01,6.326625571574276963e-01,-1.889558234161660966e-01,6.602773768893318573e-01
2.930775582790374756e-01,6.225016713142395020e-01,-1.694532334804534912e-01,6.451532840728759766e-01,6.225214346365853801e-01,-1.694615080653931183e-01,6.451745029817822497e-01
2.933694720268249512e-01,6.119958758354187012e-01,-1.506213098764419556e-01,6.302585005760192871e-01,6.120154087270278653e-01,-1.506281710889988135e-01,6.302790702894454089e-01
2.936613857746124268e-01,6.011536121368408203e-01,-1.324513852596282959e-01,6.155721545219421387e-01,6.011728082171843290e-01,-1.324569345411041044e-01,6.155920604164432097e-01
2.939532995223999023e-01,5.900025367736816406e-01,-1.149434074759483337e-01,6.010947823524475098e-01,5.900209275478139892e-01,-1.149502196530096249e-01,6.011141721359245516e-01
2.942452132701873779e-01,5.785697698593139648e-01,-9.809722751379013062e-02,5.868270993232727051e-01,5.785879973529318709e-01,-9.810250618792190624e-02,5.868459528711325035e-01
2.945371270179748535e-01,5.668827891349792480e-01,-8.190952241420745850e-02,5.727698206901550293e-01,5.669003641948966443e-01,-8.191418810185921440e-02,5.727878814506232041e-01
2.948290109634399414e-01,5.549683570861816406e-01,-6.638097763061523438e-02,5.589242577552795410e-01,5.549856440172348249e-01,-6.638463848006456725e-02,5.589418442837803536e-01
2.951209247112274170e-01,5.428507328033447266e-01,-5.150179192423820496e-02,5.452883243560791016e-01,5.428674546101114329e-01,-5.150539018302554423e-02,5.453053075963657514e-01
2.954128384590148926e-01,5.305551886558532715e-01,-3.727175667881965637e-02,5.318627357482910156e-01,5.305723170738666505e-01,-3.727409225066893872e-02,5.318800067667923681e-01
2.957047522068023682e-01,5.181079506874084473e-01,-2.368202991783618927e-02,5.186488628387451172e-01,5.181249021694681600e-01,-2.368710456162340106e-02,5.186660709653507784e-01
2.959966659545898438e-01,5.055327415466308594e-01,-1.073113270103931427e-02,5.056466460227966309e-01,5.055494559537738741e-01,-1.073206432263411683e-02,5.056633560183908527e-01
2.962885797023773193e-01,4.928533732891082764e-01,1.593652064912021160e-03,4.928559660911560059e-01,4.928694278252770400e-01,1.590436919237754468e-03,4.928719939034982289e-01
2.965804934501647949e-01,4.800919890403747559e-01,1.329515781253576279e-02,4.802760481834411621e-01,4.801075916837669877e-01,1.329416868287998377e-02,4.802916140360515840e-01
2.968724071979522705e-01,4.672713279724121094e-01,2.438704483211040497e-02,4.679072797298431396e-01,4.672864347847314193e-01,2.438591657355897516e-02,4.679223066503216399e-01
2.971642911434173584e-01,4.544138908386230469e-01,3.487336635589599609e-02,4.557500481605529785e-01,4.544287223802556119e-01,3.487343338640306462e-02,4.557648736797377254e-01
2.974562048912048340e-01,4.415380656719207764e-01,4.476993903517723083e-02,4.438020288944244385e-01,4.415523626919372613e-01,4.477009065675770921e-02,4.438162345118150665e-01
2.977481186389923096e-01,4.286650419235229492e-01,5.408329144120216370e-02,4.320633113384246826e-01,4.286787674805155324e-01,5.408481823145349504e-02,4.320771380803933304e-01
2.980400323867797852e-01,4.158141911029815674e-01,6.282702088356018066e-02,4.205338060855865479e-01,4.158276944387132579e-01,6.282723805951209717e-02,4.205471832082607331e-01
2.983319461345672607e-01,4.030037820339202881e-01,7.101130485534667969e-02,4.092122316360473633e-01,4.030167092639468374e-01,7.101382046135934489e-02,4.092254032223058835e-01
2.986238598823547363e-01,3.902516663074493408e-01,7.864943146705627441e-02,3.980981111526489258e-01,3.902649682144400667e-01,7.865057221908253182e-02,3.981113637235277891e-01
2.989157736301422119e-01,3.775754570960998535e-01,8.575310558080673218e-02,3.871909081935882568e-01,3.775884734536884557e-01,8.575476006912162441e-02,3.872039955367188591e-01
2.992076873779296875e-01,3.649914562702178955e-01,9.233558177947998047e-02,3.764898478984832764e-01,3.650037810193104693e-01,9.233791975019846332e-02,3.765023925318228826e-01
2.994995713233947754e-01,3.525159657001495361e-01,9.841027855873107910e-02,3.659946620464324951e-01,3.525278477416930456e-01,9.841247449932226388e-02,3.660066919749830339e-01
2.997914850711822510e-01,3.401613235473632812e-01,1.039913669228553772e-01,3.557020127773284912e-01,3.401729536698551715e-01,1.039930998527127531e-01,3.557136534144418882e-01
3.000833988189697266e-01,3.279424607753753662e-01,1.090935915708541870e-01,3.456120193004608154e-01,3.279531744066631616e-01,1.090966645882014696e-01,3.456231572503176142e-01
3.003753125667572021e-01,3.158729076385498047e-01,1.137295961380004883e-01,3.357232511043548584e-01,3.158833479017225110e-01,1.137324078209184797e-01,3.357340466356433795e-01
3.006672263145446777e-01,3.039642870426177979e-01,1.179160475730895996e-01,3.260344862937927246e-01,3.039744301699505158e-01,1.179186630349974563e-01,3.260448823231356652e-01
3.009591400623321533e-01,2.922291755676269531e-01,1.216652467846870422e-01,3.165443539619445801e-01,2.922383940479230668e-01,1.216689094217416889e-01,3.165542646618192957e-01
3.012510538101196289e-01,2.806771099567413330e-01,1.249949187040328979e-01,3.072513043880462646e-01,2.806862557062468344e-01,1.249981707839617762e-01,3.072609914091423700e-01
3.015429377555847168e-01,2.693202197551727295e-01,1.279168426990509033e-01,2.981545031070709229e-01,2.693289429140883762e-01,1.279206584724291995e-01,2.981640058009017435e-01
3.018348515033721924e-01,2.581643760204315186e-01,1.304497271776199341e-01,2.892507016658782959e-01,2.581735015885143758e-01,1.304530200182452970e-01,2.892603452849272783e-01
3.021267652511596680e-01,2.472213953733444214e-01,1.326053291559219360e-01,2.805398106575012207e-01,2.472301207917213806e-01,1.326087107047657088e-01,2.805491093934703306e-01
3.024186789989471436e-01,2.364971041679382324e-01,1.344016641378402710e-01,2.720196545124053955e-01,2.365049942226059299e-01,1.344057406679599054e-01,2.720285194915006421e-01
3.027105927467346191e-01,2.259996831417083740e-01,1.358516961336135864e-01,2.636883556842803955e-01,2.260072861256957610e-01,1.358556242383300305e-01,2.636968790469247370e-01
3.030025064945220947e-01,2.157344520092010498e-01,1.369723826646804810e-01,2.555441260337829590e-01,2.157417761896716080e-01,1.369762026475581929e-01,2.555523314024336634e-01
3.032944202423095703e-01,2.057080715894699097e-01,1.377773433923721313e-01,2.475851476192474365e-01,2.057146304935710268e-01,1.377816603822395736e-01,2.475930030045139785e-01
3.035863339900970459e-01,1.959246397018432617e-01,1.382826715707778931e-01,2.398094236850738525e-01,1.959313564364366100e-01,1.382862368542857323e-01,2.398169713309330764e-01
3.038782179355621338e-01,1.863900423049926758e-01,1.385024338960647583e-01,2.322157770395278931e-01,1.863959480493306842e-01,1.385068747165807967e-01,2.322231766920851426e-01
3.041701316833496094e-01,1.771055757999420166e-01,1.384518593549728394e-01,2.248005867004394531e-01,1.771110387638972772e-01,1.384563926344356821e-01,2.248076793914472737e-01
3.044620454311370850e-01,1.680752635002136230e-01,1.381452381610870361e-01,2.175624072551727295e-01,1.680809563659406425e-01,1.381492272759539952e-01,2.175693381196726339e-01
3.047539591789245605e-01,1.593015342950820923e-01,1.375968605279922485e-01,2.104990929365158081e-01,1.593070923385437876e-01,1.376010481725097323e-01,2.105060524724518545e-01
3.050458729267120361e-01,1.507862955331802368e-01,1.368211358785629272e-01,2.036087661981582642e-01,1.507918184211629042e-01,1.368253679511059473e-01,2.036157013044831432e-01
3.053377866744995117e-01,1.425317823886871338e-01,1.358315795660018921e-01,1.968896239995956421e-01,1.425363282631905981e-01,1.358360019127554386e-01,1.968959732711517974e-01
3.056297004222869873e-01,1.345367133617401123e-01,1.346423178911209106e-01,1.903383433818817139e-01,1.345413905076391636e-01,1.346466347171831890e-01,1.903446925984321192e-01
3.059216141700744629e-01,1.268032342195510864e-01,1.332660764455795288e-01,1.839535385370254517e-01,1.268076710302633581e-01,1.332701515168406570e-01,1.839595572875765417e-01
3.062134981155395508e-01,1.193301528692245483e-01,1.317169368267059326e-01,1.777330487966537476e-01,1.193346925691054217e-01,1.317205992412381621e-01,1.777388115045044903e-01
3.065054118633270264e-01,1.121167093515396118e-01,1.300063729286193848e-01,1.716735661029815674e-01,1.121199049732265612e-01,1.300107565445041136e-01,1.716789734023350666e-01
3.067973256111145020e-01,1.051605939865112305e-01,1.281480938196182251e-01,1.657729893922805786e-01,1.051644396401126558e-01,1.281517795394998827e-01,1.657782795300985212e-01
3.070892393589019775e-01,9.846216440200805664e-02,1.261530816555023193e-01,1.600293666124343872e-01,9.846510743467545845e-02,1.261570632985425100e-01,1.600343150772191025e-01
3.073811531066894531e-01,9.201720356941223145e-02,1.240341961383819580e-01,1.544397920370101929e-01,9.202024615912975103e-02,1.240379487780472884e-01,1.544446128560407749e-01
3.076730668544769287e-01,8.582487702369689941e-02,1.218018829822540283e-01,1.490020453929901123e-01,8.582780574866007151e-02,1.218055331017304788e-01,1.490067117073136660e-01
3.079649806022644043e-01,7.988082617521286011e-02,1.194680556654930115e-01,1.437134742736816406e-01,7.988360024164585516e-02,1.194719925841434410e-01,1.437182890226317289e-01
3.082568943500518799e-01,7.418388873338699341e-02,1.170430928468704224e-01,1.385724991559982300e-01,7.418618380784547384e-02,1.170467117780315536e-01,1.385767751321303476e-01
3.085487782955169678e-01,6.872870028018951416e-02,1.145375445485115051e-01,1.335757672786712646e-01,6.873125518609697615e-02,1.145410008681472108e-01,1.335800371288063393e-01
3.088406920433044434e-01,6.351199746131896973e-02,1.119608804583549500e-01,1.287206858396530151e-01,6.351369966519541943e-02,1.119646229148366923e-01,1.287247716238883732e-01
3.091326057910919189e-01,5.852939933538436890e-02,1.093231067061424255e-01,1.240049675107002258e-01,5.853133549538607622e-02,1.093265143190224192e-01,1.240088866493883890e-01
3.094245195388793945e-01,5.377691239118576050e-02,1.066332384943962097e-01,1.194261536002159119e-01,5.377851249458172334e-02,1.066366182938509877e-01,1.194298822208175598e-01
3.097164332866668701e-01,4.924966022372245789e-02,1.039001569151878357e-01,1.149816140532493591e-01,4.925099566380249788e-02,1.039034398529256747e-01,1.149851528987392152e-01
3.100083470344543457e-01,4.494284093379974365e-02,1.011322438716888428e-01,1.106688231229782104e-01,4.494435432893271326e-02,1.011352717965786074e-01,1.106722105472393580e-01
3.103002607822418213e-01,4.085159674286842346e-02,9.833753108978271484e-02,1.064853221178054810e-01,4.085239785629016934e-02,9.834063893889694041e-02,1.064884955172112069e-01
3.105921745300292969e-01,3.697028756141662598e-02,9.552361816167831421e-02,1.024283319711685181e-01,3.697144617070394906e-02,9.552653894269452772e-02,1.024314769703307398e-01
3.108840584754943848e-01,3.329444304108619690e-02,9.269799292087554932e-02,9.849587082862854004e-02,3.329551572965448736e-02,9.270097018832165747e-02,9.849904183066843233e-02
3.111759722232818604e-01,2.981755137443542480e-02,8.986733853816986084e-02,9.468486905097961426e-02,2.981846533301861848e-02,8.987008248892761064e-02,9.468776373630907739e-02
3.114678859710693359e-01,2.653460018336772919e-02,8.703785389661788940e-02,9.099270403385162354e-02,2.653520977132384912e-02,8.704061258011068503e-02,9.099552514233369416e-02
3.117597997188568115e-01,2.343919686973094940e-02,8.421592414379119873e-02,8.741692453622817993e-02,2.344038773422237390e-02,8.421864117337786448e-02,8.741985642988014948e-02
3.120517134666442871e-01,2.052689716219902039e-02,8.140747994184494019e-02,8.395552635192871094e-02,2.052725423742455743e-02,8.141014411498864733e-02,8.395820228751378622e-02
3.123436272144317627e-01,1.779037527740001678e-02,7.861763238906860352e-02,8.060539513826370239e-02,1.779123791491062784e-02,7.862016817572060889e-02,8.060805785108300647e-02
3.126355409622192383e-01,1.522521395236253738e-02,7.585161179304122925e-02,7.736455649137496948e-02,1.522553792377131544e-02,7.585400929895089184e-02,7.736696796303657586e-02
3.129274249076843262e-01,1.282433699816465378e-02,7.311412692070007324e-02,7.423030585050582886e-02,1.282459358960070031e-02,7.311646496597681844e-02,7.423265891680927431e-02
3.132193386554718018e-01,1.058253366500139236e-02,7.040918618440628052e-02,7.120002061128616333e-02,1.058265808985409638e-02,7.041131820041644784e-02,7.120215153327215385e-02
3.135112524032592773e-01,8.493144065141677856e-03,6.774082779884338379e-02,6.827117502689361572e-02,8.493323136237674459e-03,6.774288767562459956e-02,6.827324050115712861e-02
3.138031661510467529e-01,6.551014725118875504e-03,6.511282175779342651e-02,6.544154137372970581e-02,6.550969107551265005e-03,6.511482231369773721e-02,6.544352742015453750e-02
3.140950798988342285e-01,4.749839194118976593e-03,6.252862513065338135e-02,6.270877271890640259e-02,4.749965996220966054e-03,6.253046845405452192e-02,6.271061841545466642e-02
3.143869936466217041e-01,3.084015566855669022e-03,5.999105423688888550e-02,6.007027253508567810e-02,3.083762032411241100e-03,5.999282948162236451e-02,6.007203323913349463e-02
3.146789073944091797e-01,1.547534950077533722e-03,5.750286951661109924e-02,5.752368643879890442e-02,1.547523118857594424e-03,5.750465921514363865e-02,5.752547834875606364e-02
3.149708211421966553e-01,1.349498052150011063e-04,5.506669729948043823e-02,5.506686121225357056e-02,1.348489654753748531e-04,5.506843722859924156e-02,5.506860233421277673e-02
3.152627050876617432e-01,-1.159338280558586121e-03,5.268491059541702271e-02,5.269766598939895630e-02,-1.159474366526942442e-03,5.268658520665552708e-02,5.269934194603197869e-02
3.155546188354492188e-01,-2.341220155358314514e-03,5.035884305834770203e-02,5.041323974728584290e-02,-2.341405355522275210e-03,5.036045005318794815e-02,5.041485008009551072e-02
3.158465325832366943e-01,-3.415870713070034981e-03,4.809046164155006409e-02,4.821162670850753784e-02,-3.416191605312924630e-03,4.809191898383743946e-02,4.821310025949580164e-02
3.161384463310241699e-01,-4.388889763504266739e-03,4.588103294372558594e-02,4.609047621488571167e-02,-4.389195339188257591e-03,4.588245014181955433e-02,4.609191107713054431e-02
3.164303600788116455e-01,-5.265202838927507401e-03,4.373191297054290771e-02,4.404773190617561340e-02,-5.265497258399842381e-03,4.373317906437061697e-02,4.404902283200525653e-02
3.167222738265991211e-01,-6.050351541489362717e-03,4.164376482367515564e-02,4.208099097013473511e-02,-6.050582251173778486e-03,4.164506121914670483e-02,4.208230827229770404e-02
3.170141875743865967e-01,-6.748865358531475067e-03,3.961767628788948059e-02,4.018840193748474121e-02,-6.749280482660967480e-03,3.961876761117626156e-02,4.018954508403917852e-02
3.173061013221740723e-01,-7.366173900663852692e-03,3.765373304486274719e-02,3.836748749017715454e-02,-7.366485685371342018e-03,3.765485605878828024e-02,3.836864991318883478e-02
3.175979852676391602e-01,-7.906430400907993317e-03,3.575284406542778015e-02,3.661663085222244263e-02,-7.906852079073350970e-03,3.575384173043168190e-02,3.661769392363621589e-02
3.178898990154266357e-01,-8.374918252229690552e-03,3.391436487436294556e-02,3.493312746286392212e-02,-8.375213669132956784e-03,3.391548288851026910e-02,3.493428378490769093e-02
3.181818127632141113e-01,-8.775475434958934784e-03,3.213905543088912964e-02,3.331557661294937134e-02,-8.775823512135757717e-03,3.214000560831534181e-02,3.331658804287582210e-02
3.184737265110015869e-01,-9.112981148064136505e-03,3.042616508901119232e-02,3.176157921552658081e-02,-9.113387390021428919e-03,3.042711262895875582e-02,3.176260399677492685e-02
3.187656402587890625e-01,-9.391207247972488403e-03,2.877578511834144592e-02,3.026946447789669037e-02,-9.391614698475981432e-03,2.877658110214641532e-02,3.027034929717594552e-02
3.190575540065765381e-01,-9.614542126655578613e-03,2.718707919120788574e-02,2.883706986904144287e-02,-9.614915416151297370e-03,2.718787057277246427e-02,2.883794210309693559e-02
3.193494677543640137e-01,-9.786625392735004425e-03,2.565974928438663483e-02,2.746271528303623199e-02,-9.787073445475594213e-03,2.566040925707169240e-02,2.746349231011132805e-02
3.196413815021514893e-01,-9.911403991281986237e-03,2.419283427298069000e-02,2.614439278841018677e-02,-9.911749515415044925e-03,2.419351518275715540e-02,2.614515166057813228e-02
3.199332654476165771e-01,-9.992341510951519012e-03,2.278582379221916199e-02,2.488052845001220703e-02,-9.992774441258142279e-03,2.278636205370739021e-02,2.488119443830014155e-02
3.202251791954040527e-01,-1.003299187868833542e-02,2.143738605082035065e-02,2.366901934146881104e-02,-1.003342730877254674e-02,2.143787978905131036e-02,2.366965047080833717e-02
3.205170929431915283e-01,-1.003661192953586578e-02,2.014667354524135590e-02,2.250826731324195862e-02,-1.003697654932208735e-02,2.014717335611841340e-02,2.250887586027185833e-02
3.208090066909790039e-01,-1.000636070966720581e-02,1.891258917748928070e-02,2.139657177031040192e-02,-1.000682017716600890e-02,1.891304741061002395e-02,2.139719169456869019e-02
3.211009204387664795e-01,-9.945281781256198883e-03,1.773395575582981110e-02,2.033228427171707153e-02,-9.945666645498877148e-03,1.773446112612133210e-02,2.033291411621308831e-02
3.213928341865539551e-01,-9.856191463768482208e-03,1.660964637994766235e-02,1.931385323405265808e-02,-9.856599428859478054e-03,1.661005930141000453e-02,1.931441488363937198e-02
3.216847479343414307e-01,-9.741889312863349915e-03,1.553817465901374817e-02,1.833955571055412292e-02,-9.742271848906160908e-03,1.553857972859249217e-02,1.834010143810047358e-02
3.219766616821289062e-01,-9.604869410395622253e-03,1.451838761568069458e-02,1.740796118974685669e-02,-9.605223553244177440e-03,1.451872670487602650e-02,1.740843889148814549e-02
3.222685456275939941e-01,-9.447696618735790253e-03,1.354875043034553528e-02,1.651749387383460999e-02,-9.448019229803759564e-03,1.354914948484740866e-02,1.651800590657002965e-02
3.225604593753814697e-01,-9.272541850805282593e-03,1.262792386114597321e-02,1.566666923463344574e-02,-9.272937401302333571e-03,1.262816244820976104e-02,1.566709465302507445e-02
3.228523731231689453e-01,-9.081711061298847198e-03,1.175422780215740204e-02,1.485393382608890533e-02,-9.082028558902622770e-03,1.175455390075843230e-02,1.485438588937819729e-02
3.231442868709564209e-01,-8.877141401171684265e-03,1.092654373496770859e-02,1.407810300588607788e-02,-8.877482734016247864e-03,1.092673871178797239e-02,1.407847003649340123e-02
3.234362006187438965e-01,-8.660861290991306305e-03,1.014301180839538574e-02,1.333758607506752014e-02,-8.661176496461623145e-03,1.014325373568852710e-02,1.333797490811174449e-02
3.237281143665313721e-01,-8.434575051069259644e-03,9.402434341609477997e-03,1.263122446835041046e-02,-8.434911657672603674e-03,9.402593769872201468e-03,1.263156776785766787e-02
3.240200281143188477e-01,-8.200041949748992920e-03,8.703026920557022095e-03,1.195756532251834869e-02,-8.200374925904673970e-03,8.703248523357588404e-03,1.195795483286051300e-02
3.243119120597839355e-01,-7.958817295730113983e-03,8.043623529374599457e-03,1.131559349596500397e-02,-7.959134882393369831e-03,8.043766481376130734e-03,1.131591831373137194e-02
3.246038258075714111e-01,-7.712333928793668747e-03,7.422349415719509125e-03,1.070380210876464844e-02,-7.712615358321729848e-03,7.422534003334433153e-03,1.070413222527057985e-02
3.248957395553588867e-01,-7.461944129317998886e-03,6.837928202003240585e-03,1.012115925550460815e-02,-7.462244610434758119e-03,6.838020280094059267e-03,1.012144337419027505e-02
3.251876533031463623e-01,-7.208905182778835297e-03,6.288747303187847137e-03,9.566433727741241455e-03,-7.209172708660072267e-03,6.288861663298313601e-03,9.566710624001984603e-03
3.254795670509338379e-01,-6.954360753297805786e-03,5.773413926362991333e-03,9.038552641868591309e-03,-6.954619924336156653e-03,5.773491695361745134e-03,9.038802168892983227e-03
3.257714807987213135e-01,-6.699363701045513153e-03,5.290425848215818405e-03,8.536397479474544525e-03,-6.699617177621470208e-03,5.290486554437232730e-03,8.536633898051492614e-03
3.260633945465087891e-01,-6.444877013564109802e-03,4.838361870497465134e-03,8.058919571340084076e-03,-6.445104276972932547e-03,4.838431801474436106e-03,8.059143343964911624e-03
3.263553082942962646e-01,-6.191776599735021591e-03,4.415827803313732147e-03,7.605105638504028320e-03,-6.192011601756630505e-03,4.415844958329743185e-03,7.605306987380254860e-03
3.266471922397613525e-01,-5.940873175859451294e-03,4.021431319415569305e-03,7.173972669988870621e-03,-5.941098846584533071e-03,4.021462919216011421e-03,7.174177270984976110e-03
3.269391059875488281e-01,-5.692833103239536285e-03,3.653800580650568008e-03,6.764510646462440491e-03,-5.693041417535871576e-03,3.653831925796417138e-03,6.764703121626846130e-03
3.272310197353363037e-01,-5.448321811854839325e-03,3.311584005132317543e-03,6.375797558575868607e-03,-5.448537010059002934e-03,3.311641945996523454e-03,6.376011914078136972e-03
3.275229334831237793e-01,-5.207931622862815857e-03,2.993607427924871445e-03,6.007015705108642578e-03,-5.208132840641473832e-03,2.993619979330763067e-03,6.007196373219086949e-03
3.278148472309112549e-01,-4.972132388502359390e-03,2.698478056117892265e-03,5.657197907567024231e-03,-4.972336827272640092e-03,2.698516000256926187e-03,5.657395348346656166e-03
3.281067609786987305e-01,-4.741393961012363434e-03,2.425117651000618935e-03,5.325599573552608490e-03,-4.741584354026271916e-03,2.425108371832819781e-03,5.325764996831944438e-03
3.283986747264862061e-01,-4.516060929745435715e-03,2.172191860154271126e-03,5.011309403926134109e-03,-4.516248153431304604e-03,2.172232779362074512e-03,5.011496047200551460e-03
3.286905884742736816e-01,-4.296503961086273193e-03,1.938721165060997009e-03,4.713659640401601791e-03,-4.296681613811261478e-03,1.938695362733941019e-03,4.713810836250202467e-03
3.289824724197387695e-01,-4.082970321178436279e-03,1.723463297821581364e-03,4.431813489645719528e-03,-4.083152868654952271e-03,1.723468840995599901e-03,4.431984002079416424e-03
3.292743861675262451e-01,-3.875687718391418457e-03,1.525443629361689091e-03,4.165085032582283020e-03,-3.875848302642719359e-03,1.525427742990133383e-03,4.165228668894713042e-03
3.295662999153137207e-01,-3.674817737191915512e-03,1.343545038253068924e-03,3.912722691893577576e-03,-3.674982644582075898e-03,1.343544812645984694e-03,3.912877470809353678e-03
3.298582136631011963e-01,-3.480529412627220154e-03,1.176865072920918465e-03,3.674111794680356979e-03,-3.480687450044640981e-03,1.176847071034087646e-03,3.674255591749133604e-03
3.301501274108886719e-01,-3.292897716164588928e-03,1.024390105158090591e-03,3.448557574301958084e-03,-3.293063080453939671e-03,1.024400081501025944e-03,3.448718599542168872e-03
3.304420411586761475e-01,-3.112021833658218384e-03,8.852705941535532475e-04,3.235488431528210640e-03,-3.112185449996810165e-03,8.852570938747493078e-04,3.235641883371429862e-03
3.307339549064636230e-01,-2.937915734946727753e-03,7.585989078506827354e-04,3.034274326637387276e-03,-2.938073505499929489e-03,7.585971179449432691e-04,3.034426718685923497e-03
3.310258686542510986e-01,-2.770581981167197227e-03,6.435569375753402710e-04,2.844343660399317741e-03,-2.770739389387931115e-03,6.435528801763047051e-04,2.844495926080581414e-03
3.313177525997161865e-01,-2.610017545521259308e-03,5.393590545281767845e-04,2.665164414793252945e-03,-2.610171880847891694e-03,5.393468404331407335e-04,2.665312788746234535e-03
3.316096663475036621e-01,-2.456138143315911293e-03,4.452260618563741446e-04,2.496165223419666290e-03,-2.456291006423389368e-03,4.452262988005438872e-04,2.496315678230631632e-03
3.319015800952911377e-01,-2.308896975591778755e-03,3.604603698477149010e-04,2.336864825338125229e-03,-2.309046581865121552e-03,3.604572845908895996e-04,2.337012103357113523e-03
3.321934938430786133e-01,-2.168191364035010338e-03,2.843621477950364351e-04,2.186759142205119133e-03,-2.168346178313918134e-03,2.843675199514112957e-04,2.186913358002984861e-03
3.324854075908660889e-01,-2.033933298662304878e-03,2.163092140108346939e-04,2.045403234660625458e-03,-2.034082194091345851e-03,2.163178898071641443e-04,2.045552199717740570e-03
3.327773213386535645e-01,-1.905974000692367554e-03,1.556585339130833745e-04,1.912319799885153770e-03,-1.906135384867402478e-03,1.556730983733377132e-04,1.912481691154389960e-03
3.330692350864410400e-01,-1.784204738214612007e-03,1.018649709294550121e-04,1.787110115401446819e-03,-1.784364699780643243e-03,1.018842929006166456e-04,1.787271045746314287e-03
3.333611488342285156e-01,-1.668447512201964855e-03,5.434675767901353538e-05,1.669332385063171387e-03,-1.668625876506333846e-03,5.438374748530267632e-05,1.669511877087754030e-03
3.336530327796936035e-01,-1.558605232276022434e-03,1.263768263015663251e-05,1.558656455017626286e-03,-1.558769186713479310e-03,1.267025717028605225e-05,1.558820680150274033e-03
3.339449465274810791e-01,-1.454424462281167507e-03,-2.380473961238749325e-05,1.454619225114583969e-03,-1.454609520775636960e-03,-2.375272918029816576e-05,1.454803440357026840e-03
3.342368602752685547e-01,-1.355805434286594391e-03,-5.538283585337921977e-05,1.356936176307499409e-03,-1.355984176456373133e-03,-5.532776518517886470e-05,1.357112467115549961e-03
3.345287740230560303e-01,-1.262520672753453255e-03,-8.256245928350836039e-05,1.265217433683574200e-03,-1.262714154721714457e-03,-8.249639109109882767e-05,1.265406136810482600e-03
3.348206877708435059e-01,-1.174424774944782257e-03,-1.057118279277347028e-04,1.179172773845493793e-03,-1.174615883041892593e-03,-1.056371744025752453e-04,1.179356470839095037e-03
3.351126015186309814e-01,-1.091300509870052338e-03,-1.252274669241160154e-04,1.098462031222879887e-03,-1.091505655154483608e-03,-1.251372890600862967e-04,1.098655513046526517e-03
3.354045152664184570e-01,-1.012985827401280403e-03,-1.414384751114994287e-04,1.022812328301370144e-03,-1.013192486475171343e-03,-1.413389318673001971e-04,1.023003278739188391e-03
3.356963992118835449e-01,-9.392791544087231159e-04,-1.546806306578218937e-04,9.519304148852825165e-04,-9.394998420150957753e-04,-1.545636633604900777e-04,9.521291294660639724e-04
3.359883129596710205e-01,-8.699895697645843029e-04,-1.652480568736791611e-04,8.855443447828292847e-04,-8.702189279413946989e-04,-1.651165721727067932e-04,8.857451467287499837e-04
3.362802267074584961e-01,-8.049278985708951950e-04,-1.734237448545172811e-04,8.233982371166348457e-04,-8.051721346398981296e-04,-1.732739502125379592e-04,8.236055052164399041e-04
3.365721404552459717e-01,-7.439205655828118324e-04,-1.794619602151215076e-04,7.652609492652118206e-04,-7.441726369604371701e-04,-1.792907237803345751e-04,7.654659216675337467e-04
3.368640542030334473e-01,-6.867691408842802048e-04,-1.836032606661319733e-04,7.108881254680454731e-04,-6.870342677146499231e-04,-1.834137633378573337e-04,7.110954180670558218e-04
3.371559679508209229e-01,-6.332971970550715923e-04,-1.860676857177168131e-04,6.600655033253133297e-04,-6.335783124940447307e-04,-1.858518548593022493e-04,6.602744808164591039e-04
3.374478816986083984e-01,-5.833322065882384777e-04,-1.870552514446899295e-04,6.125896470621228218e-04,-5.836243541544667473e-04,-1.868149551364508784e-04,6.127945938280237020e-04
3.377397954463958740e-01,-5.366893019527196884e-04,-1.867550745373591781e-04,5.682542105205357075e-04,-5.369978008311690606e-04,-1.864856463449815927e-04,5.684571526423232287e-04
3.380316793918609619e-01,-4.932135343551635742e-04,-1.853331923484802246e-04,5.268851527944207191e-04,-4.935333740376813541e-04,-1.850335122044971341e-04,5.270793032625637831e-04
3.383235931396484375e-01,-4.527163982857018709e-04,-1.829492102842777967e-04,4.882853245362639427e-04,-4.530557840924381179e-04,-1.826146825854653335e-04,4.884748363993831558e-04
3.386155068874359131e-01,-4.150567692704498768e-04,-1.797398726921528578e-04,4.523035895545035601e-04,-4.154082867987789847e-04,-1.793697537237817622e-04,4.524793401825400038e-04
3.389074206352233887e-01,-3.800606355071067810e-04,-1.758386060828343034e-04,4.187663726042956114e-04,-3.804353717609626571e-04,-1.754256291650192051e-04,4.189334355895273608e-04
3.391993343830108643e-01,-3.475946723483502865e-04,-1.713570236461237073e-04,3.875374968629330397e-04,-3.479832297418212214e-04,-1.709010084133922116e-04,3.876847725385451355e-04
3.394912481307983398e-01,-3.174979938194155693e-04,-1.664052833802998066e-04,3.584629739634692669e-04,-3.179078372370369460e-04,-1.658997095368973677e-04,3.585918384474991020e-04
3.397831618785858154e-01,-2.896427467931061983e-04,-1.610737526789307594e-04,3.314176865387707949e-04,-2.900686602109548502e-04,-1.605161929460217961e-04,3.315196462269813320e-04
3.400750756263732910e-01,-2.638802980072796345e-04,-1.554505433887243271e-04,3.062640898860991001e-04,-2.643297147277766878e-04,-1.548345429111964836e-04,3.063395726421693963e-04
3.403669595718383789e-01,-2.400981175014749169e-04,-1.496107724960893393e-04,2.828965953085571527e-04,-2.405645241765863281e-04,-1.489308794869515537e-04,2.829340862410612608e-04
3.406588733196258545e-01,-2.181556483265012503e-04,-1.436218735761940479e-04,2.611879317555576563e-04,-2.186446693979077801e-04,-1.428711714051054493e-04,2.611851126591777637e-04
3.409507870674133301e-01,-1.979452499654144049e-04,-1.375438005197793245e-04,2.410406887065619230e-04,-1.984521475192289051e-04,-1.367172318822513686e-04,2.409872534980617501e-04
3.412427008152008057e-01,-1.793477713363245130e-04,-1.314297260250896215e-04,2.223497140221297741e-04,-1.798764818337498031e-04,-1.305184713183613326e-04,2.222400055619357453e-04
3.415346145629882812e-01,-1.622601121198385954e-04,-1.253260561497882009e-04,2.050243201665580273e-04,-1.628083250042312272e-04,-1.243228338812580507e-04,2.048480356629036887e-04
3.418265283107757568e-01,-1.465774694224819541e-04,-1.192732815979979932e-04,1.889737322926521301e-04,-1.471458298185573759e-04,-1.181693060811038487e-04,1.887217002166986270e-04
3.421184420585632324e-01,-1.322038151556625962e-04,-1.133063924498856068e-04,1.741154410410672426e-04,-1.327920830391803345e-04,-1.120914207976320582e-04,1.737763618399130376e-04
3.424103558063507080e-01,-1.190485854749567807e-04,-1.074560568667948246e-04,1.603725977474823594e-04,-1.196541629514356463e-04,-1.061203400345279264e-04,1.599332525794824910e-04
3.427022397518157959e-01,-1.070237412932328880e-04,-1.017479007714428008e-04,1.476709730923175812e-04,-1.076473864236724738e-04,-1.002795134654001420e-04,1.471187976592550637e-04
3.429941534996032715e-01,-9.604755177861079574e-05,-9.620290074963122606e-05,1.359416492050513625e-04,-9.668667111665075282e-05,-9.458869727957474694e-05,1.352602455441598501e-04
3.432860672473907471e-01,-8.604169124737381935e-05,-9.083947952603921294e-05,1.251198700629174709e-04,-8.669497529084620538e-05,-8.906647449349315256e-05,1.242934254873543178e-04
3.435779809951782227e-01,-7.693760562688112259e-05,-8.567340410081669688e-05,1.151491524069570005e-04,-7.760061409457457804e-05,-8.372491066915751503e-05,1.141565415314141758e-04
3.438698947429656982e-01,-6.866264448035508394e-05,-8.071547927102074027e-05,1.059695568983443081e-04,-6.933398836494612848e-05,-7.857557167994348181e-05,1.047918050585083761e-04
3.441618084907531738e-01,-6.115790893090888858e-05,-7.597649528179317713e-05,9.753316408023238182e-05,-6.183110109186438336e-05,-7.362606848593028150e-05,9.614511439967841900e-05
3.444537222385406494e-01,-5.435879211290739477e-05,-7.146218558773398399e-05,8.978709229268133640e-05,-5.503175476104173354e-05,-6.888160122188268343e-05,8.816557729051575877e-05
3.447456359863281250e-01,-4.821515904041007161e-05,-6.717968062730506063e-05,8.269105455838143826e-05,-4.887871657084915463e-05,-6.434621998254962919e-05,8.080572355753071374e-05
3.450375199317932129e-01,-4.267075200914405286e-05,-6.313118501566350460e-05,7.619934331160038710e-05,-4.332052381089934430e-05,-6.002111956220061462e-05,7.402163586918812936e-05
3.453294336795806885e-01,-3.768100941670127213e-05,-5.931996201979927719e-05,7.027600076980888844e-05,-3.830675958551678156e-05,-5.590575729282228328e-05,6.777065388814345714e-05
3.456213474273681641e-01,-3.319839379400946200e-05,-5.574586248258128762e-05,6.488247163360938430e-05,-3.379160491759353050e-05,-5.199911597393063525e-05,6.201435821627939934e-05
3.459132611751556396e-01,-2.918481550295837224e-05,-5.241035250946879387e-05,5.998831693432293832e-05,-2.973273275363914360e-05,-4.829853873439524700e-05,5.671670160435287960e-05
3.462051749229431152e-01,-2.560045504651498049e-05,-4.931172588840126991e-05,5.556103860726580024e-05,-2.609042507259824031e-05,-4.480021821064202460e-05,5.184370581073466491e-05
3.464970886707305908e-01,-2.241270340164192021e-05,-4.644990258384495974e-05,5.157443592906929553e-05,-2.282792753449438406e-05,-4.149960052135766769e-05,4.736381655813218006e-05
3.467890024185180664e-01,-1.958882239705417305e-05,-4.382248516776598990e-05,4.800137685379013419e-05,-1.991133277957639306e-05,-3.839133441675729219e-05,4.324760954501793606e-05
3.470808863639831543e-01,-1.710130891297012568e-05,-4.142838224652223289e-05,4.481925134314224124e-05,-1.730911628845003687e-05,-3.546991449452807941e-05,3.946796600961619824e-05
3.473728001117706299e-01,-1.492360843258211389e-05,-3.926493081962689757e-05,4.200534385745413601e-05,-1.499164221488918617e-05,-3.272848787119309288e-05,3.599865628928503920e-05
3.476647138595581055e-01,-1.303320914303185418e-05,-3.733062840183265507e-05,3.954036219511181116e-05,-1.293281635078195063e-05,-3.016047953154822416e-05,3.281634142216332666e-05
3.479566276073455811e-01,-1.141012307925848290e-05,-3.562401616363786161e-05,3.740670217666774988e-05,-1.110757045717103379e-05,-2.775906057624898622e-05,2.989888903516114662e-05
3.482485413551330566e-01,-1.003637862595496699e-05,-3.414341699681244791e-05,3.558794196578674018e-05,-9.493331960986862116e-06,-2.551697962679630606e-05,2.722571580318563987e-05
3.485404551029205322e-01,-8.897665793483611196e-06,-3.288859079475514591e-05,3.407092299312353134e-05,-8.069399273013956977e-06,-2.342700810722734723e-05,2.477781090983248753e-05
3.488323688507080078e-01,-7.980776899785269052e-06,-3.185841342201456428e-05,3.284282865934073925e-05,-6.816424598245126409e-06,-2.148191232003476129e-05,2.253743998836652576e-05
3.491242825984954834e-01,-7.276891665242146701e-06,-3.105430732830427587e-05,3.189550261595286429e-05,-5.717303480485607596e-06,-1.967429141176010122e-05,2.048817467816081898e-05
3.494161665439605713e-01,-6.777709131711162627e-06,-3.047626705665607005e-05,3.122082853224128485e-05,-4.755983648275734476e-06,-1.799719943061487909e-05,1.861500920784060959e-05
3.497080802917480469e-01,-6.479861440311651677e-06,-3.012772504007443786e-05,3.081668910454027355e-05,-3.917755214125019052e-06,-1.644309545893091250e-05,1.690337818867335804e-05
3.499999940395355225e-01,-6.379982551152352244e-06,-3.001004006364382803e-05,3.068072328460402787e-05,-3.189529840329582163e-06,-1.500519914419967552e-05,1.534044008363004888e-05
